2026-03-22 00:43:50.588 | INFO     | database.firebase:<module>:12 - Firebase Admin SDK initialized successfully
2026-03-22 00:46:36.736 | INFO     | api.main:run_optimization:29 - Starting full route optimization pipeline
2026-03-22 00:46:40.965 | INFO     | data_pipeline.student_loader:load_student_stops:42 - Loaded 30 student stops from Firestore
2026-03-22 00:46:40.966 | DEBUG    | data_pipeline.student_loader:load_student_stops:43 - First 3 stops (sample): [{'student_id': '3CNKLBNknvMId9G9MJ1cVoQjkpw2', 'name': 'Test Student 12', 'roll_no': 'TEST-4382', 'lat': 31.369289, 'lng': 73.051406, 'student_count': 1, 'contact': '03597900028', 'semester': 'Spring 2026', 'fee_status': 'unpaid', 'registration_status': 'pending'}, {'student_id': '61fbjUraIhPuzNx8BY68aYewSG02', 'name': 'Test Student 28', 'roll_no': 'TEST-7403', 'lat': 31.380283, 'lng': 73.159195, 'student_count': 1, 'contact': '03344993000', 'semester': 'Spring 2026', 'fee_status': 'unpaid', 'registration_status': 'pending'}, {'student_id': '7DxKX1nW4ZdeWHKXM2Vf5OIfGvr1', 'name': 'Test Student 10', 'roll_no': 'TEST-9142', 'lat': 31.446304, 'lng': 73.140169, 'student_count': 1, 'contact': '03537549971', 'semester': 'Spring 2026', 'fee_status': 'unpaid', 'registration_status': 'pending'}]
2026-03-22 00:46:40.966 | INFO     | osm.fetch_roads:fetch_or_load_road_graph:19 - Loading cached Faisalabad road graph...
2026-03-22 00:46:47.198 | INFO     | osm.fetch_roads:fetch_or_load_road_graph:21 - Loaded graph with 50872 nodes and 144715 edges
2026-03-22 00:46:47.303 | INFO     | osm.road_filter:filter_main_roads:38 - Filtered graph:
2026-03-22 00:46:47.323 | INFO     | osm.road_filter:filter_main_roads:39 -   Original: 50872 nodes, 144715 edges
2026-03-22 00:46:47.396 | INFO     | osm.road_filter:filter_main_roads:40 -   After filter (main roads only): 7460 nodes, 12863 edges
2026-03-22 00:46:47.553 | DEBUG    | utils.distance_utils:build_node_balltree:29 - Built BallTree with 7460 nodes
2026-03-22 00:46:47.555 | DEBUG    | utils.geo_utils:haversine_distance:20 - Haversine: (31.369289, 73.051406) → (31.3691526, 73.0514611) = 16.0 m
2026-03-22 00:46:47.555 | DEBUG    | utils.distance_utils:find_nearest_road_point:56 - Nearest road node to (31.369289, 73.051406): (31.369153, 73.051461) — 16.0m
2026-03-22 00:46:47.555 | DEBUG    | utils.geo_utils:haversine_distance:20 - Haversine: (31.369289, 73.051406) → (31.3691526, 73.0514611) = 16.0 m
2026-03-22 00:46:47.555 | DEBUG    | data_pipeline.stop_builder:snap_stops_to_roads:38 - Snapped Test Student 12 (TEST-4382): 16.0m
2026-03-22 00:46:47.573 | DEBUG    | utils.distance_utils:build_node_balltree:29 - Built BallTree with 7460 nodes
2026-03-22 00:46:47.574 | DEBUG    | utils.geo_utils:haversine_distance:20 - Haversine: (31.380283, 73.159195) → (31.3787188, 73.157798) = 218.7 m
2026-03-22 00:46:47.575 | DEBUG    | utils.distance_utils:find_nearest_road_point:56 - Nearest road node to (31.380283, 73.159195): (31.378719, 73.157798) — 218.7m
2026-03-22 00:46:47.575 | DEBUG    | utils.geo_utils:haversine_distance:20 - Haversine: (31.380283, 73.159195) → (31.3787188, 73.157798) = 218.7 m
2026-03-22 00:46:47.575 | DEBUG    | data_pipeline.stop_builder:snap_stops_to_roads:38 - Snapped Test Student 28 (TEST-7403): 218.7m
2026-03-22 00:46:47.593 | DEBUG    | utils.distance_utils:build_node_balltree:29 - Built BallTree with 7460 nodes
2026-03-22 00:46:47.594 | DEBUG    | utils.geo_utils:haversine_distance:20 - Haversine: (31.446304, 73.140169) → (31.4457694, 73.1408101) = 85.0 m
2026-03-22 00:46:47.594 | DEBUG    | utils.distance_utils:find_nearest_road_point:56 - Nearest road node to (31.446304, 73.140169): (31.445769, 73.140810) — 85.0m
2026-03-22 00:46:47.594 | DEBUG    | utils.geo_utils:haversine_distance:20 - Haversine: (31.446304, 73.140169) → (31.4457694, 73.1408101) = 85.0 m
2026-03-22 00:46:47.594 | DEBUG    | data_pipeline.stop_builder:snap_stops_to_roads:38 - Snapped Test Student 10 (TEST-9142): 85.0m
2026-03-22 00:46:47.612 | DEBUG    | utils.distance_utils:build_node_balltree:29 - Built BallTree with 7460 nodes
2026-03-22 00:46:47.613 | DEBUG    | utils.geo_utils:haversine_distance:20 - Haversine: (31.548998, 73.147656) → (31.5487412, 73.1501112) = 234.4 m
2026-03-22 00:46:47.613 | DEBUG    | utils.distance_utils:find_nearest_road_point:56 - Nearest road node to (31.548998, 73.147656): (31.548741, 73.150111) — 234.4m
2026-03-22 00:46:47.613 | DEBUG    | utils.geo_utils:haversine_distance:20 - Haversine: (31.548998, 73.147656) → (31.5487412, 73.1501112) = 234.4 m
2026-03-22 00:46:47.613 | DEBUG    | data_pipeline.stop_builder:snap_stops_to_roads:38 - Snapped Test Student 14 (TEST-9162): 234.4m
2026-03-22 00:46:47.631 | DEBUG    | utils.distance_utils:build_node_balltree:29 - Built BallTree with 7460 nodes
2026-03-22 00:46:47.632 | DEBUG    | utils.geo_utils:haversine_distance:20 - Haversine: (31.384254, 73.063765) → (31.3836456, 73.0640586) = 73.2 m
2026-03-22 00:46:47.632 | DEBUG    | utils.distance_utils:find_nearest_road_point:56 - Nearest road node to (31.384254, 73.063765): (31.383646, 73.064059) — 73.2m
2026-03-22 00:46:47.632 | DEBUG    | utils.geo_utils:haversine_distance:20 - Haversine: (31.384254, 73.063765) → (31.3836456, 73.0640586) = 73.2 m
2026-03-22 00:46:47.632 | DEBUG    | data_pipeline.stop_builder:snap_stops_to_roads:38 - Snapped Test Student 30 (TEST-6182): 73.2m
2026-03-22 00:46:47.649 | DEBUG    | utils.distance_utils:build_node_balltree:29 - Built BallTree with 7460 nodes
2026-03-22 00:46:47.651 | DEBUG    | utils.geo_utils:haversine_distance:20 - Haversine: (31.450094, 73.130742) → (31.4467219, 73.1271368) = 507.5 m
2026-03-22 00:46:47.651 | DEBUG    | utils.distance_utils:find_nearest_road_point:56 - Nearest road node to (31.450094, 73.130742): (31.446722, 73.127137) — 507.5m
2026-03-22 00:46:47.651 | DEBUG    | utils.geo_utils:haversine_distance:20 - Haversine: (31.450094, 73.130742) → (31.4467219, 73.1271368) = 507.5 m
2026-03-22 00:46:47.651 | DEBUG    | data_pipeline.stop_builder:snap_stops_to_roads:38 - Snapped Test Student 23 (TEST-9957): 507.5m
2026-03-22 00:46:47.668 | DEBUG    | utils.distance_utils:build_node_balltree:29 - Built BallTree with 7460 nodes
2026-03-22 00:46:47.668 | DEBUG    | utils.geo_utils:haversine_distance:20 - Haversine: (31.327595, 73.065724) → (31.330396, 73.0696448) = 485.5 m
2026-03-22 00:46:47.668 | DEBUG    | utils.distance_utils:find_nearest_road_point:56 - Nearest road node to (31.327595, 73.065724): (31.330396, 73.069645) — 485.5m
2026-03-22 00:46:47.669 | DEBUG    | utils.geo_utils:haversine_distance:20 - Haversine: (31.327595, 73.065724) → (31.330396, 73.0696448) = 485.5 m
2026-03-22 00:46:47.669 | DEBUG    | data_pipeline.stop_builder:snap_stops_to_roads:38 - Snapped Test Student 13 (TEST-5755): 485.5m
2026-03-22 00:46:47.681 | DEBUG    | utils.distance_utils:build_node_balltree:29 - Built BallTree with 7460 nodes
2026-03-22 00:46:47.682 | DEBUG    | utils.geo_utils:haversine_distance:20 - Haversine: (31.343859, 73.18566) → (31.3413852, 73.1852291) = 278.1 m
2026-03-22 00:46:47.682 | DEBUG    | utils.distance_utils:find_nearest_road_point:56 - Nearest road node to (31.343859, 73.18566): (31.341385, 73.185229) — 278.1m
2026-03-22 00:46:47.682 | DEBUG    | utils.geo_utils:haversine_distance:20 - Haversine: (31.343859, 73.18566) → (31.3413852, 73.1852291) = 278.1 m
2026-03-22 00:46:47.682 | DEBUG    | data_pipeline.stop_builder:snap_stops_to_roads:38 - Snapped Test Student 7 (TEST-9790): 278.1m
2026-03-22 00:46:47.701 | DEBUG    | utils.distance_utils:build_node_balltree:29 - Built BallTree with 7460 nodes
2026-03-22 00:46:47.702 | DEBUG    | utils.geo_utils:haversine_distance:20 - Haversine: (31.401088, 73.01135) → (31.4000755, 73.0126538) = 167.3 m
2026-03-22 00:46:47.702 | DEBUG    | utils.distance_utils:find_nearest_road_point:56 - Nearest road node to (31.401088, 73.01135): (31.400075, 73.012654) — 167.3m
2026-03-22 00:46:47.702 | DEBUG    | utils.geo_utils:haversine_distance:20 - Haversine: (31.401088, 73.01135) → (31.4000755, 73.0126538) = 167.3 m
2026-03-22 00:46:47.702 | DEBUG    | data_pipeline.stop_builder:snap_stops_to_roads:38 - Snapped Test Student 3 (TEST-2055): 167.3m
2026-03-22 00:46:47.718 | DEBUG    | utils.distance_utils:build_node_balltree:29 - Built BallTree with 7460 nodes
2026-03-22 00:46:47.719 | DEBUG    | utils.geo_utils:haversine_distance:20 - Haversine: (31.526254, 73.053671) → (31.527645, 73.0552285) = 213.8 m
2026-03-22 00:46:47.719 | DEBUG    | utils.distance_utils:find_nearest_road_point:56 - Nearest road node to (31.526254, 73.053671): (31.527645, 73.055228) — 213.8m
2026-03-22 00:46:47.719 | DEBUG    | utils.geo_utils:haversine_distance:20 - Haversine: (31.526254, 73.053671) → (31.527645, 73.0552285) = 213.8 m
2026-03-22 00:46:47.719 | DEBUG    | data_pipeline.stop_builder:snap_stops_to_roads:38 - Snapped Test Student 25 (TEST-4783): 213.8m
2026-03-22 00:46:47.736 | DEBUG    | utils.distance_utils:build_node_balltree:29 - Built BallTree with 7460 nodes
2026-03-22 00:46:47.737 | DEBUG    | utils.geo_utils:haversine_distance:20 - Haversine: (31.319581, 73.129629) → (31.3281703, 73.1302408) = 956.9 m
2026-03-22 00:46:47.738 | DEBUG    | utils.distance_utils:find_nearest_road_point:56 - Nearest road node to (31.319581, 73.129629): (31.328170, 73.130241) — 956.9m
2026-03-22 00:46:47.738 | DEBUG    | utils.geo_utils:haversine_distance:20 - Haversine: (31.319581, 73.129629) → (31.3281703, 73.1302408) = 956.9 m
2026-03-22 00:46:47.738 | DEBUG    | data_pipeline.stop_builder:snap_stops_to_roads:38 - Snapped Test Student 11 (TEST-6729): 956.9m
2026-03-22 00:46:47.754 | DEBUG    | utils.distance_utils:build_node_balltree:29 - Built BallTree with 7460 nodes
2026-03-22 00:46:47.755 | DEBUG    | utils.geo_utils:haversine_distance:20 - Haversine: (31.342673, 73.180091) → (31.3434454, 73.1825193) = 246.1 m
2026-03-22 00:46:47.755 | DEBUG    | utils.distance_utils:find_nearest_road_point:56 - Nearest road node to (31.342673, 73.180091): (31.343445, 73.182519) — 246.1m
2026-03-22 00:46:47.756 | DEBUG    | utils.geo_utils:haversine_distance:20 - Haversine: (31.342673, 73.180091) → (31.3434454, 73.1825193) = 246.1 m
2026-03-22 00:46:47.756 | DEBUG    | data_pipeline.stop_builder:snap_stops_to_roads:38 - Snapped Test Student 1 (TEST-1717): 246.1m
2026-03-22 00:46:47.773 | DEBUG    | utils.distance_utils:build_node_balltree:29 - Built BallTree with 7460 nodes
2026-03-22 00:46:47.774 | DEBUG    | utils.geo_utils:haversine_distance:20 - Haversine: (31.419161, 73.04138) → (31.4192659, 73.0416323) = 26.6 m
2026-03-22 00:46:47.774 | DEBUG    | utils.distance_utils:find_nearest_road_point:56 - Nearest road node to (31.419161, 73.04138): (31.419266, 73.041632) — 26.6m
2026-03-22 00:46:47.774 | DEBUG    | utils.geo_utils:haversine_distance:20 - Haversine: (31.419161, 73.04138) → (31.4192659, 73.0416323) = 26.6 m
2026-03-22 00:46:47.774 | DEBUG    | data_pipeline.stop_builder:snap_stops_to_roads:38 - Snapped Test Student 27 (TEST-3106): 26.6m
2026-03-22 00:46:47.791 | DEBUG    | utils.distance_utils:build_node_balltree:29 - Built BallTree with 7460 nodes
2026-03-22 00:46:47.792 | DEBUG    | utils.geo_utils:haversine_distance:20 - Haversine: (31.513945, 73.145) → (31.5101284, 73.1503952) = 664.6 m
2026-03-22 00:46:47.792 | DEBUG    | utils.distance_utils:find_nearest_road_point:56 - Nearest road node to (31.513945, 73.145): (31.510128, 73.150395) — 664.6m
2026-03-22 00:46:47.792 | DEBUG    | utils.geo_utils:haversine_distance:20 - Haversine: (31.513945, 73.145) → (31.5101284, 73.1503952) = 664.6 m
2026-03-22 00:46:47.792 | DEBUG    | data_pipeline.stop_builder:snap_stops_to_roads:38 - Snapped Test Student 20 (TEST-7495): 664.6m
2026-03-22 00:46:47.809 | DEBUG    | utils.distance_utils:build_node_balltree:29 - Built BallTree with 7460 nodes
2026-03-22 00:46:47.810 | DEBUG    | utils.geo_utils:haversine_distance:20 - Haversine: (31.462728, 73.168167) → (31.4641337, 73.1683411) = 157.2 m
2026-03-22 00:46:47.810 | DEBUG    | utils.distance_utils:find_nearest_road_point:56 - Nearest road node to (31.462728, 73.168167): (31.464134, 73.168341) — 157.2m
2026-03-22 00:46:47.810 | DEBUG    | utils.geo_utils:haversine_distance:20 - Haversine: (31.462728, 73.168167) → (31.4641337, 73.1683411) = 157.2 m
2026-03-22 00:46:47.810 | DEBUG    | data_pipeline.stop_builder:snap_stops_to_roads:38 - Snapped Test Student 15 (TEST-5668): 157.2m
2026-03-22 00:46:47.827 | DEBUG    | utils.distance_utils:build_node_balltree:29 - Built BallTree with 7460 nodes
2026-03-22 00:46:47.827 | DEBUG    | utils.geo_utils:haversine_distance:20 - Haversine: (31.346116, 73.056539) → (31.3446991, 73.0585627) = 248.5 m
2026-03-22 00:46:47.827 | DEBUG    | utils.distance_utils:find_nearest_road_point:56 - Nearest road node to (31.346116, 73.056539): (31.344699, 73.058563) — 248.5m
2026-03-22 00:46:47.828 | DEBUG    | utils.geo_utils:haversine_distance:20 - Haversine: (31.346116, 73.056539) → (31.3446991, 73.0585627) = 248.5 m
2026-03-22 00:46:47.828 | DEBUG    | data_pipeline.stop_builder:snap_stops_to_roads:38 - Snapped Test Student 9 (TEST-8987): 248.5m
2026-03-22 00:46:47.845 | DEBUG    | utils.distance_utils:build_node_balltree:29 - Built BallTree with 7460 nodes
2026-03-22 00:46:47.845 | DEBUG    | utils.geo_utils:haversine_distance:20 - Haversine: (31.544202, 73.128686) → (31.5431453, 73.1283131) = 122.7 m
2026-03-22 00:46:47.846 | DEBUG    | utils.distance_utils:find_nearest_road_point:56 - Nearest road node to (31.544202, 73.128686): (31.543145, 73.128313) — 122.7m
2026-03-22 00:46:47.846 | DEBUG    | utils.geo_utils:haversine_distance:20 - Haversine: (31.544202, 73.128686) → (31.5431453, 73.1283131) = 122.7 m
2026-03-22 00:46:47.846 | DEBUG    | data_pipeline.stop_builder:snap_stops_to_roads:38 - Snapped Test Student 4 (TEST-9428): 122.7m
2026-03-22 00:46:47.863 | DEBUG    | utils.distance_utils:build_node_balltree:29 - Built BallTree with 7460 nodes
2026-03-22 00:46:47.864 | DEBUG    | utils.geo_utils:haversine_distance:20 - Haversine: (31.393089, 73.028228) → (31.398463, 73.0263855) = 622.6 m
2026-03-22 00:46:47.865 | DEBUG    | utils.distance_utils:find_nearest_road_point:56 - Nearest road node to (31.393089, 73.028228): (31.398463, 73.026386) — 622.6m
2026-03-22 00:46:47.865 | DEBUG    | utils.geo_utils:haversine_distance:20 - Haversine: (31.393089, 73.028228) → (31.398463, 73.0263855) = 622.6 m
2026-03-22 00:46:47.865 | DEBUG    | data_pipeline.stop_builder:snap_stops_to_roads:38 - Snapped Test Student 5 (TEST-5892): 622.6m
2026-03-22 00:46:47.882 | DEBUG    | utils.distance_utils:build_node_balltree:29 - Built BallTree with 7460 nodes
2026-03-22 00:46:47.884 | DEBUG    | utils.geo_utils:haversine_distance:20 - Haversine: (31.318863, 73.183249) → (31.3190478, 73.1756414) = 723.0 m
2026-03-22 00:46:47.884 | DEBUG    | utils.distance_utils:find_nearest_road_point:56 - Nearest road node to (31.318863, 73.183249): (31.319048, 73.175641) — 723.0m
2026-03-22 00:46:47.884 | DEBUG    | utils.geo_utils:haversine_distance:20 - Haversine: (31.318863, 73.183249) → (31.3190478, 73.1756414) = 723.0 m
2026-03-22 00:46:47.884 | DEBUG    | data_pipeline.stop_builder:snap_stops_to_roads:38 - Snapped Test Student 29 (TEST-7084): 723.0m
2026-03-22 00:46:47.901 | DEBUG    | utils.distance_utils:build_node_balltree:29 - Built BallTree with 7460 nodes
2026-03-22 00:46:47.902 | DEBUG    | utils.geo_utils:haversine_distance:20 - Haversine: (31.354815, 73.143189) → (31.3557607, 73.1450675) = 207.1 m
2026-03-22 00:46:47.902 | DEBUG    | utils.distance_utils:find_nearest_road_point:56 - Nearest road node to (31.354815, 73.143189): (31.355761, 73.145067) — 207.1m
2026-03-22 00:46:47.903 | DEBUG    | utils.geo_utils:haversine_distance:20 - Haversine: (31.354815, 73.143189) → (31.3557607, 73.1450675) = 207.1 m
2026-03-22 00:46:47.903 | DEBUG    | data_pipeline.stop_builder:snap_stops_to_roads:38 - Snapped Test Student 17 (TEST-4072): 207.1m
2026-03-22 00:46:47.921 | DEBUG    | utils.distance_utils:build_node_balltree:29 - Built BallTree with 7460 nodes
2026-03-22 00:46:47.922 | DEBUG    | utils.geo_utils:haversine_distance:20 - Haversine: (31.459172, 73.066434) → (31.4601458, 73.0666137) = 109.6 m
2026-03-22 00:46:47.923 | DEBUG    | utils.distance_utils:find_nearest_road_point:56 - Nearest road node to (31.459172, 73.066434): (31.460146, 73.066614) — 109.6m
2026-03-22 00:46:47.923 | DEBUG    | utils.geo_utils:haversine_distance:20 - Haversine: (31.459172, 73.066434) → (31.4601458, 73.0666137) = 109.6 m
2026-03-22 00:46:47.923 | DEBUG    | data_pipeline.stop_builder:snap_stops_to_roads:38 - Snapped Test Student 18 (TEST-9353): 109.6m
2026-03-22 00:46:47.941 | DEBUG    | utils.distance_utils:build_node_balltree:29 - Built BallTree with 7460 nodes
2026-03-22 00:46:47.943 | DEBUG    | utils.geo_utils:haversine_distance:20 - Haversine: (31.537509, 73.124448) → (31.5426468, 73.1258022) = 585.5 m
2026-03-22 00:46:47.943 | DEBUG    | utils.distance_utils:find_nearest_road_point:56 - Nearest road node to (31.537509, 73.124448): (31.542647, 73.125802) — 585.5m
2026-03-22 00:46:47.943 | DEBUG    | utils.geo_utils:haversine_distance:20 - Haversine: (31.537509, 73.124448) → (31.5426468, 73.1258022) = 585.5 m
2026-03-22 00:46:47.943 | DEBUG    | data_pipeline.stop_builder:snap_stops_to_roads:38 - Snapped Test Student 6 (TEST-3775): 585.5m
2026-03-22 00:46:47.957 | DEBUG    | utils.distance_utils:build_node_balltree:29 - Built BallTree with 7460 nodes
2026-03-22 00:46:47.958 | DEBUG    | utils.geo_utils:haversine_distance:20 - Haversine: (31.473589, 73.112736) → (31.4743292, 73.1046958) = 766.9 m
2026-03-22 00:46:47.958 | DEBUG    | utils.distance_utils:find_nearest_road_point:56 - Nearest road node to (31.473589, 73.112736): (31.474329, 73.104696) — 766.9m
2026-03-22 00:46:47.958 | DEBUG    | utils.geo_utils:haversine_distance:20 - Haversine: (31.473589, 73.112736) → (31.4743292, 73.1046958) = 766.9 m
2026-03-22 00:46:47.958 | DEBUG    | data_pipeline.stop_builder:snap_stops_to_roads:38 - Snapped Test Student 22 (TEST-9109): 766.9m
2026-03-22 00:46:47.975 | DEBUG    | utils.distance_utils:build_node_balltree:29 - Built BallTree with 7460 nodes
2026-03-22 00:46:47.976 | DEBUG    | utils.geo_utils:haversine_distance:20 - Haversine: (31.468675, 73.160721) → (31.4693742, 73.1600766) = 98.9 m
2026-03-22 00:46:47.976 | DEBUG    | utils.distance_utils:find_nearest_road_point:56 - Nearest road node to (31.468675, 73.160721): (31.469374, 73.160077) — 98.9m
2026-03-22 00:46:47.977 | DEBUG    | utils.geo_utils:haversine_distance:20 - Haversine: (31.468675, 73.160721) → (31.4693742, 73.1600766) = 98.9 m
2026-03-22 00:46:47.977 | DEBUG    | data_pipeline.stop_builder:snap_stops_to_roads:38 - Snapped Test Student 19 (TEST-9533): 98.9m
2026-03-22 00:46:47.994 | DEBUG    | utils.distance_utils:build_node_balltree:29 - Built BallTree with 7460 nodes
2026-03-22 00:46:47.995 | DEBUG    | utils.geo_utils:haversine_distance:20 - Haversine: (31.405239, 73.112616) → (31.4060883, 73.1115478) = 138.5 m
2026-03-22 00:46:47.995 | DEBUG    | utils.distance_utils:find_nearest_road_point:56 - Nearest road node to (31.405239, 73.112616): (31.406088, 73.111548) — 138.5m
2026-03-22 00:46:47.995 | DEBUG    | utils.geo_utils:haversine_distance:20 - Haversine: (31.405239, 73.112616) → (31.4060883, 73.1115478) = 138.5 m
2026-03-22 00:46:47.995 | DEBUG    | data_pipeline.stop_builder:snap_stops_to_roads:38 - Snapped Test Student 26 (TEST-5354): 138.5m
2026-03-22 00:46:48.007 | DEBUG    | utils.distance_utils:build_node_balltree:29 - Built BallTree with 7460 nodes
2026-03-22 00:46:48.008 | DEBUG    | utils.geo_utils:haversine_distance:20 - Haversine: (31.470598, 73.008555) → (31.4773379, 73.0052033) = 814.1 m
2026-03-22 00:46:48.009 | DEBUG    | utils.distance_utils:find_nearest_road_point:56 - Nearest road node to (31.470598, 73.008555): (31.477338, 73.005203) — 814.1m
2026-03-22 00:46:48.009 | DEBUG    | utils.geo_utils:haversine_distance:20 - Haversine: (31.470598, 73.008555) → (31.4773379, 73.0052033) = 814.1 m
2026-03-22 00:46:48.009 | DEBUG    | data_pipeline.stop_builder:snap_stops_to_roads:38 - Snapped Test Student 24 (TEST-8754): 814.1m
2026-03-22 00:46:48.026 | DEBUG    | utils.distance_utils:build_node_balltree:29 - Built BallTree with 7460 nodes
2026-03-22 00:46:48.027 | DEBUG    | utils.geo_utils:haversine_distance:20 - Haversine: (31.480136, 73.16337) → (31.4766945, 73.1677037) = 561.5 m
2026-03-22 00:46:48.027 | DEBUG    | utils.distance_utils:find_nearest_road_point:56 - Nearest road node to (31.480136, 73.16337): (31.476695, 73.167704) — 561.5m
2026-03-22 00:46:48.027 | DEBUG    | utils.geo_utils:haversine_distance:20 - Haversine: (31.480136, 73.16337) → (31.4766945, 73.1677037) = 561.5 m
2026-03-22 00:46:48.027 | DEBUG    | data_pipeline.stop_builder:snap_stops_to_roads:38 - Snapped Test Student 21 (TEST-9356): 561.5m
2026-03-22 00:46:48.041 | DEBUG    | utils.distance_utils:build_node_balltree:29 - Built BallTree with 7460 nodes
2026-03-22 00:46:48.042 | DEBUG    | utils.geo_utils:haversine_distance:20 - Haversine: (31.503809, 73.163047) → (31.504101, 73.1583633) = 445.2 m
2026-03-22 00:46:48.042 | DEBUG    | utils.distance_utils:find_nearest_road_point:56 - Nearest road node to (31.503809, 73.163047): (31.504101, 73.158363) — 445.2m
2026-03-22 00:46:48.042 | DEBUG    | utils.geo_utils:haversine_distance:20 - Haversine: (31.503809, 73.163047) → (31.504101, 73.1583633) = 445.2 m
2026-03-22 00:46:48.042 | DEBUG    | data_pipeline.stop_builder:snap_stops_to_roads:38 - Snapped Test Student 2 (TEST-1842): 445.2m
2026-03-22 00:46:48.059 | DEBUG    | utils.distance_utils:build_node_balltree:29 - Built BallTree with 7460 nodes
2026-03-22 00:46:48.060 | DEBUG    | utils.geo_utils:haversine_distance:20 - Haversine: (31.388719, 73.18885) → (31.3907077, 73.1897443) = 236.9 m
2026-03-22 00:46:48.061 | DEBUG    | utils.distance_utils:find_nearest_road_point:56 - Nearest road node to (31.388719, 73.18885): (31.390708, 73.189744) — 236.9m
2026-03-22 00:46:48.061 | DEBUG    | utils.geo_utils:haversine_distance:20 - Haversine: (31.388719, 73.18885) → (31.3907077, 73.1897443) = 236.9 m
2026-03-22 00:46:48.061 | DEBUG    | data_pipeline.stop_builder:snap_stops_to_roads:38 - Snapped Test Student 16 (TEST-8203): 236.9m
2026-03-22 00:46:48.077 | DEBUG    | utils.distance_utils:build_node_balltree:29 - Built BallTree with 7460 nodes
2026-03-22 00:46:48.078 | DEBUG    | utils.geo_utils:haversine_distance:20 - Haversine: (31.406549, 73.086759) → (31.4052045, 73.0873694) = 160.3 m
2026-03-22 00:46:48.079 | DEBUG    | utils.distance_utils:find_nearest_road_point:56 - Nearest road node to (31.406549, 73.086759): (31.405204, 73.087369) — 160.3m
2026-03-22 00:46:48.079 | DEBUG    | utils.geo_utils:haversine_distance:20 - Haversine: (31.406549, 73.086759) → (31.4052045, 73.0873694) = 160.3 m
2026-03-22 00:46:48.080 | DEBUG    | data_pipeline.stop_builder:snap_stops_to_roads:38 - Snapped Test Student 8 (TEST-8476): 160.3m
2026-03-22 00:46:48.080 | INFO     | data_pipeline.stop_builder:snap_stops_to_roads:47 - Snapping complete:
2026-03-22 00:46:48.080 | INFO     | data_pipeline.stop_builder:snap_stops_to_roads:48 -   Input stops: 30
2026-03-22 00:46:48.080 | INFO     | data_pipeline.stop_builder:snap_stops_to_roads:49 -   Snapped successfully: 30
2026-03-22 00:46:48.081 | INFO     | data_pipeline.stop_builder:snap_stops_to_roads:50 -   Skipped (too far): 0
2026-03-22 00:46:48.081 | DEBUG    | data_pipeline.stop_builder:snap_stops_to_roads:53 - First snapped stop example: {'student_id': '3CNKLBNknvMId9G9MJ1cVoQjkpw2', 'name': 'Test Student 12', 'roll_no': 'TEST-4382', 'lat': 31.3691526, 'lng': 73.0514611, 'student_count': 1, 'contact': '03597900028', 'semester': 'Spring 2026', 'fee_status': 'unpaid', 'registration_status': 'pending', 'original_lat': 31.369289, 'original_lng': 73.051406, 'snap_distance_m': 16.04}
2026-03-22 00:46:48.081 | DEBUG    | utils.geo_utils:haversine_distance:20 - Haversine: (31.3787188, 73.157798) → (31.3691526, 73.0514611) = 10151.2 m
2026-03-22 00:46:48.081 | DEBUG    | utils.geo_utils:haversine_distance:20 - Haversine: (31.4457694, 73.1408101) → (31.3691526, 73.0514611) = 12020.1 m
2026-03-22 00:46:48.081 | DEBUG    | utils.geo_utils:haversine_distance:20 - Haversine: (31.4457694, 73.1408101) → (31.3787188, 73.157798) = 7628.0 m
2026-03-22 00:46:48.081 | DEBUG    | utils.geo_utils:haversine_distance:20 - Haversine: (31.5487412, 73.1501112) → (31.3691526, 73.0514611) = 22052.9 m
2026-03-22 00:46:48.081 | DEBUG    | utils.geo_utils:haversine_distance:20 - Haversine: (31.5487412, 73.1501112) → (31.3787188, 73.157798) = 18919.7 m
2026-03-22 00:46:48.081 | DEBUG    | utils.geo_utils:haversine_distance:20 - Haversine: (31.5487412, 73.1501112) → (31.4457694, 73.1408101) = 11483.9 m
2026-03-22 00:46:48.081 | DEBUG    | utils.geo_utils:haversine_distance:20 - Haversine: (31.3836456, 73.0640586) → (31.3691526, 73.0514611) = 2006.8 m
2026-03-22 00:46:48.081 | DEBUG    | utils.geo_utils:haversine_distance:20 - Haversine: (31.3836456, 73.0640586) → (31.3787188, 73.157798) = 8915.5 m
2026-03-22 00:46:48.081 | DEBUG    | utils.geo_utils:haversine_distance:20 - Haversine: (31.3836456, 73.0640586) → (31.4457694, 73.1408101) = 10038.2 m
2026-03-22 00:46:48.081 | DEBUG    | utils.geo_utils:haversine_distance:20 - Haversine: (31.3836456, 73.0640586) → (31.5487412, 73.1501112) = 20090.3 m
2026-03-22 00:46:48.081 | DEBUG    | utils.geo_utils:haversine_distance:20 - Haversine: (31.4467219, 73.1271368) → (31.3691526, 73.0514611) = 11223.8 m
2026-03-22 00:46:48.081 | DEBUG    | utils.geo_utils:haversine_distance:20 - Haversine: (31.4467219, 73.1271368) → (31.3787188, 73.157798) = 8102.1 m
2026-03-22 00:46:48.081 | DEBUG    | utils.geo_utils:haversine_distance:20 - Haversine: (31.4467219, 73.1271368) → (31.4457694, 73.1408101) = 1301.4 m
2026-03-22 00:46:48.081 | DEBUG    | utils.geo_utils:haversine_distance:20 - Haversine: (31.4467219, 73.1271368) → (31.5487412, 73.1501112) = 11551.3 m
2026-03-22 00:46:48.081 | DEBUG    | utils.geo_utils:haversine_distance:20 - Haversine: (31.4467219, 73.1271368) → (31.3836456, 73.0640586) = 9220.8 m
2026-03-22 00:46:48.082 | DEBUG    | utils.geo_utils:haversine_distance:20 - Haversine: (31.330396, 73.0696448) → (31.3691526, 73.0514611) = 4642.6 m
2026-03-22 00:46:48.082 | DEBUG    | utils.geo_utils:haversine_distance:20 - Haversine: (31.330396, 73.0696448) → (31.3787188, 73.157798) = 9946.9 m
2026-03-22 00:46:48.082 | DEBUG    | utils.geo_utils:haversine_distance:20 - Haversine: (31.330396, 73.0696448) → (31.4457694, 73.1408101) = 14498.8 m
2026-03-22 00:46:48.082 | DEBUG    | utils.geo_utils:haversine_distance:20 - Haversine: (31.330396, 73.0696448) → (31.5487412, 73.1501112) = 25450.7 m
2026-03-22 00:46:48.082 | DEBUG    | utils.geo_utils:haversine_distance:20 - Haversine: (31.330396, 73.0696448) → (31.3836456, 73.0640586) = 5944.8 m
2026-03-22 00:46:48.082 | DEBUG    | utils.geo_utils:haversine_distance:20 - Haversine: (31.330396, 73.0696448) → (31.4467219, 73.1271368) = 14038.9 m
2026-03-22 00:46:48.082 | DEBUG    | utils.geo_utils:haversine_distance:20 - Haversine: (31.3413852, 73.1852291) → (31.3691526, 73.0514611) = 13071.9 m
2026-03-22 00:46:48.082 | DEBUG    | utils.geo_utils:haversine_distance:20 - Haversine: (31.3413852, 73.1852291) → (31.3787188, 73.157798) = 4900.7 m
2026-03-22 00:46:48.082 | DEBUG    | utils.geo_utils:haversine_distance:20 - Haversine: (31.3413852, 73.1852291) → (31.4457694, 73.1408101) = 12349.0 m
2026-03-22 00:46:48.082 | DEBUG    | utils.geo_utils:haversine_distance:20 - Haversine: (31.3413852, 73.1852291) → (31.5487412, 73.1501112) = 23296.4 m
2026-03-22 00:46:48.082 | DEBUG    | utils.geo_utils:haversine_distance:20 - Haversine: (31.3413852, 73.1852291) → (31.3836456, 73.0640586) = 12427.6 m
2026-03-22 00:46:48.082 | DEBUG    | utils.geo_utils:haversine_distance:20 - Haversine: (31.3413852, 73.1852291) → (31.4467219, 73.1271368) = 12945.9 m
2026-03-22 00:46:48.082 | DEBUG    | utils.geo_utils:haversine_distance:20 - Haversine: (31.3413852, 73.1852291) → (31.330396, 73.0696448) = 11045.4 m
2026-03-22 00:46:48.082 | DEBUG    | utils.geo_utils:haversine_distance:20 - Haversine: (31.4000755, 73.0126538) → (31.3691526, 73.0514611) = 5039.2 m
2026-03-22 00:46:48.082 | DEBUG    | utils.geo_utils:haversine_distance:20 - Haversine: (31.4000755, 73.0126538) → (31.3787188, 73.157798) = 13980.4 m
2026-03-22 00:46:48.082 | DEBUG    | utils.geo_utils:haversine_distance:20 - Haversine: (31.4000755, 73.0126538) → (31.4457694, 73.1408101) = 13179.2 m
2026-03-22 00:46:48.083 | DEBUG    | utils.geo_utils:haversine_distance:20 - Haversine: (31.4000755, 73.0126538) → (31.5487412, 73.1501112) = 21052.4 m
2026-03-22 00:46:48.083 | DEBUG    | utils.geo_utils:haversine_distance:20 - Haversine: (31.4000755, 73.0126538) → (31.3836456, 73.0640586) = 5210.1 m
2026-03-22 00:46:48.083 | DEBUG    | utils.geo_utils:haversine_distance:20 - Haversine: (31.4000755, 73.0126538) → (31.4467219, 73.1271368) = 12037.7 m
2026-03-22 00:46:48.083 | DEBUG    | utils.geo_utils:haversine_distance:20 - Haversine: (31.4000755, 73.0126538) → (31.330396, 73.0696448) = 9450.5 m
2026-03-22 00:46:48.083 | DEBUG    | utils.geo_utils:haversine_distance:20 - Haversine: (31.4000755, 73.0126538) → (31.3413852, 73.1852291) = 17636.2 m
2026-03-22 00:46:48.083 | DEBUG    | utils.geo_utils:haversine_distance:20 - Haversine: (31.527645, 73.0552285) → (31.3691526, 73.0514611) = 17627.2 m
2026-03-22 00:46:48.083 | DEBUG    | utils.geo_utils:haversine_distance:20 - Haversine: (31.527645, 73.0552285) → (31.3787188, 73.157798) = 19206.5 m
2026-03-22 00:46:48.083 | DEBUG    | utils.geo_utils:haversine_distance:20 - Haversine: (31.527645, 73.0552285) → (31.4457694, 73.1408101) = 12195.9 m
2026-03-22 00:46:48.083 | DEBUG    | utils.geo_utils:haversine_distance:20 - Haversine: (31.527645, 73.0552285) → (31.5487412, 73.1501112) = 9293.0 m
2026-03-22 00:46:48.083 | DEBUG    | utils.geo_utils:haversine_distance:20 - Haversine: (31.527645, 73.0552285) → (31.3836456, 73.0640586) = 16033.9 m
2026-03-22 00:46:48.083 | DEBUG    | utils.geo_utils:haversine_distance:20 - Haversine: (31.527645, 73.0552285) → (31.4467219, 73.1271368) = 11289.8 m
2026-03-22 00:46:48.083 | DEBUG    | utils.geo_utils:haversine_distance:20 - Haversine: (31.527645, 73.0552285) → (31.330396, 73.0696448) = 21975.7 m
2026-03-22 00:46:48.083 | DEBUG    | utils.geo_utils:haversine_distance:20 - Haversine: (31.527645, 73.0552285) → (31.3413852, 73.1852291) = 24105.5 m
2026-03-22 00:46:48.083 | DEBUG    | utils.geo_utils:haversine_distance:20 - Haversine: (31.527645, 73.0552285) → (31.4000755, 73.0126538) = 14748.6 m
2026-03-22 00:46:48.083 | DEBUG    | utils.geo_utils:haversine_distance:20 - Haversine: (31.3281703, 73.1302408) → (31.3691526, 73.0514611) = 8759.8 m
2026-03-22 00:46:48.083 | DEBUG    | utils.geo_utils:haversine_distance:20 - Haversine: (31.3281703, 73.1302408) → (31.3787188, 73.157798) = 6200.0 m
2026-03-22 00:46:48.083 | DEBUG    | utils.geo_utils:haversine_distance:20 - Haversine: (31.3281703, 73.1302408) → (31.4457694, 73.1408101) = 13114.9 m
2026-03-22 00:46:48.084 | DEBUG    | utils.geo_utils:haversine_distance:20 - Haversine: (31.3281703, 73.1302408) → (31.5487412, 73.1501112) = 24598.7 m
2026-03-22 00:46:48.084 | DEBUG    | utils.geo_utils:haversine_distance:20 - Haversine: (31.3281703, 73.1302408) → (31.3836456, 73.0640586) = 8805.9 m
2026-03-22 00:46:48.084 | DEBUG    | utils.geo_utils:haversine_distance:20 - Haversine: (31.3281703, 73.1302408) → (31.4467219, 73.1271368) = 13185.6 m
2026-03-22 00:46:48.084 | DEBUG    | utils.geo_utils:haversine_distance:20 - Haversine: (31.3281703, 73.1302408) → (31.330396, 73.0696448) = 5760.8 m
2026-03-22 00:46:48.084 | DEBUG    | utils.geo_utils:haversine_distance:20 - Haversine: (31.3281703, 73.1302408) → (31.3413852, 73.1852291) = 5425.4 m
2026-03-22 00:46:48.084 | DEBUG    | utils.geo_utils:haversine_distance:20 - Haversine: (31.3281703, 73.1302408) → (31.4000755, 73.0126538) = 13732.2 m
2026-03-22 00:46:48.084 | DEBUG    | utils.geo_utils:haversine_distance:20 - Haversine: (31.3281703, 73.1302408) → (31.527645, 73.0552285) = 23294.5 m
2026-03-22 00:46:48.084 | DEBUG    | utils.geo_utils:haversine_distance:20 - Haversine: (31.3434454, 73.1825193) → (31.3691526, 73.0514611) = 12768.7 m
2026-03-22 00:46:48.084 | DEBUG    | utils.geo_utils:haversine_distance:20 - Haversine: (31.3434454, 73.1825193) → (31.3787188, 73.157798) = 4570.9 m
2026-03-22 00:46:48.084 | DEBUG    | utils.geo_utils:haversine_distance:20 - Haversine: (31.3434454, 73.1825193) → (31.4457694, 73.1408101) = 12047.0 m
2026-03-22 00:46:48.084 | DEBUG    | utils.geo_utils:haversine_distance:20 - Haversine: (31.3434454, 73.1825193) → (31.5487412, 73.1501112) = 23033.9 m
2026-03-22 00:46:48.084 | DEBUG    | utils.geo_utils:haversine_distance:20 - Haversine: (31.3434454, 73.1825193) → (31.3836456, 73.0640586) = 12103.2 m
2026-03-22 00:46:48.084 | DEBUG    | utils.geo_utils:haversine_distance:20 - Haversine: (31.3434454, 73.1825193) → (31.4467219, 73.1271368) = 12629.8 m
2026-03-22 00:46:48.084 | DEBUG    | utils.geo_utils:haversine_distance:20 - Haversine: (31.3434454, 73.1825193) → (31.330396, 73.0696448) = 10817.9 m
2026-03-22 00:46:48.084 | DEBUG    | utils.geo_utils:haversine_distance:20 - Haversine: (31.3434454, 73.1825193) → (31.3413852, 73.1852291) = 344.5 m
2026-03-22 00:46:48.084 | DEBUG    | utils.geo_utils:haversine_distance:20 - Haversine: (31.4192659, 73.0416323) → (31.3691526, 73.0514611) = 5649.9 m
2026-03-22 00:46:48.084 | DEBUG    | utils.geo_utils:haversine_distance:20 - Haversine: (31.4192659, 73.0416323) → (31.3787188, 73.157798) = 11911.7 m
2026-03-22 00:46:48.084 | DEBUG    | utils.geo_utils:haversine_distance:20 - Haversine: (31.4192659, 73.0416323) → (31.4457694, 73.1408101) = 9860.5 m
2026-03-22 00:46:48.084 | DEBUG    | utils.geo_utils:haversine_distance:20 - Haversine: (31.4192659, 73.0416323) → (31.5487412, 73.1501112) = 17694.3 m
2026-03-22 00:46:48.085 | DEBUG    | utils.geo_utils:haversine_distance:20 - Haversine: (31.4192659, 73.0416323) → (31.3836456, 73.0640586) = 4496.5 m
2026-03-22 00:46:48.085 | DEBUG    | utils.geo_utils:haversine_distance:20 - Haversine: (31.4192659, 73.0416323) → (31.4467219, 73.1271368) = 8667.9 m
2026-03-22 00:46:48.085 | DEBUG    | utils.geo_utils:haversine_distance:20 - Haversine: (31.4192659, 73.0416323) → (31.330396, 73.0696448) = 10233.5 m
2026-03-22 00:46:48.085 | DEBUG    | utils.geo_utils:haversine_distance:20 - Haversine: (31.4192659, 73.0416323) → (31.3413852, 73.1852291) = 16149.9 m
2026-03-22 00:46:48.085 | DEBUG    | utils.geo_utils:haversine_distance:20 - Haversine: (31.4192659, 73.0416323) → (31.4000755, 73.0126538) = 3480.9 m
2026-03-22 00:46:48.085 | DEBUG    | utils.geo_utils:haversine_distance:20 - Haversine: (31.4192659, 73.0416323) → (31.527645, 73.0552285) = 12120.0 m
2026-03-22 00:46:48.085 | DEBUG    | utils.geo_utils:haversine_distance:20 - Haversine: (31.4192659, 73.0416323) → (31.3281703, 73.1302408) = 13167.0 m
2026-03-22 00:46:48.085 | DEBUG    | utils.geo_utils:haversine_distance:20 - Haversine: (31.5101284, 73.1503952) → (31.3691526, 73.0514611) = 18270.9 m
2026-03-22 00:46:48.085 | DEBUG    | utils.geo_utils:haversine_distance:20 - Haversine: (31.5101284, 73.1503952) → (31.3787188, 73.157798) = 14628.9 m
2026-03-22 00:46:48.085 | DEBUG    | utils.geo_utils:haversine_distance:20 - Haversine: (31.5101284, 73.1503952) → (31.4457694, 73.1408101) = 7213.9 m
2026-03-22 00:46:48.085 | DEBUG    | utils.geo_utils:haversine_distance:20 - Haversine: (31.5101284, 73.1503952) → (31.5487412, 73.1501112) = 4293.6 m
2026-03-22 00:46:48.085 | DEBUG    | utils.geo_utils:haversine_distance:20 - Haversine: (31.5101284, 73.1503952) → (31.3836456, 73.0640586) = 16275.2 m
2026-03-22 00:46:48.085 | DEBUG    | utils.geo_utils:haversine_distance:20 - Haversine: (31.5101284, 73.1503952) → (31.4467219, 73.1271368) = 7387.4 m
2026-03-22 00:46:48.085 | DEBUG    | utils.geo_utils:haversine_distance:20 - Haversine: (31.5101284, 73.1503952) → (31.330396, 73.0696448) = 21403.9 m
2026-03-22 00:46:48.085 | DEBUG    | utils.geo_utils:haversine_distance:20 - Haversine: (31.5101284, 73.1503952) → (31.3413852, 73.1852291) = 19052.3 m
2026-03-22 00:46:48.085 | DEBUG    | utils.geo_utils:haversine_distance:20 - Haversine: (31.5101284, 73.1503952) → (31.4000755, 73.0126538) = 17901.3 m
2026-03-22 00:46:48.085 | DEBUG    | utils.geo_utils:haversine_distance:20 - Haversine: (31.5101284, 73.1503952) → (31.527645, 73.0552285) = 9228.7 m
2026-03-22 00:46:48.085 | DEBUG    | utils.geo_utils:haversine_distance:20 - Haversine: (31.5101284, 73.1503952) → (31.3281703, 73.1302408) = 20323.0 m
2026-03-22 00:46:48.085 | DEBUG    | utils.geo_utils:haversine_distance:20 - Haversine: (31.5101284, 73.1503952) → (31.4192659, 73.0416323) = 14439.2 m
2026-03-22 00:46:48.085 | DEBUG    | utils.geo_utils:haversine_distance:20 - Haversine: (31.4641337, 73.1683411) → (31.3691526, 73.0514611) = 15315.3 m
2026-03-22 00:46:48.085 | DEBUG    | utils.geo_utils:haversine_distance:20 - Haversine: (31.4641337, 73.1683411) → (31.3787188, 73.157798) = 9550.2 m
2026-03-22 00:46:48.085 | DEBUG    | utils.geo_utils:haversine_distance:20 - Haversine: (31.4641337, 73.1683411) → (31.4457694, 73.1408101) = 3315.0 m
2026-03-22 00:46:48.085 | DEBUG    | utils.geo_utils:haversine_distance:20 - Haversine: (31.4641337, 73.1683411) → (31.5487412, 73.1501112) = 9565.3 m
2026-03-22 00:46:48.085 | DEBUG    | utils.geo_utils:haversine_distance:20 - Haversine: (31.4641337, 73.1683411) → (31.3836456, 73.0640586) = 13342.1 m
2026-03-22 00:46:48.085 | DEBUG    | utils.geo_utils:haversine_distance:20 - Haversine: (31.4641337, 73.1683411) → (31.4467219, 73.1271368) = 4361.7 m
2026-03-22 00:46:48.085 | DEBUG    | utils.geo_utils:haversine_distance:20 - Haversine: (31.4641337, 73.1683411) → (31.330396, 73.0696448) = 17575.5 m
2026-03-22 00:46:48.085 | DEBUG    | utils.geo_utils:haversine_distance:20 - Haversine: (31.4641337, 73.1683411) → (31.3413852, 73.1852291) = 13742.8 m
2026-03-22 00:46:48.085 | DEBUG    | utils.geo_utils:haversine_distance:20 - Haversine: (31.4641337, 73.1683411) → (31.4000755, 73.0126538) = 16399.0 m
2026-03-22 00:46:48.085 | DEBUG    | utils.geo_utils:haversine_distance:20 - Haversine: (31.4641337, 73.1683411) → (31.527645, 73.0552285) = 12841.0 m
2026-03-22 00:46:48.086 | DEBUG    | utils.geo_utils:haversine_distance:20 - Haversine: (31.4641337, 73.1683411) → (31.3281703, 73.1302408) = 15544.9 m
2026-03-22 00:46:48.086 | DEBUG    | utils.geo_utils:haversine_distance:20 - Haversine: (31.4641337, 73.1683411) → (31.4192659, 73.0416323) = 13014.9 m
2026-03-22 00:46:48.086 | DEBUG    | utils.geo_utils:haversine_distance:20 - Haversine: (31.4641337, 73.1683411) → (31.5101284, 73.1503952) = 5390.0 m
2026-03-22 00:46:48.086 | DEBUG    | utils.geo_utils:haversine_distance:20 - Haversine: (31.3446991, 73.0585627) → (31.3691526, 73.0514611) = 2801.5 m
2026-03-22 00:46:48.086 | DEBUG    | utils.geo_utils:haversine_distance:20 - Haversine: (31.3446991, 73.0585627) → (31.3787188, 73.157798) = 10153.3 m
2026-03-22 00:46:48.086 | DEBUG    | utils.geo_utils:haversine_distance:20 - Haversine: (31.3446991, 73.0585627) → (31.4457694, 73.1408101) = 13683.8 m
2026-03-22 00:46:48.086 | DEBUG    | utils.geo_utils:haversine_distance:20 - Haversine: (31.3446991, 73.0585627) → (31.5487412, 73.1501112) = 24293.8 m
2026-03-22 00:46:48.086 | DEBUG    | utils.geo_utils:haversine_distance:20 - Haversine: (31.3446991, 73.0585627) → (31.3836456, 73.0640586) = 4362.0 m
2026-03-22 00:46:48.086 | DEBUG    | utils.geo_utils:haversine_distance:20 - Haversine: (31.3446991, 73.0585627) → (31.4467219, 73.1271368) = 13079.0 m
2026-03-22 00:46:48.086 | DEBUG    | utils.geo_utils:haversine_distance:20 - Haversine: (31.3446991, 73.0585627) → (31.330396, 73.0696448) = 1907.2 m
2026-03-22 00:46:48.086 | DEBUG    | utils.geo_utils:haversine_distance:20 - Haversine: (31.3446991, 73.0585627) → (31.3413852, 73.1852291) = 12034.9 m
2026-03-22 00:46:48.086 | DEBUG    | utils.geo_utils:haversine_distance:20 - Haversine: (31.3446991, 73.0585627) → (31.4000755, 73.0126538) = 7544.0 m
2026-03-22 00:46:48.086 | DEBUG    | utils.geo_utils:haversine_distance:20 - Haversine: (31.3446991, 73.0585627) → (31.527645, 73.0552285) = 20345.1 m
2026-03-22 00:46:48.086 | DEBUG    | utils.geo_utils:haversine_distance:20 - Haversine: (31.3446991, 73.0585627) → (31.3281703, 73.1302408) = 7051.3 m
2026-03-22 00:46:48.086 | DEBUG    | utils.geo_utils:haversine_distance:20 - Haversine: (31.3446991, 73.0585627) → (31.4192659, 73.0416323) = 8445.8 m
2026-03-22 00:46:48.086 | DEBUG    | utils.geo_utils:haversine_distance:20 - Haversine: (31.3446991, 73.0585627) → (31.5101284, 73.1503952) = 20354.2 m
2026-03-22 00:46:48.086 | DEBUG    | utils.geo_utils:haversine_distance:20 - Haversine: (31.3446991, 73.0585627) → (31.4641337, 73.1683411) = 16879.6 m
2026-03-22 00:46:48.086 | DEBUG    | utils.geo_utils:haversine_distance:20 - Haversine: (31.5431453, 73.1283131) → (31.3691526, 73.0514611) = 20674.9 m
2026-03-22 00:46:48.086 | DEBUG    | utils.geo_utils:haversine_distance:20 - Haversine: (31.5431453, 73.1283131) → (31.3787188, 73.157798) = 18496.0 m
2026-03-22 00:46:48.086 | DEBUG    | utils.geo_utils:haversine_distance:20 - Haversine: (31.5431453, 73.1283131) → (31.4457694, 73.1408101) = 10892.3 m
2026-03-22 00:46:48.086 | DEBUG    | utils.geo_utils:haversine_distance:20 - Haversine: (31.5431453, 73.1283131) → (31.5487412, 73.1501112) = 2157.3 m
2026-03-22 00:46:48.086 | DEBUG    | utils.geo_utils:haversine_distance:20 - Haversine: (31.5431453, 73.1283131) → (31.3836456, 73.0640586) = 18753.4 m
2026-03-22 00:46:48.086 | DEBUG    | utils.geo_utils:haversine_distance:20 - Haversine: (31.5431453, 73.1283131) → (31.4467219, 73.1271368) = 10722.4 m
2026-03-22 00:46:48.086 | DEBUG    | utils.geo_utils:haversine_distance:20 - Haversine: (31.5431453, 73.1283131) → (31.330396, 73.0696448) = 24302.6 m
2026-03-22 00:46:48.086 | DEBUG    | utils.geo_utils:haversine_distance:20 - Haversine: (31.5431453, 73.1283131) → (31.3413852, 73.1852291) = 23075.3 m
2026-03-22 00:46:48.086 | DEBUG    | utils.geo_utils:haversine_distance:20 - Haversine: (31.5431453, 73.1283131) → (31.4000755, 73.0126538) = 19323.6 m
2026-03-22 00:46:48.086 | DEBUG    | utils.geo_utils:haversine_distance:20 - Haversine: (31.5431453, 73.1283131) → (31.527645, 73.0552285) = 7137.7 m
2026-03-22 00:46:48.086 | DEBUG    | utils.geo_utils:haversine_distance:20 - Haversine: (31.5431453, 73.1283131) → (31.3281703, 73.1302408) = 23904.8 m
2026-03-22 00:46:48.086 | DEBUG    | utils.geo_utils:haversine_distance:20 - Haversine: (31.5431453, 73.1283131) → (31.4192659, 73.0416323) = 16040.9 m
2026-03-22 00:46:48.086 | DEBUG    | utils.geo_utils:haversine_distance:20 - Haversine: (31.5431453, 73.1283131) → (31.5101284, 73.1503952) = 4226.0 m
2026-03-22 00:46:48.087 | DEBUG    | utils.geo_utils:haversine_distance:20 - Haversine: (31.5431453, 73.1283131) → (31.4641337, 73.1683411) = 9570.2 m
2026-03-22 00:46:48.087 | DEBUG    | utils.geo_utils:haversine_distance:20 - Haversine: (31.5431453, 73.1283131) → (31.3446991, 73.0585627) = 23037.0 m
2026-03-22 00:46:48.087 | DEBUG    | utils.geo_utils:haversine_distance:20 - Haversine: (31.398463, 73.0263855) → (31.3691526, 73.0514611) = 4035.9 m
2026-03-22 00:46:48.087 | DEBUG    | utils.geo_utils:haversine_distance:20 - Haversine: (31.398463, 73.0263855) → (31.3787188, 73.157798) = 12665.7 m
2026-03-22 00:46:48.087 | DEBUG    | utils.geo_utils:haversine_distance:20 - Haversine: (31.398463, 73.0263855) → (31.4457694, 73.1408101) = 12064.7 m
2026-03-22 00:46:48.087 | DEBUG    | utils.geo_utils:haversine_distance:20 - Haversine: (31.398463, 73.0263855) → (31.5487412, 73.1501112) = 20418.3 m
2026-03-22 00:46:48.087 | DEBUG    | utils.geo_utils:haversine_distance:20 - Haversine: (31.398463, 73.0263855) → (31.3836456, 73.0640586) = 3937.2 m
2026-03-22 00:46:48.087 | DEBUG    | utils.geo_utils:haversine_distance:20 - Haversine: (31.398463, 73.0263855) → (31.4467219, 73.1271368) = 10963.1 m
2026-03-22 00:46:48.087 | DEBUG    | utils.geo_utils:haversine_distance:20 - Haversine: (31.398463, 73.0263855) → (31.330396, 73.0696448) = 8611.4 m
2026-03-22 00:46:48.087 | DEBUG    | utils.geo_utils:haversine_distance:20 - Haversine: (31.398463, 73.0263855) → (31.3413852, 73.1852291) = 16361.9 m
2026-03-22 00:46:48.087 | DEBUG    | utils.geo_utils:haversine_distance:20 - Haversine: (31.398463, 73.0263855) → (31.4000755, 73.0126538) = 1315.6 m
2026-03-22 00:46:48.087 | DEBUG    | utils.geo_utils:haversine_distance:20 - Haversine: (31.398463, 73.0263855) → (31.527645, 73.0552285) = 14622.6 m
2026-03-22 00:46:48.087 | DEBUG    | utils.geo_utils:haversine_distance:20 - Haversine: (31.398463, 73.0263855) → (31.3281703, 73.1302408) = 12582.9 m
2026-03-22 00:46:48.087 | DEBUG    | utils.geo_utils:haversine_distance:20 - Haversine: (31.398463, 73.0263855) → (31.4192659, 73.0416323) = 2728.4 m
2026-03-22 00:46:48.087 | DEBUG    | utils.geo_utils:haversine_distance:20 - Haversine: (31.398463, 73.0263855) → (31.5101284, 73.1503952) = 17103.8 m
2026-03-22 00:46:48.087 | DEBUG    | utils.geo_utils:haversine_distance:20 - Haversine: (31.398463, 73.0263855) → (31.4641337, 73.1683411) = 15320.8 m
2026-03-22 00:46:48.087 | DEBUG    | utils.geo_utils:haversine_distance:20 - Haversine: (31.398463, 73.0263855) → (31.3446991, 73.0585627) = 6713.6 m
2026-03-22 00:46:48.087 | DEBUG    | utils.geo_utils:haversine_distance:20 - Haversine: (31.398463, 73.0263855) → (31.5431453, 73.1283131) = 18768.8 m
2026-03-22 00:46:48.087 | DEBUG    | utils.geo_utils:haversine_distance:20 - Haversine: (31.3190478, 73.1756414) → (31.3691526, 73.0514611) = 13042.9 m
2026-03-22 00:46:48.087 | DEBUG    | utils.geo_utils:haversine_distance:20 - Haversine: (31.3190478, 73.1756414) → (31.3787188, 73.157798) = 6848.1 m
2026-03-22 00:46:48.087 | DEBUG    | utils.geo_utils:haversine_distance:20 - Haversine: (31.3190478, 73.1756414) → (31.4457694, 73.1408101) = 14473.5 m
2026-03-22 00:46:48.087 | DEBUG    | utils.geo_utils:haversine_distance:20 - Haversine: (31.3190478, 73.1756414) → (31.5487412, 73.1501112) = 25655.3 m
2026-03-22 00:46:48.087 | DEBUG    | utils.geo_utils:haversine_distance:20 - Haversine: (31.3190478, 73.1756414) → (31.3836456, 73.0640586) = 12801.1 m
2026-03-22 00:46:48.087 | DEBUG    | utils.geo_utils:haversine_distance:20 - Haversine: (31.3190478, 73.1756414) → (31.4467219, 73.1271368) = 14924.7 m
2026-03-22 00:46:48.087 | DEBUG    | utils.geo_utils:haversine_distance:20 - Haversine: (31.3190478, 73.1756414) → (31.330396, 73.0696448) = 10147.0 m
2026-03-22 00:46:48.087 | DEBUG    | utils.geo_utils:haversine_distance:20 - Haversine: (31.3190478, 73.1756414) → (31.3413852, 73.1852291) = 2645.5 m
2026-03-22 00:46:48.087 | DEBUG    | utils.geo_utils:haversine_distance:20 - Haversine: (31.3190478, 73.1756414) → (31.4000755, 73.0126538) = 17907.6 m
2026-03-22 00:46:48.087 | DEBUG    | utils.geo_utils:haversine_distance:20 - Haversine: (31.3190478, 73.1756414) → (31.527645, 73.0552285) = 25856.3 m
2026-03-22 00:46:48.087 | DEBUG    | utils.geo_utils:haversine_distance:20 - Haversine: (31.3190478, 73.1756414) → (31.3281703, 73.1302408) = 4430.2 m
2026-03-22 00:46:48.088 | DEBUG    | utils.geo_utils:haversine_distance:20 - Haversine: (31.3190478, 73.1756414) → (31.4192659, 73.0416323) = 16913.3 m
2026-03-22 00:46:48.088 | DEBUG    | utils.geo_utils:haversine_distance:20 - Haversine: (31.3190478, 73.1756414) → (31.5101284, 73.1503952) = 21381.8 m
2026-03-22 00:46:48.088 | DEBUG    | utils.geo_utils:haversine_distance:20 - Haversine: (31.3190478, 73.1756414) → (31.4641337, 73.1683411) = 16147.7 m
2026-03-22 00:46:48.088 | DEBUG    | utils.geo_utils:haversine_distance:20 - Haversine: (31.3190478, 73.1756414) → (31.3446991, 73.0585627) = 11480.0 m
2026-03-22 00:46:48.088 | DEBUG    | utils.geo_utils:haversine_distance:20 - Haversine: (31.3190478, 73.1756414) → (31.5431453, 73.1283131) = 25319.9 m
2026-03-22 00:46:48.088 | DEBUG    | utils.geo_utils:haversine_distance:20 - Haversine: (31.3190478, 73.1756414) → (31.398463, 73.0263855) = 16698.2 m
2026-03-22 00:46:48.088 | DEBUG    | utils.geo_utils:haversine_distance:20 - Haversine: (31.3557607, 73.1450675) → (31.3691526, 73.0514611) = 9011.7 m
2026-03-22 00:46:48.088 | DEBUG    | utils.geo_utils:haversine_distance:20 - Haversine: (31.3557607, 73.1450675) → (31.3787188, 73.157798) = 2824.5 m
2026-03-22 00:46:48.088 | DEBUG    | utils.geo_utils:haversine_distance:20 - Haversine: (31.3557607, 73.1450675) → (31.4457694, 73.1408101) = 10016.7 m
2026-03-22 00:46:48.088 | DEBUG    | utils.geo_utils:haversine_distance:20 - Haversine: (31.3557607, 73.1450675) → (31.5487412, 73.1501112) = 21463.8 m
2026-03-22 00:46:48.088 | DEBUG    | utils.geo_utils:haversine_distance:20 - Haversine: (31.3557607, 73.1450675) → (31.3836456, 73.0640586) = 8292.6 m
2026-03-22 00:46:48.088 | DEBUG    | utils.geo_utils:haversine_distance:20 - Haversine: (31.3557607, 73.1450675) → (31.4467219, 73.1271368) = 10256.6 m
2026-03-22 00:46:48.088 | DEBUG    | utils.geo_utils:haversine_distance:20 - Haversine: (31.3557607, 73.1450675) → (31.330396, 73.0696448) = 7698.0 m
2026-03-22 00:46:48.088 | DEBUG    | utils.geo_utils:haversine_distance:20 - Haversine: (31.3557607, 73.1450675) → (31.3413852, 73.1852291) = 4135.3 m
2026-03-22 00:46:48.088 | DEBUG    | utils.geo_utils:haversine_distance:20 - Haversine: (31.3557607, 73.1450675) → (31.4000755, 73.0126538) = 13501.7 m
2026-03-22 00:46:48.088 | DEBUG    | utils.geo_utils:haversine_distance:20 - Haversine: (31.3557607, 73.1450675) → (31.527645, 73.0552285) = 20926.9 m
2026-03-22 00:46:48.088 | DEBUG    | utils.geo_utils:haversine_distance:20 - Haversine: (31.3557607, 73.1450675) → (31.3281703, 73.1302408) = 3375.6 m
2026-03-22 00:46:48.088 | DEBUG    | utils.geo_utils:haversine_distance:20 - Haversine: (31.3557607, 73.1450675) → (31.4192659, 73.0416323) = 12094.0 m
2026-03-22 00:46:48.088 | DEBUG    | utils.geo_utils:haversine_distance:20 - Haversine: (31.3557607, 73.1450675) → (31.5101284, 73.1503952) = 17172.3 m
2026-03-22 00:46:48.088 | DEBUG    | utils.geo_utils:haversine_distance:20 - Haversine: (31.3557607, 73.1450675) → (31.4641337, 73.1683411) = 12251.3 m
2026-03-22 00:46:48.088 | DEBUG    | utils.geo_utils:haversine_distance:20 - Haversine: (31.3557607, 73.1450675) → (31.3446991, 73.0585627) = 8306.1 m
2026-03-22 00:46:48.088 | DEBUG    | utils.geo_utils:haversine_distance:20 - Haversine: (31.3557607, 73.1450675) → (31.5431453, 73.1283131) = 20896.7 m
2026-03-22 00:46:48.088 | DEBUG    | utils.geo_utils:haversine_distance:20 - Haversine: (31.3557607, 73.1450675) → (31.398463, 73.0263855) = 12226.6 m
2026-03-22 00:46:48.088 | DEBUG    | utils.geo_utils:haversine_distance:20 - Haversine: (31.3557607, 73.1450675) → (31.3190478, 73.1756414) = 5009.7 m
2026-03-22 00:46:48.088 | DEBUG    | utils.geo_utils:haversine_distance:20 - Haversine: (31.4601458, 73.0666137) → (31.3691526, 73.0514611) = 10219.6 m
2026-03-22 00:46:48.088 | DEBUG    | utils.geo_utils:haversine_distance:20 - Haversine: (31.4601458, 73.0666137) → (31.3787188, 73.157798) = 12523.8 m
2026-03-22 00:46:48.088 | DEBUG    | utils.geo_utils:haversine_distance:20 - Haversine: (31.4601458, 73.0666137) → (31.4457694, 73.1408101) = 7217.3 m
2026-03-22 00:46:48.088 | DEBUG    | utils.geo_utils:haversine_distance:20 - Haversine: (31.4601458, 73.0666137) → (31.5487412, 73.1501112) = 12637.7 m
2026-03-22 00:46:48.088 | DEBUG    | utils.geo_utils:haversine_distance:20 - Haversine: (31.4601458, 73.0666137) → (31.3836456, 73.0640586) = 8509.9 m
2026-03-22 00:46:48.088 | DEBUG    | utils.geo_utils:haversine_distance:20 - Haversine: (31.4601458, 73.0666137) → (31.4467219, 73.1271368) = 5931.9 m
2026-03-22 00:46:48.089 | DEBUG    | utils.geo_utils:haversine_distance:20 - Haversine: (31.4601458, 73.0666137) → (31.330396, 73.0696448) = 14430.4 m
2026-03-22 00:46:48.089 | DEBUG    | utils.geo_utils:haversine_distance:20 - Haversine: (31.4601458, 73.0666137) → (31.3413852, 73.1852291) = 17352.9 m
2026-03-22 00:46:48.089 | DEBUG    | utils.geo_utils:haversine_distance:20 - Haversine: (31.4601458, 73.0666137) → (31.4000755, 73.0126538) = 8415.9 m
2026-03-22 00:46:48.089 | DEBUG    | utils.geo_utils:haversine_distance:20 - Haversine: (31.4601458, 73.0666137) → (31.527645, 73.0552285) = 7582.8 m
2026-03-22 00:46:48.089 | DEBUG    | utils.geo_utils:haversine_distance:20 - Haversine: (31.4601458, 73.0666137) → (31.3281703, 73.1302408) = 15869.1 m
2026-03-22 00:46:48.089 | DEBUG    | utils.geo_utils:haversine_distance:20 - Haversine: (31.4601458, 73.0666137) → (31.4192659, 73.0416323) = 5126.4 m
2026-03-22 00:46:48.089 | DEBUG    | utils.geo_utils:haversine_distance:20 - Haversine: (31.4601458, 73.0666137) → (31.5101284, 73.1503952) = 9695.6 m
2026-03-22 00:46:48.089 | DEBUG    | utils.geo_utils:haversine_distance:20 - Haversine: (31.4601458, 73.0666137) → (31.4641337, 73.1683411) = 9658.8 m
2026-03-22 00:46:48.089 | DEBUG    | utils.geo_utils:haversine_distance:20 - Haversine: (31.4601458, 73.0666137) → (31.3446991, 73.0585627) = 12859.8 m
2026-03-22 00:46:48.089 | DEBUG    | utils.geo_utils:haversine_distance:20 - Haversine: (31.4601458, 73.0666137) → (31.5431453, 73.1283131) = 10926.8 m
2026-03-22 00:46:48.089 | DEBUG    | utils.geo_utils:haversine_distance:20 - Haversine: (31.4601458, 73.0666137) → (31.398463, 73.0263855) = 7849.3 m
2026-03-22 00:46:48.089 | DEBUG    | utils.geo_utils:haversine_distance:20 - Haversine: (31.4601458, 73.0666137) → (31.3190478, 73.1756414) = 18795.2 m
2026-03-22 00:46:48.089 | DEBUG    | utils.geo_utils:haversine_distance:20 - Haversine: (31.4601458, 73.0666137) → (31.3557607, 73.1450675) = 13789.8 m
2026-03-22 00:46:48.089 | DEBUG    | utils.geo_utils:haversine_distance:20 - Haversine: (31.5426468, 73.1258022) → (31.3691526, 73.0514611) = 20540.0 m
2026-03-22 00:46:48.089 | DEBUG    | utils.geo_utils:haversine_distance:20 - Haversine: (31.5426468, 73.1258022) → (31.3787188, 73.157798) = 18478.9 m
2026-03-22 00:46:48.089 | DEBUG    | utils.geo_utils:haversine_distance:20 - Haversine: (31.5426468, 73.1258022) → (31.4457694, 73.1408101) = 10865.9 m
2026-03-22 00:46:48.089 | DEBUG    | utils.geo_utils:haversine_distance:20 - Haversine: (31.5426468, 73.1258022) → (31.5487412, 73.1501112) = 2401.2 m
2026-03-22 00:46:48.089 | DEBUG    | utils.geo_utils:haversine_distance:20 - Haversine: (31.5426468, 73.1258022) → (31.3836456, 73.0640586) = 18624.8 m
2026-03-22 00:46:48.089 | DEBUG    | utils.geo_utils:haversine_distance:20 - Haversine: (31.5426468, 73.1258022) → (31.4467219, 73.1271368) = 10667.1 m
2026-03-22 00:46:48.089 | DEBUG    | utils.geo_utils:haversine_distance:20 - Haversine: (31.5426468, 73.1258022) → (31.330396, 73.0696448) = 24195.1 m
2026-03-22 00:46:48.089 | DEBUG    | utils.geo_utils:haversine_distance:20 - Haversine: (31.5426468, 73.1258022) → (31.3413852, 73.1852291) = 23078.5 m
2026-03-22 00:46:48.089 | DEBUG    | utils.geo_utils:haversine_distance:20 - Haversine: (31.5426468, 73.1258022) → (31.4000755, 73.0126538) = 19143.5 m
2026-03-22 00:46:48.090 | DEBUG    | utils.geo_utils:haversine_distance:20 - Haversine: (31.5426468, 73.1258022) → (31.527645, 73.0552285) = 6893.4 m
2026-03-22 00:46:48.090 | DEBUG    | utils.geo_utils:haversine_distance:20 - Haversine: (31.5426468, 73.1258022) → (31.3281703, 73.1302408) = 23852.4 m
2026-03-22 00:46:48.090 | DEBUG    | utils.geo_utils:haversine_distance:20 - Haversine: (31.5426468, 73.1258022) → (31.4192659, 73.0416323) = 15872.2 m
2026-03-22 00:46:48.090 | DEBUG    | utils.geo_utils:haversine_distance:20 - Haversine: (31.5426468, 73.1258022) → (31.5101284, 73.1503952) = 4302.1 m
2026-03-22 00:46:48.090 | DEBUG    | utils.geo_utils:haversine_distance:20 - Haversine: (31.5426468, 73.1258022) → (31.4641337, 73.1683411) = 9616.8 m
2026-03-22 00:46:48.090 | DEBUG    | utils.geo_utils:haversine_distance:20 - Haversine: (31.5426468, 73.1258022) → (31.3446991, 73.0585627) = 22916.4 m
2026-03-22 00:46:48.090 | DEBUG    | utils.geo_utils:haversine_distance:20 - Haversine: (31.5426468, 73.1258022) → (31.5431453, 73.1283131) = 244.3 m
2026-03-22 00:46:48.090 | DEBUG    | utils.geo_utils:haversine_distance:20 - Haversine: (31.4743292, 73.1046958) → (31.3691526, 73.0514611) = 12739.4 m
2026-03-22 00:46:48.090 | DEBUG    | utils.geo_utils:haversine_distance:20 - Haversine: (31.4743292, 73.1046958) → (31.3787188, 73.157798) = 11764.9 m
2026-03-22 00:46:48.090 | DEBUG    | utils.geo_utils:haversine_distance:20 - Haversine: (31.4743292, 73.1046958) → (31.4457694, 73.1408101) = 4671.0 m
2026-03-22 00:46:48.090 | DEBUG    | utils.geo_utils:haversine_distance:20 - Haversine: (31.4743292, 73.1046958) → (31.5487412, 73.1501112) = 9327.3 m
2026-03-22 00:46:48.090 | DEBUG    | utils.geo_utils:haversine_distance:20 - Haversine: (31.4743292, 73.1046958) → (31.3836456, 73.0640586) = 10795.6 m
2026-03-22 00:46:48.090 | DEBUG    | utils.geo_utils:haversine_distance:20 - Haversine: (31.4743292, 73.1046958) → (31.4467219, 73.1271368) = 3735.5 m
2026-03-22 00:46:48.090 | DEBUG    | utils.geo_utils:haversine_distance:20 - Haversine: (31.4743292, 73.1046958) → (31.330396, 73.0696448) = 16346.7 m
2026-03-22 00:46:48.090 | DEBUG    | utils.geo_utils:haversine_distance:20 - Haversine: (31.4743292, 73.1046958) → (31.3413852, 73.1852291) = 16641.5 m
2026-03-22 00:46:48.091 | DEBUG    | utils.geo_utils:haversine_distance:20 - Haversine: (31.4743292, 73.1046958) → (31.4000755, 73.0126538) = 12017.7 m
2026-03-22 00:46:48.091 | DEBUG    | utils.geo_utils:haversine_distance:20 - Haversine: (31.4743292, 73.1046958) → (31.527645, 73.0552285) = 7559.2 m
2026-03-22 00:46:48.091 | DEBUG    | utils.geo_utils:haversine_distance:20 - Haversine: (31.4743292, 73.1046958) → (31.3281703, 73.1302408) = 16432.0 m
2026-03-22 00:46:48.091 | DEBUG    | utils.geo_utils:haversine_distance:20 - Haversine: (31.4743292, 73.1046958) → (31.4192659, 73.0416323) = 8560.2 m
2026-03-22 00:46:48.091 | DEBUG    | utils.geo_utils:haversine_distance:20 - Haversine: (31.4743292, 73.1046958) → (31.5101284, 73.1503952) = 5884.0 m
2026-03-22 00:46:48.091 | DEBUG    | utils.geo_utils:haversine_distance:20 - Haversine: (31.4743292, 73.1046958) → (31.4641337, 73.1683411) = 6141.7 m
2026-03-22 00:46:48.091 | DEBUG    | utils.geo_utils:haversine_distance:20 - Haversine: (31.4743292, 73.1046958) → (31.3446991, 73.0585627) = 15064.4 m
2026-03-22 00:46:48.091 | DEBUG    | utils.geo_utils:haversine_distance:20 - Haversine: (31.4743292, 73.1046958) → (31.5431453, 73.1283131) = 7972.8 m
2026-03-22 00:46:48.091 | DEBUG    | utils.geo_utils:haversine_distance:20 - Haversine: (31.4743292, 73.1046958) → (31.398463, 73.0263855) = 11241.2 m
2026-03-22 00:46:48.091 | DEBUG    | utils.geo_utils:haversine_distance:20 - Haversine: (31.4743292, 73.1046958) → (31.3190478, 73.1756414) = 18533.1 m
2026-03-22 00:46:48.091 | DEBUG    | utils.geo_utils:haversine_distance:20 - Haversine: (31.4743292, 73.1046958) → (31.3557607, 73.1450675) = 13729.6 m
2026-03-22 00:46:48.091 | DEBUG    | utils.geo_utils:haversine_distance:20 - Haversine: (31.4743292, 73.1046958) → (31.4601458, 73.0666137) = 3941.1 m
2026-03-22 00:46:48.091 | DEBUG    | utils.geo_utils:haversine_distance:20 - Haversine: (31.4693742, 73.1600766) → (31.3691526, 73.0514611) = 15179.5 m
2026-03-22 00:46:48.091 | DEBUG    | utils.geo_utils:haversine_distance:20 - Haversine: (31.4693742, 73.1600766) → (31.3787188, 73.157798) = 10082.7 m
2026-03-22 00:46:48.091 | DEBUG    | utils.geo_utils:haversine_distance:20 - Haversine: (31.4693742, 73.1600766) → (31.4457694, 73.1408101) = 3198.3 m
2026-03-22 00:46:48.091 | DEBUG    | utils.geo_utils:haversine_distance:20 - Haversine: (31.4693742, 73.1600766) → (31.5487412, 73.1501112) = 8875.6 m
2026-03-22 00:46:48.091 | DEBUG    | utils.geo_utils:haversine_distance:20 - Haversine: (31.4693742, 73.1600766) → (31.3836456, 73.0640586) = 13186.1 m
2026-03-22 00:46:48.092 | DEBUG    | utils.geo_utils:haversine_distance:20 - Haversine: (31.4693742, 73.1600766) → (31.4467219, 73.1271368) = 4013.3 m
2026-03-22 00:46:48.092 | DEBUG    | utils.geo_utils:haversine_distance:20 - Haversine: (31.4693742, 73.1600766) → (31.330396, 73.0696448) = 17677.2 m
2026-03-22 00:46:48.092 | DEBUG    | utils.geo_utils:haversine_distance:20 - Haversine: (31.4693742, 73.1600766) → (31.3413852, 73.1852291) = 14430.5 m
2026-03-22 00:46:48.092 | DEBUG    | utils.geo_utils:haversine_distance:20 - Haversine: (31.4693742, 73.1600766) → (31.4000755, 73.0126538) = 15969.0 m
2026-03-22 00:46:48.092 | DEBUG    | utils.geo_utils:haversine_distance:20 - Haversine: (31.4693742, 73.1600766) → (31.527645, 73.0552285) = 11866.0 m
2026-03-22 00:46:48.092 | DEBUG    | utils.geo_utils:haversine_distance:20 - Haversine: (31.4693742, 73.1600766) → (31.3281703, 73.1302408) = 15954.5 m
2026-03-22 00:46:48.092 | DEBUG    | utils.geo_utils:haversine_distance:20 - Haversine: (31.4693742, 73.1600766) → (31.4192659, 73.0416323) = 12541.9 m
2026-03-22 00:46:48.092 | DEBUG    | utils.geo_utils:haversine_distance:20 - Haversine: (31.4693742, 73.1600766) → (31.5101284, 73.1503952) = 4623.7 m
2026-03-22 00:46:48.092 | DEBUG    | utils.geo_utils:haversine_distance:20 - Haversine: (31.4693742, 73.1600766) → (31.4641337, 73.1683411) = 976.7 m
2026-03-22 00:46:48.092 | DEBUG    | utils.geo_utils:haversine_distance:20 - Haversine: (31.4693742, 73.1600766) → (31.3446991, 73.0585627) = 16882.0 m
2026-03-22 00:46:48.092 | DEBUG    | utils.geo_utils:haversine_distance:20 - Haversine: (31.4693742, 73.1600766) → (31.5431453, 73.1283131) = 8738.2 m
2026-03-22 00:46:48.092 | DEBUG    | utils.geo_utils:haversine_distance:20 - Haversine: (31.4693742, 73.1600766) → (31.398463, 73.0263855) = 14935.2 m
2026-03-22 00:46:48.092 | DEBUG    | utils.geo_utils:haversine_distance:20 - Haversine: (31.4693742, 73.1600766) → (31.3190478, 73.1756414) = 16780.7 m
2026-03-22 00:46:48.092 | DEBUG    | utils.geo_utils:haversine_distance:20 - Haversine: (31.4693742, 73.1600766) → (31.3557607, 73.1450675) = 12713.3 m
2026-03-22 00:46:48.092 | DEBUG    | utils.geo_utils:haversine_distance:20 - Haversine: (31.4693742, 73.1600766) → (31.4601458, 73.0666137) = 8923.7 m
2026-03-22 00:46:48.092 | DEBUG    | utils.geo_utils:haversine_distance:20 - Haversine: (31.4693742, 73.1600766) → (31.4743292, 73.1046958) = 5281.0 m
2026-03-22 00:46:48.093 | DEBUG    | utils.geo_utils:haversine_distance:20 - Haversine: (31.4060883, 73.1115478) → (31.3691526, 73.0514611) = 7028.5 m
2026-03-22 00:46:48.093 | DEBUG    | utils.geo_utils:haversine_distance:20 - Haversine: (31.4060883, 73.1115478) → (31.3787188, 73.157798) = 5341.7 m
2026-03-22 00:46:48.093 | DEBUG    | utils.geo_utils:haversine_distance:20 - Haversine: (31.4060883, 73.1115478) → (31.4457694, 73.1408101) = 5213.2 m
2026-03-22 00:46:48.093 | DEBUG    | utils.geo_utils:haversine_distance:20 - Haversine: (31.4060883, 73.1115478) → (31.5487412, 73.1501112) = 16278.4 m
2026-03-22 00:46:48.093 | DEBUG    | utils.geo_utils:haversine_distance:20 - Haversine: (31.4060883, 73.1115478) → (31.3836456, 73.0640586) = 5152.2 m
2026-03-22 00:46:48.093 | DEBUG    | utils.geo_utils:haversine_distance:20 - Haversine: (31.4060883, 73.1115478) → (31.4467219, 73.1271368) = 4754.2 m
2026-03-22 00:46:48.093 | DEBUG    | utils.geo_utils:haversine_distance:20 - Haversine: (31.4060883, 73.1115478) → (31.330396, 73.0696448) = 9309.5 m
2026-03-22 00:46:48.093 | DEBUG    | utils.geo_utils:haversine_distance:20 - Haversine: (31.4060883, 73.1115478) → (31.3413852, 73.1852291) = 10034.7 m
2026-03-22 00:46:48.093 | DEBUG    | utils.geo_utils:haversine_distance:20 - Haversine: (31.4060883, 73.1115478) → (31.4000755, 73.0126538) = 9409.6 m
2026-03-22 00:46:48.093 | DEBUG    | utils.geo_utils:haversine_distance:20 - Haversine: (31.4060883, 73.1115478) → (31.527645, 73.0552285) = 14533.6 m
2026-03-22 00:46:48.093 | DEBUG    | utils.geo_utils:haversine_distance:20 - Haversine: (31.4060883, 73.1115478) → (31.3281703, 73.1302408) = 8844.0 m
2026-03-22 00:46:48.093 | DEBUG    | utils.geo_utils:haversine_distance:20 - Haversine: (31.4060883, 73.1115478) → (31.4192659, 73.0416323) = 6794.7 m
2026-03-22 00:46:48.093 | DEBUG    | utils.geo_utils:haversine_distance:20 - Haversine: (31.4060883, 73.1115478) → (31.5101284, 73.1503952) = 12141.4 m
2026-03-22 00:46:48.093 | DEBUG    | utils.geo_utils:haversine_distance:20 - Haversine: (31.4060883, 73.1115478) → (31.4641337, 73.1683411) = 8407.9 m
2026-03-22 00:46:48.093 | DEBUG    | utils.geo_utils:haversine_distance:20 - Haversine: (31.4060883, 73.1115478) → (31.3446991, 73.0585627) = 8479.3 m
2026-03-22 00:46:48.093 | DEBUG    | utils.geo_utils:haversine_distance:20 - Haversine: (31.4060883, 73.1115478) → (31.5431453, 73.1283131) = 15322.8 m
2026-03-22 00:46:48.094 | DEBUG    | utils.geo_utils:haversine_distance:20 - Haversine: (31.4060883, 73.1115478) → (31.398463, 73.0263855) = 8127.0 m
2026-03-22 00:46:48.094 | DEBUG    | utils.geo_utils:haversine_distance:20 - Haversine: (31.4060883, 73.1115478) → (31.3190478, 73.1756414) = 11432.7 m
2026-03-22 00:46:48.094 | DEBUG    | utils.geo_utils:haversine_distance:20 - Haversine: (31.4060883, 73.1115478) → (31.3557607, 73.1450675) = 6437.6 m
2026-03-22 00:46:48.094 | DEBUG    | utils.geo_utils:haversine_distance:20 - Haversine: (31.4060883, 73.1115478) → (31.4601458, 73.0666137) = 7369.3 m
2026-03-22 00:46:48.094 | DEBUG    | utils.geo_utils:haversine_distance:20 - Haversine: (31.4060883, 73.1115478) → (31.4743292, 73.1046958) = 7615.8 m
2026-03-22 00:46:48.094 | DEBUG    | utils.geo_utils:haversine_distance:20 - Haversine: (31.4060883, 73.1115478) → (31.4693742, 73.1600766) = 8409.4 m
2026-03-22 00:46:48.094 | DEBUG    | utils.geo_utils:haversine_distance:20 - Haversine: (31.4773379, 73.0052033) → (31.3691526, 73.0514611) = 12805.4 m
2026-03-22 00:46:48.094 | DEBUG    | utils.geo_utils:haversine_distance:20 - Haversine: (31.4773379, 73.0052033) → (31.3787188, 73.157798) = 18162.6 m
2026-03-22 00:46:48.094 | DEBUG    | utils.geo_utils:haversine_distance:20 - Haversine: (31.4773379, 73.0052033) → (31.4457694, 73.1408101) = 13332.5 m
2026-03-22 00:46:48.094 | DEBUG    | utils.geo_utils:haversine_distance:20 - Haversine: (31.4773379, 73.0052033) → (31.5487412, 73.1501112) = 15866.2 m
2026-03-22 00:46:48.094 | DEBUG    | utils.geo_utils:haversine_distance:20 - Haversine: (31.4773379, 73.0052033) → (31.3836456, 73.0640586) = 11820.3 m
2026-03-22 00:46:48.094 | DEBUG    | utils.geo_utils:haversine_distance:20 - Haversine: (31.4773379, 73.0052033) → (31.4467219, 73.1271368) = 12055.8 m
2026-03-22 00:46:48.094 | DEBUG    | utils.geo_utils:haversine_distance:20 - Haversine: (31.4773379, 73.0052033) → (31.330396, 73.0696448) = 17446.3 m
2026-03-22 00:46:48.094 | DEBUG    | utils.geo_utils:haversine_distance:20 - Haversine: (31.4773379, 73.0052033) → (31.3413852, 73.1852291) = 22812.6 m
2026-03-22 00:46:48.094 | DEBUG    | utils.geo_utils:haversine_distance:20 - Haversine: (31.4773379, 73.0052033) → (31.4000755, 73.0126538) = 8620.2 m
2026-03-22 00:46:48.094 | DEBUG    | utils.geo_utils:haversine_distance:20 - Haversine: (31.4773379, 73.0052033) → (31.527645, 73.0552285) = 7333.8 m
2026-03-22 00:46:48.095 | DEBUG    | utils.geo_utils:haversine_distance:20 - Haversine: (31.4773379, 73.0052033) → (31.3281703, 73.1302408) = 20394.7 m
2026-03-22 00:46:48.095 | DEBUG    | utils.geo_utils:haversine_distance:20 - Haversine: (31.4773379, 73.0052033) → (31.4192659, 73.0416323) = 7323.9 m
2026-03-22 00:46:48.095 | DEBUG    | utils.geo_utils:haversine_distance:20 - Haversine: (31.4773379, 73.0052033) → (31.5101284, 73.1503952) = 14241.1 m
2026-03-22 00:46:48.095 | DEBUG    | utils.geo_utils:haversine_distance:20 - Haversine: (31.4773379, 73.0052033) → (31.4641337, 73.1683411) = 15541.3 m
2026-03-22 00:46:48.095 | DEBUG    | utils.geo_utils:haversine_distance:20 - Haversine: (31.4773379, 73.0052033) → (31.3446991, 73.0585627) = 15593.8 m
2026-03-22 00:46:48.095 | DEBUG    | utils.geo_utils:haversine_distance:20 - Haversine: (31.4773379, 73.0052033) → (31.5431453, 73.1283131) = 13775.0 m
2026-03-22 00:46:48.095 | DEBUG    | utils.geo_utils:haversine_distance:20 - Haversine: (31.4773379, 73.0052033) → (31.398463, 73.0263855) = 8997.8 m
2026-03-22 00:46:48.095 | DEBUG    | utils.geo_utils:haversine_distance:20 - Haversine: (31.4773379, 73.0052033) → (31.3190478, 73.1756414) = 23905.7 m
2026-03-22 00:46:48.095 | DEBUG    | utils.geo_utils:haversine_distance:20 - Haversine: (31.4773379, 73.0052033) → (31.3557607, 73.1450675) = 18944.9 m
2026-03-22 00:46:48.095 | DEBUG    | utils.geo_utils:haversine_distance:20 - Haversine: (31.4773379, 73.0052033) → (31.4601458, 73.0666137) = 6129.9 m
2026-03-22 00:46:48.095 | DEBUG    | utils.geo_utils:haversine_distance:20 - Haversine: (31.4773379, 73.0052033) → (31.4743292, 73.1046958) = 9441.2 m
2026-03-22 00:46:48.095 | DEBUG    | utils.geo_utils:haversine_distance:20 - Haversine: (31.4773379, 73.0052033) → (31.4693742, 73.1600766) = 14714.3 m
2026-03-22 00:46:48.096 | DEBUG    | utils.geo_utils:haversine_distance:20 - Haversine: (31.4773379, 73.0052033) → (31.4060883, 73.1115478) = 12827.7 m
2026-03-22 00:46:48.096 | DEBUG    | utils.geo_utils:haversine_distance:20 - Haversine: (31.4766945, 73.1677037) → (31.3691526, 73.0514611) = 16268.3 m
2026-03-22 00:46:48.096 | DEBUG    | utils.geo_utils:haversine_distance:20 - Haversine: (31.4766945, 73.1677037) → (31.3787188, 73.157798) = 10934.9 m
2026-03-22 00:46:48.096 | DEBUG    | utils.geo_utils:haversine_distance:20 - Haversine: (31.4766945, 73.1677037) → (31.4457694, 73.1408101) = 4281.5 m
2026-03-22 00:46:48.096 | DEBUG    | utils.geo_utils:haversine_distance:20 - Haversine: (31.4766945, 73.1677037) → (31.5487412, 73.1501112) = 8183.0 m
2026-03-22 00:46:48.096 | DEBUG    | utils.geo_utils:haversine_distance:20 - Haversine: (31.4766945, 73.1677037) → (31.3836456, 73.0640586) = 14274.3 m
2026-03-22 00:46:48.096 | DEBUG    | utils.geo_utils:haversine_distance:20 - Haversine: (31.4766945, 73.1677037) → (31.4467219, 73.1271368) = 5090.4 m
2026-03-22 00:46:48.096 | DEBUG    | utils.geo_utils:haversine_distance:20 - Haversine: (31.4766945, 73.1677037) → (31.330396, 73.0696448) = 18741.6 m
2026-03-22 00:46:48.096 | DEBUG    | utils.geo_utils:haversine_distance:20 - Haversine: (31.4766945, 73.1677037) → (31.3413852, 73.1852291) = 15137.4 m
2026-03-22 00:46:48.096 | DEBUG    | utils.geo_utils:haversine_distance:20 - Haversine: (31.4766945, 73.1677037) → (31.4000755, 73.0126538) = 16998.9 m
2026-03-22 00:46:48.096 | DEBUG    | utils.geo_utils:haversine_distance:20 - Haversine: (31.4766945, 73.1677037) → (31.527645, 73.0552285) = 12075.0 m
2026-03-22 00:46:48.096 | DEBUG    | utils.geo_utils:haversine_distance:20 - Haversine: (31.4766945, 73.1677037) → (31.3281703, 73.1302408) = 16893.5 m
2026-03-22 00:46:48.096 | DEBUG    | utils.geo_utils:haversine_distance:20 - Haversine: (31.4766945, 73.1677037) → (31.4192659, 73.0416323) = 13557.5 m
2026-03-22 00:46:48.096 | DEBUG    | utils.geo_utils:haversine_distance:20 - Haversine: (31.4766945, 73.1677037) → (31.5101284, 73.1503952) = 4063.8 m
2026-03-22 00:46:48.096 | DEBUG    | utils.geo_utils:haversine_distance:20 - Haversine: (31.4766945, 73.1677037) → (31.4641337, 73.1683411) = 1398.0 m
2026-03-22 00:46:48.096 | DEBUG    | utils.geo_utils:haversine_distance:20 - Haversine: (31.4766945, 73.1677037) → (31.3446991, 73.0585627) = 17963.8 m
2026-03-22 00:46:48.096 | DEBUG    | utils.geo_utils:haversine_distance:20 - Haversine: (31.4766945, 73.1677037) → (31.5431453, 73.1283131) = 8279.0 m
2026-03-22 00:46:48.096 | DEBUG    | utils.geo_utils:haversine_distance:20 - Haversine: (31.4766945, 73.1677037) → (31.398463, 73.0263855) = 15982.0 m
2026-03-22 00:46:48.097 | DEBUG    | utils.geo_utils:haversine_distance:20 - Haversine: (31.4766945, 73.1677037) → (31.3190478, 73.1756414) = 17545.7 m
2026-03-22 00:46:48.097 | DEBUG    | utils.geo_utils:haversine_distance:20 - Haversine: (31.4766945, 73.1677037) → (31.3557607, 73.1450675) = 13617.7 m
2026-03-22 00:46:48.097 | DEBUG    | utils.geo_utils:haversine_distance:20 - Haversine: (31.4766945, 73.1677037) → (31.4601458, 73.0666137) = 9762.5 m
2026-03-22 00:46:48.097 | DEBUG    | utils.geo_utils:haversine_distance:20 - Haversine: (31.4766945, 73.1677037) → (31.4743292, 73.1046958) = 5981.1 m
2026-03-22 00:46:48.097 | DEBUG    | utils.geo_utils:haversine_distance:20 - Haversine: (31.4766945, 73.1677037) → (31.4693742, 73.1600766) = 1088.9 m
2026-03-22 00:46:48.097 | DEBUG    | utils.geo_utils:haversine_distance:20 - Haversine: (31.4766945, 73.1677037) → (31.4060883, 73.1115478) = 9487.9 m
2026-03-22 00:46:48.097 | DEBUG    | utils.geo_utils:haversine_distance:20 - Haversine: (31.4766945, 73.1677037) → (31.4773379, 73.0052033) = 15410.5 m
2026-03-22 00:46:48.097 | DEBUG    | utils.geo_utils:haversine_distance:20 - Haversine: (31.504101, 73.1583633) → (31.3691526, 73.0514611) = 18111.6 m
2026-03-22 00:46:48.097 | DEBUG    | utils.geo_utils:haversine_distance:20 - Haversine: (31.504101, 73.1583633) → (31.3787188, 73.157798) = 13942.0 m
2026-03-22 00:46:48.097 | DEBUG    | utils.geo_utils:haversine_distance:20 - Haversine: (31.504101, 73.1583633) → (31.4457694, 73.1408101) = 6696.4 m
2026-03-22 00:46:48.097 | DEBUG    | utils.geo_utils:haversine_distance:20 - Haversine: (31.504101, 73.1583633) → (31.5487412, 73.1501112) = 5025.0 m
2026-03-22 00:46:48.097 | DEBUG    | utils.geo_utils:haversine_distance:20 - Haversine: (31.504101, 73.1583633) → (31.3836456, 73.0640586) = 16107.0 m
2026-03-22 00:46:48.097 | DEBUG    | utils.geo_utils:haversine_distance:20 - Haversine: (31.504101, 73.1583633) → (31.4467219, 73.1271368) = 7034.0 m
2026-03-22 00:46:48.097 | DEBUG    | utils.geo_utils:haversine_distance:20 - Haversine: (31.504101, 73.1583633) → (31.330396, 73.0696448) = 21070.1 m
2026-03-22 00:46:48.097 | DEBUG    | utils.geo_utils:haversine_distance:20 - Haversine: (31.504101, 73.1583633) → (31.3413852, 73.1852291) = 18271.9 m
2026-03-22 00:46:48.098 | DEBUG    | utils.geo_utils:haversine_distance:20 - Haversine: (31.504101, 73.1583633) → (31.4000755, 73.0126538) = 18023.2 m
2026-03-22 00:46:48.098 | DEBUG    | utils.geo_utils:haversine_distance:20 - Haversine: (31.504101, 73.1583633) → (31.527645, 73.0552285) = 10120.9 m
2026-03-22 00:46:48.098 | DEBUG    | utils.geo_utils:haversine_distance:20 - Haversine: (31.504101, 73.1583633) → (31.3281703, 73.1302408) = 19743.8 m
2026-03-22 00:46:48.098 | DEBUG    | utils.geo_utils:haversine_distance:20 - Haversine: (31.504101, 73.1583633) → (31.4192659, 73.0416323) = 14545.4 m
2026-03-22 00:46:48.098 | DEBUG    | utils.geo_utils:haversine_distance:20 - Haversine: (31.504101, 73.1583633) → (31.5101284, 73.1503952) = 1009.9 m
2026-03-22 00:46:48.098 | DEBUG    | utils.geo_utils:haversine_distance:20 - Haversine: (31.504101, 73.1583633) → (31.4641337, 73.1683411) = 4543.8 m
2026-03-22 00:46:48.098 | DEBUG    | utils.geo_utils:haversine_distance:20 - Haversine: (31.504101, 73.1583633) → (31.3446991, 73.0585627) = 20095.7 m
2026-03-22 00:46:48.098 | DEBUG    | utils.geo_utils:haversine_distance:20 - Haversine: (31.504101, 73.1583633) → (31.5431453, 73.1283131) = 5192.5 m
2026-03-22 00:46:48.098 | DEBUG    | utils.geo_utils:haversine_distance:20 - Haversine: (31.504101, 73.1583633) → (31.398463, 73.0263855) = 17167.1 m
2026-03-22 00:46:48.098 | DEBUG    | utils.geo_utils:haversine_distance:20 - Haversine: (31.504101, 73.1583633) → (31.3190478, 73.1756414) = 20642.2 m
2026-03-22 00:46:48.098 | DEBUG    | utils.geo_utils:haversine_distance:20 - Haversine: (31.504101, 73.1583633) → (31.3557607, 73.1450675) = 16542.9 m
2026-03-22 00:46:48.098 | DEBUG    | utils.geo_utils:haversine_distance:20 - Haversine: (31.504101, 73.1583633) → (31.4601458, 73.0666137) = 9979.2 m
2026-03-22 00:46:48.098 | DEBUG    | utils.geo_utils:haversine_distance:20 - Haversine: (31.504101, 73.1583633) → (31.4743292, 73.1046958) = 6070.8 m
2026-03-22 00:46:48.098 | DEBUG    | utils.geo_utils:haversine_distance:20 - Haversine: (31.504101, 73.1583633) → (31.4693742, 73.1600766) = 3864.9 m
2026-03-22 00:46:48.098 | DEBUG    | utils.geo_utils:haversine_distance:20 - Haversine: (31.504101, 73.1583633) → (31.4060883, 73.1115478) = 11768.5 m
2026-03-22 00:46:48.098 | DEBUG    | utils.geo_utils:haversine_distance:20 - Haversine: (31.504101, 73.1583633) → (31.4773379, 73.0052033) = 14824.2 m
2026-03-22 00:46:48.099 | DEBUG    | utils.geo_utils:haversine_distance:20 - Haversine: (31.504101, 73.1583633) → (31.4766945, 73.1677037) = 3173.5 m
2026-03-22 00:46:48.099 | DEBUG    | utils.geo_utils:haversine_distance:20 - Haversine: (31.3907077, 73.1897443) → (31.3691526, 73.0514611) = 13344.3 m
2026-03-22 00:46:48.100 | DEBUG    | utils.geo_utils:haversine_distance:20 - Haversine: (31.3907077, 73.1897443) → (31.3787188, 73.157798) = 3312.6 m
2026-03-22 00:46:48.100 | DEBUG    | utils.geo_utils:haversine_distance:20 - Haversine: (31.3907077, 73.1897443) → (31.4457694, 73.1408101) = 7684.3 m
2026-03-22 00:46:48.100 | DEBUG    | utils.geo_utils:haversine_distance:20 - Haversine: (31.3907077, 73.1897443) → (31.5487412, 73.1501112) = 17970.0 m
2026-03-22 00:46:48.100 | DEBUG    | utils.geo_utils:haversine_distance:20 - Haversine: (31.3907077, 73.1897443) → (31.3836456, 73.0640586) = 11956.3 m
2026-03-22 00:46:48.100 | DEBUG    | utils.geo_utils:haversine_distance:20 - Haversine: (31.3907077, 73.1897443) → (31.4467219, 73.1271368) = 8607.5 m
2026-03-22 00:46:48.101 | DEBUG    | utils.geo_utils:haversine_distance:20 - Haversine: (31.3907077, 73.1897443) → (31.330396, 73.0696448) = 13229.3 m
2026-03-22 00:46:48.101 | DEBUG    | utils.geo_utils:haversine_distance:20 - Haversine: (31.3907077, 73.1897443) → (31.3413852, 73.1852291) = 5501.1 m
2026-03-22 00:46:48.101 | DEBUG    | utils.geo_utils:haversine_distance:20 - Haversine: (31.3907077, 73.1897443) → (31.4000755, 73.0126538) = 16840.8 m
2026-03-22 00:46:48.101 | DEBUG    | utils.geo_utils:haversine_distance:20 - Haversine: (31.3907077, 73.1897443) → (31.527645, 73.0552285) = 19865.6 m
2026-03-22 00:46:48.101 | DEBUG    | utils.geo_utils:haversine_distance:20 - Haversine: (31.3907077, 73.1897443) → (31.3281703, 73.1302408) = 8959.8 m
2026-03-22 00:46:48.101 | DEBUG    | utils.geo_utils:haversine_distance:20 - Haversine: (31.3907077, 73.1897443) → (31.4192659, 73.0416323) = 14410.9 m
2026-03-22 00:46:48.101 | DEBUG    | utils.geo_utils:haversine_distance:20 - Haversine: (31.3907077, 73.1897443) → (31.5101284, 73.1503952) = 13793.6 m
2026-03-22 00:46:48.101 | DEBUG    | utils.geo_utils:haversine_distance:20 - Haversine: (31.3907077, 73.1897443) → (31.4641337, 73.1683411) = 8413.4 m
2026-03-22 00:46:48.101 | DEBUG    | utils.geo_utils:haversine_distance:20 - Haversine: (31.3907077, 73.1897443) → (31.3446991, 73.0585627) = 13464.6 m
2026-03-22 00:46:48.101 | DEBUG    | utils.geo_utils:haversine_distance:20 - Haversine: (31.3907077, 73.1897443) → (31.5431453, 73.1283131) = 17923.7 m
2026-03-22 00:46:48.101 | DEBUG    | utils.geo_utils:haversine_distance:20 - Haversine: (31.3907077, 73.1897443) → (31.398463, 73.0263855) = 15529.3 m
2026-03-22 00:46:48.101 | DEBUG    | utils.geo_utils:haversine_distance:20 - Haversine: (31.3907077, 73.1897443) → (31.3190478, 73.1756414) = 8080.0 m
2026-03-22 00:46:48.101 | DEBUG    | utils.geo_utils:haversine_distance:20 - Haversine: (31.3907077, 73.1897443) → (31.3557607, 73.1450675) = 5752.5 m
2026-03-22 00:46:48.101 | DEBUG    | utils.geo_utils:haversine_distance:20 - Haversine: (31.3907077, 73.1897443) → (31.4601458, 73.0666137) = 14004.1 m
2026-03-22 00:46:48.101 | DEBUG    | utils.geo_utils:haversine_distance:20 - Haversine: (31.3907077, 73.1897443) → (31.4743292, 73.1046958) = 12311.4 m
2026-03-22 00:46:48.101 | DEBUG    | utils.geo_utils:haversine_distance:20 - Haversine: (31.3907077, 73.1897443) → (31.4693742, 73.1600766) = 9189.1 m
2026-03-22 00:46:48.101 | DEBUG    | utils.geo_utils:haversine_distance:20 - Haversine: (31.3907077, 73.1897443) → (31.4060883, 73.1115478) = 7616.3 m
2026-03-22 00:46:48.101 | DEBUG    | utils.geo_utils:haversine_distance:20 - Haversine: (31.3907077, 73.1897443) → (31.4773379, 73.0052033) = 19983.5 m
2026-03-22 00:46:48.101 | DEBUG    | utils.geo_utils:haversine_distance:20 - Haversine: (31.3907077, 73.1897443) → (31.4766945, 73.1677037) = 9787.3 m
2026-03-22 00:46:48.101 | DEBUG    | utils.geo_utils:haversine_distance:20 - Haversine: (31.3907077, 73.1897443) → (31.504101, 73.1583633) = 12955.4 m
2026-03-22 00:46:48.101 | DEBUG    | utils.geo_utils:haversine_distance:20 - Haversine: (31.4052045, 73.0873694) → (31.3691526, 73.0514611) = 5262.0 m
2026-03-22 00:46:48.101 | DEBUG    | utils.geo_utils:haversine_distance:20 - Haversine: (31.4052045, 73.0873694) → (31.3787188, 73.157798) = 7305.0 m
2026-03-22 00:46:48.101 | DEBUG    | utils.geo_utils:haversine_distance:20 - Haversine: (31.4052045, 73.0873694) → (31.4457694, 73.1408101) = 6786.6 m
2026-03-22 00:46:48.101 | DEBUG    | utils.geo_utils:haversine_distance:20 - Haversine: (31.4052045, 73.0873694) → (31.5487412, 73.1501112) = 17033.5 m
2026-03-22 00:46:48.101 | DEBUG    | utils.geo_utils:haversine_distance:20 - Haversine: (31.4052045, 73.0873694) → (31.3836456, 73.0640586) = 3262.2 m
2026-03-22 00:46:48.101 | DEBUG    | utils.geo_utils:haversine_distance:20 - Haversine: (31.4052045, 73.0873694) → (31.4467219, 73.1271368) = 5962.4 m
2026-03-22 00:46:48.101 | DEBUG    | utils.geo_utils:haversine_distance:20 - Haversine: (31.4052045, 73.0873694) → (31.330396, 73.0696448) = 8486.8 m
2026-03-22 00:46:48.101 | DEBUG    | utils.geo_utils:haversine_distance:20 - Haversine: (31.4052045, 73.0873694) → (31.3413852, 73.1852291) = 11690.7 m
2026-03-22 00:46:48.102 | DEBUG    | utils.geo_utils:haversine_distance:20 - Haversine: (31.4052045, 73.0873694) → (31.4000755, 73.0126538) = 7114.0 m
2026-03-22 00:46:48.102 | DEBUG    | utils.geo_utils:haversine_distance:20 - Haversine: (31.4052045, 73.0873694) → (31.527645, 73.0552285) = 13951.9 m
2026-03-22 00:46:48.102 | DEBUG    | utils.geo_utils:haversine_distance:20 - Haversine: (31.4052045, 73.0873694) → (31.3281703, 73.1302408) = 9483.7 m
2026-03-22 00:46:48.102 | DEBUG    | utils.geo_utils:haversine_distance:20 - Haversine: (31.4052045, 73.0873694) → (31.4192659, 73.0416323) = 4613.4 m
2026-03-22 00:46:48.102 | DEBUG    | utils.geo_utils:haversine_distance:20 - Haversine: (31.4052045, 73.0873694) → (31.5101284, 73.1503952) = 13109.4 m
2026-03-22 00:46:48.102 | DEBUG    | utils.geo_utils:haversine_distance:20 - Haversine: (31.4052045, 73.0873694) → (31.4641337, 73.1683411) = 10097.2 m
2026-03-22 00:46:48.102 | DEBUG    | utils.geo_utils:haversine_distance:20 - Haversine: (31.4052045, 73.0873694) → (31.3446991, 73.0585627) = 7262.5 m
2026-03-22 00:46:48.102 | DEBUG    | utils.geo_utils:haversine_distance:20 - Haversine: (31.4052045, 73.0873694) → (31.5431453, 73.1283131) = 15822.2 m
2026-03-22 00:46:48.102 | DEBUG    | utils.geo_utils:haversine_distance:20 - Haversine: (31.4052045, 73.0873694) → (31.398463, 73.0263855) = 5836.2 m
2026-03-22 00:46:48.102 | DEBUG    | utils.geo_utils:haversine_distance:20 - Haversine: (31.4052045, 73.0873694) → (31.3190478, 73.1756414) = 12729.0 m
2026-03-22 00:46:48.102 | DEBUG    | utils.geo_utils:haversine_distance:20 - Haversine: (31.4052045, 73.0873694) → (31.3557607, 73.1450675) = 7760.6 m
2026-03-22 00:46:48.102 | DEBUG    | utils.geo_utils:haversine_distance:20 - Haversine: (31.4052045, 73.0873694) → (31.4601458, 73.0666137) = 6418.7 m
2026-03-22 00:46:48.102 | DEBUG    | utils.geo_utils:haversine_distance:20 - Haversine: (31.4052045, 73.0873694) → (31.4743292, 73.1046958) = 7860.1 m
2026-03-22 00:46:48.102 | DEBUG    | utils.geo_utils:haversine_distance:20 - Haversine: (31.4052045, 73.0873694) → (31.4693742, 73.1600766) = 9924.4 m
2026-03-22 00:46:48.102 | DEBUG    | utils.geo_utils:haversine_distance:20 - Haversine: (31.4052045, 73.0873694) → (31.4060883, 73.1115478) = 2296.7 m
2026-03-22 00:46:48.102 | DEBUG    | utils.geo_utils:haversine_distance:20 - Haversine: (31.4052045, 73.0873694) → (31.4773379, 73.0052033) = 11184.6 m
2026-03-22 00:46:48.102 | DEBUG    | utils.geo_utils:haversine_distance:20 - Haversine: (31.4052045, 73.0873694) → (31.4766945, 73.1677037) = 11012.5 m
2026-03-22 00:46:48.102 | DEBUG    | utils.geo_utils:haversine_distance:20 - Haversine: (31.4052045, 73.0873694) → (31.504101, 73.1583633) = 12894.9 m
2026-03-22 00:46:48.102 | DEBUG    | utils.geo_utils:haversine_distance:20 - Haversine: (31.4052045, 73.0873694) → (31.3907077, 73.1897443) = 9849.5 m
2026-03-22 00:46:48.102 | INFO     | data_pipeline.stop_builder:merge_nearby_stops:91 - Merged stops:
2026-03-22 00:46:48.103 | INFO     | data_pipeline.stop_builder:merge_nearby_stops:92 -   Before merge: 30 stops
2026-03-22 00:46:48.103 | INFO     | data_pipeline.stop_builder:merge_nearby_stops:93 -   After merge : 28 stops (merged 2 pairs/groups)
2026-03-22 00:46:48.103 | DEBUG    | data_pipeline.stop_builder:merge_nearby_stops:95 - First few merged stops: [{'student_id': '3CNKLBNknvMId9G9MJ1cVoQjkpw2', 'name': 'Test Student 12', 'roll_no': 'TEST-4382', 'lat': 31.3691526, 'lng': 73.0514611, 'student_count': 1, 'contact': '03597900028', 'semester': 'Spring 2026', 'fee_status': 'unpaid', 'registration_status': 'pending', 'original_lat': 31.369289, 'original_lng': 73.051406, 'snap_distance_m': 16.04, 'merged_student_ids': ['3CNKLBNknvMId9G9MJ1cVoQjkpw2']}, {'student_id': '61fbjUraIhPuzNx8BY68aYewSG02', 'name': 'Test Student 28', 'roll_no': 'TEST-7403', 'lat': 31.3787188, 'lng': 73.157798, 'student_count': 1, 'contact': '03344993000', 'semester': 'Spring 2026', 'fee_status': 'unpaid', 'registration_status': 'pending', 'original_lat': 31.380283, 'original_lng': 73.159195, 'snap_distance_m': 218.72, 'merged_student_ids': ['61fbjUraIhPuzNx8BY68aYewSG02']}, {'student_id': '7DxKX1nW4ZdeWHKXM2Vf5OIfGvr1', 'name': 'Test Student 10', 'roll_no': 'TEST-9142', 'lat': 31.4457694, 'lng': 73.1408101, 'student_count': 1, 'contact': '03537549971', 'semester': 'Spring 2026', 'fee_status': 'unpaid', 'registration_status': 'pending', 'original_lat': 31.446304, 'original_lng': 73.140169, 'snap_distance_m': 85.04, 'merged_student_ids': ['7DxKX1nW4ZdeWHKXM2Vf5OIfGvr1']}]
2026-03-22 00:46:50.239 | INFO     | clustering.stop_clustering:cluster_stops:45 - Clustered into 3 buses (capacity 10):
2026-03-22 00:46:50.240 | INFO     | clustering.stop_clustering:cluster_stops:48 -   Bus 0: 6 stops, 7 students
2026-03-22 00:46:50.240 | INFO     | clustering.stop_clustering:cluster_stops:48 -   Bus 1: 11 stops, 12 students
2026-03-22 00:46:50.240 | INFO     | clustering.stop_clustering:cluster_stops:48 -   Bus 2: 11 stops, 11 students
2026-03-22 00:46:51.345 | INFO     | optimization.tsp_solver:get_road_distance_matrix:38 - ORS matrix computed: 7x7
2026-03-22 00:47:06.397 | INFO     | optimization.tsp_solver:solve_tsp:123 - TSP solved: 6 stops, distance 33064 m, objective 33064
2026-03-22 00:47:06.398 | DEBUG    | optimization.tsp_solver:solve_tsp:124 - Order: ['unknown', 'unknown', 'unknown', 'unknown', 'unknown', 'unknown']
2026-03-22 00:47:06.400 | DEBUG    | optimization.route_generator:generate_route_path:57 - Requesting ORS route with 7 waypoints
2026-03-22 00:47:08.115 | INFO     | optimization.route_generator:generate_route_path:74 - ORS route generated successfully (bug-free)
2026-03-22 00:47:08.116 | INFO     | optimization.route_generator:generate_route_path:75 -   Waypoints: 6 stops → University
2026-03-22 00:47:08.116 | INFO     | optimization.route_generator:generate_route_path:76 -   Distance: 58.93 km
2026-03-22 00:47:08.116 | INFO     | optimization.route_generator:generate_route_path:77 -   Duration: 1.20 h (72 min)
2026-03-22 00:47:08.117 | DEBUG    | optimization.route_generator:generate_route_path:78 - Geometry sample (first 3 & last 3): [[73.157798, 31.378719], [73.16044, 31.376661], [73.161875, 31.375597]] ... [[73.03447, 31.602425], [73.034742, 31.602694], [73.034832, 31.602523]]
2026-03-22 00:47:08.119 | INFO     | optimization.store_routes:compute_fee_per_student:32 - Fee calc: 40412 PKR/student | dist=58.9km | students=7
2026-03-22 00:47:19.090 | WARNING  | optimization.store_routes:reverse_geocode_stop_name:110 - Reverse geocode failed for (31.3787188, 73.157798): HTTPSConnectionPool(host='nominatim.openstreetmap.org', port=443): Max retries exceeded with url: /reverse?lat=31.3787188&lon=73.157798&format=jsonv2&addressdetails=1&accept-language=en (Caused by NameResolutionError("HTTPSConnection(host='nominatim.openstreetmap.org', port=443): Failed to resolve 'nominatim.openstreetmap.org' ([Errno 11002] getaddrinfo failed)"))
2026-03-22 00:47:21.920 | DEBUG    | optimization.store_routes:store_optimized_routes:269 - Assigned seat S1 to student 61fbjUraIhPuzNx8BY68aYewSG02
2026-03-22 00:47:22.482 | DEBUG    | optimization.store_routes:store_optimized_routes:295 - Stored stop R1_stop1 | name='Stop (31.3787, 73.1578)' | route=R1
2026-03-22 00:47:23.486 | WARNING  | optimization.store_routes:reverse_geocode_stop_name:110 - Reverse geocode failed for (31.3907077, 73.1897443): HTTPSConnectionPool(host='nominatim.openstreetmap.org', port=443): Max retries exceeded with url: /reverse?lat=31.3907077&lon=73.1897443&format=jsonv2&addressdetails=1&accept-language=en (Caused by NameResolutionError("HTTPSConnection(host='nominatim.openstreetmap.org', port=443): Failed to resolve 'nominatim.openstreetmap.org' ([Errno 11002] getaddrinfo failed)"))
2026-03-22 00:47:24.711 | DEBUG    | optimization.store_routes:store_optimized_routes:269 - Assigned seat S2 to student vjz604g8oKerN5zBKZ7mU7mG2M03
2026-03-22 00:47:26.303 | DEBUG    | optimization.store_routes:store_optimized_routes:295 - Stored stop R1_stop2 | name='Stop (31.3907, 73.1897)' | route=R1
2026-03-22 00:47:38.329 | WARNING  | optimization.store_routes:reverse_geocode_stop_name:110 - Reverse geocode failed for (31.3413852, 73.1852291): HTTPSConnectionPool(host='nominatim.openstreetmap.org', port=443): Max retries exceeded with url: /reverse?lat=31.3413852&lon=73.1852291&format=jsonv2&addressdetails=1&accept-language=en (Caused by NameResolutionError("HTTPSConnection(host='nominatim.openstreetmap.org', port=443): Failed to resolve 'nominatim.openstreetmap.org' ([Errno 11002] getaddrinfo failed)"))
2026-03-22 00:47:39.341 | DEBUG    | optimization.store_routes:store_optimized_routes:269 - Assigned seat S3 to student KSn42uZ4dDaMueZxSsk9yyYYMbU2
2026-03-22 00:47:41.144 | DEBUG    | optimization.store_routes:store_optimized_routes:269 - Assigned seat S4 to student SF9XoWomQLQm1mkqTnpp8bDSyxG3
2026-03-22 00:47:42.190 | DEBUG    | optimization.store_routes:store_optimized_routes:295 - Stored stop R1_stop3 | name='Stop (31.3414, 73.1852)' | route=R1
2026-03-22 00:47:44.556 | DEBUG    | optimization.store_routes:reverse_geocode_stop_name:176 - Stop name resolved: (31.3190, 73.1756) → 'Chak 75 GB'
2026-03-22 00:47:45.082 | DEBUG    | optimization.store_routes:store_optimized_routes:269 - Assigned seat S5 to student XmlYR1ejNvTp0enFtavXMQRl9l62
2026-03-22 00:47:45.601 | DEBUG    | optimization.store_routes:store_optimized_routes:295 - Stored stop R1_stop4 | name='Chak 75 GB' | route=R1
2026-03-22 00:47:47.389 | DEBUG    | optimization.store_routes:reverse_geocode_stop_name:176 - Stop name resolved: (31.3282, 73.1302) → 'Faisalabad District'
2026-03-22 00:47:47.908 | DEBUG    | optimization.store_routes:store_optimized_routes:269 - Assigned seat S6 to student Os55fn9jigeXpNaUlGTOSD1kzUH3
2026-03-22 00:47:50.191 | DEBUG    | optimization.store_routes:store_optimized_routes:295 - Stored stop R1_stop5 | name='Faisalabad District' | route=R1
2026-03-22 00:47:52.568 | DEBUG    | optimization.store_routes:reverse_geocode_stop_name:176 - Stop name resolved: (31.3558, 73.1451) → 'Satiana Road'
2026-03-22 00:47:53.102 | DEBUG    | optimization.store_routes:store_optimized_routes:269 - Assigned seat S7 to student XuCFaAxIj3RH4cDaJKu6xmWSwfi1
2026-03-22 00:47:53.629 | DEBUG    | optimization.store_routes:store_optimized_routes:295 - Stored stop R1_stop6 | name='Satiana Road' | route=R1
2026-03-22 00:47:56.204 | INFO     | optimization.store_routes:store_optimized_routes:319 - Stored route route_0 (R1): 6 stops, 58.93 km
2026-03-22 00:47:57.125 | INFO     | optimization.tsp_solver:get_road_distance_matrix:38 - ORS matrix computed: 12x12
2026-03-22 00:48:12.128 | INFO     | optimization.tsp_solver:solve_tsp:123 - TSP solved: 11 stops, distance 60287 m, objective 60287
2026-03-22 00:48:12.129 | DEBUG    | optimization.tsp_solver:solve_tsp:124 - Order: ['unknown', 'unknown', 'unknown', 'unknown', 'unknown', 'unknown', 'unknown', 'unknown', 'unknown', 'unknown', 'unknown']
2026-03-22 00:48:12.129 | DEBUG    | optimization.route_generator:generate_route_path:57 - Requesting ORS route with 12 waypoints
2026-03-22 00:48:13.174 | INFO     | optimization.route_generator:generate_route_path:74 - ORS route generated successfully (bug-free)
2026-03-22 00:48:13.174 | INFO     | optimization.route_generator:generate_route_path:75 -   Waypoints: 11 stops → University
2026-03-22 00:48:13.174 | INFO     | optimization.route_generator:generate_route_path:76 -   Distance: 81.84 km
2026-03-22 00:48:13.175 | INFO     | optimization.route_generator:generate_route_path:77 -   Duration: 1.68 h (101 min)
2026-03-22 00:48:13.175 | DEBUG    | optimization.route_generator:generate_route_path:78 - Geometry sample (first 3 & last 3): [[73.14081, 31.445769], [73.14365, 31.447906], [73.145117, 31.448895]] ... [[73.03447, 31.602425], [73.034742, 31.602694], [73.034832, 31.602523]]
2026-03-22 00:48:13.177 | INFO     | optimization.store_routes:compute_fee_per_student:32 - Fee calc: 32738 PKR/student | dist=81.8km | students=12
2026-03-22 00:48:14.017 | DEBUG    | optimization.store_routes:reverse_geocode_stop_name:176 - Stop name resolved: (31.4458, 73.1408) → 'West Canal Expressway, Faisalabad City Tehsil'
2026-03-22 00:48:14.559 | DEBUG    | optimization.store_routes:store_optimized_routes:269 - Assigned seat S1 to student 7DxKX1nW4ZdeWHKXM2Vf5OIfGvr1
2026-03-22 00:48:16.804 | DEBUG    | optimization.store_routes:store_optimized_routes:295 - Stored stop R2_stop1 | name='West Canal Expressway, Faisalabad City Tehsil' | route=R2
2026-03-22 00:48:18.680 | DEBUG    | optimization.store_routes:reverse_geocode_stop_name:176 - Stop name resolved: (31.4641, 73.1683) → 'Faisal Gardens, Faisalabad City Tehsil'
2026-03-22 00:48:19.217 | DEBUG    | optimization.store_routes:store_optimized_routes:269 - Assigned seat S2 to student UpNOyWoNcXaW1O5jadyyddeniWj2
2026-03-22 00:48:19.739 | DEBUG    | optimization.store_routes:store_optimized_routes:295 - Stored stop R2_stop2 | name='Faisal Gardens, Faisalabad City Tehsil' | route=R2
2026-03-22 00:48:23.022 | DEBUG    | optimization.store_routes:reverse_geocode_stop_name:176 - Stop name resolved: (31.4694, 73.1601) → 'Bagewal Road, Faisalabad City Tehsil'
2026-03-22 00:48:23.540 | DEBUG    | optimization.store_routes:store_optimized_routes:269 - Assigned seat S3 to student qwxNS37KPQSeME1Rb86ZDMnXjYX2
2026-03-22 00:48:24.071 | DEBUG    | optimization.store_routes:store_optimized_routes:295 - Stored stop R2_stop3 | name='Bagewal Road, Faisalabad City Tehsil' | route=R2
2026-03-22 00:48:25.928 | DEBUG    | optimization.store_routes:reverse_geocode_stop_name:176 - Stop name resolved: (31.4767, 73.1677) → 'Bagewal Road, Sabina Town'
2026-03-22 00:48:26.493 | DEBUG    | optimization.store_routes:store_optimized_routes:269 - Assigned seat S4 to student unEE7hJDp7cMFEu2M568RmrtWRq2
2026-03-22 00:48:28.782 | DEBUG    | optimization.store_routes:store_optimized_routes:295 - Stored stop R2_stop4 | name='Bagewal Road, Sabina Town' | route=R2
2026-03-22 00:48:30.332 | DEBUG    | optimization.store_routes:reverse_geocode_stop_name:176 - Stop name resolved: (31.5041, 73.1584) → 'Faisalabad District'
2026-03-22 00:48:30.886 | DEBUG    | optimization.store_routes:store_optimized_routes:269 - Assigned seat S5 to student vQHRPPdjWmTjASjEQvAqjzPhHdm2
2026-03-22 00:48:33.135 | DEBUG    | optimization.store_routes:store_optimized_routes:295 - Stored stop R2_stop5 | name='Faisalabad District' | route=R2
2026-03-22 00:48:34.911 | DEBUG    | optimization.store_routes:reverse_geocode_stop_name:176 - Stop name resolved: (31.5101, 73.1504) → 'Faisalabad District'
2026-03-22 00:48:35.931 | DEBUG    | optimization.store_routes:store_optimized_routes:269 - Assigned seat S6 to student SXxBaOHsDPhcbAy5QSfe0NZxZM83
2026-03-22 00:48:36.453 | DEBUG    | optimization.store_routes:store_optimized_routes:295 - Stored stop R2_stop6 | name='Faisalabad District' | route=R2
2026-03-22 00:48:39.588 | DEBUG    | optimization.store_routes:reverse_geocode_stop_name:176 - Stop name resolved: (31.5487, 73.1501) → 'Faisalabad Bypass'
2026-03-22 00:48:40.131 | DEBUG    | optimization.store_routes:store_optimized_routes:269 - Assigned seat S7 to student DS0YCp1l3RXIwCBzxzmEzv99Zii1
2026-03-22 00:48:40.665 | DEBUG    | optimization.store_routes:store_optimized_routes:295 - Stored stop R2_stop7 | name='Faisalabad Bypass' | route=R2
2026-03-22 00:48:42.657 | DEBUG    | optimization.store_routes:reverse_geocode_stop_name:176 - Stop name resolved: (31.5276, 73.0552) → 'Faisalabad District'
2026-03-22 00:48:43.188 | DEBUG    | optimization.store_routes:store_optimized_routes:269 - Assigned seat S8 to student NkZ3VPHBNtS3wxSmCjfBkRWPaZQ2
2026-03-22 00:48:43.719 | DEBUG    | optimization.store_routes:store_optimized_routes:295 - Stored stop R2_stop8 | name='Faisalabad District' | route=R2
2026-03-22 00:48:45.460 | DEBUG    | optimization.store_routes:reverse_geocode_stop_name:176 - Stop name resolved: (31.5431, 73.1283) → 'Dialgarh'
2026-03-22 00:48:45.999 | DEBUG    | optimization.store_routes:store_optimized_routes:269 - Assigned seat S9 to student VMbnLGOyDuRi41R8XPG6toeooJt1
2026-03-22 00:48:46.535 | DEBUG    | optimization.store_routes:store_optimized_routes:269 - Assigned seat S10 to student e3D31VgcVrXKjMfjS13MWcxDZgi1
2026-03-22 00:48:47.059 | DEBUG    | optimization.store_routes:store_optimized_routes:295 - Stored stop R2_stop9 | name='Dialgarh' | route=R2
2026-03-22 00:48:48.865 | DEBUG    | optimization.store_routes:reverse_geocode_stop_name:176 - Stop name resolved: (31.4743, 73.1047) → 'Millat Road, Faisalabad City Tehsil'
2026-03-22 00:48:49.393 | DEBUG    | optimization.store_routes:store_optimized_routes:269 - Assigned seat S11 to student n5w74mESTuV3BSMbnAo4AqNZ3oT2
2026-03-22 00:48:49.919 | DEBUG    | optimization.store_routes:store_optimized_routes:295 - Stored stop R2_stop10 | name='Millat Road, Faisalabad City Tehsil' | route=R2
2026-03-22 00:48:52.288 | DEBUG    | optimization.store_routes:reverse_geocode_stop_name:176 - Stop name resolved: (31.4467, 73.1271) → 'Kashmir Road, Faisalabad City Tehsil'
2026-03-22 00:48:52.813 | DEBUG    | optimization.store_routes:store_optimized_routes:269 - Assigned seat S12 to student GydB2I2Y0Ec14olrl5Hbtm8ziZF3
2026-03-22 00:48:53.335 | DEBUG    | optimization.store_routes:store_optimized_routes:295 - Stored stop R2_stop11 | name='Kashmir Road, Faisalabad City Tehsil' | route=R2
2026-03-22 00:48:54.429 | INFO     | optimization.store_routes:store_optimized_routes:319 - Stored route route_1 (R2): 11 stops, 81.84 km
2026-03-22 00:48:55.304 | INFO     | optimization.tsp_solver:get_road_distance_matrix:38 - ORS matrix computed: 12x12
2026-03-22 00:49:10.308 | INFO     | optimization.tsp_solver:solve_tsp:123 - TSP solved: 11 stops, distance 72708 m, objective 72708
2026-03-22 00:49:10.309 | DEBUG    | optimization.tsp_solver:solve_tsp:124 - Order: ['unknown', 'unknown', 'unknown', 'unknown', 'unknown', 'unknown', 'unknown', 'unknown', 'unknown', 'unknown', 'unknown']
2026-03-22 00:49:10.310 | DEBUG    | optimization.route_generator:generate_route_path:57 - Requesting ORS route with 12 waypoints
2026-03-22 00:49:11.465 | INFO     | optimization.route_generator:generate_route_path:74 - ORS route generated successfully (bug-free)
2026-03-22 00:49:11.466 | INFO     | optimization.route_generator:generate_route_path:75 -   Waypoints: 11 stops → University
2026-03-22 00:49:11.466 | INFO     | optimization.route_generator:generate_route_path:76 -   Distance: 99.05 km
2026-03-22 00:49:11.466 | INFO     | optimization.route_generator:generate_route_path:77 -   Duration: 1.92 h (115 min)
2026-03-22 00:49:11.467 | DEBUG    | optimization.route_generator:generate_route_path:78 - Geometry sample (first 3 & last 3): [[73.051461, 31.369153], [73.051213, 31.36893], [73.050868, 31.368599]] ... [[73.03447, 31.602425], [73.034742, 31.602694], [73.034832, 31.602523]]
2026-03-22 00:49:11.468 | INFO     | optimization.store_routes:compute_fee_per_student:32 - Fee calc: 43223 PKR/student | dist=99.1km | students=11
2026-03-22 00:49:12.061 | DEBUG    | optimization.store_routes:reverse_geocode_stop_name:176 - Stop name resolved: (31.3692, 73.0515) → 'Faisalabad District, Abdullah Gardens'
2026-03-22 00:49:12.587 | DEBUG    | optimization.store_routes:store_optimized_routes:269 - Assigned seat S1 to student 3CNKLBNknvMId9G9MJ1cVoQjkpw2
2026-03-22 00:49:13.110 | DEBUG    | optimization.store_routes:store_optimized_routes:295 - Stored stop R3_stop1 | name='Faisalabad District, Abdullah Gardens' | route=R3
2026-03-22 00:49:14.926 | DEBUG    | optimization.store_routes:reverse_geocode_stop_name:176 - Stop name resolved: (31.4001, 73.0127) → 'Faisalabad District, Shadab Colony'
2026-03-22 00:49:15.452 | DEBUG    | optimization.store_routes:store_optimized_routes:269 - Assigned seat S2 to student KbkXVOhtA3hfwjvwsS5w2IIOki93
2026-03-22 00:49:15.970 | DEBUG    | optimization.store_routes:store_optimized_routes:295 - Stored stop R3_stop2 | name='Faisalabad District, Shadab Colony' | route=R3
2026-03-22 00:49:17.731 | DEBUG    | optimization.store_routes:reverse_geocode_stop_name:176 - Stop name resolved: (31.3985, 73.0264) → 'Faisalabad District'
2026-03-22 00:49:18.260 | DEBUG    | optimization.store_routes:store_optimized_routes:269 - Assigned seat S3 to student WRVMbOeJLLdnIPhcWnncdjhPSjb2
2026-03-22 00:49:18.790 | DEBUG    | optimization.store_routes:store_optimized_routes:295 - Stored stop R3_stop3 | name='Faisalabad District' | route=R3
2026-03-22 00:49:20.610 | DEBUG    | optimization.store_routes:reverse_geocode_stop_name:176 - Stop name resolved: (31.4193, 73.0416) → 'Faisalabad District, Faisalabad City Tehsil'
2026-03-22 00:49:21.131 | DEBUG    | optimization.store_routes:store_optimized_routes:269 - Assigned seat S4 to student SOWTJArpcRRKPC0v7cWYW0XJk6v1
2026-03-22 00:49:21.650 | DEBUG    | optimization.store_routes:store_optimized_routes:295 - Stored stop R3_stop4 | name='Faisalabad District, Faisalabad City Tehsil' | route=R3
2026-03-22 00:49:23.229 | DEBUG    | optimization.store_routes:reverse_geocode_stop_name:176 - Stop name resolved: (31.4773, 73.0052) → 'Faisalabad District'
2026-03-22 00:49:23.751 | DEBUG    | optimization.store_routes:store_optimized_routes:269 - Assigned seat S5 to student shSuBEXnw4TLpoUGH1D5uwg8QKr1
2026-03-22 00:49:24.288 | DEBUG    | optimization.store_routes:store_optimized_routes:295 - Stored stop R3_stop5 | name='Faisalabad District' | route=R3
2026-03-22 00:49:26.121 | DEBUG    | optimization.store_routes:reverse_geocode_stop_name:176 - Stop name resolved: (31.4601, 73.0666) → 'Faisalabad District, Faisalabad City Tehsil'
2026-03-22 00:49:26.664 | DEBUG    | optimization.store_routes:store_optimized_routes:269 - Assigned seat S6 to student bvudy4BMDIZ3KxtxPyHvDJd3rjf2
2026-03-22 00:49:27.212 | DEBUG    | optimization.store_routes:store_optimized_routes:295 - Stored stop R3_stop6 | name='Faisalabad District, Faisalabad City Tehsil' | route=R3
2026-03-22 00:49:29.078 | DEBUG    | optimization.store_routes:reverse_geocode_stop_name:176 - Stop name resolved: (31.4061, 73.1115) → 'D Ground Road, Faisalabad City Tehsil'
2026-03-22 00:49:29.625 | DEBUG    | optimization.store_routes:store_optimized_routes:269 - Assigned seat S7 to student rtsUd2Aeg0W2HTpXZhrpSlqMhdL2
2026-03-22 00:49:30.158 | DEBUG    | optimization.store_routes:store_optimized_routes:295 - Stored stop R3_stop7 | name='D Ground Road, Faisalabad City Tehsil' | route=R3
2026-03-22 00:49:31.866 | DEBUG    | optimization.store_routes:reverse_geocode_stop_name:176 - Stop name resolved: (31.4052, 73.0874) → 'Itthad Road, Faisalabad City Tehsil'
2026-03-22 00:49:32.403 | DEBUG    | optimization.store_routes:store_optimized_routes:269 - Assigned seat S8 to student x2LmEXZ95YfrQpxSQgrBTDTWbk83
2026-03-22 00:49:32.947 | DEBUG    | optimization.store_routes:store_optimized_routes:295 - Stored stop R3_stop8 | name='Itthad Road, Faisalabad City Tehsil' | route=R3
2026-03-22 00:49:34.661 | DEBUG    | optimization.store_routes:reverse_geocode_stop_name:176 - Stop name resolved: (31.3836, 73.0641) → 'Faisalabad District, Nowaban Wala'
2026-03-22 00:49:35.647 | DEBUG    | optimization.store_routes:store_optimized_routes:269 - Assigned seat S9 to student GBGXh21H2VefIT4NkSWu8FQldkF3
2026-03-22 00:49:36.177 | DEBUG    | optimization.store_routes:store_optimized_routes:295 - Stored stop R3_stop9 | name='Faisalabad District, Nowaban Wala' | route=R3
2026-03-22 00:49:37.783 | DEBUG    | optimization.store_routes:reverse_geocode_stop_name:176 - Stop name resolved: (31.3304, 73.0696) → 'Four Seasons Housing'
2026-03-22 00:49:38.398 | DEBUG    | optimization.store_routes:store_optimized_routes:269 - Assigned seat S10 to student I6aLScqZSSeAF3ug6jDkoPrt6g23
2026-03-22 00:49:38.934 | DEBUG    | optimization.store_routes:store_optimized_routes:295 - Stored stop R3_stop10 | name='Four Seasons Housing' | route=R3
2026-03-22 00:49:40.907 | DEBUG    | optimization.store_routes:reverse_geocode_stop_name:176 - Stop name resolved: (31.3447, 73.0586) → 'Samundari Faisalabad Road'
2026-03-22 00:49:41.431 | DEBUG    | optimization.store_routes:store_optimized_routes:269 - Assigned seat S11 to student VItoVj8ml0ZAMdLtqGCBxaDdkWj1
2026-03-22 00:49:41.960 | DEBUG    | optimization.store_routes:store_optimized_routes:295 - Stored stop R3_stop11 | name='Samundari Faisalabad Road' | route=R3
2026-03-22 00:49:43.228 | INFO     | optimization.store_routes:store_optimized_routes:319 - Stored route route_2 (R3): 11 stops, 99.05 km
2026-03-22 00:49:43.228 | INFO     | optimization.store_routes:store_optimized_routes:325 - Back-filling route_id on 28 stops + students...
2026-03-22 00:49:58.518 | DEBUG    | optimization.store_routes:store_optimized_routes:356 - Final batch: 58 writes
2026-03-22 00:49:58.518 | INFO     | optimization.store_routes:store_optimized_routes:359 - Phase 3: Storing per-student fees...
2026-03-22 00:49:59.301 | INFO     | optimization.store_routes:compute_fee_per_student:32 - Fee calc: 40410 PKR/student | dist=58.9km | students=7
2026-03-22 00:49:59.821 | DEBUG    | optimization.store_routes:store_optimized_routes:399 - Stored fee for 61fbjUraIhPuzNx8BY68aYewSG02: 40410 PKR
2026-03-22 00:50:00.347 | DEBUG    | optimization.store_routes:store_optimized_routes:399 - Stored fee for KSn42uZ4dDaMueZxSsk9yyYYMbU2: 40410 PKR
2026-03-22 00:50:00.866 | DEBUG    | optimization.store_routes:store_optimized_routes:399 - Stored fee for SF9XoWomQLQm1mkqTnpp8bDSyxG3: 40410 PKR
2026-03-22 00:50:01.376 | DEBUG    | optimization.store_routes:store_optimized_routes:399 - Stored fee for Os55fn9jigeXpNaUlGTOSD1kzUH3: 40410 PKR
2026-03-22 00:50:01.911 | DEBUG    | optimization.store_routes:store_optimized_routes:399 - Stored fee for XmlYR1ejNvTp0enFtavXMQRl9l62: 40410 PKR
2026-03-22 00:50:02.442 | DEBUG    | optimization.store_routes:store_optimized_routes:399 - Stored fee for XuCFaAxIj3RH4cDaJKu6xmWSwfi1: 40410 PKR
2026-03-22 00:50:02.966 | DEBUG    | optimization.store_routes:store_optimized_routes:399 - Stored fee for vjz604g8oKerN5zBKZ7mU7mG2M03: 40410 PKR
2026-03-22 00:50:03.956 | INFO     | optimization.store_routes:compute_fee_per_student:32 - Fee calc: 32736 PKR/student | dist=81.8km | students=12
2026-03-22 00:50:04.482 | DEBUG    | optimization.store_routes:store_optimized_routes:399 - Stored fee for 7DxKX1nW4ZdeWHKXM2Vf5OIfGvr1: 32736 PKR
2026-03-22 00:50:04.994 | DEBUG    | optimization.store_routes:store_optimized_routes:399 - Stored fee for DS0YCp1l3RXIwCBzxzmEzv99Zii1: 32736 PKR
2026-03-22 00:50:05.517 | DEBUG    | optimization.store_routes:store_optimized_routes:399 - Stored fee for GydB2I2Y0Ec14olrl5Hbtm8ziZF3: 32736 PKR
2026-03-22 00:50:06.056 | DEBUG    | optimization.store_routes:store_optimized_routes:399 - Stored fee for NkZ3VPHBNtS3wxSmCjfBkRWPaZQ2: 32736 PKR
2026-03-22 00:50:06.598 | DEBUG    | optimization.store_routes:store_optimized_routes:399 - Stored fee for SXxBaOHsDPhcbAy5QSfe0NZxZM83: 32736 PKR
2026-03-22 00:50:07.118 | DEBUG    | optimization.store_routes:store_optimized_routes:399 - Stored fee for UpNOyWoNcXaW1O5jadyyddeniWj2: 32736 PKR
2026-03-22 00:50:07.638 | DEBUG    | optimization.store_routes:store_optimized_routes:399 - Stored fee for VMbnLGOyDuRi41R8XPG6toeooJt1: 32736 PKR
2026-03-22 00:50:08.170 | DEBUG    | optimization.store_routes:store_optimized_routes:399 - Stored fee for e3D31VgcVrXKjMfjS13MWcxDZgi1: 32736 PKR
2026-03-22 00:50:08.687 | DEBUG    | optimization.store_routes:store_optimized_routes:399 - Stored fee for n5w74mESTuV3BSMbnAo4AqNZ3oT2: 32736 PKR
2026-03-22 00:50:09.210 | DEBUG    | optimization.store_routes:store_optimized_routes:399 - Stored fee for qwxNS37KPQSeME1Rb86ZDMnXjYX2: 32736 PKR
2026-03-22 00:50:09.736 | DEBUG    | optimization.store_routes:store_optimized_routes:399 - Stored fee for unEE7hJDp7cMFEu2M568RmrtWRq2: 32736 PKR
2026-03-22 00:50:10.253 | DEBUG    | optimization.store_routes:store_optimized_routes:399 - Stored fee for vQHRPPdjWmTjASjEQvAqjzPhHdm2: 32736 PKR
2026-03-22 00:50:11.447 | INFO     | optimization.store_routes:compute_fee_per_student:32 - Fee calc: 43222 PKR/student | dist=99.0km | students=11
2026-03-22 00:50:12.061 | DEBUG    | optimization.store_routes:store_optimized_routes:399 - Stored fee for 3CNKLBNknvMId9G9MJ1cVoQjkpw2: 43222 PKR
2026-03-22 00:50:12.572 | DEBUG    | optimization.store_routes:store_optimized_routes:399 - Stored fee for GBGXh21H2VefIT4NkSWu8FQldkF3: 43222 PKR
2026-03-22 00:50:13.089 | DEBUG    | optimization.store_routes:store_optimized_routes:399 - Stored fee for I6aLScqZSSeAF3ug6jDkoPrt6g23: 43222 PKR
2026-03-22 00:50:13.618 | DEBUG    | optimization.store_routes:store_optimized_routes:399 - Stored fee for KbkXVOhtA3hfwjvwsS5w2IIOki93: 43222 PKR
2026-03-22 00:50:14.133 | DEBUG    | optimization.store_routes:store_optimized_routes:399 - Stored fee for SOWTJArpcRRKPC0v7cWYW0XJk6v1: 43222 PKR
2026-03-22 00:50:14.649 | DEBUG    | optimization.store_routes:store_optimized_routes:399 - Stored fee for VItoVj8ml0ZAMdLtqGCBxaDdkWj1: 43222 PKR
2026-03-22 00:50:15.157 | DEBUG    | optimization.store_routes:store_optimized_routes:399 - Stored fee for WRVMbOeJLLdnIPhcWnncdjhPSjb2: 43222 PKR
2026-03-22 00:50:15.673 | DEBUG    | optimization.store_routes:store_optimized_routes:399 - Stored fee for bvudy4BMDIZ3KxtxPyHvDJd3rjf2: 43222 PKR
2026-03-22 00:50:16.193 | DEBUG    | optimization.store_routes:store_optimized_routes:399 - Stored fee for rtsUd2Aeg0W2HTpXZhrpSlqMhdL2: 43222 PKR
2026-03-22 00:50:16.709 | DEBUG    | optimization.store_routes:store_optimized_routes:399 - Stored fee for shSuBEXnw4TLpoUGH1D5uwg8QKr1: 43222 PKR
2026-03-22 00:50:17.227 | DEBUG    | optimization.store_routes:store_optimized_routes:399 - Stored fee for x2LmEXZ95YfrQpxSQgrBTDTWbk83: 43222 PKR
2026-03-22 00:50:17.227 | INFO     | optimization.store_routes:store_optimized_routes:401 - Phase 3 complete: 30 fee records stored
2026-03-22 00:50:17.227 | INFO     | optimization.store_routes:store_optimized_routes:403 - Overall done: 3 routes | 28 stops | 30 fees
2026-03-22 00:50:17.227 | INFO     | optimization.store_routes:store_optimized_routes:405 - Done: 3 routes | 28 stops stored
2026-03-22 00:50:17.228 | INFO     | api.main:run_optimization:64 - Pipeline completed successfully | 3 buses processed
2026-03-22 00:56:06.453 | INFO     | database.firebase:<module>:12 - Firebase Admin SDK initialized successfully
2026-03-22 00:56:33.810 | INFO     | api.main:run_optimization:29 - Starting full route optimization pipeline
2026-03-22 00:56:37.867 | INFO     | data_pipeline.student_loader:load_student_stops:42 - Loaded 30 student stops from Firestore
2026-03-22 00:56:37.867 | DEBUG    | data_pipeline.student_loader:load_student_stops:43 - First 3 stops (sample): [{'student_id': '3CNKLBNknvMId9G9MJ1cVoQjkpw2', 'name': 'Test Student 12', 'roll_no': 'TEST-4382', 'lat': 31.369289, 'lng': 73.051406, 'student_count': 1, 'contact': '03597900028', 'semester': 'Spring 2026', 'fee_status': 'unpaid', 'registration_status': 'pending'}, {'student_id': '61fbjUraIhPuzNx8BY68aYewSG02', 'name': 'Test Student 28', 'roll_no': 'TEST-7403', 'lat': 31.380283, 'lng': 73.159195, 'student_count': 1, 'contact': '03344993000', 'semester': 'Spring 2026', 'fee_status': 'unpaid', 'registration_status': 'pending'}, {'student_id': '7DxKX1nW4ZdeWHKXM2Vf5OIfGvr1', 'name': 'Test Student 10', 'roll_no': 'TEST-9142', 'lat': 31.446304, 'lng': 73.140169, 'student_count': 1, 'contact': '03537549971', 'semester': 'Spring 2026', 'fee_status': 'unpaid', 'registration_status': 'pending'}]
2026-03-22 00:56:37.867 | INFO     | osm.fetch_roads:fetch_or_load_road_graph:19 - Loading cached Faisalabad road graph...
2026-03-22 00:56:42.537 | INFO     | osm.fetch_roads:fetch_or_load_road_graph:21 - Loaded graph with 50872 nodes and 144715 edges
2026-03-22 00:56:42.631 | INFO     | osm.road_filter:filter_main_roads:38 - Filtered graph:
2026-03-22 00:56:42.647 | INFO     | osm.road_filter:filter_main_roads:39 -   Original: 50872 nodes, 144715 edges
2026-03-22 00:56:42.729 | INFO     | osm.road_filter:filter_main_roads:40 -   After filter (main roads only): 7460 nodes, 12863 edges
2026-03-22 00:56:42.871 | DEBUG    | utils.distance_utils:build_node_balltree:29 - Built BallTree with 7460 nodes
2026-03-22 00:56:42.872 | DEBUG    | utils.geo_utils:haversine_distance:20 - Haversine: (31.369289, 73.051406) → (31.3691526, 73.0514611) = 16.0 m
2026-03-22 00:56:42.872 | DEBUG    | utils.distance_utils:find_nearest_road_point:56 - Nearest road node to (31.369289, 73.051406): (31.369153, 73.051461) — 16.0m
2026-03-22 00:56:42.873 | DEBUG    | utils.geo_utils:haversine_distance:20 - Haversine: (31.369289, 73.051406) → (31.3691526, 73.0514611) = 16.0 m
2026-03-22 00:56:42.873 | DEBUG    | data_pipeline.stop_builder:snap_stops_to_roads:38 - Snapped Test Student 12 (TEST-4382): 16.0m
2026-03-22 00:56:42.885 | DEBUG    | utils.distance_utils:build_node_balltree:29 - Built BallTree with 7460 nodes
2026-03-22 00:56:42.886 | DEBUG    | utils.geo_utils:haversine_distance:20 - Haversine: (31.380283, 73.159195) → (31.3787188, 73.157798) = 218.7 m
2026-03-22 00:56:42.886 | DEBUG    | utils.distance_utils:find_nearest_road_point:56 - Nearest road node to (31.380283, 73.159195): (31.378719, 73.157798) — 218.7m
2026-03-22 00:56:42.886 | DEBUG    | utils.geo_utils:haversine_distance:20 - Haversine: (31.380283, 73.159195) → (31.3787188, 73.157798) = 218.7 m
2026-03-22 00:56:42.886 | DEBUG    | data_pipeline.stop_builder:snap_stops_to_roads:38 - Snapped Test Student 28 (TEST-7403): 218.7m
2026-03-22 00:56:42.900 | DEBUG    | utils.distance_utils:build_node_balltree:29 - Built BallTree with 7460 nodes
2026-03-22 00:56:42.901 | DEBUG    | utils.geo_utils:haversine_distance:20 - Haversine: (31.446304, 73.140169) → (31.4457694, 73.1408101) = 85.0 m
2026-03-22 00:56:42.901 | DEBUG    | utils.distance_utils:find_nearest_road_point:56 - Nearest road node to (31.446304, 73.140169): (31.445769, 73.140810) — 85.0m
2026-03-22 00:56:42.901 | DEBUG    | utils.geo_utils:haversine_distance:20 - Haversine: (31.446304, 73.140169) → (31.4457694, 73.1408101) = 85.0 m
2026-03-22 00:56:42.901 | DEBUG    | data_pipeline.stop_builder:snap_stops_to_roads:38 - Snapped Test Student 10 (TEST-9142): 85.0m
2026-03-22 00:56:42.916 | DEBUG    | utils.distance_utils:build_node_balltree:29 - Built BallTree with 7460 nodes
2026-03-22 00:56:42.916 | DEBUG    | utils.geo_utils:haversine_distance:20 - Haversine: (31.548998, 73.147656) → (31.5487412, 73.1501112) = 234.4 m
2026-03-22 00:56:42.916 | DEBUG    | utils.distance_utils:find_nearest_road_point:56 - Nearest road node to (31.548998, 73.147656): (31.548741, 73.150111) — 234.4m
2026-03-22 00:56:42.917 | DEBUG    | utils.geo_utils:haversine_distance:20 - Haversine: (31.548998, 73.147656) → (31.5487412, 73.1501112) = 234.4 m
2026-03-22 00:56:42.917 | DEBUG    | data_pipeline.stop_builder:snap_stops_to_roads:38 - Snapped Test Student 14 (TEST-9162): 234.4m
2026-03-22 00:56:42.928 | DEBUG    | utils.distance_utils:build_node_balltree:29 - Built BallTree with 7460 nodes
2026-03-22 00:56:42.928 | DEBUG    | utils.geo_utils:haversine_distance:20 - Haversine: (31.384254, 73.063765) → (31.3836456, 73.0640586) = 73.2 m
2026-03-22 00:56:42.928 | DEBUG    | utils.distance_utils:find_nearest_road_point:56 - Nearest road node to (31.384254, 73.063765): (31.383646, 73.064059) — 73.2m
2026-03-22 00:56:42.929 | DEBUG    | utils.geo_utils:haversine_distance:20 - Haversine: (31.384254, 73.063765) → (31.3836456, 73.0640586) = 73.2 m
2026-03-22 00:56:42.929 | DEBUG    | data_pipeline.stop_builder:snap_stops_to_roads:38 - Snapped Test Student 30 (TEST-6182): 73.2m
2026-03-22 00:56:42.940 | DEBUG    | utils.distance_utils:build_node_balltree:29 - Built BallTree with 7460 nodes
2026-03-22 00:56:42.941 | DEBUG    | utils.geo_utils:haversine_distance:20 - Haversine: (31.450094, 73.130742) → (31.4467219, 73.1271368) = 507.5 m
2026-03-22 00:56:42.941 | DEBUG    | utils.distance_utils:find_nearest_road_point:56 - Nearest road node to (31.450094, 73.130742): (31.446722, 73.127137) — 507.5m
2026-03-22 00:56:42.941 | DEBUG    | utils.geo_utils:haversine_distance:20 - Haversine: (31.450094, 73.130742) → (31.4467219, 73.1271368) = 507.5 m
2026-03-22 00:56:42.941 | DEBUG    | data_pipeline.stop_builder:snap_stops_to_roads:38 - Snapped Test Student 23 (TEST-9957): 507.5m
2026-03-22 00:56:42.953 | DEBUG    | utils.distance_utils:build_node_balltree:29 - Built BallTree with 7460 nodes
2026-03-22 00:56:42.954 | DEBUG    | utils.geo_utils:haversine_distance:20 - Haversine: (31.327595, 73.065724) → (31.330396, 73.0696448) = 485.5 m
2026-03-22 00:56:42.954 | DEBUG    | utils.distance_utils:find_nearest_road_point:56 - Nearest road node to (31.327595, 73.065724): (31.330396, 73.069645) — 485.5m
2026-03-22 00:56:42.954 | DEBUG    | utils.geo_utils:haversine_distance:20 - Haversine: (31.327595, 73.065724) → (31.330396, 73.0696448) = 485.5 m
2026-03-22 00:56:42.954 | DEBUG    | data_pipeline.stop_builder:snap_stops_to_roads:38 - Snapped Test Student 13 (TEST-5755): 485.5m
2026-03-22 00:56:42.965 | DEBUG    | utils.distance_utils:build_node_balltree:29 - Built BallTree with 7460 nodes
2026-03-22 00:56:42.966 | DEBUG    | utils.geo_utils:haversine_distance:20 - Haversine: (31.343859, 73.18566) → (31.3413852, 73.1852291) = 278.1 m
2026-03-22 00:56:42.966 | DEBUG    | utils.distance_utils:find_nearest_road_point:56 - Nearest road node to (31.343859, 73.18566): (31.341385, 73.185229) — 278.1m
2026-03-22 00:56:42.966 | DEBUG    | utils.geo_utils:haversine_distance:20 - Haversine: (31.343859, 73.18566) → (31.3413852, 73.1852291) = 278.1 m
2026-03-22 00:56:42.966 | DEBUG    | data_pipeline.stop_builder:snap_stops_to_roads:38 - Snapped Test Student 7 (TEST-9790): 278.1m
2026-03-22 00:56:42.977 | DEBUG    | utils.distance_utils:build_node_balltree:29 - Built BallTree with 7460 nodes
2026-03-22 00:56:42.977 | DEBUG    | utils.geo_utils:haversine_distance:20 - Haversine: (31.401088, 73.01135) → (31.4000755, 73.0126538) = 167.3 m
2026-03-22 00:56:42.978 | DEBUG    | utils.distance_utils:find_nearest_road_point:56 - Nearest road node to (31.401088, 73.01135): (31.400075, 73.012654) — 167.3m
2026-03-22 00:56:42.978 | DEBUG    | utils.geo_utils:haversine_distance:20 - Haversine: (31.401088, 73.01135) → (31.4000755, 73.0126538) = 167.3 m
2026-03-22 00:56:42.978 | DEBUG    | data_pipeline.stop_builder:snap_stops_to_roads:38 - Snapped Test Student 3 (TEST-2055): 167.3m
2026-03-22 00:56:42.990 | DEBUG    | utils.distance_utils:build_node_balltree:29 - Built BallTree with 7460 nodes
2026-03-22 00:56:42.991 | DEBUG    | utils.geo_utils:haversine_distance:20 - Haversine: (31.526254, 73.053671) → (31.527645, 73.0552285) = 213.8 m
2026-03-22 00:56:42.991 | DEBUG    | utils.distance_utils:find_nearest_road_point:56 - Nearest road node to (31.526254, 73.053671): (31.527645, 73.055228) — 213.8m
2026-03-22 00:56:42.991 | DEBUG    | utils.geo_utils:haversine_distance:20 - Haversine: (31.526254, 73.053671) → (31.527645, 73.0552285) = 213.8 m
2026-03-22 00:56:42.991 | DEBUG    | data_pipeline.stop_builder:snap_stops_to_roads:38 - Snapped Test Student 25 (TEST-4783): 213.8m
2026-03-22 00:56:43.007 | DEBUG    | utils.distance_utils:build_node_balltree:29 - Built BallTree with 7460 nodes
2026-03-22 00:56:43.007 | DEBUG    | utils.geo_utils:haversine_distance:20 - Haversine: (31.319581, 73.129629) → (31.3281703, 73.1302408) = 956.9 m
2026-03-22 00:56:43.007 | DEBUG    | utils.distance_utils:find_nearest_road_point:56 - Nearest road node to (31.319581, 73.129629): (31.328170, 73.130241) — 956.9m
2026-03-22 00:56:43.008 | DEBUG    | utils.geo_utils:haversine_distance:20 - Haversine: (31.319581, 73.129629) → (31.3281703, 73.1302408) = 956.9 m
2026-03-22 00:56:43.008 | DEBUG    | data_pipeline.stop_builder:snap_stops_to_roads:38 - Snapped Test Student 11 (TEST-6729): 956.9m
2026-03-22 00:56:43.021 | DEBUG    | utils.distance_utils:build_node_balltree:29 - Built BallTree with 7460 nodes
2026-03-22 00:56:43.022 | DEBUG    | utils.geo_utils:haversine_distance:20 - Haversine: (31.342673, 73.180091) → (31.3434454, 73.1825193) = 246.1 m
2026-03-22 00:56:43.022 | DEBUG    | utils.distance_utils:find_nearest_road_point:56 - Nearest road node to (31.342673, 73.180091): (31.343445, 73.182519) — 246.1m
2026-03-22 00:56:43.022 | DEBUG    | utils.geo_utils:haversine_distance:20 - Haversine: (31.342673, 73.180091) → (31.3434454, 73.1825193) = 246.1 m
2026-03-22 00:56:43.022 | DEBUG    | data_pipeline.stop_builder:snap_stops_to_roads:38 - Snapped Test Student 1 (TEST-1717): 246.1m
2026-03-22 00:56:43.034 | DEBUG    | utils.distance_utils:build_node_balltree:29 - Built BallTree with 7460 nodes
2026-03-22 00:56:43.035 | DEBUG    | utils.geo_utils:haversine_distance:20 - Haversine: (31.419161, 73.04138) → (31.4192659, 73.0416323) = 26.6 m
2026-03-22 00:56:43.035 | DEBUG    | utils.distance_utils:find_nearest_road_point:56 - Nearest road node to (31.419161, 73.04138): (31.419266, 73.041632) — 26.6m
2026-03-22 00:56:43.035 | DEBUG    | utils.geo_utils:haversine_distance:20 - Haversine: (31.419161, 73.04138) → (31.4192659, 73.0416323) = 26.6 m
2026-03-22 00:56:43.035 | DEBUG    | data_pipeline.stop_builder:snap_stops_to_roads:38 - Snapped Test Student 27 (TEST-3106): 26.6m
2026-03-22 00:56:43.049 | DEBUG    | utils.distance_utils:build_node_balltree:29 - Built BallTree with 7460 nodes
2026-03-22 00:56:43.050 | DEBUG    | utils.geo_utils:haversine_distance:20 - Haversine: (31.513945, 73.145) → (31.5101284, 73.1503952) = 664.6 m
2026-03-22 00:56:43.050 | DEBUG    | utils.distance_utils:find_nearest_road_point:56 - Nearest road node to (31.513945, 73.145): (31.510128, 73.150395) — 664.6m
2026-03-22 00:56:43.050 | DEBUG    | utils.geo_utils:haversine_distance:20 - Haversine: (31.513945, 73.145) → (31.5101284, 73.1503952) = 664.6 m
2026-03-22 00:56:43.051 | DEBUG    | data_pipeline.stop_builder:snap_stops_to_roads:38 - Snapped Test Student 20 (TEST-7495): 664.6m
2026-03-22 00:56:43.062 | DEBUG    | utils.distance_utils:build_node_balltree:29 - Built BallTree with 7460 nodes
2026-03-22 00:56:43.063 | DEBUG    | utils.geo_utils:haversine_distance:20 - Haversine: (31.462728, 73.168167) → (31.4641337, 73.1683411) = 157.2 m
2026-03-22 00:56:43.063 | DEBUG    | utils.distance_utils:find_nearest_road_point:56 - Nearest road node to (31.462728, 73.168167): (31.464134, 73.168341) — 157.2m
2026-03-22 00:56:43.063 | DEBUG    | utils.geo_utils:haversine_distance:20 - Haversine: (31.462728, 73.168167) → (31.4641337, 73.1683411) = 157.2 m
2026-03-22 00:56:43.063 | DEBUG    | data_pipeline.stop_builder:snap_stops_to_roads:38 - Snapped Test Student 15 (TEST-5668): 157.2m
2026-03-22 00:56:43.074 | DEBUG    | utils.distance_utils:build_node_balltree:29 - Built BallTree with 7460 nodes
2026-03-22 00:56:43.075 | DEBUG    | utils.geo_utils:haversine_distance:20 - Haversine: (31.346116, 73.056539) → (31.3446991, 73.0585627) = 248.5 m
2026-03-22 00:56:43.075 | DEBUG    | utils.distance_utils:find_nearest_road_point:56 - Nearest road node to (31.346116, 73.056539): (31.344699, 73.058563) — 248.5m
2026-03-22 00:56:43.075 | DEBUG    | utils.geo_utils:haversine_distance:20 - Haversine: (31.346116, 73.056539) → (31.3446991, 73.0585627) = 248.5 m
2026-03-22 00:56:43.075 | DEBUG    | data_pipeline.stop_builder:snap_stops_to_roads:38 - Snapped Test Student 9 (TEST-8987): 248.5m
2026-03-22 00:56:43.086 | DEBUG    | utils.distance_utils:build_node_balltree:29 - Built BallTree with 7460 nodes
2026-03-22 00:56:43.087 | DEBUG    | utils.geo_utils:haversine_distance:20 - Haversine: (31.544202, 73.128686) → (31.5431453, 73.1283131) = 122.7 m
2026-03-22 00:56:43.087 | DEBUG    | utils.distance_utils:find_nearest_road_point:56 - Nearest road node to (31.544202, 73.128686): (31.543145, 73.128313) — 122.7m
2026-03-22 00:56:43.087 | DEBUG    | utils.geo_utils:haversine_distance:20 - Haversine: (31.544202, 73.128686) → (31.5431453, 73.1283131) = 122.7 m
2026-03-22 00:56:43.087 | DEBUG    | data_pipeline.stop_builder:snap_stops_to_roads:38 - Snapped Test Student 4 (TEST-9428): 122.7m
2026-03-22 00:56:43.099 | DEBUG    | utils.distance_utils:build_node_balltree:29 - Built BallTree with 7460 nodes
2026-03-22 00:56:43.100 | DEBUG    | utils.geo_utils:haversine_distance:20 - Haversine: (31.393089, 73.028228) → (31.398463, 73.0263855) = 622.6 m
2026-03-22 00:56:43.100 | DEBUG    | utils.distance_utils:find_nearest_road_point:56 - Nearest road node to (31.393089, 73.028228): (31.398463, 73.026386) — 622.6m
2026-03-22 00:56:43.100 | DEBUG    | utils.geo_utils:haversine_distance:20 - Haversine: (31.393089, 73.028228) → (31.398463, 73.0263855) = 622.6 m
2026-03-22 00:56:43.100 | DEBUG    | data_pipeline.stop_builder:snap_stops_to_roads:38 - Snapped Test Student 5 (TEST-5892): 622.6m
2026-03-22 00:56:43.111 | DEBUG    | utils.distance_utils:build_node_balltree:29 - Built BallTree with 7460 nodes
2026-03-22 00:56:43.112 | DEBUG    | utils.geo_utils:haversine_distance:20 - Haversine: (31.318863, 73.183249) → (31.3190478, 73.1756414) = 723.0 m
2026-03-22 00:56:43.112 | DEBUG    | utils.distance_utils:find_nearest_road_point:56 - Nearest road node to (31.318863, 73.183249): (31.319048, 73.175641) — 723.0m
2026-03-22 00:56:43.112 | DEBUG    | utils.geo_utils:haversine_distance:20 - Haversine: (31.318863, 73.183249) → (31.3190478, 73.1756414) = 723.0 m
2026-03-22 00:56:43.112 | DEBUG    | data_pipeline.stop_builder:snap_stops_to_roads:38 - Snapped Test Student 29 (TEST-7084): 723.0m
2026-03-22 00:56:43.123 | DEBUG    | utils.distance_utils:build_node_balltree:29 - Built BallTree with 7460 nodes
2026-03-22 00:56:43.124 | DEBUG    | utils.geo_utils:haversine_distance:20 - Haversine: (31.354815, 73.143189) → (31.3557607, 73.1450675) = 207.1 m
2026-03-22 00:56:43.124 | DEBUG    | utils.distance_utils:find_nearest_road_point:56 - Nearest road node to (31.354815, 73.143189): (31.355761, 73.145067) — 207.1m
2026-03-22 00:56:43.124 | DEBUG    | utils.geo_utils:haversine_distance:20 - Haversine: (31.354815, 73.143189) → (31.3557607, 73.1450675) = 207.1 m
2026-03-22 00:56:43.124 | DEBUG    | data_pipeline.stop_builder:snap_stops_to_roads:38 - Snapped Test Student 17 (TEST-4072): 207.1m
2026-03-22 00:56:43.141 | DEBUG    | utils.distance_utils:build_node_balltree:29 - Built BallTree with 7460 nodes
2026-03-22 00:56:43.142 | DEBUG    | utils.geo_utils:haversine_distance:20 - Haversine: (31.459172, 73.066434) → (31.4601458, 73.0666137) = 109.6 m
2026-03-22 00:56:43.142 | DEBUG    | utils.distance_utils:find_nearest_road_point:56 - Nearest road node to (31.459172, 73.066434): (31.460146, 73.066614) — 109.6m
2026-03-22 00:56:43.142 | DEBUG    | utils.geo_utils:haversine_distance:20 - Haversine: (31.459172, 73.066434) → (31.4601458, 73.0666137) = 109.6 m
2026-03-22 00:56:43.142 | DEBUG    | data_pipeline.stop_builder:snap_stops_to_roads:38 - Snapped Test Student 18 (TEST-9353): 109.6m
2026-03-22 00:56:43.154 | DEBUG    | utils.distance_utils:build_node_balltree:29 - Built BallTree with 7460 nodes
2026-03-22 00:56:43.154 | DEBUG    | utils.geo_utils:haversine_distance:20 - Haversine: (31.537509, 73.124448) → (31.5426468, 73.1258022) = 585.5 m
2026-03-22 00:56:43.155 | DEBUG    | utils.distance_utils:find_nearest_road_point:56 - Nearest road node to (31.537509, 73.124448): (31.542647, 73.125802) — 585.5m
2026-03-22 00:56:43.155 | DEBUG    | utils.geo_utils:haversine_distance:20 - Haversine: (31.537509, 73.124448) → (31.5426468, 73.1258022) = 585.5 m
2026-03-22 00:56:43.155 | DEBUG    | data_pipeline.stop_builder:snap_stops_to_roads:38 - Snapped Test Student 6 (TEST-3775): 585.5m
2026-03-22 00:56:43.169 | DEBUG    | utils.distance_utils:build_node_balltree:29 - Built BallTree with 7460 nodes
2026-03-22 00:56:43.170 | DEBUG    | utils.geo_utils:haversine_distance:20 - Haversine: (31.473589, 73.112736) → (31.4743292, 73.1046958) = 766.9 m
2026-03-22 00:56:43.170 | DEBUG    | utils.distance_utils:find_nearest_road_point:56 - Nearest road node to (31.473589, 73.112736): (31.474329, 73.104696) — 766.9m
2026-03-22 00:56:43.170 | DEBUG    | utils.geo_utils:haversine_distance:20 - Haversine: (31.473589, 73.112736) → (31.4743292, 73.1046958) = 766.9 m
2026-03-22 00:56:43.171 | DEBUG    | data_pipeline.stop_builder:snap_stops_to_roads:38 - Snapped Test Student 22 (TEST-9109): 766.9m
2026-03-22 00:56:43.183 | DEBUG    | utils.distance_utils:build_node_balltree:29 - Built BallTree with 7460 nodes
2026-03-22 00:56:43.184 | DEBUG    | utils.geo_utils:haversine_distance:20 - Haversine: (31.468675, 73.160721) → (31.4693742, 73.1600766) = 98.9 m
2026-03-22 00:56:43.184 | DEBUG    | utils.distance_utils:find_nearest_road_point:56 - Nearest road node to (31.468675, 73.160721): (31.469374, 73.160077) — 98.9m
2026-03-22 00:56:43.184 | DEBUG    | utils.geo_utils:haversine_distance:20 - Haversine: (31.468675, 73.160721) → (31.4693742, 73.1600766) = 98.9 m
2026-03-22 00:56:43.184 | DEBUG    | data_pipeline.stop_builder:snap_stops_to_roads:38 - Snapped Test Student 19 (TEST-9533): 98.9m
2026-03-22 00:56:43.196 | DEBUG    | utils.distance_utils:build_node_balltree:29 - Built BallTree with 7460 nodes
2026-03-22 00:56:43.197 | DEBUG    | utils.geo_utils:haversine_distance:20 - Haversine: (31.405239, 73.112616) → (31.4060883, 73.1115478) = 138.5 m
2026-03-22 00:56:43.197 | DEBUG    | utils.distance_utils:find_nearest_road_point:56 - Nearest road node to (31.405239, 73.112616): (31.406088, 73.111548) — 138.5m
2026-03-22 00:56:43.197 | DEBUG    | utils.geo_utils:haversine_distance:20 - Haversine: (31.405239, 73.112616) → (31.4060883, 73.1115478) = 138.5 m
2026-03-22 00:56:43.197 | DEBUG    | data_pipeline.stop_builder:snap_stops_to_roads:38 - Snapped Test Student 26 (TEST-5354): 138.5m
2026-03-22 00:56:43.212 | DEBUG    | utils.distance_utils:build_node_balltree:29 - Built BallTree with 7460 nodes
2026-03-22 00:56:43.213 | DEBUG    | utils.geo_utils:haversine_distance:20 - Haversine: (31.470598, 73.008555) → (31.4773379, 73.0052033) = 814.1 m
2026-03-22 00:56:43.213 | DEBUG    | utils.distance_utils:find_nearest_road_point:56 - Nearest road node to (31.470598, 73.008555): (31.477338, 73.005203) — 814.1m
2026-03-22 00:56:43.214 | DEBUG    | utils.geo_utils:haversine_distance:20 - Haversine: (31.470598, 73.008555) → (31.4773379, 73.0052033) = 814.1 m
2026-03-22 00:56:43.214 | DEBUG    | data_pipeline.stop_builder:snap_stops_to_roads:38 - Snapped Test Student 24 (TEST-8754): 814.1m
2026-03-22 00:56:43.227 | DEBUG    | utils.distance_utils:build_node_balltree:29 - Built BallTree with 7460 nodes
2026-03-22 00:56:43.228 | DEBUG    | utils.geo_utils:haversine_distance:20 - Haversine: (31.480136, 73.16337) → (31.4766945, 73.1677037) = 561.5 m
2026-03-22 00:56:43.228 | DEBUG    | utils.distance_utils:find_nearest_road_point:56 - Nearest road node to (31.480136, 73.16337): (31.476695, 73.167704) — 561.5m
2026-03-22 00:56:43.228 | DEBUG    | utils.geo_utils:haversine_distance:20 - Haversine: (31.480136, 73.16337) → (31.4766945, 73.1677037) = 561.5 m
2026-03-22 00:56:43.228 | DEBUG    | data_pipeline.stop_builder:snap_stops_to_roads:38 - Snapped Test Student 21 (TEST-9356): 561.5m
2026-03-22 00:56:43.244 | DEBUG    | utils.distance_utils:build_node_balltree:29 - Built BallTree with 7460 nodes
2026-03-22 00:56:43.245 | DEBUG    | utils.geo_utils:haversine_distance:20 - Haversine: (31.503809, 73.163047) → (31.504101, 73.1583633) = 445.2 m
2026-03-22 00:56:43.245 | DEBUG    | utils.distance_utils:find_nearest_road_point:56 - Nearest road node to (31.503809, 73.163047): (31.504101, 73.158363) — 445.2m
2026-03-22 00:56:43.245 | DEBUG    | utils.geo_utils:haversine_distance:20 - Haversine: (31.503809, 73.163047) → (31.504101, 73.1583633) = 445.2 m
2026-03-22 00:56:43.245 | DEBUG    | data_pipeline.stop_builder:snap_stops_to_roads:38 - Snapped Test Student 2 (TEST-1842): 445.2m
2026-03-22 00:56:43.257 | DEBUG    | utils.distance_utils:build_node_balltree:29 - Built BallTree with 7460 nodes
2026-03-22 00:56:43.258 | DEBUG    | utils.geo_utils:haversine_distance:20 - Haversine: (31.388719, 73.18885) → (31.3907077, 73.1897443) = 236.9 m
2026-03-22 00:56:43.258 | DEBUG    | utils.distance_utils:find_nearest_road_point:56 - Nearest road node to (31.388719, 73.18885): (31.390708, 73.189744) — 236.9m
2026-03-22 00:56:43.258 | DEBUG    | utils.geo_utils:haversine_distance:20 - Haversine: (31.388719, 73.18885) → (31.3907077, 73.1897443) = 236.9 m
2026-03-22 00:56:43.259 | DEBUG    | data_pipeline.stop_builder:snap_stops_to_roads:38 - Snapped Test Student 16 (TEST-8203): 236.9m
2026-03-22 00:56:43.275 | DEBUG    | utils.distance_utils:build_node_balltree:29 - Built BallTree with 7460 nodes
2026-03-22 00:56:43.276 | DEBUG    | utils.geo_utils:haversine_distance:20 - Haversine: (31.406549, 73.086759) → (31.4052045, 73.0873694) = 160.3 m
2026-03-22 00:56:43.276 | DEBUG    | utils.distance_utils:find_nearest_road_point:56 - Nearest road node to (31.406549, 73.086759): (31.405204, 73.087369) — 160.3m
2026-03-22 00:56:43.276 | DEBUG    | utils.geo_utils:haversine_distance:20 - Haversine: (31.406549, 73.086759) → (31.4052045, 73.0873694) = 160.3 m
2026-03-22 00:56:43.276 | DEBUG    | data_pipeline.stop_builder:snap_stops_to_roads:38 - Snapped Test Student 8 (TEST-8476): 160.3m
2026-03-22 00:56:43.276 | INFO     | data_pipeline.stop_builder:snap_stops_to_roads:47 - Snapping complete:
2026-03-22 00:56:43.277 | INFO     | data_pipeline.stop_builder:snap_stops_to_roads:48 -   Input stops: 30
2026-03-22 00:56:43.277 | INFO     | data_pipeline.stop_builder:snap_stops_to_roads:49 -   Snapped successfully: 30
2026-03-22 00:56:43.277 | INFO     | data_pipeline.stop_builder:snap_stops_to_roads:50 -   Skipped (too far): 0
2026-03-22 00:56:43.277 | DEBUG    | data_pipeline.stop_builder:snap_stops_to_roads:53 - First snapped stop example: {'student_id': '3CNKLBNknvMId9G9MJ1cVoQjkpw2', 'name': 'Test Student 12', 'roll_no': 'TEST-4382', 'lat': 31.3691526, 'lng': 73.0514611, 'student_count': 1, 'contact': '03597900028', 'semester': 'Spring 2026', 'fee_status': 'unpaid', 'registration_status': 'pending', 'original_lat': 31.369289, 'original_lng': 73.051406, 'snap_distance_m': 16.04}
2026-03-22 00:56:43.277 | DEBUG    | utils.geo_utils:haversine_distance:20 - Haversine: (31.3787188, 73.157798) → (31.3691526, 73.0514611) = 10151.2 m
2026-03-22 00:56:43.277 | DEBUG    | utils.geo_utils:haversine_distance:20 - Haversine: (31.4457694, 73.1408101) → (31.3691526, 73.0514611) = 12020.1 m
2026-03-22 00:56:43.277 | DEBUG    | utils.geo_utils:haversine_distance:20 - Haversine: (31.4457694, 73.1408101) → (31.3787188, 73.157798) = 7628.0 m
2026-03-22 00:56:43.277 | DEBUG    | utils.geo_utils:haversine_distance:20 - Haversine: (31.5487412, 73.1501112) → (31.3691526, 73.0514611) = 22052.9 m
2026-03-22 00:56:43.277 | DEBUG    | utils.geo_utils:haversine_distance:20 - Haversine: (31.5487412, 73.1501112) → (31.3787188, 73.157798) = 18919.7 m
2026-03-22 00:56:43.277 | DEBUG    | utils.geo_utils:haversine_distance:20 - Haversine: (31.5487412, 73.1501112) → (31.4457694, 73.1408101) = 11483.9 m
2026-03-22 00:56:43.278 | DEBUG    | utils.geo_utils:haversine_distance:20 - Haversine: (31.3836456, 73.0640586) → (31.3691526, 73.0514611) = 2006.8 m
2026-03-22 00:56:43.278 | DEBUG    | utils.geo_utils:haversine_distance:20 - Haversine: (31.3836456, 73.0640586) → (31.3787188, 73.157798) = 8915.5 m
2026-03-22 00:56:43.278 | DEBUG    | utils.geo_utils:haversine_distance:20 - Haversine: (31.3836456, 73.0640586) → (31.4457694, 73.1408101) = 10038.2 m
2026-03-22 00:56:43.278 | DEBUG    | utils.geo_utils:haversine_distance:20 - Haversine: (31.3836456, 73.0640586) → (31.5487412, 73.1501112) = 20090.3 m
2026-03-22 00:56:43.278 | DEBUG    | utils.geo_utils:haversine_distance:20 - Haversine: (31.4467219, 73.1271368) → (31.3691526, 73.0514611) = 11223.8 m
2026-03-22 00:56:43.278 | DEBUG    | utils.geo_utils:haversine_distance:20 - Haversine: (31.4467219, 73.1271368) → (31.3787188, 73.157798) = 8102.1 m
2026-03-22 00:56:43.278 | DEBUG    | utils.geo_utils:haversine_distance:20 - Haversine: (31.4467219, 73.1271368) → (31.4457694, 73.1408101) = 1301.4 m
2026-03-22 00:56:43.278 | DEBUG    | utils.geo_utils:haversine_distance:20 - Haversine: (31.4467219, 73.1271368) → (31.5487412, 73.1501112) = 11551.3 m
2026-03-22 00:56:43.278 | DEBUG    | utils.geo_utils:haversine_distance:20 - Haversine: (31.4467219, 73.1271368) → (31.3836456, 73.0640586) = 9220.8 m
2026-03-22 00:56:43.278 | DEBUG    | utils.geo_utils:haversine_distance:20 - Haversine: (31.330396, 73.0696448) → (31.3691526, 73.0514611) = 4642.6 m
2026-03-22 00:56:43.278 | DEBUG    | utils.geo_utils:haversine_distance:20 - Haversine: (31.330396, 73.0696448) → (31.3787188, 73.157798) = 9946.9 m
2026-03-22 00:56:43.278 | DEBUG    | utils.geo_utils:haversine_distance:20 - Haversine: (31.330396, 73.0696448) → (31.4457694, 73.1408101) = 14498.8 m
2026-03-22 00:56:43.278 | DEBUG    | utils.geo_utils:haversine_distance:20 - Haversine: (31.330396, 73.0696448) → (31.5487412, 73.1501112) = 25450.7 m
2026-03-22 00:56:43.278 | DEBUG    | utils.geo_utils:haversine_distance:20 - Haversine: (31.330396, 73.0696448) → (31.3836456, 73.0640586) = 5944.8 m
2026-03-22 00:56:43.278 | DEBUG    | utils.geo_utils:haversine_distance:20 - Haversine: (31.330396, 73.0696448) → (31.4467219, 73.1271368) = 14038.9 m
2026-03-22 00:56:43.278 | DEBUG    | utils.geo_utils:haversine_distance:20 - Haversine: (31.3413852, 73.1852291) → (31.3691526, 73.0514611) = 13071.9 m
2026-03-22 00:56:43.278 | DEBUG    | utils.geo_utils:haversine_distance:20 - Haversine: (31.3413852, 73.1852291) → (31.3787188, 73.157798) = 4900.7 m
2026-03-22 00:56:43.278 | DEBUG    | utils.geo_utils:haversine_distance:20 - Haversine: (31.3413852, 73.1852291) → (31.4457694, 73.1408101) = 12349.0 m
2026-03-22 00:56:43.278 | DEBUG    | utils.geo_utils:haversine_distance:20 - Haversine: (31.3413852, 73.1852291) → (31.5487412, 73.1501112) = 23296.4 m
2026-03-22 00:56:43.278 | DEBUG    | utils.geo_utils:haversine_distance:20 - Haversine: (31.3413852, 73.1852291) → (31.3836456, 73.0640586) = 12427.6 m
2026-03-22 00:56:43.278 | DEBUG    | utils.geo_utils:haversine_distance:20 - Haversine: (31.3413852, 73.1852291) → (31.4467219, 73.1271368) = 12945.9 m
2026-03-22 00:56:43.278 | DEBUG    | utils.geo_utils:haversine_distance:20 - Haversine: (31.3413852, 73.1852291) → (31.330396, 73.0696448) = 11045.4 m
2026-03-22 00:56:43.278 | DEBUG    | utils.geo_utils:haversine_distance:20 - Haversine: (31.4000755, 73.0126538) → (31.3691526, 73.0514611) = 5039.2 m
2026-03-22 00:56:43.278 | DEBUG    | utils.geo_utils:haversine_distance:20 - Haversine: (31.4000755, 73.0126538) → (31.3787188, 73.157798) = 13980.4 m
2026-03-22 00:56:43.278 | DEBUG    | utils.geo_utils:haversine_distance:20 - Haversine: (31.4000755, 73.0126538) → (31.4457694, 73.1408101) = 13179.2 m
2026-03-22 00:56:43.278 | DEBUG    | utils.geo_utils:haversine_distance:20 - Haversine: (31.4000755, 73.0126538) → (31.5487412, 73.1501112) = 21052.4 m
2026-03-22 00:56:43.278 | DEBUG    | utils.geo_utils:haversine_distance:20 - Haversine: (31.4000755, 73.0126538) → (31.3836456, 73.0640586) = 5210.1 m
2026-03-22 00:56:43.278 | DEBUG    | utils.geo_utils:haversine_distance:20 - Haversine: (31.4000755, 73.0126538) → (31.4467219, 73.1271368) = 12037.7 m
2026-03-22 00:56:43.278 | DEBUG    | utils.geo_utils:haversine_distance:20 - Haversine: (31.4000755, 73.0126538) → (31.330396, 73.0696448) = 9450.5 m
2026-03-22 00:56:43.279 | DEBUG    | utils.geo_utils:haversine_distance:20 - Haversine: (31.4000755, 73.0126538) → (31.3413852, 73.1852291) = 17636.2 m
2026-03-22 00:56:43.279 | DEBUG    | utils.geo_utils:haversine_distance:20 - Haversine: (31.527645, 73.0552285) → (31.3691526, 73.0514611) = 17627.2 m
2026-03-22 00:56:43.279 | DEBUG    | utils.geo_utils:haversine_distance:20 - Haversine: (31.527645, 73.0552285) → (31.3787188, 73.157798) = 19206.5 m
2026-03-22 00:56:43.279 | DEBUG    | utils.geo_utils:haversine_distance:20 - Haversine: (31.527645, 73.0552285) → (31.4457694, 73.1408101) = 12195.9 m
2026-03-22 00:56:43.279 | DEBUG    | utils.geo_utils:haversine_distance:20 - Haversine: (31.527645, 73.0552285) → (31.5487412, 73.1501112) = 9293.0 m
2026-03-22 00:56:43.279 | DEBUG    | utils.geo_utils:haversine_distance:20 - Haversine: (31.527645, 73.0552285) → (31.3836456, 73.0640586) = 16033.9 m
2026-03-22 00:56:43.279 | DEBUG    | utils.geo_utils:haversine_distance:20 - Haversine: (31.527645, 73.0552285) → (31.4467219, 73.1271368) = 11289.8 m
2026-03-22 00:56:43.279 | DEBUG    | utils.geo_utils:haversine_distance:20 - Haversine: (31.527645, 73.0552285) → (31.330396, 73.0696448) = 21975.7 m
2026-03-22 00:56:43.279 | DEBUG    | utils.geo_utils:haversine_distance:20 - Haversine: (31.527645, 73.0552285) → (31.3413852, 73.1852291) = 24105.5 m
2026-03-22 00:56:43.279 | DEBUG    | utils.geo_utils:haversine_distance:20 - Haversine: (31.527645, 73.0552285) → (31.4000755, 73.0126538) = 14748.6 m
2026-03-22 00:56:43.279 | DEBUG    | utils.geo_utils:haversine_distance:20 - Haversine: (31.3281703, 73.1302408) → (31.3691526, 73.0514611) = 8759.8 m
2026-03-22 00:56:43.279 | DEBUG    | utils.geo_utils:haversine_distance:20 - Haversine: (31.3281703, 73.1302408) → (31.3787188, 73.157798) = 6200.0 m
2026-03-22 00:56:43.279 | DEBUG    | utils.geo_utils:haversine_distance:20 - Haversine: (31.3281703, 73.1302408) → (31.4457694, 73.1408101) = 13114.9 m
2026-03-22 00:56:43.279 | DEBUG    | utils.geo_utils:haversine_distance:20 - Haversine: (31.3281703, 73.1302408) → (31.5487412, 73.1501112) = 24598.7 m
2026-03-22 00:56:43.279 | DEBUG    | utils.geo_utils:haversine_distance:20 - Haversine: (31.3281703, 73.1302408) → (31.3836456, 73.0640586) = 8805.9 m
2026-03-22 00:56:43.279 | DEBUG    | utils.geo_utils:haversine_distance:20 - Haversine: (31.3281703, 73.1302408) → (31.4467219, 73.1271368) = 13185.6 m
2026-03-22 00:56:43.279 | DEBUG    | utils.geo_utils:haversine_distance:20 - Haversine: (31.3281703, 73.1302408) → (31.330396, 73.0696448) = 5760.8 m
2026-03-22 00:56:43.279 | DEBUG    | utils.geo_utils:haversine_distance:20 - Haversine: (31.3281703, 73.1302408) → (31.3413852, 73.1852291) = 5425.4 m
2026-03-22 00:56:43.279 | DEBUG    | utils.geo_utils:haversine_distance:20 - Haversine: (31.3281703, 73.1302408) → (31.4000755, 73.0126538) = 13732.2 m
2026-03-22 00:56:43.279 | DEBUG    | utils.geo_utils:haversine_distance:20 - Haversine: (31.3281703, 73.1302408) → (31.527645, 73.0552285) = 23294.5 m
2026-03-22 00:56:43.279 | DEBUG    | utils.geo_utils:haversine_distance:20 - Haversine: (31.3434454, 73.1825193) → (31.3691526, 73.0514611) = 12768.7 m
2026-03-22 00:56:43.279 | DEBUG    | utils.geo_utils:haversine_distance:20 - Haversine: (31.3434454, 73.1825193) → (31.3787188, 73.157798) = 4570.9 m
2026-03-22 00:56:43.279 | DEBUG    | utils.geo_utils:haversine_distance:20 - Haversine: (31.3434454, 73.1825193) → (31.4457694, 73.1408101) = 12047.0 m
2026-03-22 00:56:43.279 | DEBUG    | utils.geo_utils:haversine_distance:20 - Haversine: (31.3434454, 73.1825193) → (31.5487412, 73.1501112) = 23033.9 m
2026-03-22 00:56:43.279 | DEBUG    | utils.geo_utils:haversine_distance:20 - Haversine: (31.3434454, 73.1825193) → (31.3836456, 73.0640586) = 12103.2 m
2026-03-22 00:56:43.279 | DEBUG    | utils.geo_utils:haversine_distance:20 - Haversine: (31.3434454, 73.1825193) → (31.4467219, 73.1271368) = 12629.8 m
2026-03-22 00:56:43.280 | DEBUG    | utils.geo_utils:haversine_distance:20 - Haversine: (31.3434454, 73.1825193) → (31.330396, 73.0696448) = 10817.9 m
2026-03-22 00:56:43.280 | DEBUG    | utils.geo_utils:haversine_distance:20 - Haversine: (31.3434454, 73.1825193) → (31.3413852, 73.1852291) = 344.5 m
2026-03-22 00:56:43.280 | DEBUG    | utils.geo_utils:haversine_distance:20 - Haversine: (31.4192659, 73.0416323) → (31.3691526, 73.0514611) = 5649.9 m
2026-03-22 00:56:43.280 | DEBUG    | utils.geo_utils:haversine_distance:20 - Haversine: (31.4192659, 73.0416323) → (31.3787188, 73.157798) = 11911.7 m
2026-03-22 00:56:43.280 | DEBUG    | utils.geo_utils:haversine_distance:20 - Haversine: (31.4192659, 73.0416323) → (31.4457694, 73.1408101) = 9860.5 m
2026-03-22 00:56:43.280 | DEBUG    | utils.geo_utils:haversine_distance:20 - Haversine: (31.4192659, 73.0416323) → (31.5487412, 73.1501112) = 17694.3 m
2026-03-22 00:56:43.280 | DEBUG    | utils.geo_utils:haversine_distance:20 - Haversine: (31.4192659, 73.0416323) → (31.3836456, 73.0640586) = 4496.5 m
2026-03-22 00:56:43.280 | DEBUG    | utils.geo_utils:haversine_distance:20 - Haversine: (31.4192659, 73.0416323) → (31.4467219, 73.1271368) = 8667.9 m
2026-03-22 00:56:43.280 | DEBUG    | utils.geo_utils:haversine_distance:20 - Haversine: (31.4192659, 73.0416323) → (31.330396, 73.0696448) = 10233.5 m
2026-03-22 00:56:43.280 | DEBUG    | utils.geo_utils:haversine_distance:20 - Haversine: (31.4192659, 73.0416323) → (31.3413852, 73.1852291) = 16149.9 m
2026-03-22 00:56:43.280 | DEBUG    | utils.geo_utils:haversine_distance:20 - Haversine: (31.4192659, 73.0416323) → (31.4000755, 73.0126538) = 3480.9 m
2026-03-22 00:56:43.280 | DEBUG    | utils.geo_utils:haversine_distance:20 - Haversine: (31.4192659, 73.0416323) → (31.527645, 73.0552285) = 12120.0 m
2026-03-22 00:56:43.280 | DEBUG    | utils.geo_utils:haversine_distance:20 - Haversine: (31.4192659, 73.0416323) → (31.3281703, 73.1302408) = 13167.0 m
2026-03-22 00:56:43.280 | DEBUG    | utils.geo_utils:haversine_distance:20 - Haversine: (31.5101284, 73.1503952) → (31.3691526, 73.0514611) = 18270.9 m
2026-03-22 00:56:43.280 | DEBUG    | utils.geo_utils:haversine_distance:20 - Haversine: (31.5101284, 73.1503952) → (31.3787188, 73.157798) = 14628.9 m
2026-03-22 00:56:43.280 | DEBUG    | utils.geo_utils:haversine_distance:20 - Haversine: (31.5101284, 73.1503952) → (31.4457694, 73.1408101) = 7213.9 m
2026-03-22 00:56:43.280 | DEBUG    | utils.geo_utils:haversine_distance:20 - Haversine: (31.5101284, 73.1503952) → (31.5487412, 73.1501112) = 4293.6 m
2026-03-22 00:56:43.280 | DEBUG    | utils.geo_utils:haversine_distance:20 - Haversine: (31.5101284, 73.1503952) → (31.3836456, 73.0640586) = 16275.2 m
2026-03-22 00:56:43.280 | DEBUG    | utils.geo_utils:haversine_distance:20 - Haversine: (31.5101284, 73.1503952) → (31.4467219, 73.1271368) = 7387.4 m
2026-03-22 00:56:43.280 | DEBUG    | utils.geo_utils:haversine_distance:20 - Haversine: (31.5101284, 73.1503952) → (31.330396, 73.0696448) = 21403.9 m
2026-03-22 00:56:43.280 | DEBUG    | utils.geo_utils:haversine_distance:20 - Haversine: (31.5101284, 73.1503952) → (31.3413852, 73.1852291) = 19052.3 m
2026-03-22 00:56:43.280 | DEBUG    | utils.geo_utils:haversine_distance:20 - Haversine: (31.5101284, 73.1503952) → (31.4000755, 73.0126538) = 17901.3 m
2026-03-22 00:56:43.281 | DEBUG    | utils.geo_utils:haversine_distance:20 - Haversine: (31.5101284, 73.1503952) → (31.527645, 73.0552285) = 9228.7 m
2026-03-22 00:56:43.281 | DEBUG    | utils.geo_utils:haversine_distance:20 - Haversine: (31.5101284, 73.1503952) → (31.3281703, 73.1302408) = 20323.0 m
2026-03-22 00:56:43.281 | DEBUG    | utils.geo_utils:haversine_distance:20 - Haversine: (31.5101284, 73.1503952) → (31.4192659, 73.0416323) = 14439.2 m
2026-03-22 00:56:43.281 | DEBUG    | utils.geo_utils:haversine_distance:20 - Haversine: (31.4641337, 73.1683411) → (31.3691526, 73.0514611) = 15315.3 m
2026-03-22 00:56:43.281 | DEBUG    | utils.geo_utils:haversine_distance:20 - Haversine: (31.4641337, 73.1683411) → (31.3787188, 73.157798) = 9550.2 m
2026-03-22 00:56:43.281 | DEBUG    | utils.geo_utils:haversine_distance:20 - Haversine: (31.4641337, 73.1683411) → (31.4457694, 73.1408101) = 3315.0 m
2026-03-22 00:56:43.281 | DEBUG    | utils.geo_utils:haversine_distance:20 - Haversine: (31.4641337, 73.1683411) → (31.5487412, 73.1501112) = 9565.3 m
2026-03-22 00:56:43.281 | DEBUG    | utils.geo_utils:haversine_distance:20 - Haversine: (31.4641337, 73.1683411) → (31.3836456, 73.0640586) = 13342.1 m
2026-03-22 00:56:43.281 | DEBUG    | utils.geo_utils:haversine_distance:20 - Haversine: (31.4641337, 73.1683411) → (31.4467219, 73.1271368) = 4361.7 m
2026-03-22 00:56:43.281 | DEBUG    | utils.geo_utils:haversine_distance:20 - Haversine: (31.4641337, 73.1683411) → (31.330396, 73.0696448) = 17575.5 m
2026-03-22 00:56:43.281 | DEBUG    | utils.geo_utils:haversine_distance:20 - Haversine: (31.4641337, 73.1683411) → (31.3413852, 73.1852291) = 13742.8 m
2026-03-22 00:56:43.281 | DEBUG    | utils.geo_utils:haversine_distance:20 - Haversine: (31.4641337, 73.1683411) → (31.4000755, 73.0126538) = 16399.0 m
2026-03-22 00:56:43.281 | DEBUG    | utils.geo_utils:haversine_distance:20 - Haversine: (31.4641337, 73.1683411) → (31.527645, 73.0552285) = 12841.0 m
2026-03-22 00:56:43.281 | DEBUG    | utils.geo_utils:haversine_distance:20 - Haversine: (31.4641337, 73.1683411) → (31.3281703, 73.1302408) = 15544.9 m
2026-03-22 00:56:43.281 | DEBUG    | utils.geo_utils:haversine_distance:20 - Haversine: (31.4641337, 73.1683411) → (31.4192659, 73.0416323) = 13014.9 m
2026-03-22 00:56:43.281 | DEBUG    | utils.geo_utils:haversine_distance:20 - Haversine: (31.4641337, 73.1683411) → (31.5101284, 73.1503952) = 5390.0 m
2026-03-22 00:56:43.281 | DEBUG    | utils.geo_utils:haversine_distance:20 - Haversine: (31.3446991, 73.0585627) → (31.3691526, 73.0514611) = 2801.5 m
2026-03-22 00:56:43.281 | DEBUG    | utils.geo_utils:haversine_distance:20 - Haversine: (31.3446991, 73.0585627) → (31.3787188, 73.157798) = 10153.3 m
2026-03-22 00:56:43.281 | DEBUG    | utils.geo_utils:haversine_distance:20 - Haversine: (31.3446991, 73.0585627) → (31.4457694, 73.1408101) = 13683.8 m
2026-03-22 00:56:43.281 | DEBUG    | utils.geo_utils:haversine_distance:20 - Haversine: (31.3446991, 73.0585627) → (31.5487412, 73.1501112) = 24293.8 m
2026-03-22 00:56:43.281 | DEBUG    | utils.geo_utils:haversine_distance:20 - Haversine: (31.3446991, 73.0585627) → (31.3836456, 73.0640586) = 4362.0 m
2026-03-22 00:56:43.281 | DEBUG    | utils.geo_utils:haversine_distance:20 - Haversine: (31.3446991, 73.0585627) → (31.4467219, 73.1271368) = 13079.0 m
2026-03-22 00:56:43.281 | DEBUG    | utils.geo_utils:haversine_distance:20 - Haversine: (31.3446991, 73.0585627) → (31.330396, 73.0696448) = 1907.2 m
2026-03-22 00:56:43.281 | DEBUG    | utils.geo_utils:haversine_distance:20 - Haversine: (31.3446991, 73.0585627) → (31.3413852, 73.1852291) = 12034.9 m
2026-03-22 00:56:43.281 | DEBUG    | utils.geo_utils:haversine_distance:20 - Haversine: (31.3446991, 73.0585627) → (31.4000755, 73.0126538) = 7544.0 m
2026-03-22 00:56:43.281 | DEBUG    | utils.geo_utils:haversine_distance:20 - Haversine: (31.3446991, 73.0585627) → (31.527645, 73.0552285) = 20345.1 m
2026-03-22 00:56:43.281 | DEBUG    | utils.geo_utils:haversine_distance:20 - Haversine: (31.3446991, 73.0585627) → (31.3281703, 73.1302408) = 7051.3 m
2026-03-22 00:56:43.281 | DEBUG    | utils.geo_utils:haversine_distance:20 - Haversine: (31.3446991, 73.0585627) → (31.4192659, 73.0416323) = 8445.8 m
2026-03-22 00:56:43.281 | DEBUG    | utils.geo_utils:haversine_distance:20 - Haversine: (31.3446991, 73.0585627) → (31.5101284, 73.1503952) = 20354.2 m
2026-03-22 00:56:43.281 | DEBUG    | utils.geo_utils:haversine_distance:20 - Haversine: (31.3446991, 73.0585627) → (31.4641337, 73.1683411) = 16879.6 m
2026-03-22 00:56:43.282 | DEBUG    | utils.geo_utils:haversine_distance:20 - Haversine: (31.5431453, 73.1283131) → (31.3691526, 73.0514611) = 20674.9 m
2026-03-22 00:56:43.282 | DEBUG    | utils.geo_utils:haversine_distance:20 - Haversine: (31.5431453, 73.1283131) → (31.3787188, 73.157798) = 18496.0 m
2026-03-22 00:56:43.282 | DEBUG    | utils.geo_utils:haversine_distance:20 - Haversine: (31.5431453, 73.1283131) → (31.4457694, 73.1408101) = 10892.3 m
2026-03-22 00:56:43.282 | DEBUG    | utils.geo_utils:haversine_distance:20 - Haversine: (31.5431453, 73.1283131) → (31.5487412, 73.1501112) = 2157.3 m
2026-03-22 00:56:43.282 | DEBUG    | utils.geo_utils:haversine_distance:20 - Haversine: (31.5431453, 73.1283131) → (31.3836456, 73.0640586) = 18753.4 m
2026-03-22 00:56:43.282 | DEBUG    | utils.geo_utils:haversine_distance:20 - Haversine: (31.5431453, 73.1283131) → (31.4467219, 73.1271368) = 10722.4 m
2026-03-22 00:56:43.282 | DEBUG    | utils.geo_utils:haversine_distance:20 - Haversine: (31.5431453, 73.1283131) → (31.330396, 73.0696448) = 24302.6 m
2026-03-22 00:56:43.282 | DEBUG    | utils.geo_utils:haversine_distance:20 - Haversine: (31.5431453, 73.1283131) → (31.3413852, 73.1852291) = 23075.3 m
2026-03-22 00:56:43.282 | DEBUG    | utils.geo_utils:haversine_distance:20 - Haversine: (31.5431453, 73.1283131) → (31.4000755, 73.0126538) = 19323.6 m
2026-03-22 00:56:43.282 | DEBUG    | utils.geo_utils:haversine_distance:20 - Haversine: (31.5431453, 73.1283131) → (31.527645, 73.0552285) = 7137.7 m
2026-03-22 00:56:43.282 | DEBUG    | utils.geo_utils:haversine_distance:20 - Haversine: (31.5431453, 73.1283131) → (31.3281703, 73.1302408) = 23904.8 m
2026-03-22 00:56:43.282 | DEBUG    | utils.geo_utils:haversine_distance:20 - Haversine: (31.5431453, 73.1283131) → (31.4192659, 73.0416323) = 16040.9 m
2026-03-22 00:56:43.282 | DEBUG    | utils.geo_utils:haversine_distance:20 - Haversine: (31.5431453, 73.1283131) → (31.5101284, 73.1503952) = 4226.0 m
2026-03-22 00:56:43.282 | DEBUG    | utils.geo_utils:haversine_distance:20 - Haversine: (31.5431453, 73.1283131) → (31.4641337, 73.1683411) = 9570.2 m
2026-03-22 00:56:43.282 | DEBUG    | utils.geo_utils:haversine_distance:20 - Haversine: (31.5431453, 73.1283131) → (31.3446991, 73.0585627) = 23037.0 m
2026-03-22 00:56:43.282 | DEBUG    | utils.geo_utils:haversine_distance:20 - Haversine: (31.398463, 73.0263855) → (31.3691526, 73.0514611) = 4035.9 m
2026-03-22 00:56:43.282 | DEBUG    | utils.geo_utils:haversine_distance:20 - Haversine: (31.398463, 73.0263855) → (31.3787188, 73.157798) = 12665.7 m
2026-03-22 00:56:43.282 | DEBUG    | utils.geo_utils:haversine_distance:20 - Haversine: (31.398463, 73.0263855) → (31.4457694, 73.1408101) = 12064.7 m
2026-03-22 00:56:43.282 | DEBUG    | utils.geo_utils:haversine_distance:20 - Haversine: (31.398463, 73.0263855) → (31.5487412, 73.1501112) = 20418.3 m
2026-03-22 00:56:43.282 | DEBUG    | utils.geo_utils:haversine_distance:20 - Haversine: (31.398463, 73.0263855) → (31.3836456, 73.0640586) = 3937.2 m
2026-03-22 00:56:43.282 | DEBUG    | utils.geo_utils:haversine_distance:20 - Haversine: (31.398463, 73.0263855) → (31.4467219, 73.1271368) = 10963.1 m
2026-03-22 00:56:43.282 | DEBUG    | utils.geo_utils:haversine_distance:20 - Haversine: (31.398463, 73.0263855) → (31.330396, 73.0696448) = 8611.4 m
2026-03-22 00:56:43.282 | DEBUG    | utils.geo_utils:haversine_distance:20 - Haversine: (31.398463, 73.0263855) → (31.3413852, 73.1852291) = 16361.9 m
2026-03-22 00:56:43.282 | DEBUG    | utils.geo_utils:haversine_distance:20 - Haversine: (31.398463, 73.0263855) → (31.4000755, 73.0126538) = 1315.6 m
2026-03-22 00:56:43.282 | DEBUG    | utils.geo_utils:haversine_distance:20 - Haversine: (31.398463, 73.0263855) → (31.527645, 73.0552285) = 14622.6 m
2026-03-22 00:56:43.282 | DEBUG    | utils.geo_utils:haversine_distance:20 - Haversine: (31.398463, 73.0263855) → (31.3281703, 73.1302408) = 12582.9 m
2026-03-22 00:56:43.282 | DEBUG    | utils.geo_utils:haversine_distance:20 - Haversine: (31.398463, 73.0263855) → (31.4192659, 73.0416323) = 2728.4 m
2026-03-22 00:56:43.282 | DEBUG    | utils.geo_utils:haversine_distance:20 - Haversine: (31.398463, 73.0263855) → (31.5101284, 73.1503952) = 17103.8 m
2026-03-22 00:56:43.282 | DEBUG    | utils.geo_utils:haversine_distance:20 - Haversine: (31.398463, 73.0263855) → (31.4641337, 73.1683411) = 15320.8 m
2026-03-22 00:56:43.282 | DEBUG    | utils.geo_utils:haversine_distance:20 - Haversine: (31.398463, 73.0263855) → (31.3446991, 73.0585627) = 6713.6 m
2026-03-22 00:56:43.283 | DEBUG    | utils.geo_utils:haversine_distance:20 - Haversine: (31.398463, 73.0263855) → (31.5431453, 73.1283131) = 18768.8 m
2026-03-22 00:56:43.283 | DEBUG    | utils.geo_utils:haversine_distance:20 - Haversine: (31.3190478, 73.1756414) → (31.3691526, 73.0514611) = 13042.9 m
2026-03-22 00:56:43.283 | DEBUG    | utils.geo_utils:haversine_distance:20 - Haversine: (31.3190478, 73.1756414) → (31.3787188, 73.157798) = 6848.1 m
2026-03-22 00:56:43.283 | DEBUG    | utils.geo_utils:haversine_distance:20 - Haversine: (31.3190478, 73.1756414) → (31.4457694, 73.1408101) = 14473.5 m
2026-03-22 00:56:43.283 | DEBUG    | utils.geo_utils:haversine_distance:20 - Haversine: (31.3190478, 73.1756414) → (31.5487412, 73.1501112) = 25655.3 m
2026-03-22 00:56:43.283 | DEBUG    | utils.geo_utils:haversine_distance:20 - Haversine: (31.3190478, 73.1756414) → (31.3836456, 73.0640586) = 12801.1 m
2026-03-22 00:56:43.283 | DEBUG    | utils.geo_utils:haversine_distance:20 - Haversine: (31.3190478, 73.1756414) → (31.4467219, 73.1271368) = 14924.7 m
2026-03-22 00:56:43.283 | DEBUG    | utils.geo_utils:haversine_distance:20 - Haversine: (31.3190478, 73.1756414) → (31.330396, 73.0696448) = 10147.0 m
2026-03-22 00:56:43.283 | DEBUG    | utils.geo_utils:haversine_distance:20 - Haversine: (31.3190478, 73.1756414) → (31.3413852, 73.1852291) = 2645.5 m
2026-03-22 00:56:43.283 | DEBUG    | utils.geo_utils:haversine_distance:20 - Haversine: (31.3190478, 73.1756414) → (31.4000755, 73.0126538) = 17907.6 m
2026-03-22 00:56:43.283 | DEBUG    | utils.geo_utils:haversine_distance:20 - Haversine: (31.3190478, 73.1756414) → (31.527645, 73.0552285) = 25856.3 m
2026-03-22 00:56:43.283 | DEBUG    | utils.geo_utils:haversine_distance:20 - Haversine: (31.3190478, 73.1756414) → (31.3281703, 73.1302408) = 4430.2 m
2026-03-22 00:56:43.283 | DEBUG    | utils.geo_utils:haversine_distance:20 - Haversine: (31.3190478, 73.1756414) → (31.4192659, 73.0416323) = 16913.3 m
2026-03-22 00:56:43.283 | DEBUG    | utils.geo_utils:haversine_distance:20 - Haversine: (31.3190478, 73.1756414) → (31.5101284, 73.1503952) = 21381.8 m
2026-03-22 00:56:43.283 | DEBUG    | utils.geo_utils:haversine_distance:20 - Haversine: (31.3190478, 73.1756414) → (31.4641337, 73.1683411) = 16147.7 m
2026-03-22 00:56:43.283 | DEBUG    | utils.geo_utils:haversine_distance:20 - Haversine: (31.3190478, 73.1756414) → (31.3446991, 73.0585627) = 11480.0 m
2026-03-22 00:56:43.283 | DEBUG    | utils.geo_utils:haversine_distance:20 - Haversine: (31.3190478, 73.1756414) → (31.5431453, 73.1283131) = 25319.9 m
2026-03-22 00:56:43.283 | DEBUG    | utils.geo_utils:haversine_distance:20 - Haversine: (31.3190478, 73.1756414) → (31.398463, 73.0263855) = 16698.2 m
2026-03-22 00:56:43.283 | DEBUG    | utils.geo_utils:haversine_distance:20 - Haversine: (31.3557607, 73.1450675) → (31.3691526, 73.0514611) = 9011.7 m
2026-03-22 00:56:43.283 | DEBUG    | utils.geo_utils:haversine_distance:20 - Haversine: (31.3557607, 73.1450675) → (31.3787188, 73.157798) = 2824.5 m
2026-03-22 00:56:43.283 | DEBUG    | utils.geo_utils:haversine_distance:20 - Haversine: (31.3557607, 73.1450675) → (31.4457694, 73.1408101) = 10016.7 m
2026-03-22 00:56:43.283 | DEBUG    | utils.geo_utils:haversine_distance:20 - Haversine: (31.3557607, 73.1450675) → (31.5487412, 73.1501112) = 21463.8 m
2026-03-22 00:56:43.283 | DEBUG    | utils.geo_utils:haversine_distance:20 - Haversine: (31.3557607, 73.1450675) → (31.3836456, 73.0640586) = 8292.6 m
2026-03-22 00:56:43.283 | DEBUG    | utils.geo_utils:haversine_distance:20 - Haversine: (31.3557607, 73.1450675) → (31.4467219, 73.1271368) = 10256.6 m
2026-03-22 00:56:43.283 | DEBUG    | utils.geo_utils:haversine_distance:20 - Haversine: (31.3557607, 73.1450675) → (31.330396, 73.0696448) = 7698.0 m
2026-03-22 00:56:43.283 | DEBUG    | utils.geo_utils:haversine_distance:20 - Haversine: (31.3557607, 73.1450675) → (31.3413852, 73.1852291) = 4135.3 m
2026-03-22 00:56:43.283 | DEBUG    | utils.geo_utils:haversine_distance:20 - Haversine: (31.3557607, 73.1450675) → (31.4000755, 73.0126538) = 13501.7 m
2026-03-22 00:56:43.283 | DEBUG    | utils.geo_utils:haversine_distance:20 - Haversine: (31.3557607, 73.1450675) → (31.527645, 73.0552285) = 20926.9 m
2026-03-22 00:56:43.283 | DEBUG    | utils.geo_utils:haversine_distance:20 - Haversine: (31.3557607, 73.1450675) → (31.3281703, 73.1302408) = 3375.6 m
2026-03-22 00:56:43.283 | DEBUG    | utils.geo_utils:haversine_distance:20 - Haversine: (31.3557607, 73.1450675) → (31.4192659, 73.0416323) = 12094.0 m
2026-03-22 00:56:43.283 | DEBUG    | utils.geo_utils:haversine_distance:20 - Haversine: (31.3557607, 73.1450675) → (31.5101284, 73.1503952) = 17172.3 m
2026-03-22 00:56:43.284 | DEBUG    | utils.geo_utils:haversine_distance:20 - Haversine: (31.3557607, 73.1450675) → (31.4641337, 73.1683411) = 12251.3 m
2026-03-22 00:56:43.284 | DEBUG    | utils.geo_utils:haversine_distance:20 - Haversine: (31.3557607, 73.1450675) → (31.3446991, 73.0585627) = 8306.1 m
2026-03-22 00:56:43.284 | DEBUG    | utils.geo_utils:haversine_distance:20 - Haversine: (31.3557607, 73.1450675) → (31.5431453, 73.1283131) = 20896.7 m
2026-03-22 00:56:43.284 | DEBUG    | utils.geo_utils:haversine_distance:20 - Haversine: (31.3557607, 73.1450675) → (31.398463, 73.0263855) = 12226.6 m
2026-03-22 00:56:43.284 | DEBUG    | utils.geo_utils:haversine_distance:20 - Haversine: (31.3557607, 73.1450675) → (31.3190478, 73.1756414) = 5009.7 m
2026-03-22 00:56:43.284 | DEBUG    | utils.geo_utils:haversine_distance:20 - Haversine: (31.4601458, 73.0666137) → (31.3691526, 73.0514611) = 10219.6 m
2026-03-22 00:56:43.284 | DEBUG    | utils.geo_utils:haversine_distance:20 - Haversine: (31.4601458, 73.0666137) → (31.3787188, 73.157798) = 12523.8 m
2026-03-22 00:56:43.284 | DEBUG    | utils.geo_utils:haversine_distance:20 - Haversine: (31.4601458, 73.0666137) → (31.4457694, 73.1408101) = 7217.3 m
2026-03-22 00:56:43.284 | DEBUG    | utils.geo_utils:haversine_distance:20 - Haversine: (31.4601458, 73.0666137) → (31.5487412, 73.1501112) = 12637.7 m
2026-03-22 00:56:43.284 | DEBUG    | utils.geo_utils:haversine_distance:20 - Haversine: (31.4601458, 73.0666137) → (31.3836456, 73.0640586) = 8509.9 m
2026-03-22 00:56:43.284 | DEBUG    | utils.geo_utils:haversine_distance:20 - Haversine: (31.4601458, 73.0666137) → (31.4467219, 73.1271368) = 5931.9 m
2026-03-22 00:56:43.284 | DEBUG    | utils.geo_utils:haversine_distance:20 - Haversine: (31.4601458, 73.0666137) → (31.330396, 73.0696448) = 14430.4 m
2026-03-22 00:56:43.284 | DEBUG    | utils.geo_utils:haversine_distance:20 - Haversine: (31.4601458, 73.0666137) → (31.3413852, 73.1852291) = 17352.9 m
2026-03-22 00:56:43.284 | DEBUG    | utils.geo_utils:haversine_distance:20 - Haversine: (31.4601458, 73.0666137) → (31.4000755, 73.0126538) = 8415.9 m
2026-03-22 00:56:43.284 | DEBUG    | utils.geo_utils:haversine_distance:20 - Haversine: (31.4601458, 73.0666137) → (31.527645, 73.0552285) = 7582.8 m
2026-03-22 00:56:43.284 | DEBUG    | utils.geo_utils:haversine_distance:20 - Haversine: (31.4601458, 73.0666137) → (31.3281703, 73.1302408) = 15869.1 m
2026-03-22 00:56:43.284 | DEBUG    | utils.geo_utils:haversine_distance:20 - Haversine: (31.4601458, 73.0666137) → (31.4192659, 73.0416323) = 5126.4 m
2026-03-22 00:56:43.284 | DEBUG    | utils.geo_utils:haversine_distance:20 - Haversine: (31.4601458, 73.0666137) → (31.5101284, 73.1503952) = 9695.6 m
2026-03-22 00:56:43.284 | DEBUG    | utils.geo_utils:haversine_distance:20 - Haversine: (31.4601458, 73.0666137) → (31.4641337, 73.1683411) = 9658.8 m
2026-03-22 00:56:43.284 | DEBUG    | utils.geo_utils:haversine_distance:20 - Haversine: (31.4601458, 73.0666137) → (31.3446991, 73.0585627) = 12859.8 m
2026-03-22 00:56:43.284 | DEBUG    | utils.geo_utils:haversine_distance:20 - Haversine: (31.4601458, 73.0666137) → (31.5431453, 73.1283131) = 10926.8 m
2026-03-22 00:56:43.284 | DEBUG    | utils.geo_utils:haversine_distance:20 - Haversine: (31.4601458, 73.0666137) → (31.398463, 73.0263855) = 7849.3 m
2026-03-22 00:56:43.284 | DEBUG    | utils.geo_utils:haversine_distance:20 - Haversine: (31.4601458, 73.0666137) → (31.3190478, 73.1756414) = 18795.2 m
2026-03-22 00:56:43.284 | DEBUG    | utils.geo_utils:haversine_distance:20 - Haversine: (31.4601458, 73.0666137) → (31.3557607, 73.1450675) = 13789.8 m
2026-03-22 00:56:43.284 | DEBUG    | utils.geo_utils:haversine_distance:20 - Haversine: (31.5426468, 73.1258022) → (31.3691526, 73.0514611) = 20540.0 m
2026-03-22 00:56:43.284 | DEBUG    | utils.geo_utils:haversine_distance:20 - Haversine: (31.5426468, 73.1258022) → (31.3787188, 73.157798) = 18478.9 m
2026-03-22 00:56:43.284 | DEBUG    | utils.geo_utils:haversine_distance:20 - Haversine: (31.5426468, 73.1258022) → (31.4457694, 73.1408101) = 10865.9 m
2026-03-22 00:56:43.284 | DEBUG    | utils.geo_utils:haversine_distance:20 - Haversine: (31.5426468, 73.1258022) → (31.5487412, 73.1501112) = 2401.2 m
2026-03-22 00:56:43.284 | DEBUG    | utils.geo_utils:haversine_distance:20 - Haversine: (31.5426468, 73.1258022) → (31.3836456, 73.0640586) = 18624.8 m
2026-03-22 00:56:43.284 | DEBUG    | utils.geo_utils:haversine_distance:20 - Haversine: (31.5426468, 73.1258022) → (31.4467219, 73.1271368) = 10667.1 m
2026-03-22 00:56:43.284 | DEBUG    | utils.geo_utils:haversine_distance:20 - Haversine: (31.5426468, 73.1258022) → (31.330396, 73.0696448) = 24195.1 m
2026-03-22 00:56:43.285 | DEBUG    | utils.geo_utils:haversine_distance:20 - Haversine: (31.5426468, 73.1258022) → (31.3413852, 73.1852291) = 23078.5 m
2026-03-22 00:56:43.285 | DEBUG    | utils.geo_utils:haversine_distance:20 - Haversine: (31.5426468, 73.1258022) → (31.4000755, 73.0126538) = 19143.5 m
2026-03-22 00:56:43.285 | DEBUG    | utils.geo_utils:haversine_distance:20 - Haversine: (31.5426468, 73.1258022) → (31.527645, 73.0552285) = 6893.4 m
2026-03-22 00:56:43.285 | DEBUG    | utils.geo_utils:haversine_distance:20 - Haversine: (31.5426468, 73.1258022) → (31.3281703, 73.1302408) = 23852.4 m
2026-03-22 00:56:43.285 | DEBUG    | utils.geo_utils:haversine_distance:20 - Haversine: (31.5426468, 73.1258022) → (31.4192659, 73.0416323) = 15872.2 m
2026-03-22 00:56:43.285 | DEBUG    | utils.geo_utils:haversine_distance:20 - Haversine: (31.5426468, 73.1258022) → (31.5101284, 73.1503952) = 4302.1 m
2026-03-22 00:56:43.285 | DEBUG    | utils.geo_utils:haversine_distance:20 - Haversine: (31.5426468, 73.1258022) → (31.4641337, 73.1683411) = 9616.8 m
2026-03-22 00:56:43.285 | DEBUG    | utils.geo_utils:haversine_distance:20 - Haversine: (31.5426468, 73.1258022) → (31.3446991, 73.0585627) = 22916.4 m
2026-03-22 00:56:43.285 | DEBUG    | utils.geo_utils:haversine_distance:20 - Haversine: (31.5426468, 73.1258022) → (31.5431453, 73.1283131) = 244.3 m
2026-03-22 00:56:43.285 | DEBUG    | utils.geo_utils:haversine_distance:20 - Haversine: (31.4743292, 73.1046958) → (31.3691526, 73.0514611) = 12739.4 m
2026-03-22 00:56:43.285 | DEBUG    | utils.geo_utils:haversine_distance:20 - Haversine: (31.4743292, 73.1046958) → (31.3787188, 73.157798) = 11764.9 m
2026-03-22 00:56:43.285 | DEBUG    | utils.geo_utils:haversine_distance:20 - Haversine: (31.4743292, 73.1046958) → (31.4457694, 73.1408101) = 4671.0 m
2026-03-22 00:56:43.285 | DEBUG    | utils.geo_utils:haversine_distance:20 - Haversine: (31.4743292, 73.1046958) → (31.5487412, 73.1501112) = 9327.3 m
2026-03-22 00:56:43.285 | DEBUG    | utils.geo_utils:haversine_distance:20 - Haversine: (31.4743292, 73.1046958) → (31.3836456, 73.0640586) = 10795.6 m
2026-03-22 00:56:43.285 | DEBUG    | utils.geo_utils:haversine_distance:20 - Haversine: (31.4743292, 73.1046958) → (31.4467219, 73.1271368) = 3735.5 m
2026-03-22 00:56:43.285 | DEBUG    | utils.geo_utils:haversine_distance:20 - Haversine: (31.4743292, 73.1046958) → (31.330396, 73.0696448) = 16346.7 m
2026-03-22 00:56:43.285 | DEBUG    | utils.geo_utils:haversine_distance:20 - Haversine: (31.4743292, 73.1046958) → (31.3413852, 73.1852291) = 16641.5 m
2026-03-22 00:56:43.285 | DEBUG    | utils.geo_utils:haversine_distance:20 - Haversine: (31.4743292, 73.1046958) → (31.4000755, 73.0126538) = 12017.7 m
2026-03-22 00:56:43.285 | DEBUG    | utils.geo_utils:haversine_distance:20 - Haversine: (31.4743292, 73.1046958) → (31.527645, 73.0552285) = 7559.2 m
2026-03-22 00:56:43.285 | DEBUG    | utils.geo_utils:haversine_distance:20 - Haversine: (31.4743292, 73.1046958) → (31.3281703, 73.1302408) = 16432.0 m
2026-03-22 00:56:43.285 | DEBUG    | utils.geo_utils:haversine_distance:20 - Haversine: (31.4743292, 73.1046958) → (31.4192659, 73.0416323) = 8560.2 m
2026-03-22 00:56:43.285 | DEBUG    | utils.geo_utils:haversine_distance:20 - Haversine: (31.4743292, 73.1046958) → (31.5101284, 73.1503952) = 5884.0 m
2026-03-22 00:56:43.285 | DEBUG    | utils.geo_utils:haversine_distance:20 - Haversine: (31.4743292, 73.1046958) → (31.4641337, 73.1683411) = 6141.7 m
2026-03-22 00:56:43.285 | DEBUG    | utils.geo_utils:haversine_distance:20 - Haversine: (31.4743292, 73.1046958) → (31.3446991, 73.0585627) = 15064.4 m
2026-03-22 00:56:43.285 | DEBUG    | utils.geo_utils:haversine_distance:20 - Haversine: (31.4743292, 73.1046958) → (31.5431453, 73.1283131) = 7972.8 m
2026-03-22 00:56:43.285 | DEBUG    | utils.geo_utils:haversine_distance:20 - Haversine: (31.4743292, 73.1046958) → (31.398463, 73.0263855) = 11241.2 m
2026-03-22 00:56:43.285 | DEBUG    | utils.geo_utils:haversine_distance:20 - Haversine: (31.4743292, 73.1046958) → (31.3190478, 73.1756414) = 18533.1 m
2026-03-22 00:56:43.285 | DEBUG    | utils.geo_utils:haversine_distance:20 - Haversine: (31.4743292, 73.1046958) → (31.3557607, 73.1450675) = 13729.6 m
2026-03-22 00:56:43.285 | DEBUG    | utils.geo_utils:haversine_distance:20 - Haversine: (31.4743292, 73.1046958) → (31.4601458, 73.0666137) = 3941.1 m
2026-03-22 00:56:43.285 | DEBUG    | utils.geo_utils:haversine_distance:20 - Haversine: (31.4693742, 73.1600766) → (31.3691526, 73.0514611) = 15179.5 m
2026-03-22 00:56:43.285 | DEBUG    | utils.geo_utils:haversine_distance:20 - Haversine: (31.4693742, 73.1600766) → (31.3787188, 73.157798) = 10082.7 m
2026-03-22 00:56:43.286 | DEBUG    | utils.geo_utils:haversine_distance:20 - Haversine: (31.4693742, 73.1600766) → (31.4457694, 73.1408101) = 3198.3 m
2026-03-22 00:56:43.286 | DEBUG    | utils.geo_utils:haversine_distance:20 - Haversine: (31.4693742, 73.1600766) → (31.5487412, 73.1501112) = 8875.6 m
2026-03-22 00:56:43.286 | DEBUG    | utils.geo_utils:haversine_distance:20 - Haversine: (31.4693742, 73.1600766) → (31.3836456, 73.0640586) = 13186.1 m
2026-03-22 00:56:43.286 | DEBUG    | utils.geo_utils:haversine_distance:20 - Haversine: (31.4693742, 73.1600766) → (31.4467219, 73.1271368) = 4013.3 m
2026-03-22 00:56:43.286 | DEBUG    | utils.geo_utils:haversine_distance:20 - Haversine: (31.4693742, 73.1600766) → (31.330396, 73.0696448) = 17677.2 m
2026-03-22 00:56:43.286 | DEBUG    | utils.geo_utils:haversine_distance:20 - Haversine: (31.4693742, 73.1600766) → (31.3413852, 73.1852291) = 14430.5 m
2026-03-22 00:56:43.286 | DEBUG    | utils.geo_utils:haversine_distance:20 - Haversine: (31.4693742, 73.1600766) → (31.4000755, 73.0126538) = 15969.0 m
2026-03-22 00:56:43.286 | DEBUG    | utils.geo_utils:haversine_distance:20 - Haversine: (31.4693742, 73.1600766) → (31.527645, 73.0552285) = 11866.0 m
2026-03-22 00:56:43.286 | DEBUG    | utils.geo_utils:haversine_distance:20 - Haversine: (31.4693742, 73.1600766) → (31.3281703, 73.1302408) = 15954.5 m
2026-03-22 00:56:43.286 | DEBUG    | utils.geo_utils:haversine_distance:20 - Haversine: (31.4693742, 73.1600766) → (31.4192659, 73.0416323) = 12541.9 m
2026-03-22 00:56:43.286 | DEBUG    | utils.geo_utils:haversine_distance:20 - Haversine: (31.4693742, 73.1600766) → (31.5101284, 73.1503952) = 4623.7 m
2026-03-22 00:56:43.286 | DEBUG    | utils.geo_utils:haversine_distance:20 - Haversine: (31.4693742, 73.1600766) → (31.4641337, 73.1683411) = 976.7 m
2026-03-22 00:56:43.286 | DEBUG    | utils.geo_utils:haversine_distance:20 - Haversine: (31.4693742, 73.1600766) → (31.3446991, 73.0585627) = 16882.0 m
2026-03-22 00:56:43.286 | DEBUG    | utils.geo_utils:haversine_distance:20 - Haversine: (31.4693742, 73.1600766) → (31.5431453, 73.1283131) = 8738.2 m
2026-03-22 00:56:43.286 | DEBUG    | utils.geo_utils:haversine_distance:20 - Haversine: (31.4693742, 73.1600766) → (31.398463, 73.0263855) = 14935.2 m
2026-03-22 00:56:43.286 | DEBUG    | utils.geo_utils:haversine_distance:20 - Haversine: (31.4693742, 73.1600766) → (31.3190478, 73.1756414) = 16780.7 m
2026-03-22 00:56:43.286 | DEBUG    | utils.geo_utils:haversine_distance:20 - Haversine: (31.4693742, 73.1600766) → (31.3557607, 73.1450675) = 12713.3 m
2026-03-22 00:56:43.286 | DEBUG    | utils.geo_utils:haversine_distance:20 - Haversine: (31.4693742, 73.1600766) → (31.4601458, 73.0666137) = 8923.7 m
2026-03-22 00:56:43.286 | DEBUG    | utils.geo_utils:haversine_distance:20 - Haversine: (31.4693742, 73.1600766) → (31.4743292, 73.1046958) = 5281.0 m
2026-03-22 00:56:43.286 | DEBUG    | utils.geo_utils:haversine_distance:20 - Haversine: (31.4060883, 73.1115478) → (31.3691526, 73.0514611) = 7028.5 m
2026-03-22 00:56:43.286 | DEBUG    | utils.geo_utils:haversine_distance:20 - Haversine: (31.4060883, 73.1115478) → (31.3787188, 73.157798) = 5341.7 m
2026-03-22 00:56:43.286 | DEBUG    | utils.geo_utils:haversine_distance:20 - Haversine: (31.4060883, 73.1115478) → (31.4457694, 73.1408101) = 5213.2 m
2026-03-22 00:56:43.286 | DEBUG    | utils.geo_utils:haversine_distance:20 - Haversine: (31.4060883, 73.1115478) → (31.5487412, 73.1501112) = 16278.4 m
2026-03-22 00:56:43.286 | DEBUG    | utils.geo_utils:haversine_distance:20 - Haversine: (31.4060883, 73.1115478) → (31.3836456, 73.0640586) = 5152.2 m
2026-03-22 00:56:43.286 | DEBUG    | utils.geo_utils:haversine_distance:20 - Haversine: (31.4060883, 73.1115478) → (31.4467219, 73.1271368) = 4754.2 m
2026-03-22 00:56:43.286 | DEBUG    | utils.geo_utils:haversine_distance:20 - Haversine: (31.4060883, 73.1115478) → (31.330396, 73.0696448) = 9309.5 m
2026-03-22 00:56:43.286 | DEBUG    | utils.geo_utils:haversine_distance:20 - Haversine: (31.4060883, 73.1115478) → (31.3413852, 73.1852291) = 10034.7 m
2026-03-22 00:56:43.286 | DEBUG    | utils.geo_utils:haversine_distance:20 - Haversine: (31.4060883, 73.1115478) → (31.4000755, 73.0126538) = 9409.6 m
2026-03-22 00:56:43.286 | DEBUG    | utils.geo_utils:haversine_distance:20 - Haversine: (31.4060883, 73.1115478) → (31.527645, 73.0552285) = 14533.6 m
2026-03-22 00:56:43.286 | DEBUG    | utils.geo_utils:haversine_distance:20 - Haversine: (31.4060883, 73.1115478) → (31.3281703, 73.1302408) = 8844.0 m
2026-03-22 00:56:43.286 | DEBUG    | utils.geo_utils:haversine_distance:20 - Haversine: (31.4060883, 73.1115478) → (31.4192659, 73.0416323) = 6794.7 m
2026-03-22 00:56:43.287 | DEBUG    | utils.geo_utils:haversine_distance:20 - Haversine: (31.4060883, 73.1115478) → (31.5101284, 73.1503952) = 12141.4 m
2026-03-22 00:56:43.287 | DEBUG    | utils.geo_utils:haversine_distance:20 - Haversine: (31.4060883, 73.1115478) → (31.4641337, 73.1683411) = 8407.9 m
2026-03-22 00:56:43.287 | DEBUG    | utils.geo_utils:haversine_distance:20 - Haversine: (31.4060883, 73.1115478) → (31.3446991, 73.0585627) = 8479.3 m
2026-03-22 00:56:43.287 | DEBUG    | utils.geo_utils:haversine_distance:20 - Haversine: (31.4060883, 73.1115478) → (31.5431453, 73.1283131) = 15322.8 m
2026-03-22 00:56:43.287 | DEBUG    | utils.geo_utils:haversine_distance:20 - Haversine: (31.4060883, 73.1115478) → (31.398463, 73.0263855) = 8127.0 m
2026-03-22 00:56:43.287 | DEBUG    | utils.geo_utils:haversine_distance:20 - Haversine: (31.4060883, 73.1115478) → (31.3190478, 73.1756414) = 11432.7 m
2026-03-22 00:56:43.287 | DEBUG    | utils.geo_utils:haversine_distance:20 - Haversine: (31.4060883, 73.1115478) → (31.3557607, 73.1450675) = 6437.6 m
2026-03-22 00:56:43.287 | DEBUG    | utils.geo_utils:haversine_distance:20 - Haversine: (31.4060883, 73.1115478) → (31.4601458, 73.0666137) = 7369.3 m
2026-03-22 00:56:43.287 | DEBUG    | utils.geo_utils:haversine_distance:20 - Haversine: (31.4060883, 73.1115478) → (31.4743292, 73.1046958) = 7615.8 m
2026-03-22 00:56:43.287 | DEBUG    | utils.geo_utils:haversine_distance:20 - Haversine: (31.4060883, 73.1115478) → (31.4693742, 73.1600766) = 8409.4 m
2026-03-22 00:56:43.287 | DEBUG    | utils.geo_utils:haversine_distance:20 - Haversine: (31.4773379, 73.0052033) → (31.3691526, 73.0514611) = 12805.4 m
2026-03-22 00:56:43.287 | DEBUG    | utils.geo_utils:haversine_distance:20 - Haversine: (31.4773379, 73.0052033) → (31.3787188, 73.157798) = 18162.6 m
2026-03-22 00:56:43.287 | DEBUG    | utils.geo_utils:haversine_distance:20 - Haversine: (31.4773379, 73.0052033) → (31.4457694, 73.1408101) = 13332.5 m
2026-03-22 00:56:43.287 | DEBUG    | utils.geo_utils:haversine_distance:20 - Haversine: (31.4773379, 73.0052033) → (31.5487412, 73.1501112) = 15866.2 m
2026-03-22 00:56:43.287 | DEBUG    | utils.geo_utils:haversine_distance:20 - Haversine: (31.4773379, 73.0052033) → (31.3836456, 73.0640586) = 11820.3 m
2026-03-22 00:56:43.287 | DEBUG    | utils.geo_utils:haversine_distance:20 - Haversine: (31.4773379, 73.0052033) → (31.4467219, 73.1271368) = 12055.8 m
2026-03-22 00:56:43.287 | DEBUG    | utils.geo_utils:haversine_distance:20 - Haversine: (31.4773379, 73.0052033) → (31.330396, 73.0696448) = 17446.3 m
2026-03-22 00:56:43.287 | DEBUG    | utils.geo_utils:haversine_distance:20 - Haversine: (31.4773379, 73.0052033) → (31.3413852, 73.1852291) = 22812.6 m
2026-03-22 00:56:43.287 | DEBUG    | utils.geo_utils:haversine_distance:20 - Haversine: (31.4773379, 73.0052033) → (31.4000755, 73.0126538) = 8620.2 m
2026-03-22 00:56:43.287 | DEBUG    | utils.geo_utils:haversine_distance:20 - Haversine: (31.4773379, 73.0052033) → (31.527645, 73.0552285) = 7333.8 m
2026-03-22 00:56:43.287 | DEBUG    | utils.geo_utils:haversine_distance:20 - Haversine: (31.4773379, 73.0052033) → (31.3281703, 73.1302408) = 20394.7 m
2026-03-22 00:56:43.287 | DEBUG    | utils.geo_utils:haversine_distance:20 - Haversine: (31.4773379, 73.0052033) → (31.4192659, 73.0416323) = 7323.9 m
2026-03-22 00:56:43.287 | DEBUG    | utils.geo_utils:haversine_distance:20 - Haversine: (31.4773379, 73.0052033) → (31.5101284, 73.1503952) = 14241.1 m
2026-03-22 00:56:43.287 | DEBUG    | utils.geo_utils:haversine_distance:20 - Haversine: (31.4773379, 73.0052033) → (31.4641337, 73.1683411) = 15541.3 m
2026-03-22 00:56:43.287 | DEBUG    | utils.geo_utils:haversine_distance:20 - Haversine: (31.4773379, 73.0052033) → (31.3446991, 73.0585627) = 15593.8 m
2026-03-22 00:56:43.287 | DEBUG    | utils.geo_utils:haversine_distance:20 - Haversine: (31.4773379, 73.0052033) → (31.5431453, 73.1283131) = 13775.0 m
2026-03-22 00:56:43.287 | DEBUG    | utils.geo_utils:haversine_distance:20 - Haversine: (31.4773379, 73.0052033) → (31.398463, 73.0263855) = 8997.8 m
2026-03-22 00:56:43.287 | DEBUG    | utils.geo_utils:haversine_distance:20 - Haversine: (31.4773379, 73.0052033) → (31.3190478, 73.1756414) = 23905.7 m
2026-03-22 00:56:43.287 | DEBUG    | utils.geo_utils:haversine_distance:20 - Haversine: (31.4773379, 73.0052033) → (31.3557607, 73.1450675) = 18944.9 m
2026-03-22 00:56:43.287 | DEBUG    | utils.geo_utils:haversine_distance:20 - Haversine: (31.4773379, 73.0052033) → (31.4601458, 73.0666137) = 6129.9 m
2026-03-22 00:56:43.287 | DEBUG    | utils.geo_utils:haversine_distance:20 - Haversine: (31.4773379, 73.0052033) → (31.4743292, 73.1046958) = 9441.2 m
2026-03-22 00:56:43.288 | DEBUG    | utils.geo_utils:haversine_distance:20 - Haversine: (31.4773379, 73.0052033) → (31.4693742, 73.1600766) = 14714.3 m
2026-03-22 00:56:43.288 | DEBUG    | utils.geo_utils:haversine_distance:20 - Haversine: (31.4773379, 73.0052033) → (31.4060883, 73.1115478) = 12827.7 m
2026-03-22 00:56:43.288 | DEBUG    | utils.geo_utils:haversine_distance:20 - Haversine: (31.4766945, 73.1677037) → (31.3691526, 73.0514611) = 16268.3 m
2026-03-22 00:56:43.288 | DEBUG    | utils.geo_utils:haversine_distance:20 - Haversine: (31.4766945, 73.1677037) → (31.3787188, 73.157798) = 10934.9 m
2026-03-22 00:56:43.288 | DEBUG    | utils.geo_utils:haversine_distance:20 - Haversine: (31.4766945, 73.1677037) → (31.4457694, 73.1408101) = 4281.5 m
2026-03-22 00:56:43.288 | DEBUG    | utils.geo_utils:haversine_distance:20 - Haversine: (31.4766945, 73.1677037) → (31.5487412, 73.1501112) = 8183.0 m
2026-03-22 00:56:43.288 | DEBUG    | utils.geo_utils:haversine_distance:20 - Haversine: (31.4766945, 73.1677037) → (31.3836456, 73.0640586) = 14274.3 m
2026-03-22 00:56:43.288 | DEBUG    | utils.geo_utils:haversine_distance:20 - Haversine: (31.4766945, 73.1677037) → (31.4467219, 73.1271368) = 5090.4 m
2026-03-22 00:56:43.288 | DEBUG    | utils.geo_utils:haversine_distance:20 - Haversine: (31.4766945, 73.1677037) → (31.330396, 73.0696448) = 18741.6 m
2026-03-22 00:56:43.288 | DEBUG    | utils.geo_utils:haversine_distance:20 - Haversine: (31.4766945, 73.1677037) → (31.3413852, 73.1852291) = 15137.4 m
2026-03-22 00:56:43.288 | DEBUG    | utils.geo_utils:haversine_distance:20 - Haversine: (31.4766945, 73.1677037) → (31.4000755, 73.0126538) = 16998.9 m
2026-03-22 00:56:43.288 | DEBUG    | utils.geo_utils:haversine_distance:20 - Haversine: (31.4766945, 73.1677037) → (31.527645, 73.0552285) = 12075.0 m
2026-03-22 00:56:43.288 | DEBUG    | utils.geo_utils:haversine_distance:20 - Haversine: (31.4766945, 73.1677037) → (31.3281703, 73.1302408) = 16893.5 m
2026-03-22 00:56:43.288 | DEBUG    | utils.geo_utils:haversine_distance:20 - Haversine: (31.4766945, 73.1677037) → (31.4192659, 73.0416323) = 13557.5 m
2026-03-22 00:56:43.288 | DEBUG    | utils.geo_utils:haversine_distance:20 - Haversine: (31.4766945, 73.1677037) → (31.5101284, 73.1503952) = 4063.8 m
2026-03-22 00:56:43.288 | DEBUG    | utils.geo_utils:haversine_distance:20 - Haversine: (31.4766945, 73.1677037) → (31.4641337, 73.1683411) = 1398.0 m
2026-03-22 00:56:43.288 | DEBUG    | utils.geo_utils:haversine_distance:20 - Haversine: (31.4766945, 73.1677037) → (31.3446991, 73.0585627) = 17963.8 m
2026-03-22 00:56:43.288 | DEBUG    | utils.geo_utils:haversine_distance:20 - Haversine: (31.4766945, 73.1677037) → (31.5431453, 73.1283131) = 8279.0 m
2026-03-22 00:56:43.288 | DEBUG    | utils.geo_utils:haversine_distance:20 - Haversine: (31.4766945, 73.1677037) → (31.398463, 73.0263855) = 15982.0 m
2026-03-22 00:56:43.288 | DEBUG    | utils.geo_utils:haversine_distance:20 - Haversine: (31.4766945, 73.1677037) → (31.3190478, 73.1756414) = 17545.7 m
2026-03-22 00:56:43.288 | DEBUG    | utils.geo_utils:haversine_distance:20 - Haversine: (31.4766945, 73.1677037) → (31.3557607, 73.1450675) = 13617.7 m
2026-03-22 00:56:43.288 | DEBUG    | utils.geo_utils:haversine_distance:20 - Haversine: (31.4766945, 73.1677037) → (31.4601458, 73.0666137) = 9762.5 m
2026-03-22 00:56:43.288 | DEBUG    | utils.geo_utils:haversine_distance:20 - Haversine: (31.4766945, 73.1677037) → (31.4743292, 73.1046958) = 5981.1 m
2026-03-22 00:56:43.288 | DEBUG    | utils.geo_utils:haversine_distance:20 - Haversine: (31.4766945, 73.1677037) → (31.4693742, 73.1600766) = 1088.9 m
2026-03-22 00:56:43.288 | DEBUG    | utils.geo_utils:haversine_distance:20 - Haversine: (31.4766945, 73.1677037) → (31.4060883, 73.1115478) = 9487.9 m
2026-03-22 00:56:43.288 | DEBUG    | utils.geo_utils:haversine_distance:20 - Haversine: (31.4766945, 73.1677037) → (31.4773379, 73.0052033) = 15410.5 m
2026-03-22 00:56:43.288 | DEBUG    | utils.geo_utils:haversine_distance:20 - Haversine: (31.504101, 73.1583633) → (31.3691526, 73.0514611) = 18111.6 m
2026-03-22 00:56:43.289 | DEBUG    | utils.geo_utils:haversine_distance:20 - Haversine: (31.504101, 73.1583633) → (31.3787188, 73.157798) = 13942.0 m
2026-03-22 00:56:43.289 | DEBUG    | utils.geo_utils:haversine_distance:20 - Haversine: (31.504101, 73.1583633) → (31.4457694, 73.1408101) = 6696.4 m
2026-03-22 00:56:43.289 | DEBUG    | utils.geo_utils:haversine_distance:20 - Haversine: (31.504101, 73.1583633) → (31.5487412, 73.1501112) = 5025.0 m
2026-03-22 00:56:43.289 | DEBUG    | utils.geo_utils:haversine_distance:20 - Haversine: (31.504101, 73.1583633) → (31.3836456, 73.0640586) = 16107.0 m
2026-03-22 00:56:43.289 | DEBUG    | utils.geo_utils:haversine_distance:20 - Haversine: (31.504101, 73.1583633) → (31.4467219, 73.1271368) = 7034.0 m
2026-03-22 00:56:43.289 | DEBUG    | utils.geo_utils:haversine_distance:20 - Haversine: (31.504101, 73.1583633) → (31.330396, 73.0696448) = 21070.1 m
2026-03-22 00:56:43.289 | DEBUG    | utils.geo_utils:haversine_distance:20 - Haversine: (31.504101, 73.1583633) → (31.3413852, 73.1852291) = 18271.9 m
2026-03-22 00:56:43.289 | DEBUG    | utils.geo_utils:haversine_distance:20 - Haversine: (31.504101, 73.1583633) → (31.4000755, 73.0126538) = 18023.2 m
2026-03-22 00:56:43.289 | DEBUG    | utils.geo_utils:haversine_distance:20 - Haversine: (31.504101, 73.1583633) → (31.527645, 73.0552285) = 10120.9 m
2026-03-22 00:56:43.289 | DEBUG    | utils.geo_utils:haversine_distance:20 - Haversine: (31.504101, 73.1583633) → (31.3281703, 73.1302408) = 19743.8 m
2026-03-22 00:56:43.289 | DEBUG    | utils.geo_utils:haversine_distance:20 - Haversine: (31.504101, 73.1583633) → (31.4192659, 73.0416323) = 14545.4 m
2026-03-22 00:56:43.289 | DEBUG    | utils.geo_utils:haversine_distance:20 - Haversine: (31.504101, 73.1583633) → (31.5101284, 73.1503952) = 1009.9 m
2026-03-22 00:56:43.290 | DEBUG    | utils.geo_utils:haversine_distance:20 - Haversine: (31.504101, 73.1583633) → (31.4641337, 73.1683411) = 4543.8 m
2026-03-22 00:56:43.290 | DEBUG    | utils.geo_utils:haversine_distance:20 - Haversine: (31.504101, 73.1583633) → (31.3446991, 73.0585627) = 20095.7 m
2026-03-22 00:56:43.290 | DEBUG    | utils.geo_utils:haversine_distance:20 - Haversine: (31.504101, 73.1583633) → (31.5431453, 73.1283131) = 5192.5 m
2026-03-22 00:56:43.290 | DEBUG    | utils.geo_utils:haversine_distance:20 - Haversine: (31.504101, 73.1583633) → (31.398463, 73.0263855) = 17167.1 m
2026-03-22 00:56:43.290 | DEBUG    | utils.geo_utils:haversine_distance:20 - Haversine: (31.504101, 73.1583633) → (31.3190478, 73.1756414) = 20642.2 m
2026-03-22 00:56:43.290 | DEBUG    | utils.geo_utils:haversine_distance:20 - Haversine: (31.504101, 73.1583633) → (31.3557607, 73.1450675) = 16542.9 m
2026-03-22 00:56:43.290 | DEBUG    | utils.geo_utils:haversine_distance:20 - Haversine: (31.504101, 73.1583633) → (31.4601458, 73.0666137) = 9979.2 m
2026-03-22 00:56:43.290 | DEBUG    | utils.geo_utils:haversine_distance:20 - Haversine: (31.504101, 73.1583633) → (31.4743292, 73.1046958) = 6070.8 m
2026-03-22 00:56:43.290 | DEBUG    | utils.geo_utils:haversine_distance:20 - Haversine: (31.504101, 73.1583633) → (31.4693742, 73.1600766) = 3864.9 m
2026-03-22 00:56:43.290 | DEBUG    | utils.geo_utils:haversine_distance:20 - Haversine: (31.504101, 73.1583633) → (31.4060883, 73.1115478) = 11768.5 m
2026-03-22 00:56:43.290 | DEBUG    | utils.geo_utils:haversine_distance:20 - Haversine: (31.504101, 73.1583633) → (31.4773379, 73.0052033) = 14824.2 m
2026-03-22 00:56:43.290 | DEBUG    | utils.geo_utils:haversine_distance:20 - Haversine: (31.504101, 73.1583633) → (31.4766945, 73.1677037) = 3173.5 m
2026-03-22 00:56:43.290 | DEBUG    | utils.geo_utils:haversine_distance:20 - Haversine: (31.3907077, 73.1897443) → (31.3691526, 73.0514611) = 13344.3 m
2026-03-22 00:56:43.290 | DEBUG    | utils.geo_utils:haversine_distance:20 - Haversine: (31.3907077, 73.1897443) → (31.3787188, 73.157798) = 3312.6 m
2026-03-22 00:56:43.290 | DEBUG    | utils.geo_utils:haversine_distance:20 - Haversine: (31.3907077, 73.1897443) → (31.4457694, 73.1408101) = 7684.3 m
2026-03-22 00:56:43.290 | DEBUG    | utils.geo_utils:haversine_distance:20 - Haversine: (31.3907077, 73.1897443) → (31.5487412, 73.1501112) = 17970.0 m
2026-03-22 00:56:43.290 | DEBUG    | utils.geo_utils:haversine_distance:20 - Haversine: (31.3907077, 73.1897443) → (31.3836456, 73.0640586) = 11956.3 m
2026-03-22 00:56:43.290 | DEBUG    | utils.geo_utils:haversine_distance:20 - Haversine: (31.3907077, 73.1897443) → (31.4467219, 73.1271368) = 8607.5 m
2026-03-22 00:56:43.291 | DEBUG    | utils.geo_utils:haversine_distance:20 - Haversine: (31.3907077, 73.1897443) → (31.330396, 73.0696448) = 13229.3 m
2026-03-22 00:56:43.291 | DEBUG    | utils.geo_utils:haversine_distance:20 - Haversine: (31.3907077, 73.1897443) → (31.3413852, 73.1852291) = 5501.1 m
2026-03-22 00:56:43.291 | DEBUG    | utils.geo_utils:haversine_distance:20 - Haversine: (31.3907077, 73.1897443) → (31.4000755, 73.0126538) = 16840.8 m
2026-03-22 00:56:43.291 | DEBUG    | utils.geo_utils:haversine_distance:20 - Haversine: (31.3907077, 73.1897443) → (31.527645, 73.0552285) = 19865.6 m
2026-03-22 00:56:43.291 | DEBUG    | utils.geo_utils:haversine_distance:20 - Haversine: (31.3907077, 73.1897443) → (31.3281703, 73.1302408) = 8959.8 m
2026-03-22 00:56:43.291 | DEBUG    | utils.geo_utils:haversine_distance:20 - Haversine: (31.3907077, 73.1897443) → (31.4192659, 73.0416323) = 14410.9 m
2026-03-22 00:56:43.291 | DEBUG    | utils.geo_utils:haversine_distance:20 - Haversine: (31.3907077, 73.1897443) → (31.5101284, 73.1503952) = 13793.6 m
2026-03-22 00:56:43.291 | DEBUG    | utils.geo_utils:haversine_distance:20 - Haversine: (31.3907077, 73.1897443) → (31.4641337, 73.1683411) = 8413.4 m
2026-03-22 00:56:43.291 | DEBUG    | utils.geo_utils:haversine_distance:20 - Haversine: (31.3907077, 73.1897443) → (31.3446991, 73.0585627) = 13464.6 m
2026-03-22 00:56:43.291 | DEBUG    | utils.geo_utils:haversine_distance:20 - Haversine: (31.3907077, 73.1897443) → (31.5431453, 73.1283131) = 17923.7 m
2026-03-22 00:56:43.291 | DEBUG    | utils.geo_utils:haversine_distance:20 - Haversine: (31.3907077, 73.1897443) → (31.398463, 73.0263855) = 15529.3 m
2026-03-22 00:56:43.291 | DEBUG    | utils.geo_utils:haversine_distance:20 - Haversine: (31.3907077, 73.1897443) → (31.3190478, 73.1756414) = 8080.0 m
2026-03-22 00:56:43.291 | DEBUG    | utils.geo_utils:haversine_distance:20 - Haversine: (31.3907077, 73.1897443) → (31.3557607, 73.1450675) = 5752.5 m
2026-03-22 00:56:43.291 | DEBUG    | utils.geo_utils:haversine_distance:20 - Haversine: (31.3907077, 73.1897443) → (31.4601458, 73.0666137) = 14004.1 m
2026-03-22 00:56:43.291 | DEBUG    | utils.geo_utils:haversine_distance:20 - Haversine: (31.3907077, 73.1897443) → (31.4743292, 73.1046958) = 12311.4 m
2026-03-22 00:56:43.291 | DEBUG    | utils.geo_utils:haversine_distance:20 - Haversine: (31.3907077, 73.1897443) → (31.4693742, 73.1600766) = 9189.1 m
2026-03-22 00:56:43.291 | DEBUG    | utils.geo_utils:haversine_distance:20 - Haversine: (31.3907077, 73.1897443) → (31.4060883, 73.1115478) = 7616.3 m
2026-03-22 00:56:43.291 | DEBUG    | utils.geo_utils:haversine_distance:20 - Haversine: (31.3907077, 73.1897443) → (31.4773379, 73.0052033) = 19983.5 m
2026-03-22 00:56:43.291 | DEBUG    | utils.geo_utils:haversine_distance:20 - Haversine: (31.3907077, 73.1897443) → (31.4766945, 73.1677037) = 9787.3 m
2026-03-22 00:56:43.291 | DEBUG    | utils.geo_utils:haversine_distance:20 - Haversine: (31.3907077, 73.1897443) → (31.504101, 73.1583633) = 12955.4 m
2026-03-22 00:56:43.291 | DEBUG    | utils.geo_utils:haversine_distance:20 - Haversine: (31.4052045, 73.0873694) → (31.3691526, 73.0514611) = 5262.0 m
2026-03-22 00:56:43.291 | DEBUG    | utils.geo_utils:haversine_distance:20 - Haversine: (31.4052045, 73.0873694) → (31.3787188, 73.157798) = 7305.0 m
2026-03-22 00:56:43.291 | DEBUG    | utils.geo_utils:haversine_distance:20 - Haversine: (31.4052045, 73.0873694) → (31.4457694, 73.1408101) = 6786.6 m
2026-03-22 00:56:43.291 | DEBUG    | utils.geo_utils:haversine_distance:20 - Haversine: (31.4052045, 73.0873694) → (31.5487412, 73.1501112) = 17033.5 m
2026-03-22 00:56:43.291 | DEBUG    | utils.geo_utils:haversine_distance:20 - Haversine: (31.4052045, 73.0873694) → (31.3836456, 73.0640586) = 3262.2 m
2026-03-22 00:56:43.291 | DEBUG    | utils.geo_utils:haversine_distance:20 - Haversine: (31.4052045, 73.0873694) → (31.4467219, 73.1271368) = 5962.4 m
2026-03-22 00:56:43.291 | DEBUG    | utils.geo_utils:haversine_distance:20 - Haversine: (31.4052045, 73.0873694) → (31.330396, 73.0696448) = 8486.8 m
2026-03-22 00:56:43.292 | DEBUG    | utils.geo_utils:haversine_distance:20 - Haversine: (31.4052045, 73.0873694) → (31.3413852, 73.1852291) = 11690.7 m
2026-03-22 00:56:43.292 | DEBUG    | utils.geo_utils:haversine_distance:20 - Haversine: (31.4052045, 73.0873694) → (31.4000755, 73.0126538) = 7114.0 m
2026-03-22 00:56:43.292 | DEBUG    | utils.geo_utils:haversine_distance:20 - Haversine: (31.4052045, 73.0873694) → (31.527645, 73.0552285) = 13951.9 m
2026-03-22 00:56:43.292 | DEBUG    | utils.geo_utils:haversine_distance:20 - Haversine: (31.4052045, 73.0873694) → (31.3281703, 73.1302408) = 9483.7 m
2026-03-22 00:56:43.292 | DEBUG    | utils.geo_utils:haversine_distance:20 - Haversine: (31.4052045, 73.0873694) → (31.4192659, 73.0416323) = 4613.4 m
2026-03-22 00:56:43.292 | DEBUG    | utils.geo_utils:haversine_distance:20 - Haversine: (31.4052045, 73.0873694) → (31.5101284, 73.1503952) = 13109.4 m
2026-03-22 00:56:43.292 | DEBUG    | utils.geo_utils:haversine_distance:20 - Haversine: (31.4052045, 73.0873694) → (31.4641337, 73.1683411) = 10097.2 m
2026-03-22 00:56:43.292 | DEBUG    | utils.geo_utils:haversine_distance:20 - Haversine: (31.4052045, 73.0873694) → (31.3446991, 73.0585627) = 7262.5 m
2026-03-22 00:56:43.292 | DEBUG    | utils.geo_utils:haversine_distance:20 - Haversine: (31.4052045, 73.0873694) → (31.5431453, 73.1283131) = 15822.2 m
2026-03-22 00:56:43.292 | DEBUG    | utils.geo_utils:haversine_distance:20 - Haversine: (31.4052045, 73.0873694) → (31.398463, 73.0263855) = 5836.2 m
2026-03-22 00:56:43.292 | DEBUG    | utils.geo_utils:haversine_distance:20 - Haversine: (31.4052045, 73.0873694) → (31.3190478, 73.1756414) = 12729.0 m
2026-03-22 00:56:43.292 | DEBUG    | utils.geo_utils:haversine_distance:20 - Haversine: (31.4052045, 73.0873694) → (31.3557607, 73.1450675) = 7760.6 m
2026-03-22 00:56:43.292 | DEBUG    | utils.geo_utils:haversine_distance:20 - Haversine: (31.4052045, 73.0873694) → (31.4601458, 73.0666137) = 6418.7 m
2026-03-22 00:56:43.292 | DEBUG    | utils.geo_utils:haversine_distance:20 - Haversine: (31.4052045, 73.0873694) → (31.4743292, 73.1046958) = 7860.1 m
2026-03-22 00:56:43.292 | DEBUG    | utils.geo_utils:haversine_distance:20 - Haversine: (31.4052045, 73.0873694) → (31.4693742, 73.1600766) = 9924.4 m
2026-03-22 00:56:43.292 | DEBUG    | utils.geo_utils:haversine_distance:20 - Haversine: (31.4052045, 73.0873694) → (31.4060883, 73.1115478) = 2296.7 m
2026-03-22 00:56:43.292 | DEBUG    | utils.geo_utils:haversine_distance:20 - Haversine: (31.4052045, 73.0873694) → (31.4773379, 73.0052033) = 11184.6 m
2026-03-22 00:56:43.292 | DEBUG    | utils.geo_utils:haversine_distance:20 - Haversine: (31.4052045, 73.0873694) → (31.4766945, 73.1677037) = 11012.5 m
2026-03-22 00:56:43.292 | DEBUG    | utils.geo_utils:haversine_distance:20 - Haversine: (31.4052045, 73.0873694) → (31.504101, 73.1583633) = 12894.9 m
2026-03-22 00:56:43.292 | DEBUG    | utils.geo_utils:haversine_distance:20 - Haversine: (31.4052045, 73.0873694) → (31.3907077, 73.1897443) = 9849.5 m
2026-03-22 00:56:43.292 | INFO     | data_pipeline.stop_builder:merge_nearby_stops:91 - Merged stops:
2026-03-22 00:56:43.293 | INFO     | data_pipeline.stop_builder:merge_nearby_stops:92 -   Before merge: 30 stops
2026-03-22 00:56:43.293 | INFO     | data_pipeline.stop_builder:merge_nearby_stops:93 -   After merge : 28 stops (merged 2 pairs/groups)
2026-03-22 00:56:43.293 | DEBUG    | data_pipeline.stop_builder:merge_nearby_stops:95 - First few merged stops: [{'student_id': '3CNKLBNknvMId9G9MJ1cVoQjkpw2', 'name': 'Test Student 12', 'roll_no': 'TEST-4382', 'lat': 31.3691526, 'lng': 73.0514611, 'student_count': 1, 'contact': '03597900028', 'semester': 'Spring 2026', 'fee_status': 'unpaid', 'registration_status': 'pending', 'original_lat': 31.369289, 'original_lng': 73.051406, 'snap_distance_m': 16.04, 'merged_student_ids': ['3CNKLBNknvMId9G9MJ1cVoQjkpw2']}, {'student_id': '61fbjUraIhPuzNx8BY68aYewSG02', 'name': 'Test Student 28', 'roll_no': 'TEST-7403', 'lat': 31.3787188, 'lng': 73.157798, 'student_count': 1, 'contact': '03344993000', 'semester': 'Spring 2026', 'fee_status': 'unpaid', 'registration_status': 'pending', 'original_lat': 31.380283, 'original_lng': 73.159195, 'snap_distance_m': 218.72, 'merged_student_ids': ['61fbjUraIhPuzNx8BY68aYewSG02']}, {'student_id': '7DxKX1nW4ZdeWHKXM2Vf5OIfGvr1', 'name': 'Test Student 10', 'roll_no': 'TEST-9142', 'lat': 31.4457694, 'lng': 73.1408101, 'student_count': 1, 'contact': '03537549971', 'semester': 'Spring 2026', 'fee_status': 'unpaid', 'registration_status': 'pending', 'original_lat': 31.446304, 'original_lng': 73.140169, 'snap_distance_m': 85.04, 'merged_student_ids': ['7DxKX1nW4ZdeWHKXM2Vf5OIfGvr1']}]
2026-03-22 00:56:44.879 | INFO     | clustering.stop_clustering:cluster_stops:45 - Clustered into 3 buses (capacity 10):
2026-03-22 00:56:44.879 | INFO     | clustering.stop_clustering:cluster_stops:48 -   Bus 0: 6 stops, 7 students
2026-03-22 00:56:44.880 | INFO     | clustering.stop_clustering:cluster_stops:48 -   Bus 1: 11 stops, 12 students
2026-03-22 00:56:44.880 | INFO     | clustering.stop_clustering:cluster_stops:48 -   Bus 2: 11 stops, 11 students
2026-03-22 00:56:46.810 | INFO     | optimization.tsp_solver:get_road_distance_matrix:38 - ORS matrix computed: 7x7
2026-03-22 00:57:01.840 | INFO     | optimization.tsp_solver:solve_tsp:123 - TSP solved: 6 stops, distance 33064 m, objective 33064
2026-03-22 00:57:01.840 | DEBUG    | optimization.tsp_solver:solve_tsp:124 - Order: ['unknown', 'unknown', 'unknown', 'unknown', 'unknown', 'unknown']
2026-03-22 00:57:01.841 | DEBUG    | optimization.route_generator:generate_route_path:57 - Requesting ORS route with 7 waypoints
2026-03-22 00:57:02.927 | INFO     | optimization.route_generator:generate_route_path:74 - ORS route generated successfully (bug-free)
2026-03-22 00:57:02.927 | INFO     | optimization.route_generator:generate_route_path:75 -   Waypoints: 6 stops → University
2026-03-22 00:57:02.928 | INFO     | optimization.route_generator:generate_route_path:76 -   Distance: 58.93 km
2026-03-22 00:57:02.928 | INFO     | optimization.route_generator:generate_route_path:77 -   Duration: 1.20 h (72 min)
2026-03-22 00:57:02.928 | DEBUG    | optimization.route_generator:generate_route_path:78 - Geometry sample (first 3 & last 3): [[73.157798, 31.378719], [73.16044, 31.376661], [73.161875, 31.375597]] ... [[73.03447, 31.602425], [73.034742, 31.602694], [73.034832, 31.602523]]
2026-03-22 00:57:02.930 | INFO     | optimization.store_routes:compute_fee_per_student:32 - Fee calc: 40412 PKR/student | dist=58.9km | students=7
2026-03-22 00:57:03.735 | DEBUG    | optimization.store_routes:reverse_geocode_stop_name:176 - Stop name resolved: (31.3787, 73.1578) → 'Punjab Social Security Housing Colony'
2026-03-22 00:57:06.541 | DEBUG    | optimization.store_routes:store_optimized_routes:269 - Assigned seat S1 to student 61fbjUraIhPuzNx8BY68aYewSG02
2026-03-22 00:57:07.080 | DEBUG    | optimization.store_routes:store_optimized_routes:295 - Stored stop R1_stop1 | name='Punjab Social Security Housing Colony' | route=R1
2026-03-22 00:57:10.273 | DEBUG    | optimization.store_routes:reverse_geocode_stop_name:176 - Stop name resolved: (31.3907, 73.1897) → 'Faisalabad–Jaranwala Road, Makkuana'
2026-03-22 00:57:10.807 | DEBUG    | optimization.store_routes:store_optimized_routes:269 - Assigned seat S2 to student vjz604g8oKerN5zBKZ7mU7mG2M03
2026-03-22 00:57:13.079 | DEBUG    | optimization.store_routes:store_optimized_routes:295 - Stored stop R1_stop2 | name='Faisalabad–Jaranwala Road, Makkuana' | route=R1
2026-03-22 00:57:15.356 | DEBUG    | optimization.store_routes:reverse_geocode_stop_name:176 - Stop name resolved: (31.3414, 73.1852) → 'Khojewala'
2026-03-22 00:57:15.886 | DEBUG    | optimization.store_routes:store_optimized_routes:269 - Assigned seat S3 to student KSn42uZ4dDaMueZxSsk9yyYYMbU2
2026-03-22 00:57:18.131 | DEBUG    | optimization.store_routes:store_optimized_routes:269 - Assigned seat S4 to student SF9XoWomQLQm1mkqTnpp8bDSyxG3
2026-03-22 00:57:18.690 | DEBUG    | optimization.store_routes:store_optimized_routes:295 - Stored stop R1_stop3 | name='Khojewala' | route=R1
2026-03-22 00:57:20.058 | DEBUG    | optimization.store_routes:reverse_geocode_stop_name:176 - Stop name resolved: (31.3190, 73.1756) → 'Chak 75 GB'
2026-03-22 00:57:20.966 | DEBUG    | optimization.store_routes:store_optimized_routes:269 - Assigned seat S5 to student XmlYR1ejNvTp0enFtavXMQRl9l62
2026-03-22 00:57:22.902 | DEBUG    | optimization.store_routes:store_optimized_routes:295 - Stored stop R1_stop4 | name='Chak 75 GB' | route=R1
2026-03-22 00:57:24.227 | DEBUG    | optimization.store_routes:reverse_geocode_stop_name:176 - Stop name resolved: (31.3282, 73.1302) → 'Faisalabad District'
2026-03-22 00:57:24.769 | DEBUG    | optimization.store_routes:store_optimized_routes:269 - Assigned seat S6 to student Os55fn9jigeXpNaUlGTOSD1kzUH3
2026-03-22 00:57:27.041 | DEBUG    | optimization.store_routes:store_optimized_routes:295 - Stored stop R1_stop5 | name='Faisalabad District' | route=R1
2026-03-22 00:57:28.433 | DEBUG    | optimization.store_routes:reverse_geocode_stop_name:176 - Stop name resolved: (31.3558, 73.1451) → 'Satiana Road'
2026-03-22 00:57:28.961 | DEBUG    | optimization.store_routes:store_optimized_routes:269 - Assigned seat S7 to student XuCFaAxIj3RH4cDaJKu6xmWSwfi1
2026-03-22 00:57:29.952 | DEBUG    | optimization.store_routes:store_optimized_routes:295 - Stored stop R1_stop6 | name='Satiana Road' | route=R1
2026-03-22 00:57:31.225 | INFO     | optimization.store_routes:store_optimized_routes:319 - Stored route route_0 (R1): 6 stops, 58.93 km
2026-03-22 00:57:32.077 | INFO     | optimization.tsp_solver:get_road_distance_matrix:38 - ORS matrix computed: 12x12
2026-03-22 00:57:47.080 | INFO     | optimization.tsp_solver:solve_tsp:123 - TSP solved: 11 stops, distance 60287 m, objective 60287
2026-03-22 00:57:47.080 | DEBUG    | optimization.tsp_solver:solve_tsp:124 - Order: ['unknown', 'unknown', 'unknown', 'unknown', 'unknown', 'unknown', 'unknown', 'unknown', 'unknown', 'unknown', 'unknown']
2026-03-22 00:57:47.081 | DEBUG    | optimization.route_generator:generate_route_path:57 - Requesting ORS route with 12 waypoints
2026-03-22 00:57:48.086 | INFO     | optimization.route_generator:generate_route_path:74 - ORS route generated successfully (bug-free)
2026-03-22 00:57:48.087 | INFO     | optimization.route_generator:generate_route_path:75 -   Waypoints: 11 stops → University
2026-03-22 00:57:48.087 | INFO     | optimization.route_generator:generate_route_path:76 -   Distance: 81.84 km
2026-03-22 00:57:48.087 | INFO     | optimization.route_generator:generate_route_path:77 -   Duration: 1.68 h (101 min)
2026-03-22 00:57:48.087 | DEBUG    | optimization.route_generator:generate_route_path:78 - Geometry sample (first 3 & last 3): [[73.14081, 31.445769], [73.14365, 31.447906], [73.145117, 31.448895]] ... [[73.03447, 31.602425], [73.034742, 31.602694], [73.034832, 31.602523]]
2026-03-22 00:57:48.089 | INFO     | optimization.store_routes:compute_fee_per_student:32 - Fee calc: 32738 PKR/student | dist=81.8km | students=12
2026-03-22 00:57:48.403 | DEBUG    | optimization.store_routes:reverse_geocode_stop_name:176 - Stop name resolved: (31.4458, 73.1408) → 'West Canal Expressway, Faisalabad City Tehsil'
2026-03-22 00:57:48.935 | DEBUG    | optimization.store_routes:store_optimized_routes:269 - Assigned seat S1 to student 7DxKX1nW4ZdeWHKXM2Vf5OIfGvr1
2026-03-22 00:57:49.474 | DEBUG    | optimization.store_routes:store_optimized_routes:295 - Stored stop R2_stop1 | name='West Canal Expressway, Faisalabad City Tehsil' | route=R2
2026-03-22 00:57:50.798 | DEBUG    | optimization.store_routes:reverse_geocode_stop_name:176 - Stop name resolved: (31.4641, 73.1683) → 'Faisal Gardens, Faisalabad City Tehsil'
2026-03-22 00:57:51.331 | DEBUG    | optimization.store_routes:store_optimized_routes:269 - Assigned seat S2 to student UpNOyWoNcXaW1O5jadyyddeniWj2
2026-03-22 00:57:51.864 | DEBUG    | optimization.store_routes:store_optimized_routes:295 - Stored stop R2_stop2 | name='Faisal Gardens, Faisalabad City Tehsil' | route=R2
2026-03-22 00:57:53.249 | DEBUG    | optimization.store_routes:reverse_geocode_stop_name:176 - Stop name resolved: (31.4694, 73.1601) → 'Bagewal Road, Faisalabad City Tehsil'
2026-03-22 00:57:53.800 | DEBUG    | optimization.store_routes:store_optimized_routes:269 - Assigned seat S3 to student qwxNS37KPQSeME1Rb86ZDMnXjYX2
2026-03-22 00:57:54.325 | DEBUG    | optimization.store_routes:store_optimized_routes:295 - Stored stop R2_stop3 | name='Bagewal Road, Faisalabad City Tehsil' | route=R2
2026-03-22 00:57:55.878 | DEBUG    | optimization.store_routes:reverse_geocode_stop_name:176 - Stop name resolved: (31.4767, 73.1677) → 'Bagewal Road, Sabina Town'
2026-03-22 00:57:56.429 | DEBUG    | optimization.store_routes:store_optimized_routes:269 - Assigned seat S4 to student unEE7hJDp7cMFEu2M568RmrtWRq2
2026-03-22 00:57:58.678 | DEBUG    | optimization.store_routes:store_optimized_routes:295 - Stored stop R2_stop4 | name='Bagewal Road, Sabina Town' | route=R2
2026-03-22 00:58:00.275 | DEBUG    | optimization.store_routes:reverse_geocode_stop_name:176 - Stop name resolved: (31.5041, 73.1584) → 'Faisalabad District'
2026-03-22 00:58:00.861 | DEBUG    | optimization.store_routes:store_optimized_routes:269 - Assigned seat S5 to student vQHRPPdjWmTjASjEQvAqjzPhHdm2
2026-03-22 00:58:01.885 | DEBUG    | optimization.store_routes:store_optimized_routes:295 - Stored stop R2_stop5 | name='Faisalabad District' | route=R2
2026-03-22 00:58:03.346 | DEBUG    | optimization.store_routes:reverse_geocode_stop_name:176 - Stop name resolved: (31.5101, 73.1504) → 'Faisalabad District'
2026-03-22 00:58:03.902 | DEBUG    | optimization.store_routes:store_optimized_routes:269 - Assigned seat S6 to student SXxBaOHsDPhcbAy5QSfe0NZxZM83
2026-03-22 00:58:04.465 | DEBUG    | optimization.store_routes:store_optimized_routes:295 - Stored stop R2_stop6 | name='Faisalabad District' | route=R2
2026-03-22 00:58:05.790 | DEBUG    | optimization.store_routes:reverse_geocode_stop_name:176 - Stop name resolved: (31.5487, 73.1501) → 'Faisalabad Bypass'
2026-03-22 00:58:06.325 | DEBUG    | optimization.store_routes:store_optimized_routes:269 - Assigned seat S7 to student DS0YCp1l3RXIwCBzxzmEzv99Zii1
2026-03-22 00:58:06.856 | DEBUG    | optimization.store_routes:store_optimized_routes:295 - Stored stop R2_stop7 | name='Faisalabad Bypass' | route=R2
2026-03-22 00:58:08.262 | DEBUG    | optimization.store_routes:reverse_geocode_stop_name:176 - Stop name resolved: (31.5276, 73.0552) → 'Faisalabad District'
2026-03-22 00:58:08.793 | DEBUG    | optimization.store_routes:store_optimized_routes:269 - Assigned seat S8 to student NkZ3VPHBNtS3wxSmCjfBkRWPaZQ2
2026-03-22 00:58:09.332 | DEBUG    | optimization.store_routes:store_optimized_routes:295 - Stored stop R2_stop8 | name='Faisalabad District' | route=R2
2026-03-22 00:58:10.706 | DEBUG    | optimization.store_routes:reverse_geocode_stop_name:176 - Stop name resolved: (31.5431, 73.1283) → 'Dialgarh'
2026-03-22 00:58:11.231 | DEBUG    | optimization.store_routes:store_optimized_routes:269 - Assigned seat S9 to student VMbnLGOyDuRi41R8XPG6toeooJt1
2026-03-22 00:58:11.751 | DEBUG    | optimization.store_routes:store_optimized_routes:269 - Assigned seat S10 to student e3D31VgcVrXKjMfjS13MWcxDZgi1
2026-03-22 00:58:12.281 | DEBUG    | optimization.store_routes:store_optimized_routes:295 - Stored stop R2_stop9 | name='Dialgarh' | route=R2
2026-03-22 00:58:13.741 | DEBUG    | optimization.store_routes:reverse_geocode_stop_name:176 - Stop name resolved: (31.4743, 73.1047) → 'Millat Road, Faisalabad City Tehsil'
2026-03-22 00:58:14.280 | DEBUG    | optimization.store_routes:store_optimized_routes:269 - Assigned seat S11 to student n5w74mESTuV3BSMbnAo4AqNZ3oT2
2026-03-22 00:58:14.797 | DEBUG    | optimization.store_routes:store_optimized_routes:295 - Stored stop R2_stop10 | name='Millat Road, Faisalabad City Tehsil' | route=R2
2026-03-22 00:58:16.132 | DEBUG    | optimization.store_routes:reverse_geocode_stop_name:176 - Stop name resolved: (31.4467, 73.1271) → 'Kashmir Road, Faisalabad City Tehsil'
2026-03-22 00:58:16.659 | DEBUG    | optimization.store_routes:store_optimized_routes:269 - Assigned seat S12 to student GydB2I2Y0Ec14olrl5Hbtm8ziZF3
2026-03-22 00:58:17.191 | DEBUG    | optimization.store_routes:store_optimized_routes:295 - Stored stop R2_stop11 | name='Kashmir Road, Faisalabad City Tehsil' | route=R2
2026-03-22 00:58:18.222 | INFO     | optimization.store_routes:store_optimized_routes:319 - Stored route route_1 (R2): 11 stops, 81.84 km
2026-03-22 00:58:19.027 | INFO     | optimization.tsp_solver:get_road_distance_matrix:38 - ORS matrix computed: 12x12
2026-03-22 00:58:34.029 | INFO     | optimization.tsp_solver:solve_tsp:123 - TSP solved: 11 stops, distance 72708 m, objective 72708
2026-03-22 00:58:34.029 | DEBUG    | optimization.tsp_solver:solve_tsp:124 - Order: ['unknown', 'unknown', 'unknown', 'unknown', 'unknown', 'unknown', 'unknown', 'unknown', 'unknown', 'unknown', 'unknown']
2026-03-22 00:58:34.030 | DEBUG    | optimization.route_generator:generate_route_path:57 - Requesting ORS route with 12 waypoints
2026-03-22 00:58:35.159 | INFO     | optimization.route_generator:generate_route_path:74 - ORS route generated successfully (bug-free)
2026-03-22 00:58:35.159 | INFO     | optimization.route_generator:generate_route_path:75 -   Waypoints: 11 stops → University
2026-03-22 00:58:35.160 | INFO     | optimization.route_generator:generate_route_path:76 -   Distance: 99.05 km
2026-03-22 00:58:35.160 | INFO     | optimization.route_generator:generate_route_path:77 -   Duration: 1.92 h (115 min)
2026-03-22 00:58:35.161 | DEBUG    | optimization.route_generator:generate_route_path:78 - Geometry sample (first 3 & last 3): [[73.051461, 31.369153], [73.051213, 31.36893], [73.050868, 31.368599]] ... [[73.03447, 31.602425], [73.034742, 31.602694], [73.034832, 31.602523]]
2026-03-22 00:58:35.163 | INFO     | optimization.store_routes:compute_fee_per_student:32 - Fee calc: 43223 PKR/student | dist=99.1km | students=11
2026-03-22 00:58:35.514 | DEBUG    | optimization.store_routes:reverse_geocode_stop_name:176 - Stop name resolved: (31.3692, 73.0515) → 'Faisalabad District, Abdullah Gardens'
2026-03-22 00:58:36.035 | DEBUG    | optimization.store_routes:store_optimized_routes:269 - Assigned seat S1 to student 3CNKLBNknvMId9G9MJ1cVoQjkpw2
2026-03-22 00:58:36.567 | DEBUG    | optimization.store_routes:store_optimized_routes:295 - Stored stop R3_stop1 | name='Faisalabad District, Abdullah Gardens' | route=R3
2026-03-22 00:58:37.960 | DEBUG    | optimization.store_routes:reverse_geocode_stop_name:176 - Stop name resolved: (31.4001, 73.0127) → 'Faisalabad District, Shadab Colony'
2026-03-22 00:58:38.496 | DEBUG    | optimization.store_routes:store_optimized_routes:269 - Assigned seat S2 to student KbkXVOhtA3hfwjvwsS5w2IIOki93
2026-03-22 00:58:39.193 | DEBUG    | optimization.store_routes:store_optimized_routes:295 - Stored stop R3_stop2 | name='Faisalabad District, Shadab Colony' | route=R3
2026-03-22 00:58:40.518 | DEBUG    | optimization.store_routes:reverse_geocode_stop_name:176 - Stop name resolved: (31.3985, 73.0264) → 'Faisalabad District'
2026-03-22 00:58:41.043 | DEBUG    | optimization.store_routes:store_optimized_routes:269 - Assigned seat S3 to student WRVMbOeJLLdnIPhcWnncdjhPSjb2
2026-03-22 00:58:41.568 | DEBUG    | optimization.store_routes:store_optimized_routes:295 - Stored stop R3_stop3 | name='Faisalabad District' | route=R3
2026-03-22 00:58:42.886 | DEBUG    | optimization.store_routes:reverse_geocode_stop_name:176 - Stop name resolved: (31.4193, 73.0416) → 'Faisalabad District, Faisalabad City Tehsil'
2026-03-22 00:58:43.403 | DEBUG    | optimization.store_routes:store_optimized_routes:269 - Assigned seat S4 to student SOWTJArpcRRKPC0v7cWYW0XJk6v1
2026-03-22 00:58:43.932 | DEBUG    | optimization.store_routes:store_optimized_routes:295 - Stored stop R3_stop4 | name='Faisalabad District, Faisalabad City Tehsil' | route=R3
2026-03-22 00:58:45.303 | DEBUG    | optimization.store_routes:reverse_geocode_stop_name:176 - Stop name resolved: (31.4773, 73.0052) → 'Faisalabad District'
2026-03-22 00:58:45.851 | DEBUG    | optimization.store_routes:store_optimized_routes:269 - Assigned seat S5 to student shSuBEXnw4TLpoUGH1D5uwg8QKr1
2026-03-22 00:58:48.100 | DEBUG    | optimization.store_routes:store_optimized_routes:295 - Stored stop R3_stop5 | name='Faisalabad District' | route=R3
2026-03-22 00:58:49.428 | DEBUG    | optimization.store_routes:reverse_geocode_stop_name:176 - Stop name resolved: (31.4601, 73.0666) → 'Faisalabad District, Faisalabad City Tehsil'
2026-03-22 00:58:49.960 | DEBUG    | optimization.store_routes:store_optimized_routes:269 - Assigned seat S6 to student bvudy4BMDIZ3KxtxPyHvDJd3rjf2
2026-03-22 00:58:50.499 | DEBUG    | optimization.store_routes:store_optimized_routes:295 - Stored stop R3_stop6 | name='Faisalabad District, Faisalabad City Tehsil' | route=R3
2026-03-22 00:58:51.828 | DEBUG    | optimization.store_routes:reverse_geocode_stop_name:176 - Stop name resolved: (31.4061, 73.1115) → 'D Ground Road, Faisalabad City Tehsil'
2026-03-22 00:58:52.369 | DEBUG    | optimization.store_routes:store_optimized_routes:269 - Assigned seat S7 to student rtsUd2Aeg0W2HTpXZhrpSlqMhdL2
2026-03-22 00:58:52.913 | DEBUG    | optimization.store_routes:store_optimized_routes:295 - Stored stop R3_stop7 | name='D Ground Road, Faisalabad City Tehsil' | route=R3
2026-03-22 00:58:54.248 | DEBUG    | optimization.store_routes:reverse_geocode_stop_name:176 - Stop name resolved: (31.4052, 73.0874) → 'Itthad Road, Faisalabad City Tehsil'
2026-03-22 00:58:55.236 | DEBUG    | optimization.store_routes:store_optimized_routes:269 - Assigned seat S8 to student x2LmEXZ95YfrQpxSQgrBTDTWbk83
2026-03-22 00:58:55.758 | DEBUG    | optimization.store_routes:store_optimized_routes:295 - Stored stop R3_stop8 | name='Itthad Road, Faisalabad City Tehsil' | route=R3
2026-03-22 00:58:57.167 | DEBUG    | optimization.store_routes:reverse_geocode_stop_name:176 - Stop name resolved: (31.3836, 73.0641) → 'Faisalabad District, Nowaban Wala'
2026-03-22 00:58:57.699 | DEBUG    | optimization.store_routes:store_optimized_routes:269 - Assigned seat S9 to student GBGXh21H2VefIT4NkSWu8FQldkF3
2026-03-22 00:58:58.218 | DEBUG    | optimization.store_routes:store_optimized_routes:295 - Stored stop R3_stop9 | name='Faisalabad District, Nowaban Wala' | route=R3
2026-03-22 00:58:59.529 | DEBUG    | optimization.store_routes:reverse_geocode_stop_name:176 - Stop name resolved: (31.3304, 73.0696) → 'Four Seasons Housing'
2026-03-22 00:59:00.056 | DEBUG    | optimization.store_routes:store_optimized_routes:269 - Assigned seat S10 to student I6aLScqZSSeAF3ug6jDkoPrt6g23
2026-03-22 00:59:00.588 | DEBUG    | optimization.store_routes:store_optimized_routes:295 - Stored stop R3_stop10 | name='Four Seasons Housing' | route=R3
2026-03-22 00:59:01.909 | DEBUG    | optimization.store_routes:reverse_geocode_stop_name:176 - Stop name resolved: (31.3447, 73.0586) → 'Samundari Faisalabad Road'
2026-03-22 00:59:02.427 | DEBUG    | optimization.store_routes:store_optimized_routes:269 - Assigned seat S11 to student VItoVj8ml0ZAMdLtqGCBxaDdkWj1
2026-03-22 00:59:02.952 | DEBUG    | optimization.store_routes:store_optimized_routes:295 - Stored stop R3_stop11 | name='Samundari Faisalabad Road' | route=R3
2026-03-22 00:59:04.213 | INFO     | optimization.store_routes:store_optimized_routes:319 - Stored route route_2 (R3): 11 stops, 99.05 km
2026-03-22 00:59:04.213 | INFO     | optimization.store_routes:store_optimized_routes:325 - Back-filling route_id on 28 stops + students...
2026-03-22 00:59:19.499 | DEBUG    | optimization.store_routes:store_optimized_routes:356 - Final batch: 58 writes
2026-03-22 00:59:19.499 | INFO     | optimization.store_routes:store_optimized_routes:359 - Phase 3: Storing per-student fees...
2026-03-22 00:59:20.280 | INFO     | optimization.store_routes:compute_fee_per_student:32 - Fee calc: 40410 PKR/student | dist=58.9km | students=7
2026-03-22 00:59:20.801 | DEBUG    | optimization.store_routes:store_optimized_routes:399 - Stored fee for 61fbjUraIhPuzNx8BY68aYewSG02: 40410 PKR
2026-03-22 00:59:21.339 | DEBUG    | optimization.store_routes:store_optimized_routes:399 - Stored fee for KSn42uZ4dDaMueZxSsk9yyYYMbU2: 40410 PKR
2026-03-22 00:59:21.857 | DEBUG    | optimization.store_routes:store_optimized_routes:399 - Stored fee for SF9XoWomQLQm1mkqTnpp8bDSyxG3: 40410 PKR
2026-03-22 00:59:22.389 | DEBUG    | optimization.store_routes:store_optimized_routes:399 - Stored fee for Os55fn9jigeXpNaUlGTOSD1kzUH3: 40410 PKR
2026-03-22 00:59:22.912 | DEBUG    | optimization.store_routes:store_optimized_routes:399 - Stored fee for XmlYR1ejNvTp0enFtavXMQRl9l62: 40410 PKR
2026-03-22 00:59:23.433 | DEBUG    | optimization.store_routes:store_optimized_routes:399 - Stored fee for XuCFaAxIj3RH4cDaJKu6xmWSwfi1: 40410 PKR
2026-03-22 00:59:23.955 | DEBUG    | optimization.store_routes:store_optimized_routes:399 - Stored fee for vjz604g8oKerN5zBKZ7mU7mG2M03: 40410 PKR
2026-03-22 00:59:24.944 | INFO     | optimization.store_routes:compute_fee_per_student:32 - Fee calc: 32736 PKR/student | dist=81.8km | students=12
2026-03-22 00:59:25.464 | DEBUG    | optimization.store_routes:store_optimized_routes:399 - Stored fee for 7DxKX1nW4ZdeWHKXM2Vf5OIfGvr1: 32736 PKR
2026-03-22 00:59:25.984 | DEBUG    | optimization.store_routes:store_optimized_routes:399 - Stored fee for DS0YCp1l3RXIwCBzxzmEzv99Zii1: 32736 PKR
2026-03-22 00:59:26.534 | DEBUG    | optimization.store_routes:store_optimized_routes:399 - Stored fee for GydB2I2Y0Ec14olrl5Hbtm8ziZF3: 32736 PKR
2026-03-22 00:59:27.052 | DEBUG    | optimization.store_routes:store_optimized_routes:399 - Stored fee for NkZ3VPHBNtS3wxSmCjfBkRWPaZQ2: 32736 PKR
2026-03-22 00:59:27.573 | DEBUG    | optimization.store_routes:store_optimized_routes:399 - Stored fee for SXxBaOHsDPhcbAy5QSfe0NZxZM83: 32736 PKR
2026-03-22 00:59:28.167 | DEBUG    | optimization.store_routes:store_optimized_routes:399 - Stored fee for UpNOyWoNcXaW1O5jadyyddeniWj2: 32736 PKR
2026-03-22 00:59:28.713 | DEBUG    | optimization.store_routes:store_optimized_routes:399 - Stored fee for VMbnLGOyDuRi41R8XPG6toeooJt1: 32736 PKR
2026-03-22 00:59:29.268 | DEBUG    | optimization.store_routes:store_optimized_routes:399 - Stored fee for e3D31VgcVrXKjMfjS13MWcxDZgi1: 32736 PKR
2026-03-22 00:59:29.796 | DEBUG    | optimization.store_routes:store_optimized_routes:399 - Stored fee for n5w74mESTuV3BSMbnAo4AqNZ3oT2: 32736 PKR
2026-03-22 00:59:30.343 | DEBUG    | optimization.store_routes:store_optimized_routes:399 - Stored fee for qwxNS37KPQSeME1Rb86ZDMnXjYX2: 32736 PKR
2026-03-22 00:59:30.878 | DEBUG    | optimization.store_routes:store_optimized_routes:399 - Stored fee for unEE7hJDp7cMFEu2M568RmrtWRq2: 32736 PKR
2026-03-22 00:59:31.398 | DEBUG    | optimization.store_routes:store_optimized_routes:399 - Stored fee for vQHRPPdjWmTjASjEQvAqjzPhHdm2: 32736 PKR
2026-03-22 00:59:32.562 | INFO     | optimization.store_routes:compute_fee_per_student:32 - Fee calc: 43222 PKR/student | dist=99.0km | students=11
2026-03-22 00:59:33.088 | DEBUG    | optimization.store_routes:store_optimized_routes:399 - Stored fee for 3CNKLBNknvMId9G9MJ1cVoQjkpw2: 43222 PKR
2026-03-22 00:59:33.634 | DEBUG    | optimization.store_routes:store_optimized_routes:399 - Stored fee for GBGXh21H2VefIT4NkSWu8FQldkF3: 43222 PKR
2026-03-22 00:59:34.153 | DEBUG    | optimization.store_routes:store_optimized_routes:399 - Stored fee for I6aLScqZSSeAF3ug6jDkoPrt6g23: 43222 PKR
2026-03-22 00:59:34.670 | DEBUG    | optimization.store_routes:store_optimized_routes:399 - Stored fee for KbkXVOhtA3hfwjvwsS5w2IIOki93: 43222 PKR
2026-03-22 00:59:35.187 | DEBUG    | optimization.store_routes:store_optimized_routes:399 - Stored fee for SOWTJArpcRRKPC0v7cWYW0XJk6v1: 43222 PKR
2026-03-22 00:59:35.706 | DEBUG    | optimization.store_routes:store_optimized_routes:399 - Stored fee for VItoVj8ml0ZAMdLtqGCBxaDdkWj1: 43222 PKR
2026-03-22 00:59:36.240 | DEBUG    | optimization.store_routes:store_optimized_routes:399 - Stored fee for WRVMbOeJLLdnIPhcWnncdjhPSjb2: 43222 PKR
2026-03-22 00:59:36.788 | DEBUG    | optimization.store_routes:store_optimized_routes:399 - Stored fee for bvudy4BMDIZ3KxtxPyHvDJd3rjf2: 43222 PKR
2026-03-22 00:59:37.306 | DEBUG    | optimization.store_routes:store_optimized_routes:399 - Stored fee for rtsUd2Aeg0W2HTpXZhrpSlqMhdL2: 43222 PKR
2026-03-22 00:59:37.844 | DEBUG    | optimization.store_routes:store_optimized_routes:399 - Stored fee for shSuBEXnw4TLpoUGH1D5uwg8QKr1: 43222 PKR
2026-03-22 00:59:38.369 | DEBUG    | optimization.store_routes:store_optimized_routes:399 - Stored fee for x2LmEXZ95YfrQpxSQgrBTDTWbk83: 43222 PKR
2026-03-22 00:59:38.369 | INFO     | optimization.store_routes:store_optimized_routes:401 - Phase 3 complete: 30 fee records stored
2026-03-22 00:59:38.370 | INFO     | optimization.store_routes:store_optimized_routes:403 - Overall done: 3 routes | 28 stops | 30 fees
2026-03-22 00:59:38.370 | INFO     | optimization.store_routes:store_optimized_routes:405 - Done: 3 routes | 28 stops stored
2026-03-22 00:59:38.370 | INFO     | api.main:run_optimization:64 - Pipeline completed successfully | 3 buses processed
2026-03-22 01:02:00.174 | INFO     | database.firebase:<module>:12 - Firebase Admin SDK initialized successfully
2026-03-22 01:02:04.130 | INFO     | api.main:run_optimization:29 - Starting full route optimization pipeline
2026-03-22 01:02:08.097 | INFO     | data_pipeline.student_loader:load_student_stops:42 - Loaded 30 student stops from Firestore
2026-03-22 01:02:08.098 | DEBUG    | data_pipeline.student_loader:load_student_stops:43 - First 3 stops (sample): [{'student_id': '3CNKLBNknvMId9G9MJ1cVoQjkpw2', 'name': 'Test Student 12', 'roll_no': 'TEST-4382', 'lat': 31.369289, 'lng': 73.051406, 'student_count': 1, 'contact': '03597900028', 'semester': 'Spring 2026', 'fee_status': 'unpaid', 'registration_status': 'pending'}, {'student_id': '61fbjUraIhPuzNx8BY68aYewSG02', 'name': 'Test Student 28', 'roll_no': 'TEST-7403', 'lat': 31.380283, 'lng': 73.159195, 'student_count': 1, 'contact': '03344993000', 'semester': 'Spring 2026', 'fee_status': 'unpaid', 'registration_status': 'pending'}, {'student_id': '7DxKX1nW4ZdeWHKXM2Vf5OIfGvr1', 'name': 'Test Student 10', 'roll_no': 'TEST-9142', 'lat': 31.446304, 'lng': 73.140169, 'student_count': 1, 'contact': '03537549971', 'semester': 'Spring 2026', 'fee_status': 'unpaid', 'registration_status': 'pending'}]
2026-03-22 01:02:08.098 | INFO     | osm.fetch_roads:fetch_or_load_road_graph:19 - Loading cached Faisalabad road graph...
2026-03-22 01:02:12.762 | INFO     | osm.fetch_roads:fetch_or_load_road_graph:21 - Loaded graph with 50872 nodes and 144715 edges
2026-03-22 01:02:12.861 | INFO     | osm.road_filter:filter_main_roads:38 - Filtered graph:
2026-03-22 01:02:12.885 | INFO     | osm.road_filter:filter_main_roads:39 -   Original: 50872 nodes, 144715 edges
2026-03-22 01:02:12.957 | INFO     | osm.road_filter:filter_main_roads:40 -   After filter (main roads only): 7460 nodes, 12863 edges
2026-03-22 01:02:13.081 | DEBUG    | utils.distance_utils:build_node_balltree:29 - Built BallTree with 7460 nodes
2026-03-22 01:02:13.082 | DEBUG    | utils.geo_utils:haversine_distance:20 - Haversine: (31.369289, 73.051406) → (31.3691526, 73.0514611) = 16.0 m
2026-03-22 01:02:13.082 | DEBUG    | utils.distance_utils:find_nearest_road_point:56 - Nearest road node to (31.369289, 73.051406): (31.369153, 73.051461) — 16.0m
2026-03-22 01:02:13.082 | DEBUG    | utils.geo_utils:haversine_distance:20 - Haversine: (31.369289, 73.051406) → (31.3691526, 73.0514611) = 16.0 m
2026-03-22 01:02:13.082 | DEBUG    | data_pipeline.stop_builder:snap_stops_to_roads:38 - Snapped Test Student 12 (TEST-4382): 16.0m
2026-03-22 01:02:13.093 | DEBUG    | utils.distance_utils:build_node_balltree:29 - Built BallTree with 7460 nodes
2026-03-22 01:02:13.093 | DEBUG    | utils.geo_utils:haversine_distance:20 - Haversine: (31.380283, 73.159195) → (31.3787188, 73.157798) = 218.7 m
2026-03-22 01:02:13.094 | DEBUG    | utils.distance_utils:find_nearest_road_point:56 - Nearest road node to (31.380283, 73.159195): (31.378719, 73.157798) — 218.7m
2026-03-22 01:02:13.094 | DEBUG    | utils.geo_utils:haversine_distance:20 - Haversine: (31.380283, 73.159195) → (31.3787188, 73.157798) = 218.7 m
2026-03-22 01:02:13.094 | DEBUG    | data_pipeline.stop_builder:snap_stops_to_roads:38 - Snapped Test Student 28 (TEST-7403): 218.7m
2026-03-22 01:02:13.103 | DEBUG    | utils.distance_utils:build_node_balltree:29 - Built BallTree with 7460 nodes
2026-03-22 01:02:13.104 | DEBUG    | utils.geo_utils:haversine_distance:20 - Haversine: (31.446304, 73.140169) → (31.4457694, 73.1408101) = 85.0 m
2026-03-22 01:02:13.104 | DEBUG    | utils.distance_utils:find_nearest_road_point:56 - Nearest road node to (31.446304, 73.140169): (31.445769, 73.140810) — 85.0m
2026-03-22 01:02:13.104 | DEBUG    | utils.geo_utils:haversine_distance:20 - Haversine: (31.446304, 73.140169) → (31.4457694, 73.1408101) = 85.0 m
2026-03-22 01:02:13.104 | DEBUG    | data_pipeline.stop_builder:snap_stops_to_roads:38 - Snapped Test Student 10 (TEST-9142): 85.0m
2026-03-22 01:02:13.114 | DEBUG    | utils.distance_utils:build_node_balltree:29 - Built BallTree with 7460 nodes
2026-03-22 01:02:13.115 | DEBUG    | utils.geo_utils:haversine_distance:20 - Haversine: (31.548998, 73.147656) → (31.5487412, 73.1501112) = 234.4 m
2026-03-22 01:02:13.115 | DEBUG    | utils.distance_utils:find_nearest_road_point:56 - Nearest road node to (31.548998, 73.147656): (31.548741, 73.150111) — 234.4m
2026-03-22 01:02:13.115 | DEBUG    | utils.geo_utils:haversine_distance:20 - Haversine: (31.548998, 73.147656) → (31.5487412, 73.1501112) = 234.4 m
2026-03-22 01:02:13.115 | DEBUG    | data_pipeline.stop_builder:snap_stops_to_roads:38 - Snapped Test Student 14 (TEST-9162): 234.4m
2026-03-22 01:02:13.125 | DEBUG    | utils.distance_utils:build_node_balltree:29 - Built BallTree with 7460 nodes
2026-03-22 01:02:13.126 | DEBUG    | utils.geo_utils:haversine_distance:20 - Haversine: (31.384254, 73.063765) → (31.3836456, 73.0640586) = 73.2 m
2026-03-22 01:02:13.126 | DEBUG    | utils.distance_utils:find_nearest_road_point:56 - Nearest road node to (31.384254, 73.063765): (31.383646, 73.064059) — 73.2m
2026-03-22 01:02:13.126 | DEBUG    | utils.geo_utils:haversine_distance:20 - Haversine: (31.384254, 73.063765) → (31.3836456, 73.0640586) = 73.2 m
2026-03-22 01:02:13.126 | DEBUG    | data_pipeline.stop_builder:snap_stops_to_roads:38 - Snapped Test Student 30 (TEST-6182): 73.2m
2026-03-22 01:02:13.136 | DEBUG    | utils.distance_utils:build_node_balltree:29 - Built BallTree with 7460 nodes
2026-03-22 01:02:13.137 | DEBUG    | utils.geo_utils:haversine_distance:20 - Haversine: (31.450094, 73.130742) → (31.4467219, 73.1271368) = 507.5 m
2026-03-22 01:02:13.137 | DEBUG    | utils.distance_utils:find_nearest_road_point:56 - Nearest road node to (31.450094, 73.130742): (31.446722, 73.127137) — 507.5m
2026-03-22 01:02:13.137 | DEBUG    | utils.geo_utils:haversine_distance:20 - Haversine: (31.450094, 73.130742) → (31.4467219, 73.1271368) = 507.5 m
2026-03-22 01:02:13.137 | DEBUG    | data_pipeline.stop_builder:snap_stops_to_roads:38 - Snapped Test Student 23 (TEST-9957): 507.5m
2026-03-22 01:02:13.147 | DEBUG    | utils.distance_utils:build_node_balltree:29 - Built BallTree with 7460 nodes
2026-03-22 01:02:13.148 | DEBUG    | utils.geo_utils:haversine_distance:20 - Haversine: (31.327595, 73.065724) → (31.330396, 73.0696448) = 485.5 m
2026-03-22 01:02:13.148 | DEBUG    | utils.distance_utils:find_nearest_road_point:56 - Nearest road node to (31.327595, 73.065724): (31.330396, 73.069645) — 485.5m
2026-03-22 01:02:13.148 | DEBUG    | utils.geo_utils:haversine_distance:20 - Haversine: (31.327595, 73.065724) → (31.330396, 73.0696448) = 485.5 m
2026-03-22 01:02:13.148 | DEBUG    | data_pipeline.stop_builder:snap_stops_to_roads:38 - Snapped Test Student 13 (TEST-5755): 485.5m
2026-03-22 01:02:13.159 | DEBUG    | utils.distance_utils:build_node_balltree:29 - Built BallTree with 7460 nodes
2026-03-22 01:02:13.160 | DEBUG    | utils.geo_utils:haversine_distance:20 - Haversine: (31.343859, 73.18566) → (31.3413852, 73.1852291) = 278.1 m
2026-03-22 01:02:13.160 | DEBUG    | utils.distance_utils:find_nearest_road_point:56 - Nearest road node to (31.343859, 73.18566): (31.341385, 73.185229) — 278.1m
2026-03-22 01:02:13.160 | DEBUG    | utils.geo_utils:haversine_distance:20 - Haversine: (31.343859, 73.18566) → (31.3413852, 73.1852291) = 278.1 m
2026-03-22 01:02:13.160 | DEBUG    | data_pipeline.stop_builder:snap_stops_to_roads:38 - Snapped Test Student 7 (TEST-9790): 278.1m
2026-03-22 01:02:13.170 | DEBUG    | utils.distance_utils:build_node_balltree:29 - Built BallTree with 7460 nodes
2026-03-22 01:02:13.170 | DEBUG    | utils.geo_utils:haversine_distance:20 - Haversine: (31.401088, 73.01135) → (31.4000755, 73.0126538) = 167.3 m
2026-03-22 01:02:13.170 | DEBUG    | utils.distance_utils:find_nearest_road_point:56 - Nearest road node to (31.401088, 73.01135): (31.400075, 73.012654) — 167.3m
2026-03-22 01:02:13.170 | DEBUG    | utils.geo_utils:haversine_distance:20 - Haversine: (31.401088, 73.01135) → (31.4000755, 73.0126538) = 167.3 m
2026-03-22 01:02:13.171 | DEBUG    | data_pipeline.stop_builder:snap_stops_to_roads:38 - Snapped Test Student 3 (TEST-2055): 167.3m
2026-03-22 01:02:13.181 | DEBUG    | utils.distance_utils:build_node_balltree:29 - Built BallTree with 7460 nodes
2026-03-22 01:02:13.181 | DEBUG    | utils.geo_utils:haversine_distance:20 - Haversine: (31.526254, 73.053671) → (31.527645, 73.0552285) = 213.8 m
2026-03-22 01:02:13.181 | DEBUG    | utils.distance_utils:find_nearest_road_point:56 - Nearest road node to (31.526254, 73.053671): (31.527645, 73.055228) — 213.8m
2026-03-22 01:02:13.181 | DEBUG    | utils.geo_utils:haversine_distance:20 - Haversine: (31.526254, 73.053671) → (31.527645, 73.0552285) = 213.8 m
2026-03-22 01:02:13.181 | DEBUG    | data_pipeline.stop_builder:snap_stops_to_roads:38 - Snapped Test Student 25 (TEST-4783): 213.8m
2026-03-22 01:02:13.191 | DEBUG    | utils.distance_utils:build_node_balltree:29 - Built BallTree with 7460 nodes
2026-03-22 01:02:13.192 | DEBUG    | utils.geo_utils:haversine_distance:20 - Haversine: (31.319581, 73.129629) → (31.3281703, 73.1302408) = 956.9 m
2026-03-22 01:02:13.192 | DEBUG    | utils.distance_utils:find_nearest_road_point:56 - Nearest road node to (31.319581, 73.129629): (31.328170, 73.130241) — 956.9m
2026-03-22 01:02:13.192 | DEBUG    | utils.geo_utils:haversine_distance:20 - Haversine: (31.319581, 73.129629) → (31.3281703, 73.1302408) = 956.9 m
2026-03-22 01:02:13.192 | DEBUG    | data_pipeline.stop_builder:snap_stops_to_roads:38 - Snapped Test Student 11 (TEST-6729): 956.9m
2026-03-22 01:02:13.202 | DEBUG    | utils.distance_utils:build_node_balltree:29 - Built BallTree with 7460 nodes
2026-03-22 01:02:13.202 | DEBUG    | utils.geo_utils:haversine_distance:20 - Haversine: (31.342673, 73.180091) → (31.3434454, 73.1825193) = 246.1 m
2026-03-22 01:02:13.202 | DEBUG    | utils.distance_utils:find_nearest_road_point:56 - Nearest road node to (31.342673, 73.180091): (31.343445, 73.182519) — 246.1m
2026-03-22 01:02:13.203 | DEBUG    | utils.geo_utils:haversine_distance:20 - Haversine: (31.342673, 73.180091) → (31.3434454, 73.1825193) = 246.1 m
2026-03-22 01:02:13.203 | DEBUG    | data_pipeline.stop_builder:snap_stops_to_roads:38 - Snapped Test Student 1 (TEST-1717): 246.1m
2026-03-22 01:02:13.213 | DEBUG    | utils.distance_utils:build_node_balltree:29 - Built BallTree with 7460 nodes
2026-03-22 01:02:13.214 | DEBUG    | utils.geo_utils:haversine_distance:20 - Haversine: (31.419161, 73.04138) → (31.4192659, 73.0416323) = 26.6 m
2026-03-22 01:02:13.214 | DEBUG    | utils.distance_utils:find_nearest_road_point:56 - Nearest road node to (31.419161, 73.04138): (31.419266, 73.041632) — 26.6m
2026-03-22 01:02:13.214 | DEBUG    | utils.geo_utils:haversine_distance:20 - Haversine: (31.419161, 73.04138) → (31.4192659, 73.0416323) = 26.6 m
2026-03-22 01:02:13.214 | DEBUG    | data_pipeline.stop_builder:snap_stops_to_roads:38 - Snapped Test Student 27 (TEST-3106): 26.6m
2026-03-22 01:02:13.225 | DEBUG    | utils.distance_utils:build_node_balltree:29 - Built BallTree with 7460 nodes
2026-03-22 01:02:13.225 | DEBUG    | utils.geo_utils:haversine_distance:20 - Haversine: (31.513945, 73.145) → (31.5101284, 73.1503952) = 664.6 m
2026-03-22 01:02:13.225 | DEBUG    | utils.distance_utils:find_nearest_road_point:56 - Nearest road node to (31.513945, 73.145): (31.510128, 73.150395) — 664.6m
2026-03-22 01:02:13.226 | DEBUG    | utils.geo_utils:haversine_distance:20 - Haversine: (31.513945, 73.145) → (31.5101284, 73.1503952) = 664.6 m
2026-03-22 01:02:13.226 | DEBUG    | data_pipeline.stop_builder:snap_stops_to_roads:38 - Snapped Test Student 20 (TEST-7495): 664.6m
2026-03-22 01:02:13.237 | DEBUG    | utils.distance_utils:build_node_balltree:29 - Built BallTree with 7460 nodes
2026-03-22 01:02:13.238 | DEBUG    | utils.geo_utils:haversine_distance:20 - Haversine: (31.462728, 73.168167) → (31.4641337, 73.1683411) = 157.2 m
2026-03-22 01:02:13.238 | DEBUG    | utils.distance_utils:find_nearest_road_point:56 - Nearest road node to (31.462728, 73.168167): (31.464134, 73.168341) — 157.2m
2026-03-22 01:02:13.238 | DEBUG    | utils.geo_utils:haversine_distance:20 - Haversine: (31.462728, 73.168167) → (31.4641337, 73.1683411) = 157.2 m
2026-03-22 01:02:13.238 | DEBUG    | data_pipeline.stop_builder:snap_stops_to_roads:38 - Snapped Test Student 15 (TEST-5668): 157.2m
2026-03-22 01:02:13.250 | DEBUG    | utils.distance_utils:build_node_balltree:29 - Built BallTree with 7460 nodes
2026-03-22 01:02:13.250 | DEBUG    | utils.geo_utils:haversine_distance:20 - Haversine: (31.346116, 73.056539) → (31.3446991, 73.0585627) = 248.5 m
2026-03-22 01:02:13.251 | DEBUG    | utils.distance_utils:find_nearest_road_point:56 - Nearest road node to (31.346116, 73.056539): (31.344699, 73.058563) — 248.5m
2026-03-22 01:02:13.251 | DEBUG    | utils.geo_utils:haversine_distance:20 - Haversine: (31.346116, 73.056539) → (31.3446991, 73.0585627) = 248.5 m
2026-03-22 01:02:13.251 | DEBUG    | data_pipeline.stop_builder:snap_stops_to_roads:38 - Snapped Test Student 9 (TEST-8987): 248.5m
2026-03-22 01:02:13.262 | DEBUG    | utils.distance_utils:build_node_balltree:29 - Built BallTree with 7460 nodes
2026-03-22 01:02:13.263 | DEBUG    | utils.geo_utils:haversine_distance:20 - Haversine: (31.544202, 73.128686) → (31.5431453, 73.1283131) = 122.7 m
2026-03-22 01:02:13.263 | DEBUG    | utils.distance_utils:find_nearest_road_point:56 - Nearest road node to (31.544202, 73.128686): (31.543145, 73.128313) — 122.7m
2026-03-22 01:02:13.263 | DEBUG    | utils.geo_utils:haversine_distance:20 - Haversine: (31.544202, 73.128686) → (31.5431453, 73.1283131) = 122.7 m
2026-03-22 01:02:13.263 | DEBUG    | data_pipeline.stop_builder:snap_stops_to_roads:38 - Snapped Test Student 4 (TEST-9428): 122.7m
2026-03-22 01:02:13.276 | DEBUG    | utils.distance_utils:build_node_balltree:29 - Built BallTree with 7460 nodes
2026-03-22 01:02:13.277 | DEBUG    | utils.geo_utils:haversine_distance:20 - Haversine: (31.393089, 73.028228) → (31.398463, 73.0263855) = 622.6 m
2026-03-22 01:02:13.277 | DEBUG    | utils.distance_utils:find_nearest_road_point:56 - Nearest road node to (31.393089, 73.028228): (31.398463, 73.026386) — 622.6m
2026-03-22 01:02:13.277 | DEBUG    | utils.geo_utils:haversine_distance:20 - Haversine: (31.393089, 73.028228) → (31.398463, 73.0263855) = 622.6 m
2026-03-22 01:02:13.277 | DEBUG    | data_pipeline.stop_builder:snap_stops_to_roads:38 - Snapped Test Student 5 (TEST-5892): 622.6m
2026-03-22 01:02:13.289 | DEBUG    | utils.distance_utils:build_node_balltree:29 - Built BallTree with 7460 nodes
2026-03-22 01:02:13.290 | DEBUG    | utils.geo_utils:haversine_distance:20 - Haversine: (31.318863, 73.183249) → (31.3190478, 73.1756414) = 723.0 m
2026-03-22 01:02:13.290 | DEBUG    | utils.distance_utils:find_nearest_road_point:56 - Nearest road node to (31.318863, 73.183249): (31.319048, 73.175641) — 723.0m
2026-03-22 01:02:13.290 | DEBUG    | utils.geo_utils:haversine_distance:20 - Haversine: (31.318863, 73.183249) → (31.3190478, 73.1756414) = 723.0 m
2026-03-22 01:02:13.290 | DEBUG    | data_pipeline.stop_builder:snap_stops_to_roads:38 - Snapped Test Student 29 (TEST-7084): 723.0m
2026-03-22 01:02:13.301 | DEBUG    | utils.distance_utils:build_node_balltree:29 - Built BallTree with 7460 nodes
2026-03-22 01:02:13.302 | DEBUG    | utils.geo_utils:haversine_distance:20 - Haversine: (31.354815, 73.143189) → (31.3557607, 73.1450675) = 207.1 m
2026-03-22 01:02:13.302 | DEBUG    | utils.distance_utils:find_nearest_road_point:56 - Nearest road node to (31.354815, 73.143189): (31.355761, 73.145067) — 207.1m
2026-03-22 01:02:13.302 | DEBUG    | utils.geo_utils:haversine_distance:20 - Haversine: (31.354815, 73.143189) → (31.3557607, 73.1450675) = 207.1 m
2026-03-22 01:02:13.302 | DEBUG    | data_pipeline.stop_builder:snap_stops_to_roads:38 - Snapped Test Student 17 (TEST-4072): 207.1m
2026-03-22 01:02:13.313 | DEBUG    | utils.distance_utils:build_node_balltree:29 - Built BallTree with 7460 nodes
2026-03-22 01:02:13.314 | DEBUG    | utils.geo_utils:haversine_distance:20 - Haversine: (31.459172, 73.066434) → (31.4601458, 73.0666137) = 109.6 m
2026-03-22 01:02:13.314 | DEBUG    | utils.distance_utils:find_nearest_road_point:56 - Nearest road node to (31.459172, 73.066434): (31.460146, 73.066614) — 109.6m
2026-03-22 01:02:13.314 | DEBUG    | utils.geo_utils:haversine_distance:20 - Haversine: (31.459172, 73.066434) → (31.4601458, 73.0666137) = 109.6 m
2026-03-22 01:02:13.314 | DEBUG    | data_pipeline.stop_builder:snap_stops_to_roads:38 - Snapped Test Student 18 (TEST-9353): 109.6m
2026-03-22 01:02:13.331 | DEBUG    | utils.distance_utils:build_node_balltree:29 - Built BallTree with 7460 nodes
2026-03-22 01:02:13.332 | DEBUG    | utils.geo_utils:haversine_distance:20 - Haversine: (31.537509, 73.124448) → (31.5426468, 73.1258022) = 585.5 m
2026-03-22 01:02:13.333 | DEBUG    | utils.distance_utils:find_nearest_road_point:56 - Nearest road node to (31.537509, 73.124448): (31.542647, 73.125802) — 585.5m
2026-03-22 01:02:13.333 | DEBUG    | utils.geo_utils:haversine_distance:20 - Haversine: (31.537509, 73.124448) → (31.5426468, 73.1258022) = 585.5 m
2026-03-22 01:02:13.333 | DEBUG    | data_pipeline.stop_builder:snap_stops_to_roads:38 - Snapped Test Student 6 (TEST-3775): 585.5m
2026-03-22 01:02:13.344 | DEBUG    | utils.distance_utils:build_node_balltree:29 - Built BallTree with 7460 nodes
2026-03-22 01:02:13.345 | DEBUG    | utils.geo_utils:haversine_distance:20 - Haversine: (31.473589, 73.112736) → (31.4743292, 73.1046958) = 766.9 m
2026-03-22 01:02:13.345 | DEBUG    | utils.distance_utils:find_nearest_road_point:56 - Nearest road node to (31.473589, 73.112736): (31.474329, 73.104696) — 766.9m
2026-03-22 01:02:13.345 | DEBUG    | utils.geo_utils:haversine_distance:20 - Haversine: (31.473589, 73.112736) → (31.4743292, 73.1046958) = 766.9 m
2026-03-22 01:02:13.345 | DEBUG    | data_pipeline.stop_builder:snap_stops_to_roads:38 - Snapped Test Student 22 (TEST-9109): 766.9m
2026-03-22 01:02:13.356 | DEBUG    | utils.distance_utils:build_node_balltree:29 - Built BallTree with 7460 nodes
2026-03-22 01:02:13.357 | DEBUG    | utils.geo_utils:haversine_distance:20 - Haversine: (31.468675, 73.160721) → (31.4693742, 73.1600766) = 98.9 m
2026-03-22 01:02:13.357 | DEBUG    | utils.distance_utils:find_nearest_road_point:56 - Nearest road node to (31.468675, 73.160721): (31.469374, 73.160077) — 98.9m
2026-03-22 01:02:13.357 | DEBUG    | utils.geo_utils:haversine_distance:20 - Haversine: (31.468675, 73.160721) → (31.4693742, 73.1600766) = 98.9 m
2026-03-22 01:02:13.357 | DEBUG    | data_pipeline.stop_builder:snap_stops_to_roads:38 - Snapped Test Student 19 (TEST-9533): 98.9m
2026-03-22 01:02:13.372 | DEBUG    | utils.distance_utils:build_node_balltree:29 - Built BallTree with 7460 nodes
2026-03-22 01:02:13.373 | DEBUG    | utils.geo_utils:haversine_distance:20 - Haversine: (31.405239, 73.112616) → (31.4060883, 73.1115478) = 138.5 m
2026-03-22 01:02:13.373 | DEBUG    | utils.distance_utils:find_nearest_road_point:56 - Nearest road node to (31.405239, 73.112616): (31.406088, 73.111548) — 138.5m
2026-03-22 01:02:13.373 | DEBUG    | utils.geo_utils:haversine_distance:20 - Haversine: (31.405239, 73.112616) → (31.4060883, 73.1115478) = 138.5 m
2026-03-22 01:02:13.373 | DEBUG    | data_pipeline.stop_builder:snap_stops_to_roads:38 - Snapped Test Student 26 (TEST-5354): 138.5m
2026-03-22 01:02:13.385 | DEBUG    | utils.distance_utils:build_node_balltree:29 - Built BallTree with 7460 nodes
2026-03-22 01:02:13.386 | DEBUG    | utils.geo_utils:haversine_distance:20 - Haversine: (31.470598, 73.008555) → (31.4773379, 73.0052033) = 814.1 m
2026-03-22 01:02:13.386 | DEBUG    | utils.distance_utils:find_nearest_road_point:56 - Nearest road node to (31.470598, 73.008555): (31.477338, 73.005203) — 814.1m
2026-03-22 01:02:13.386 | DEBUG    | utils.geo_utils:haversine_distance:20 - Haversine: (31.470598, 73.008555) → (31.4773379, 73.0052033) = 814.1 m
2026-03-22 01:02:13.386 | DEBUG    | data_pipeline.stop_builder:snap_stops_to_roads:38 - Snapped Test Student 24 (TEST-8754): 814.1m
2026-03-22 01:02:13.397 | DEBUG    | utils.distance_utils:build_node_balltree:29 - Built BallTree with 7460 nodes
2026-03-22 01:02:13.398 | DEBUG    | utils.geo_utils:haversine_distance:20 - Haversine: (31.480136, 73.16337) → (31.4766945, 73.1677037) = 561.5 m
2026-03-22 01:02:13.398 | DEBUG    | utils.distance_utils:find_nearest_road_point:56 - Nearest road node to (31.480136, 73.16337): (31.476695, 73.167704) — 561.5m
2026-03-22 01:02:13.398 | DEBUG    | utils.geo_utils:haversine_distance:20 - Haversine: (31.480136, 73.16337) → (31.4766945, 73.1677037) = 561.5 m
2026-03-22 01:02:13.398 | DEBUG    | data_pipeline.stop_builder:snap_stops_to_roads:38 - Snapped Test Student 21 (TEST-9356): 561.5m
2026-03-22 01:02:13.409 | DEBUG    | utils.distance_utils:build_node_balltree:29 - Built BallTree with 7460 nodes
2026-03-22 01:02:13.410 | DEBUG    | utils.geo_utils:haversine_distance:20 - Haversine: (31.503809, 73.163047) → (31.504101, 73.1583633) = 445.2 m
2026-03-22 01:02:13.410 | DEBUG    | utils.distance_utils:find_nearest_road_point:56 - Nearest road node to (31.503809, 73.163047): (31.504101, 73.158363) — 445.2m
2026-03-22 01:02:13.410 | DEBUG    | utils.geo_utils:haversine_distance:20 - Haversine: (31.503809, 73.163047) → (31.504101, 73.1583633) = 445.2 m
2026-03-22 01:02:13.410 | DEBUG    | data_pipeline.stop_builder:snap_stops_to_roads:38 - Snapped Test Student 2 (TEST-1842): 445.2m
2026-03-22 01:02:13.421 | DEBUG    | utils.distance_utils:build_node_balltree:29 - Built BallTree with 7460 nodes
2026-03-22 01:02:13.422 | DEBUG    | utils.geo_utils:haversine_distance:20 - Haversine: (31.388719, 73.18885) → (31.3907077, 73.1897443) = 236.9 m
2026-03-22 01:02:13.422 | DEBUG    | utils.distance_utils:find_nearest_road_point:56 - Nearest road node to (31.388719, 73.18885): (31.390708, 73.189744) — 236.9m
2026-03-22 01:02:13.422 | DEBUG    | utils.geo_utils:haversine_distance:20 - Haversine: (31.388719, 73.18885) → (31.3907077, 73.1897443) = 236.9 m
2026-03-22 01:02:13.422 | DEBUG    | data_pipeline.stop_builder:snap_stops_to_roads:38 - Snapped Test Student 16 (TEST-8203): 236.9m
2026-03-22 01:02:13.433 | DEBUG    | utils.distance_utils:build_node_balltree:29 - Built BallTree with 7460 nodes
2026-03-22 01:02:13.434 | DEBUG    | utils.geo_utils:haversine_distance:20 - Haversine: (31.406549, 73.086759) → (31.4052045, 73.0873694) = 160.3 m
2026-03-22 01:02:13.434 | DEBUG    | utils.distance_utils:find_nearest_road_point:56 - Nearest road node to (31.406549, 73.086759): (31.405204, 73.087369) — 160.3m
2026-03-22 01:02:13.434 | DEBUG    | utils.geo_utils:haversine_distance:20 - Haversine: (31.406549, 73.086759) → (31.4052045, 73.0873694) = 160.3 m
2026-03-22 01:02:13.434 | DEBUG    | data_pipeline.stop_builder:snap_stops_to_roads:38 - Snapped Test Student 8 (TEST-8476): 160.3m
2026-03-22 01:02:13.434 | INFO     | data_pipeline.stop_builder:snap_stops_to_roads:47 - Snapping complete:
2026-03-22 01:02:13.434 | INFO     | data_pipeline.stop_builder:snap_stops_to_roads:48 -   Input stops: 30
2026-03-22 01:02:13.435 | INFO     | data_pipeline.stop_builder:snap_stops_to_roads:49 -   Snapped successfully: 30
2026-03-22 01:02:13.435 | INFO     | data_pipeline.stop_builder:snap_stops_to_roads:50 -   Skipped (too far): 0
2026-03-22 01:02:13.435 | DEBUG    | data_pipeline.stop_builder:snap_stops_to_roads:53 - First snapped stop example: {'student_id': '3CNKLBNknvMId9G9MJ1cVoQjkpw2', 'name': 'Test Student 12', 'roll_no': 'TEST-4382', 'lat': 31.3691526, 'lng': 73.0514611, 'student_count': 1, 'contact': '03597900028', 'semester': 'Spring 2026', 'fee_status': 'unpaid', 'registration_status': 'pending', 'original_lat': 31.369289, 'original_lng': 73.051406, 'snap_distance_m': 16.04}
2026-03-22 01:02:13.435 | DEBUG    | utils.geo_utils:haversine_distance:20 - Haversine: (31.3787188, 73.157798) → (31.3691526, 73.0514611) = 10151.2 m
2026-03-22 01:02:13.435 | DEBUG    | utils.geo_utils:haversine_distance:20 - Haversine: (31.4457694, 73.1408101) → (31.3691526, 73.0514611) = 12020.1 m
2026-03-22 01:02:13.435 | DEBUG    | utils.geo_utils:haversine_distance:20 - Haversine: (31.4457694, 73.1408101) → (31.3787188, 73.157798) = 7628.0 m
2026-03-22 01:02:13.436 | DEBUG    | utils.geo_utils:haversine_distance:20 - Haversine: (31.5487412, 73.1501112) → (31.3691526, 73.0514611) = 22052.9 m
2026-03-22 01:02:13.436 | DEBUG    | utils.geo_utils:haversine_distance:20 - Haversine: (31.5487412, 73.1501112) → (31.3787188, 73.157798) = 18919.7 m
2026-03-22 01:02:13.436 | DEBUG    | utils.geo_utils:haversine_distance:20 - Haversine: (31.5487412, 73.1501112) → (31.4457694, 73.1408101) = 11483.9 m
2026-03-22 01:02:13.436 | DEBUG    | utils.geo_utils:haversine_distance:20 - Haversine: (31.3836456, 73.0640586) → (31.3691526, 73.0514611) = 2006.8 m
2026-03-22 01:02:13.436 | DEBUG    | utils.geo_utils:haversine_distance:20 - Haversine: (31.3836456, 73.0640586) → (31.3787188, 73.157798) = 8915.5 m
2026-03-22 01:02:13.436 | DEBUG    | utils.geo_utils:haversine_distance:20 - Haversine: (31.3836456, 73.0640586) → (31.4457694, 73.1408101) = 10038.2 m
2026-03-22 01:02:13.436 | DEBUG    | utils.geo_utils:haversine_distance:20 - Haversine: (31.3836456, 73.0640586) → (31.5487412, 73.1501112) = 20090.3 m
2026-03-22 01:02:13.436 | DEBUG    | utils.geo_utils:haversine_distance:20 - Haversine: (31.4467219, 73.1271368) → (31.3691526, 73.0514611) = 11223.8 m
2026-03-22 01:02:13.436 | DEBUG    | utils.geo_utils:haversine_distance:20 - Haversine: (31.4467219, 73.1271368) → (31.3787188, 73.157798) = 8102.1 m
2026-03-22 01:02:13.436 | DEBUG    | utils.geo_utils:haversine_distance:20 - Haversine: (31.4467219, 73.1271368) → (31.4457694, 73.1408101) = 1301.4 m
2026-03-22 01:02:13.436 | DEBUG    | utils.geo_utils:haversine_distance:20 - Haversine: (31.4467219, 73.1271368) → (31.5487412, 73.1501112) = 11551.3 m
2026-03-22 01:02:13.436 | DEBUG    | utils.geo_utils:haversine_distance:20 - Haversine: (31.4467219, 73.1271368) → (31.3836456, 73.0640586) = 9220.8 m
2026-03-22 01:02:13.436 | DEBUG    | utils.geo_utils:haversine_distance:20 - Haversine: (31.330396, 73.0696448) → (31.3691526, 73.0514611) = 4642.6 m
2026-03-22 01:02:13.436 | DEBUG    | utils.geo_utils:haversine_distance:20 - Haversine: (31.330396, 73.0696448) → (31.3787188, 73.157798) = 9946.9 m
2026-03-22 01:02:13.436 | DEBUG    | utils.geo_utils:haversine_distance:20 - Haversine: (31.330396, 73.0696448) → (31.4457694, 73.1408101) = 14498.8 m
2026-03-22 01:02:13.436 | DEBUG    | utils.geo_utils:haversine_distance:20 - Haversine: (31.330396, 73.0696448) → (31.5487412, 73.1501112) = 25450.7 m
2026-03-22 01:02:13.437 | DEBUG    | utils.geo_utils:haversine_distance:20 - Haversine: (31.330396, 73.0696448) → (31.3836456, 73.0640586) = 5944.8 m
2026-03-22 01:02:13.437 | DEBUG    | utils.geo_utils:haversine_distance:20 - Haversine: (31.330396, 73.0696448) → (31.4467219, 73.1271368) = 14038.9 m
2026-03-22 01:02:13.437 | DEBUG    | utils.geo_utils:haversine_distance:20 - Haversine: (31.3413852, 73.1852291) → (31.3691526, 73.0514611) = 13071.9 m
2026-03-22 01:02:13.437 | DEBUG    | utils.geo_utils:haversine_distance:20 - Haversine: (31.3413852, 73.1852291) → (31.3787188, 73.157798) = 4900.7 m
2026-03-22 01:02:13.437 | DEBUG    | utils.geo_utils:haversine_distance:20 - Haversine: (31.3413852, 73.1852291) → (31.4457694, 73.1408101) = 12349.0 m
2026-03-22 01:02:13.437 | DEBUG    | utils.geo_utils:haversine_distance:20 - Haversine: (31.3413852, 73.1852291) → (31.5487412, 73.1501112) = 23296.4 m
2026-03-22 01:02:13.437 | DEBUG    | utils.geo_utils:haversine_distance:20 - Haversine: (31.3413852, 73.1852291) → (31.3836456, 73.0640586) = 12427.6 m
2026-03-22 01:02:13.437 | DEBUG    | utils.geo_utils:haversine_distance:20 - Haversine: (31.3413852, 73.1852291) → (31.4467219, 73.1271368) = 12945.9 m
2026-03-22 01:02:13.437 | DEBUG    | utils.geo_utils:haversine_distance:20 - Haversine: (31.3413852, 73.1852291) → (31.330396, 73.0696448) = 11045.4 m
2026-03-22 01:02:13.437 | DEBUG    | utils.geo_utils:haversine_distance:20 - Haversine: (31.4000755, 73.0126538) → (31.3691526, 73.0514611) = 5039.2 m
2026-03-22 01:02:13.437 | DEBUG    | utils.geo_utils:haversine_distance:20 - Haversine: (31.4000755, 73.0126538) → (31.3787188, 73.157798) = 13980.4 m
2026-03-22 01:02:13.437 | DEBUG    | utils.geo_utils:haversine_distance:20 - Haversine: (31.4000755, 73.0126538) → (31.4457694, 73.1408101) = 13179.2 m
2026-03-22 01:02:13.437 | DEBUG    | utils.geo_utils:haversine_distance:20 - Haversine: (31.4000755, 73.0126538) → (31.5487412, 73.1501112) = 21052.4 m
2026-03-22 01:02:13.437 | DEBUG    | utils.geo_utils:haversine_distance:20 - Haversine: (31.4000755, 73.0126538) → (31.3836456, 73.0640586) = 5210.1 m
2026-03-22 01:02:13.437 | DEBUG    | utils.geo_utils:haversine_distance:20 - Haversine: (31.4000755, 73.0126538) → (31.4467219, 73.1271368) = 12037.7 m
2026-03-22 01:02:13.437 | DEBUG    | utils.geo_utils:haversine_distance:20 - Haversine: (31.4000755, 73.0126538) → (31.330396, 73.0696448) = 9450.5 m
2026-03-22 01:02:13.437 | DEBUG    | utils.geo_utils:haversine_distance:20 - Haversine: (31.4000755, 73.0126538) → (31.3413852, 73.1852291) = 17636.2 m
2026-03-22 01:02:13.438 | DEBUG    | utils.geo_utils:haversine_distance:20 - Haversine: (31.527645, 73.0552285) → (31.3691526, 73.0514611) = 17627.2 m
2026-03-22 01:02:13.438 | DEBUG    | utils.geo_utils:haversine_distance:20 - Haversine: (31.527645, 73.0552285) → (31.3787188, 73.157798) = 19206.5 m
2026-03-22 01:02:13.438 | DEBUG    | utils.geo_utils:haversine_distance:20 - Haversine: (31.527645, 73.0552285) → (31.4457694, 73.1408101) = 12195.9 m
2026-03-22 01:02:13.438 | DEBUG    | utils.geo_utils:haversine_distance:20 - Haversine: (31.527645, 73.0552285) → (31.5487412, 73.1501112) = 9293.0 m
2026-03-22 01:02:13.438 | DEBUG    | utils.geo_utils:haversine_distance:20 - Haversine: (31.527645, 73.0552285) → (31.3836456, 73.0640586) = 16033.9 m
2026-03-22 01:02:13.438 | DEBUG    | utils.geo_utils:haversine_distance:20 - Haversine: (31.527645, 73.0552285) → (31.4467219, 73.1271368) = 11289.8 m
2026-03-22 01:02:13.438 | DEBUG    | utils.geo_utils:haversine_distance:20 - Haversine: (31.527645, 73.0552285) → (31.330396, 73.0696448) = 21975.7 m
2026-03-22 01:02:13.438 | DEBUG    | utils.geo_utils:haversine_distance:20 - Haversine: (31.527645, 73.0552285) → (31.3413852, 73.1852291) = 24105.5 m
2026-03-22 01:02:13.438 | DEBUG    | utils.geo_utils:haversine_distance:20 - Haversine: (31.527645, 73.0552285) → (31.4000755, 73.0126538) = 14748.6 m
2026-03-22 01:02:13.438 | DEBUG    | utils.geo_utils:haversine_distance:20 - Haversine: (31.3281703, 73.1302408) → (31.3691526, 73.0514611) = 8759.8 m
2026-03-22 01:02:13.438 | DEBUG    | utils.geo_utils:haversine_distance:20 - Haversine: (31.3281703, 73.1302408) → (31.3787188, 73.157798) = 6200.0 m
2026-03-22 01:02:13.438 | DEBUG    | utils.geo_utils:haversine_distance:20 - Haversine: (31.3281703, 73.1302408) → (31.4457694, 73.1408101) = 13114.9 m
2026-03-22 01:02:13.438 | DEBUG    | utils.geo_utils:haversine_distance:20 - Haversine: (31.3281703, 73.1302408) → (31.5487412, 73.1501112) = 24598.7 m
2026-03-22 01:02:13.438 | DEBUG    | utils.geo_utils:haversine_distance:20 - Haversine: (31.3281703, 73.1302408) → (31.3836456, 73.0640586) = 8805.9 m
2026-03-22 01:02:13.438 | DEBUG    | utils.geo_utils:haversine_distance:20 - Haversine: (31.3281703, 73.1302408) → (31.4467219, 73.1271368) = 13185.6 m
2026-03-22 01:02:13.438 | DEBUG    | utils.geo_utils:haversine_distance:20 - Haversine: (31.3281703, 73.1302408) → (31.330396, 73.0696448) = 5760.8 m
2026-03-22 01:02:13.439 | DEBUG    | utils.geo_utils:haversine_distance:20 - Haversine: (31.3281703, 73.1302408) → (31.3413852, 73.1852291) = 5425.4 m
2026-03-22 01:02:13.439 | DEBUG    | utils.geo_utils:haversine_distance:20 - Haversine: (31.3281703, 73.1302408) → (31.4000755, 73.0126538) = 13732.2 m
2026-03-22 01:02:13.439 | DEBUG    | utils.geo_utils:haversine_distance:20 - Haversine: (31.3281703, 73.1302408) → (31.527645, 73.0552285) = 23294.5 m
2026-03-22 01:02:13.439 | DEBUG    | utils.geo_utils:haversine_distance:20 - Haversine: (31.3434454, 73.1825193) → (31.3691526, 73.0514611) = 12768.7 m
2026-03-22 01:02:13.439 | DEBUG    | utils.geo_utils:haversine_distance:20 - Haversine: (31.3434454, 73.1825193) → (31.3787188, 73.157798) = 4570.9 m
2026-03-22 01:02:13.439 | DEBUG    | utils.geo_utils:haversine_distance:20 - Haversine: (31.3434454, 73.1825193) → (31.4457694, 73.1408101) = 12047.0 m
2026-03-22 01:02:13.439 | DEBUG    | utils.geo_utils:haversine_distance:20 - Haversine: (31.3434454, 73.1825193) → (31.5487412, 73.1501112) = 23033.9 m
2026-03-22 01:02:13.439 | DEBUG    | utils.geo_utils:haversine_distance:20 - Haversine: (31.3434454, 73.1825193) → (31.3836456, 73.0640586) = 12103.2 m
2026-03-22 01:02:13.439 | DEBUG    | utils.geo_utils:haversine_distance:20 - Haversine: (31.3434454, 73.1825193) → (31.4467219, 73.1271368) = 12629.8 m
2026-03-22 01:02:13.439 | DEBUG    | utils.geo_utils:haversine_distance:20 - Haversine: (31.3434454, 73.1825193) → (31.330396, 73.0696448) = 10817.9 m
2026-03-22 01:02:13.440 | DEBUG    | utils.geo_utils:haversine_distance:20 - Haversine: (31.3434454, 73.1825193) → (31.3413852, 73.1852291) = 344.5 m
2026-03-22 01:02:13.440 | DEBUG    | utils.geo_utils:haversine_distance:20 - Haversine: (31.4192659, 73.0416323) → (31.3691526, 73.0514611) = 5649.9 m
2026-03-22 01:02:13.440 | DEBUG    | utils.geo_utils:haversine_distance:20 - Haversine: (31.4192659, 73.0416323) → (31.3787188, 73.157798) = 11911.7 m
2026-03-22 01:02:13.440 | DEBUG    | utils.geo_utils:haversine_distance:20 - Haversine: (31.4192659, 73.0416323) → (31.4457694, 73.1408101) = 9860.5 m
2026-03-22 01:02:13.440 | DEBUG    | utils.geo_utils:haversine_distance:20 - Haversine: (31.4192659, 73.0416323) → (31.5487412, 73.1501112) = 17694.3 m
2026-03-22 01:02:13.440 | DEBUG    | utils.geo_utils:haversine_distance:20 - Haversine: (31.4192659, 73.0416323) → (31.3836456, 73.0640586) = 4496.5 m
2026-03-22 01:02:13.440 | DEBUG    | utils.geo_utils:haversine_distance:20 - Haversine: (31.4192659, 73.0416323) → (31.4467219, 73.1271368) = 8667.9 m
2026-03-22 01:02:13.440 | DEBUG    | utils.geo_utils:haversine_distance:20 - Haversine: (31.4192659, 73.0416323) → (31.330396, 73.0696448) = 10233.5 m
2026-03-22 01:02:13.440 | DEBUG    | utils.geo_utils:haversine_distance:20 - Haversine: (31.4192659, 73.0416323) → (31.3413852, 73.1852291) = 16149.9 m
2026-03-22 01:02:13.440 | DEBUG    | utils.geo_utils:haversine_distance:20 - Haversine: (31.4192659, 73.0416323) → (31.4000755, 73.0126538) = 3480.9 m
2026-03-22 01:02:13.440 | DEBUG    | utils.geo_utils:haversine_distance:20 - Haversine: (31.4192659, 73.0416323) → (31.527645, 73.0552285) = 12120.0 m
2026-03-22 01:02:13.440 | DEBUG    | utils.geo_utils:haversine_distance:20 - Haversine: (31.4192659, 73.0416323) → (31.3281703, 73.1302408) = 13167.0 m
2026-03-22 01:02:13.440 | DEBUG    | utils.geo_utils:haversine_distance:20 - Haversine: (31.5101284, 73.1503952) → (31.3691526, 73.0514611) = 18270.9 m
2026-03-22 01:02:13.440 | DEBUG    | utils.geo_utils:haversine_distance:20 - Haversine: (31.5101284, 73.1503952) → (31.3787188, 73.157798) = 14628.9 m
2026-03-22 01:02:13.441 | DEBUG    | utils.geo_utils:haversine_distance:20 - Haversine: (31.5101284, 73.1503952) → (31.4457694, 73.1408101) = 7213.9 m
2026-03-22 01:02:13.441 | DEBUG    | utils.geo_utils:haversine_distance:20 - Haversine: (31.5101284, 73.1503952) → (31.5487412, 73.1501112) = 4293.6 m
2026-03-22 01:02:13.441 | DEBUG    | utils.geo_utils:haversine_distance:20 - Haversine: (31.5101284, 73.1503952) → (31.3836456, 73.0640586) = 16275.2 m
2026-03-22 01:02:13.441 | DEBUG    | utils.geo_utils:haversine_distance:20 - Haversine: (31.5101284, 73.1503952) → (31.4467219, 73.1271368) = 7387.4 m
2026-03-22 01:02:13.441 | DEBUG    | utils.geo_utils:haversine_distance:20 - Haversine: (31.5101284, 73.1503952) → (31.330396, 73.0696448) = 21403.9 m
2026-03-22 01:02:13.441 | DEBUG    | utils.geo_utils:haversine_distance:20 - Haversine: (31.5101284, 73.1503952) → (31.3413852, 73.1852291) = 19052.3 m
2026-03-22 01:02:13.441 | DEBUG    | utils.geo_utils:haversine_distance:20 - Haversine: (31.5101284, 73.1503952) → (31.4000755, 73.0126538) = 17901.3 m
2026-03-22 01:02:13.441 | DEBUG    | utils.geo_utils:haversine_distance:20 - Haversine: (31.5101284, 73.1503952) → (31.527645, 73.0552285) = 9228.7 m
2026-03-22 01:02:13.441 | DEBUG    | utils.geo_utils:haversine_distance:20 - Haversine: (31.5101284, 73.1503952) → (31.3281703, 73.1302408) = 20323.0 m
2026-03-22 01:02:13.441 | DEBUG    | utils.geo_utils:haversine_distance:20 - Haversine: (31.5101284, 73.1503952) → (31.4192659, 73.0416323) = 14439.2 m
2026-03-22 01:02:13.441 | DEBUG    | utils.geo_utils:haversine_distance:20 - Haversine: (31.4641337, 73.1683411) → (31.3691526, 73.0514611) = 15315.3 m
2026-03-22 01:02:13.441 | DEBUG    | utils.geo_utils:haversine_distance:20 - Haversine: (31.4641337, 73.1683411) → (31.3787188, 73.157798) = 9550.2 m
2026-03-22 01:02:13.441 | DEBUG    | utils.geo_utils:haversine_distance:20 - Haversine: (31.4641337, 73.1683411) → (31.4457694, 73.1408101) = 3315.0 m
2026-03-22 01:02:13.441 | DEBUG    | utils.geo_utils:haversine_distance:20 - Haversine: (31.4641337, 73.1683411) → (31.5487412, 73.1501112) = 9565.3 m
2026-03-22 01:02:13.441 | DEBUG    | utils.geo_utils:haversine_distance:20 - Haversine: (31.4641337, 73.1683411) → (31.3836456, 73.0640586) = 13342.1 m
2026-03-22 01:02:13.441 | DEBUG    | utils.geo_utils:haversine_distance:20 - Haversine: (31.4641337, 73.1683411) → (31.4467219, 73.1271368) = 4361.7 m
2026-03-22 01:02:13.441 | DEBUG    | utils.geo_utils:haversine_distance:20 - Haversine: (31.4641337, 73.1683411) → (31.330396, 73.0696448) = 17575.5 m
2026-03-22 01:02:13.441 | DEBUG    | utils.geo_utils:haversine_distance:20 - Haversine: (31.4641337, 73.1683411) → (31.3413852, 73.1852291) = 13742.8 m
2026-03-22 01:02:13.441 | DEBUG    | utils.geo_utils:haversine_distance:20 - Haversine: (31.4641337, 73.1683411) → (31.4000755, 73.0126538) = 16399.0 m
2026-03-22 01:02:13.441 | DEBUG    | utils.geo_utils:haversine_distance:20 - Haversine: (31.4641337, 73.1683411) → (31.527645, 73.0552285) = 12841.0 m
2026-03-22 01:02:13.441 | DEBUG    | utils.geo_utils:haversine_distance:20 - Haversine: (31.4641337, 73.1683411) → (31.3281703, 73.1302408) = 15544.9 m
2026-03-22 01:02:13.441 | DEBUG    | utils.geo_utils:haversine_distance:20 - Haversine: (31.4641337, 73.1683411) → (31.4192659, 73.0416323) = 13014.9 m
2026-03-22 01:02:13.441 | DEBUG    | utils.geo_utils:haversine_distance:20 - Haversine: (31.4641337, 73.1683411) → (31.5101284, 73.1503952) = 5390.0 m
2026-03-22 01:02:13.442 | DEBUG    | utils.geo_utils:haversine_distance:20 - Haversine: (31.3446991, 73.0585627) → (31.3691526, 73.0514611) = 2801.5 m
2026-03-22 01:02:13.442 | DEBUG    | utils.geo_utils:haversine_distance:20 - Haversine: (31.3446991, 73.0585627) → (31.3787188, 73.157798) = 10153.3 m
2026-03-22 01:02:13.442 | DEBUG    | utils.geo_utils:haversine_distance:20 - Haversine: (31.3446991, 73.0585627) → (31.4457694, 73.1408101) = 13683.8 m
2026-03-22 01:02:13.442 | DEBUG    | utils.geo_utils:haversine_distance:20 - Haversine: (31.3446991, 73.0585627) → (31.5487412, 73.1501112) = 24293.8 m
2026-03-22 01:02:13.442 | DEBUG    | utils.geo_utils:haversine_distance:20 - Haversine: (31.3446991, 73.0585627) → (31.3836456, 73.0640586) = 4362.0 m
2026-03-22 01:02:13.442 | DEBUG    | utils.geo_utils:haversine_distance:20 - Haversine: (31.3446991, 73.0585627) → (31.4467219, 73.1271368) = 13079.0 m
2026-03-22 01:02:13.442 | DEBUG    | utils.geo_utils:haversine_distance:20 - Haversine: (31.3446991, 73.0585627) → (31.330396, 73.0696448) = 1907.2 m
2026-03-22 01:02:13.442 | DEBUG    | utils.geo_utils:haversine_distance:20 - Haversine: (31.3446991, 73.0585627) → (31.3413852, 73.1852291) = 12034.9 m
2026-03-22 01:02:13.442 | DEBUG    | utils.geo_utils:haversine_distance:20 - Haversine: (31.3446991, 73.0585627) → (31.4000755, 73.0126538) = 7544.0 m
2026-03-22 01:02:13.442 | DEBUG    | utils.geo_utils:haversine_distance:20 - Haversine: (31.3446991, 73.0585627) → (31.527645, 73.0552285) = 20345.1 m
2026-03-22 01:02:13.442 | DEBUG    | utils.geo_utils:haversine_distance:20 - Haversine: (31.3446991, 73.0585627) → (31.3281703, 73.1302408) = 7051.3 m
2026-03-22 01:02:13.442 | DEBUG    | utils.geo_utils:haversine_distance:20 - Haversine: (31.3446991, 73.0585627) → (31.4192659, 73.0416323) = 8445.8 m
2026-03-22 01:02:13.442 | DEBUG    | utils.geo_utils:haversine_distance:20 - Haversine: (31.3446991, 73.0585627) → (31.5101284, 73.1503952) = 20354.2 m
2026-03-22 01:02:13.442 | DEBUG    | utils.geo_utils:haversine_distance:20 - Haversine: (31.3446991, 73.0585627) → (31.4641337, 73.1683411) = 16879.6 m
2026-03-22 01:02:13.442 | DEBUG    | utils.geo_utils:haversine_distance:20 - Haversine: (31.5431453, 73.1283131) → (31.3691526, 73.0514611) = 20674.9 m
2026-03-22 01:02:13.442 | DEBUG    | utils.geo_utils:haversine_distance:20 - Haversine: (31.5431453, 73.1283131) → (31.3787188, 73.157798) = 18496.0 m
2026-03-22 01:02:13.442 | DEBUG    | utils.geo_utils:haversine_distance:20 - Haversine: (31.5431453, 73.1283131) → (31.4457694, 73.1408101) = 10892.3 m
2026-03-22 01:02:13.442 | DEBUG    | utils.geo_utils:haversine_distance:20 - Haversine: (31.5431453, 73.1283131) → (31.5487412, 73.1501112) = 2157.3 m
2026-03-22 01:02:13.442 | DEBUG    | utils.geo_utils:haversine_distance:20 - Haversine: (31.5431453, 73.1283131) → (31.3836456, 73.0640586) = 18753.4 m
2026-03-22 01:02:13.442 | DEBUG    | utils.geo_utils:haversine_distance:20 - Haversine: (31.5431453, 73.1283131) → (31.4467219, 73.1271368) = 10722.4 m
2026-03-22 01:02:13.442 | DEBUG    | utils.geo_utils:haversine_distance:20 - Haversine: (31.5431453, 73.1283131) → (31.330396, 73.0696448) = 24302.6 m
2026-03-22 01:02:13.442 | DEBUG    | utils.geo_utils:haversine_distance:20 - Haversine: (31.5431453, 73.1283131) → (31.3413852, 73.1852291) = 23075.3 m
2026-03-22 01:02:13.442 | DEBUG    | utils.geo_utils:haversine_distance:20 - Haversine: (31.5431453, 73.1283131) → (31.4000755, 73.0126538) = 19323.6 m
2026-03-22 01:02:13.442 | DEBUG    | utils.geo_utils:haversine_distance:20 - Haversine: (31.5431453, 73.1283131) → (31.527645, 73.0552285) = 7137.7 m
2026-03-22 01:02:13.442 | DEBUG    | utils.geo_utils:haversine_distance:20 - Haversine: (31.5431453, 73.1283131) → (31.3281703, 73.1302408) = 23904.8 m
2026-03-22 01:02:13.443 | DEBUG    | utils.geo_utils:haversine_distance:20 - Haversine: (31.5431453, 73.1283131) → (31.4192659, 73.0416323) = 16040.9 m
2026-03-22 01:02:13.443 | DEBUG    | utils.geo_utils:haversine_distance:20 - Haversine: (31.5431453, 73.1283131) → (31.5101284, 73.1503952) = 4226.0 m
2026-03-22 01:02:13.443 | DEBUG    | utils.geo_utils:haversine_distance:20 - Haversine: (31.5431453, 73.1283131) → (31.4641337, 73.1683411) = 9570.2 m
2026-03-22 01:02:13.443 | DEBUG    | utils.geo_utils:haversine_distance:20 - Haversine: (31.5431453, 73.1283131) → (31.3446991, 73.0585627) = 23037.0 m
2026-03-22 01:02:13.443 | DEBUG    | utils.geo_utils:haversine_distance:20 - Haversine: (31.398463, 73.0263855) → (31.3691526, 73.0514611) = 4035.9 m
2026-03-22 01:02:13.443 | DEBUG    | utils.geo_utils:haversine_distance:20 - Haversine: (31.398463, 73.0263855) → (31.3787188, 73.157798) = 12665.7 m
2026-03-22 01:02:13.443 | DEBUG    | utils.geo_utils:haversine_distance:20 - Haversine: (31.398463, 73.0263855) → (31.4457694, 73.1408101) = 12064.7 m
2026-03-22 01:02:13.443 | DEBUG    | utils.geo_utils:haversine_distance:20 - Haversine: (31.398463, 73.0263855) → (31.5487412, 73.1501112) = 20418.3 m
2026-03-22 01:02:13.443 | DEBUG    | utils.geo_utils:haversine_distance:20 - Haversine: (31.398463, 73.0263855) → (31.3836456, 73.0640586) = 3937.2 m
2026-03-22 01:02:13.443 | DEBUG    | utils.geo_utils:haversine_distance:20 - Haversine: (31.398463, 73.0263855) → (31.4467219, 73.1271368) = 10963.1 m
2026-03-22 01:02:13.443 | DEBUG    | utils.geo_utils:haversine_distance:20 - Haversine: (31.398463, 73.0263855) → (31.330396, 73.0696448) = 8611.4 m
2026-03-22 01:02:13.443 | DEBUG    | utils.geo_utils:haversine_distance:20 - Haversine: (31.398463, 73.0263855) → (31.3413852, 73.1852291) = 16361.9 m
2026-03-22 01:02:13.443 | DEBUG    | utils.geo_utils:haversine_distance:20 - Haversine: (31.398463, 73.0263855) → (31.4000755, 73.0126538) = 1315.6 m
2026-03-22 01:02:13.443 | DEBUG    | utils.geo_utils:haversine_distance:20 - Haversine: (31.398463, 73.0263855) → (31.527645, 73.0552285) = 14622.6 m
2026-03-22 01:02:13.443 | DEBUG    | utils.geo_utils:haversine_distance:20 - Haversine: (31.398463, 73.0263855) → (31.3281703, 73.1302408) = 12582.9 m
2026-03-22 01:02:13.443 | DEBUG    | utils.geo_utils:haversine_distance:20 - Haversine: (31.398463, 73.0263855) → (31.4192659, 73.0416323) = 2728.4 m
2026-03-22 01:02:13.443 | DEBUG    | utils.geo_utils:haversine_distance:20 - Haversine: (31.398463, 73.0263855) → (31.5101284, 73.1503952) = 17103.8 m
2026-03-22 01:02:13.443 | DEBUG    | utils.geo_utils:haversine_distance:20 - Haversine: (31.398463, 73.0263855) → (31.4641337, 73.1683411) = 15320.8 m
2026-03-22 01:02:13.443 | DEBUG    | utils.geo_utils:haversine_distance:20 - Haversine: (31.398463, 73.0263855) → (31.3446991, 73.0585627) = 6713.6 m
2026-03-22 01:02:13.443 | DEBUG    | utils.geo_utils:haversine_distance:20 - Haversine: (31.398463, 73.0263855) → (31.5431453, 73.1283131) = 18768.8 m
2026-03-22 01:02:13.443 | DEBUG    | utils.geo_utils:haversine_distance:20 - Haversine: (31.3190478, 73.1756414) → (31.3691526, 73.0514611) = 13042.9 m
2026-03-22 01:02:13.443 | DEBUG    | utils.geo_utils:haversine_distance:20 - Haversine: (31.3190478, 73.1756414) → (31.3787188, 73.157798) = 6848.1 m
2026-03-22 01:02:13.443 | DEBUG    | utils.geo_utils:haversine_distance:20 - Haversine: (31.3190478, 73.1756414) → (31.4457694, 73.1408101) = 14473.5 m
2026-03-22 01:02:13.443 | DEBUG    | utils.geo_utils:haversine_distance:20 - Haversine: (31.3190478, 73.1756414) → (31.5487412, 73.1501112) = 25655.3 m
2026-03-22 01:02:13.443 | DEBUG    | utils.geo_utils:haversine_distance:20 - Haversine: (31.3190478, 73.1756414) → (31.3836456, 73.0640586) = 12801.1 m
2026-03-22 01:02:13.443 | DEBUG    | utils.geo_utils:haversine_distance:20 - Haversine: (31.3190478, 73.1756414) → (31.4467219, 73.1271368) = 14924.7 m
2026-03-22 01:02:13.443 | DEBUG    | utils.geo_utils:haversine_distance:20 - Haversine: (31.3190478, 73.1756414) → (31.330396, 73.0696448) = 10147.0 m
2026-03-22 01:02:13.443 | DEBUG    | utils.geo_utils:haversine_distance:20 - Haversine: (31.3190478, 73.1756414) → (31.3413852, 73.1852291) = 2645.5 m
2026-03-22 01:02:13.443 | DEBUG    | utils.geo_utils:haversine_distance:20 - Haversine: (31.3190478, 73.1756414) → (31.4000755, 73.0126538) = 17907.6 m
2026-03-22 01:02:13.443 | DEBUG    | utils.geo_utils:haversine_distance:20 - Haversine: (31.3190478, 73.1756414) → (31.527645, 73.0552285) = 25856.3 m
2026-03-22 01:02:13.444 | DEBUG    | utils.geo_utils:haversine_distance:20 - Haversine: (31.3190478, 73.1756414) → (31.3281703, 73.1302408) = 4430.2 m
2026-03-22 01:02:13.444 | DEBUG    | utils.geo_utils:haversine_distance:20 - Haversine: (31.3190478, 73.1756414) → (31.4192659, 73.0416323) = 16913.3 m
2026-03-22 01:02:13.444 | DEBUG    | utils.geo_utils:haversine_distance:20 - Haversine: (31.3190478, 73.1756414) → (31.5101284, 73.1503952) = 21381.8 m
2026-03-22 01:02:13.444 | DEBUG    | utils.geo_utils:haversine_distance:20 - Haversine: (31.3190478, 73.1756414) → (31.4641337, 73.1683411) = 16147.7 m
2026-03-22 01:02:13.444 | DEBUG    | utils.geo_utils:haversine_distance:20 - Haversine: (31.3190478, 73.1756414) → (31.3446991, 73.0585627) = 11480.0 m
2026-03-22 01:02:13.444 | DEBUG    | utils.geo_utils:haversine_distance:20 - Haversine: (31.3190478, 73.1756414) → (31.5431453, 73.1283131) = 25319.9 m
2026-03-22 01:02:13.444 | DEBUG    | utils.geo_utils:haversine_distance:20 - Haversine: (31.3190478, 73.1756414) → (31.398463, 73.0263855) = 16698.2 m
2026-03-22 01:02:13.444 | DEBUG    | utils.geo_utils:haversine_distance:20 - Haversine: (31.3557607, 73.1450675) → (31.3691526, 73.0514611) = 9011.7 m
2026-03-22 01:02:13.444 | DEBUG    | utils.geo_utils:haversine_distance:20 - Haversine: (31.3557607, 73.1450675) → (31.3787188, 73.157798) = 2824.5 m
2026-03-22 01:02:13.444 | DEBUG    | utils.geo_utils:haversine_distance:20 - Haversine: (31.3557607, 73.1450675) → (31.4457694, 73.1408101) = 10016.7 m
2026-03-22 01:02:13.444 | DEBUG    | utils.geo_utils:haversine_distance:20 - Haversine: (31.3557607, 73.1450675) → (31.5487412, 73.1501112) = 21463.8 m
2026-03-22 01:02:13.444 | DEBUG    | utils.geo_utils:haversine_distance:20 - Haversine: (31.3557607, 73.1450675) → (31.3836456, 73.0640586) = 8292.6 m
2026-03-22 01:02:13.444 | DEBUG    | utils.geo_utils:haversine_distance:20 - Haversine: (31.3557607, 73.1450675) → (31.4467219, 73.1271368) = 10256.6 m
2026-03-22 01:02:13.444 | DEBUG    | utils.geo_utils:haversine_distance:20 - Haversine: (31.3557607, 73.1450675) → (31.330396, 73.0696448) = 7698.0 m
2026-03-22 01:02:13.444 | DEBUG    | utils.geo_utils:haversine_distance:20 - Haversine: (31.3557607, 73.1450675) → (31.3413852, 73.1852291) = 4135.3 m
2026-03-22 01:02:13.444 | DEBUG    | utils.geo_utils:haversine_distance:20 - Haversine: (31.3557607, 73.1450675) → (31.4000755, 73.0126538) = 13501.7 m
2026-03-22 01:02:13.444 | DEBUG    | utils.geo_utils:haversine_distance:20 - Haversine: (31.3557607, 73.1450675) → (31.527645, 73.0552285) = 20926.9 m
2026-03-22 01:02:13.444 | DEBUG    | utils.geo_utils:haversine_distance:20 - Haversine: (31.3557607, 73.1450675) → (31.3281703, 73.1302408) = 3375.6 m
2026-03-22 01:02:13.444 | DEBUG    | utils.geo_utils:haversine_distance:20 - Haversine: (31.3557607, 73.1450675) → (31.4192659, 73.0416323) = 12094.0 m
2026-03-22 01:02:13.444 | DEBUG    | utils.geo_utils:haversine_distance:20 - Haversine: (31.3557607, 73.1450675) → (31.5101284, 73.1503952) = 17172.3 m
2026-03-22 01:02:13.444 | DEBUG    | utils.geo_utils:haversine_distance:20 - Haversine: (31.3557607, 73.1450675) → (31.4641337, 73.1683411) = 12251.3 m
2026-03-22 01:02:13.444 | DEBUG    | utils.geo_utils:haversine_distance:20 - Haversine: (31.3557607, 73.1450675) → (31.3446991, 73.0585627) = 8306.1 m
2026-03-22 01:02:13.444 | DEBUG    | utils.geo_utils:haversine_distance:20 - Haversine: (31.3557607, 73.1450675) → (31.5431453, 73.1283131) = 20896.7 m
2026-03-22 01:02:13.444 | DEBUG    | utils.geo_utils:haversine_distance:20 - Haversine: (31.3557607, 73.1450675) → (31.398463, 73.0263855) = 12226.6 m
2026-03-22 01:02:13.444 | DEBUG    | utils.geo_utils:haversine_distance:20 - Haversine: (31.3557607, 73.1450675) → (31.3190478, 73.1756414) = 5009.7 m
2026-03-22 01:02:13.444 | DEBUG    | utils.geo_utils:haversine_distance:20 - Haversine: (31.4601458, 73.0666137) → (31.3691526, 73.0514611) = 10219.6 m
2026-03-22 01:02:13.444 | DEBUG    | utils.geo_utils:haversine_distance:20 - Haversine: (31.4601458, 73.0666137) → (31.3787188, 73.157798) = 12523.8 m
2026-03-22 01:02:13.444 | DEBUG    | utils.geo_utils:haversine_distance:20 - Haversine: (31.4601458, 73.0666137) → (31.4457694, 73.1408101) = 7217.3 m
2026-03-22 01:02:13.444 | DEBUG    | utils.geo_utils:haversine_distance:20 - Haversine: (31.4601458, 73.0666137) → (31.5487412, 73.1501112) = 12637.7 m
2026-03-22 01:02:13.444 | DEBUG    | utils.geo_utils:haversine_distance:20 - Haversine: (31.4601458, 73.0666137) → (31.3836456, 73.0640586) = 8509.9 m
2026-03-22 01:02:13.445 | DEBUG    | utils.geo_utils:haversine_distance:20 - Haversine: (31.4601458, 73.0666137) → (31.4467219, 73.1271368) = 5931.9 m
2026-03-22 01:02:13.445 | DEBUG    | utils.geo_utils:haversine_distance:20 - Haversine: (31.4601458, 73.0666137) → (31.330396, 73.0696448) = 14430.4 m
2026-03-22 01:02:13.445 | DEBUG    | utils.geo_utils:haversine_distance:20 - Haversine: (31.4601458, 73.0666137) → (31.3413852, 73.1852291) = 17352.9 m
2026-03-22 01:02:13.445 | DEBUG    | utils.geo_utils:haversine_distance:20 - Haversine: (31.4601458, 73.0666137) → (31.4000755, 73.0126538) = 8415.9 m
2026-03-22 01:02:13.445 | DEBUG    | utils.geo_utils:haversine_distance:20 - Haversine: (31.4601458, 73.0666137) → (31.527645, 73.0552285) = 7582.8 m
2026-03-22 01:02:13.445 | DEBUG    | utils.geo_utils:haversine_distance:20 - Haversine: (31.4601458, 73.0666137) → (31.3281703, 73.1302408) = 15869.1 m
2026-03-22 01:02:13.445 | DEBUG    | utils.geo_utils:haversine_distance:20 - Haversine: (31.4601458, 73.0666137) → (31.4192659, 73.0416323) = 5126.4 m
2026-03-22 01:02:13.445 | DEBUG    | utils.geo_utils:haversine_distance:20 - Haversine: (31.4601458, 73.0666137) → (31.5101284, 73.1503952) = 9695.6 m
2026-03-22 01:02:13.445 | DEBUG    | utils.geo_utils:haversine_distance:20 - Haversine: (31.4601458, 73.0666137) → (31.4641337, 73.1683411) = 9658.8 m
2026-03-22 01:02:13.445 | DEBUG    | utils.geo_utils:haversine_distance:20 - Haversine: (31.4601458, 73.0666137) → (31.3446991, 73.0585627) = 12859.8 m
2026-03-22 01:02:13.445 | DEBUG    | utils.geo_utils:haversine_distance:20 - Haversine: (31.4601458, 73.0666137) → (31.5431453, 73.1283131) = 10926.8 m
2026-03-22 01:02:13.445 | DEBUG    | utils.geo_utils:haversine_distance:20 - Haversine: (31.4601458, 73.0666137) → (31.398463, 73.0263855) = 7849.3 m
2026-03-22 01:02:13.445 | DEBUG    | utils.geo_utils:haversine_distance:20 - Haversine: (31.4601458, 73.0666137) → (31.3190478, 73.1756414) = 18795.2 m
2026-03-22 01:02:13.445 | DEBUG    | utils.geo_utils:haversine_distance:20 - Haversine: (31.4601458, 73.0666137) → (31.3557607, 73.1450675) = 13789.8 m
2026-03-22 01:02:13.445 | DEBUG    | utils.geo_utils:haversine_distance:20 - Haversine: (31.5426468, 73.1258022) → (31.3691526, 73.0514611) = 20540.0 m
2026-03-22 01:02:13.445 | DEBUG    | utils.geo_utils:haversine_distance:20 - Haversine: (31.5426468, 73.1258022) → (31.3787188, 73.157798) = 18478.9 m
2026-03-22 01:02:13.445 | DEBUG    | utils.geo_utils:haversine_distance:20 - Haversine: (31.5426468, 73.1258022) → (31.4457694, 73.1408101) = 10865.9 m
2026-03-22 01:02:13.445 | DEBUG    | utils.geo_utils:haversine_distance:20 - Haversine: (31.5426468, 73.1258022) → (31.5487412, 73.1501112) = 2401.2 m
2026-03-22 01:02:13.445 | DEBUG    | utils.geo_utils:haversine_distance:20 - Haversine: (31.5426468, 73.1258022) → (31.3836456, 73.0640586) = 18624.8 m
2026-03-22 01:02:13.445 | DEBUG    | utils.geo_utils:haversine_distance:20 - Haversine: (31.5426468, 73.1258022) → (31.4467219, 73.1271368) = 10667.1 m
2026-03-22 01:02:13.445 | DEBUG    | utils.geo_utils:haversine_distance:20 - Haversine: (31.5426468, 73.1258022) → (31.330396, 73.0696448) = 24195.1 m
2026-03-22 01:02:13.445 | DEBUG    | utils.geo_utils:haversine_distance:20 - Haversine: (31.5426468, 73.1258022) → (31.3413852, 73.1852291) = 23078.5 m
2026-03-22 01:02:13.445 | DEBUG    | utils.geo_utils:haversine_distance:20 - Haversine: (31.5426468, 73.1258022) → (31.4000755, 73.0126538) = 19143.5 m
2026-03-22 01:02:13.445 | DEBUG    | utils.geo_utils:haversine_distance:20 - Haversine: (31.5426468, 73.1258022) → (31.527645, 73.0552285) = 6893.4 m
2026-03-22 01:02:13.445 | DEBUG    | utils.geo_utils:haversine_distance:20 - Haversine: (31.5426468, 73.1258022) → (31.3281703, 73.1302408) = 23852.4 m
2026-03-22 01:02:13.445 | DEBUG    | utils.geo_utils:haversine_distance:20 - Haversine: (31.5426468, 73.1258022) → (31.4192659, 73.0416323) = 15872.2 m
2026-03-22 01:02:13.445 | DEBUG    | utils.geo_utils:haversine_distance:20 - Haversine: (31.5426468, 73.1258022) → (31.5101284, 73.1503952) = 4302.1 m
2026-03-22 01:02:13.445 | DEBUG    | utils.geo_utils:haversine_distance:20 - Haversine: (31.5426468, 73.1258022) → (31.4641337, 73.1683411) = 9616.8 m
2026-03-22 01:02:13.445 | DEBUG    | utils.geo_utils:haversine_distance:20 - Haversine: (31.5426468, 73.1258022) → (31.3446991, 73.0585627) = 22916.4 m
2026-03-22 01:02:13.445 | DEBUG    | utils.geo_utils:haversine_distance:20 - Haversine: (31.5426468, 73.1258022) → (31.5431453, 73.1283131) = 244.3 m
2026-03-22 01:02:13.446 | DEBUG    | utils.geo_utils:haversine_distance:20 - Haversine: (31.4743292, 73.1046958) → (31.3691526, 73.0514611) = 12739.4 m
2026-03-22 01:02:13.446 | DEBUG    | utils.geo_utils:haversine_distance:20 - Haversine: (31.4743292, 73.1046958) → (31.3787188, 73.157798) = 11764.9 m
2026-03-22 01:02:13.446 | DEBUG    | utils.geo_utils:haversine_distance:20 - Haversine: (31.4743292, 73.1046958) → (31.4457694, 73.1408101) = 4671.0 m
2026-03-22 01:02:13.446 | DEBUG    | utils.geo_utils:haversine_distance:20 - Haversine: (31.4743292, 73.1046958) → (31.5487412, 73.1501112) = 9327.3 m
2026-03-22 01:02:13.446 | DEBUG    | utils.geo_utils:haversine_distance:20 - Haversine: (31.4743292, 73.1046958) → (31.3836456, 73.0640586) = 10795.6 m
2026-03-22 01:02:13.446 | DEBUG    | utils.geo_utils:haversine_distance:20 - Haversine: (31.4743292, 73.1046958) → (31.4467219, 73.1271368) = 3735.5 m
2026-03-22 01:02:13.446 | DEBUG    | utils.geo_utils:haversine_distance:20 - Haversine: (31.4743292, 73.1046958) → (31.330396, 73.0696448) = 16346.7 m
2026-03-22 01:02:13.446 | DEBUG    | utils.geo_utils:haversine_distance:20 - Haversine: (31.4743292, 73.1046958) → (31.3413852, 73.1852291) = 16641.5 m
2026-03-22 01:02:13.446 | DEBUG    | utils.geo_utils:haversine_distance:20 - Haversine: (31.4743292, 73.1046958) → (31.4000755, 73.0126538) = 12017.7 m
2026-03-22 01:02:13.446 | DEBUG    | utils.geo_utils:haversine_distance:20 - Haversine: (31.4743292, 73.1046958) → (31.527645, 73.0552285) = 7559.2 m
2026-03-22 01:02:13.446 | DEBUG    | utils.geo_utils:haversine_distance:20 - Haversine: (31.4743292, 73.1046958) → (31.3281703, 73.1302408) = 16432.0 m
2026-03-22 01:02:13.446 | DEBUG    | utils.geo_utils:haversine_distance:20 - Haversine: (31.4743292, 73.1046958) → (31.4192659, 73.0416323) = 8560.2 m
2026-03-22 01:02:13.446 | DEBUG    | utils.geo_utils:haversine_distance:20 - Haversine: (31.4743292, 73.1046958) → (31.5101284, 73.1503952) = 5884.0 m
2026-03-22 01:02:13.446 | DEBUG    | utils.geo_utils:haversine_distance:20 - Haversine: (31.4743292, 73.1046958) → (31.4641337, 73.1683411) = 6141.7 m
2026-03-22 01:02:13.446 | DEBUG    | utils.geo_utils:haversine_distance:20 - Haversine: (31.4743292, 73.1046958) → (31.3446991, 73.0585627) = 15064.4 m
2026-03-22 01:02:13.446 | DEBUG    | utils.geo_utils:haversine_distance:20 - Haversine: (31.4743292, 73.1046958) → (31.5431453, 73.1283131) = 7972.8 m
2026-03-22 01:02:13.446 | DEBUG    | utils.geo_utils:haversine_distance:20 - Haversine: (31.4743292, 73.1046958) → (31.398463, 73.0263855) = 11241.2 m
2026-03-22 01:02:13.446 | DEBUG    | utils.geo_utils:haversine_distance:20 - Haversine: (31.4743292, 73.1046958) → (31.3190478, 73.1756414) = 18533.1 m
2026-03-22 01:02:13.446 | DEBUG    | utils.geo_utils:haversine_distance:20 - Haversine: (31.4743292, 73.1046958) → (31.3557607, 73.1450675) = 13729.6 m
2026-03-22 01:02:13.446 | DEBUG    | utils.geo_utils:haversine_distance:20 - Haversine: (31.4743292, 73.1046958) → (31.4601458, 73.0666137) = 3941.1 m
2026-03-22 01:02:13.446 | DEBUG    | utils.geo_utils:haversine_distance:20 - Haversine: (31.4693742, 73.1600766) → (31.3691526, 73.0514611) = 15179.5 m
2026-03-22 01:02:13.446 | DEBUG    | utils.geo_utils:haversine_distance:20 - Haversine: (31.4693742, 73.1600766) → (31.3787188, 73.157798) = 10082.7 m
2026-03-22 01:02:13.446 | DEBUG    | utils.geo_utils:haversine_distance:20 - Haversine: (31.4693742, 73.1600766) → (31.4457694, 73.1408101) = 3198.3 m
2026-03-22 01:02:13.446 | DEBUG    | utils.geo_utils:haversine_distance:20 - Haversine: (31.4693742, 73.1600766) → (31.5487412, 73.1501112) = 8875.6 m
2026-03-22 01:02:13.446 | DEBUG    | utils.geo_utils:haversine_distance:20 - Haversine: (31.4693742, 73.1600766) → (31.3836456, 73.0640586) = 13186.1 m
2026-03-22 01:02:13.446 | DEBUG    | utils.geo_utils:haversine_distance:20 - Haversine: (31.4693742, 73.1600766) → (31.4467219, 73.1271368) = 4013.3 m
2026-03-22 01:02:13.446 | DEBUG    | utils.geo_utils:haversine_distance:20 - Haversine: (31.4693742, 73.1600766) → (31.330396, 73.0696448) = 17677.2 m
2026-03-22 01:02:13.446 | DEBUG    | utils.geo_utils:haversine_distance:20 - Haversine: (31.4693742, 73.1600766) → (31.3413852, 73.1852291) = 14430.5 m
2026-03-22 01:02:13.446 | DEBUG    | utils.geo_utils:haversine_distance:20 - Haversine: (31.4693742, 73.1600766) → (31.4000755, 73.0126538) = 15969.0 m
2026-03-22 01:02:13.446 | DEBUG    | utils.geo_utils:haversine_distance:20 - Haversine: (31.4693742, 73.1600766) → (31.527645, 73.0552285) = 11866.0 m
2026-03-22 01:02:13.446 | DEBUG    | utils.geo_utils:haversine_distance:20 - Haversine: (31.4693742, 73.1600766) → (31.3281703, 73.1302408) = 15954.5 m
2026-03-22 01:02:13.447 | DEBUG    | utils.geo_utils:haversine_distance:20 - Haversine: (31.4693742, 73.1600766) → (31.4192659, 73.0416323) = 12541.9 m
2026-03-22 01:02:13.447 | DEBUG    | utils.geo_utils:haversine_distance:20 - Haversine: (31.4693742, 73.1600766) → (31.5101284, 73.1503952) = 4623.7 m
2026-03-22 01:02:13.447 | DEBUG    | utils.geo_utils:haversine_distance:20 - Haversine: (31.4693742, 73.1600766) → (31.4641337, 73.1683411) = 976.7 m
2026-03-22 01:02:13.447 | DEBUG    | utils.geo_utils:haversine_distance:20 - Haversine: (31.4693742, 73.1600766) → (31.3446991, 73.0585627) = 16882.0 m
2026-03-22 01:02:13.447 | DEBUG    | utils.geo_utils:haversine_distance:20 - Haversine: (31.4693742, 73.1600766) → (31.5431453, 73.1283131) = 8738.2 m
2026-03-22 01:02:13.447 | DEBUG    | utils.geo_utils:haversine_distance:20 - Haversine: (31.4693742, 73.1600766) → (31.398463, 73.0263855) = 14935.2 m
2026-03-22 01:02:13.447 | DEBUG    | utils.geo_utils:haversine_distance:20 - Haversine: (31.4693742, 73.1600766) → (31.3190478, 73.1756414) = 16780.7 m
2026-03-22 01:02:13.447 | DEBUG    | utils.geo_utils:haversine_distance:20 - Haversine: (31.4693742, 73.1600766) → (31.3557607, 73.1450675) = 12713.3 m
2026-03-22 01:02:13.447 | DEBUG    | utils.geo_utils:haversine_distance:20 - Haversine: (31.4693742, 73.1600766) → (31.4601458, 73.0666137) = 8923.7 m
2026-03-22 01:02:13.447 | DEBUG    | utils.geo_utils:haversine_distance:20 - Haversine: (31.4693742, 73.1600766) → (31.4743292, 73.1046958) = 5281.0 m
2026-03-22 01:02:13.447 | DEBUG    | utils.geo_utils:haversine_distance:20 - Haversine: (31.4060883, 73.1115478) → (31.3691526, 73.0514611) = 7028.5 m
2026-03-22 01:02:13.447 | DEBUG    | utils.geo_utils:haversine_distance:20 - Haversine: (31.4060883, 73.1115478) → (31.3787188, 73.157798) = 5341.7 m
2026-03-22 01:02:13.447 | DEBUG    | utils.geo_utils:haversine_distance:20 - Haversine: (31.4060883, 73.1115478) → (31.4457694, 73.1408101) = 5213.2 m
2026-03-22 01:02:13.447 | DEBUG    | utils.geo_utils:haversine_distance:20 - Haversine: (31.4060883, 73.1115478) → (31.5487412, 73.1501112) = 16278.4 m
2026-03-22 01:02:13.447 | DEBUG    | utils.geo_utils:haversine_distance:20 - Haversine: (31.4060883, 73.1115478) → (31.3836456, 73.0640586) = 5152.2 m
2026-03-22 01:02:13.447 | DEBUG    | utils.geo_utils:haversine_distance:20 - Haversine: (31.4060883, 73.1115478) → (31.4467219, 73.1271368) = 4754.2 m
2026-03-22 01:02:13.447 | DEBUG    | utils.geo_utils:haversine_distance:20 - Haversine: (31.4060883, 73.1115478) → (31.330396, 73.0696448) = 9309.5 m
2026-03-22 01:02:13.447 | DEBUG    | utils.geo_utils:haversine_distance:20 - Haversine: (31.4060883, 73.1115478) → (31.3413852, 73.1852291) = 10034.7 m
2026-03-22 01:02:13.447 | DEBUG    | utils.geo_utils:haversine_distance:20 - Haversine: (31.4060883, 73.1115478) → (31.4000755, 73.0126538) = 9409.6 m
2026-03-22 01:02:13.447 | DEBUG    | utils.geo_utils:haversine_distance:20 - Haversine: (31.4060883, 73.1115478) → (31.527645, 73.0552285) = 14533.6 m
2026-03-22 01:02:13.447 | DEBUG    | utils.geo_utils:haversine_distance:20 - Haversine: (31.4060883, 73.1115478) → (31.3281703, 73.1302408) = 8844.0 m
2026-03-22 01:02:13.447 | DEBUG    | utils.geo_utils:haversine_distance:20 - Haversine: (31.4060883, 73.1115478) → (31.4192659, 73.0416323) = 6794.7 m
2026-03-22 01:02:13.447 | DEBUG    | utils.geo_utils:haversine_distance:20 - Haversine: (31.4060883, 73.1115478) → (31.5101284, 73.1503952) = 12141.4 m
2026-03-22 01:02:13.447 | DEBUG    | utils.geo_utils:haversine_distance:20 - Haversine: (31.4060883, 73.1115478) → (31.4641337, 73.1683411) = 8407.9 m
2026-03-22 01:02:13.447 | DEBUG    | utils.geo_utils:haversine_distance:20 - Haversine: (31.4060883, 73.1115478) → (31.3446991, 73.0585627) = 8479.3 m
2026-03-22 01:02:13.447 | DEBUG    | utils.geo_utils:haversine_distance:20 - Haversine: (31.4060883, 73.1115478) → (31.5431453, 73.1283131) = 15322.8 m
2026-03-22 01:02:13.447 | DEBUG    | utils.geo_utils:haversine_distance:20 - Haversine: (31.4060883, 73.1115478) → (31.398463, 73.0263855) = 8127.0 m
2026-03-22 01:02:13.447 | DEBUG    | utils.geo_utils:haversine_distance:20 - Haversine: (31.4060883, 73.1115478) → (31.3190478, 73.1756414) = 11432.7 m
2026-03-22 01:02:13.447 | DEBUG    | utils.geo_utils:haversine_distance:20 - Haversine: (31.4060883, 73.1115478) → (31.3557607, 73.1450675) = 6437.6 m
2026-03-22 01:02:13.447 | DEBUG    | utils.geo_utils:haversine_distance:20 - Haversine: (31.4060883, 73.1115478) → (31.4601458, 73.0666137) = 7369.3 m
2026-03-22 01:02:13.448 | DEBUG    | utils.geo_utils:haversine_distance:20 - Haversine: (31.4060883, 73.1115478) → (31.4743292, 73.1046958) = 7615.8 m
2026-03-22 01:02:13.448 | DEBUG    | utils.geo_utils:haversine_distance:20 - Haversine: (31.4060883, 73.1115478) → (31.4693742, 73.1600766) = 8409.4 m
2026-03-22 01:02:13.448 | DEBUG    | utils.geo_utils:haversine_distance:20 - Haversine: (31.4773379, 73.0052033) → (31.3691526, 73.0514611) = 12805.4 m
2026-03-22 01:02:13.448 | DEBUG    | utils.geo_utils:haversine_distance:20 - Haversine: (31.4773379, 73.0052033) → (31.3787188, 73.157798) = 18162.6 m
2026-03-22 01:02:13.448 | DEBUG    | utils.geo_utils:haversine_distance:20 - Haversine: (31.4773379, 73.0052033) → (31.4457694, 73.1408101) = 13332.5 m
2026-03-22 01:02:13.448 | DEBUG    | utils.geo_utils:haversine_distance:20 - Haversine: (31.4773379, 73.0052033) → (31.5487412, 73.1501112) = 15866.2 m
2026-03-22 01:02:13.448 | DEBUG    | utils.geo_utils:haversine_distance:20 - Haversine: (31.4773379, 73.0052033) → (31.3836456, 73.0640586) = 11820.3 m
2026-03-22 01:02:13.448 | DEBUG    | utils.geo_utils:haversine_distance:20 - Haversine: (31.4773379, 73.0052033) → (31.4467219, 73.1271368) = 12055.8 m
2026-03-22 01:02:13.448 | DEBUG    | utils.geo_utils:haversine_distance:20 - Haversine: (31.4773379, 73.0052033) → (31.330396, 73.0696448) = 17446.3 m
2026-03-22 01:02:13.448 | DEBUG    | utils.geo_utils:haversine_distance:20 - Haversine: (31.4773379, 73.0052033) → (31.3413852, 73.1852291) = 22812.6 m
2026-03-22 01:02:13.448 | DEBUG    | utils.geo_utils:haversine_distance:20 - Haversine: (31.4773379, 73.0052033) → (31.4000755, 73.0126538) = 8620.2 m
2026-03-22 01:02:13.448 | DEBUG    | utils.geo_utils:haversine_distance:20 - Haversine: (31.4773379, 73.0052033) → (31.527645, 73.0552285) = 7333.8 m
2026-03-22 01:02:13.448 | DEBUG    | utils.geo_utils:haversine_distance:20 - Haversine: (31.4773379, 73.0052033) → (31.3281703, 73.1302408) = 20394.7 m
2026-03-22 01:02:13.448 | DEBUG    | utils.geo_utils:haversine_distance:20 - Haversine: (31.4773379, 73.0052033) → (31.4192659, 73.0416323) = 7323.9 m
2026-03-22 01:02:13.448 | DEBUG    | utils.geo_utils:haversine_distance:20 - Haversine: (31.4773379, 73.0052033) → (31.5101284, 73.1503952) = 14241.1 m
2026-03-22 01:02:13.448 | DEBUG    | utils.geo_utils:haversine_distance:20 - Haversine: (31.4773379, 73.0052033) → (31.4641337, 73.1683411) = 15541.3 m
2026-03-22 01:02:13.448 | DEBUG    | utils.geo_utils:haversine_distance:20 - Haversine: (31.4773379, 73.0052033) → (31.3446991, 73.0585627) = 15593.8 m
2026-03-22 01:02:13.448 | DEBUG    | utils.geo_utils:haversine_distance:20 - Haversine: (31.4773379, 73.0052033) → (31.5431453, 73.1283131) = 13775.0 m
2026-03-22 01:02:13.448 | DEBUG    | utils.geo_utils:haversine_distance:20 - Haversine: (31.4773379, 73.0052033) → (31.398463, 73.0263855) = 8997.8 m
2026-03-22 01:02:13.448 | DEBUG    | utils.geo_utils:haversine_distance:20 - Haversine: (31.4773379, 73.0052033) → (31.3190478, 73.1756414) = 23905.7 m
2026-03-22 01:02:13.448 | DEBUG    | utils.geo_utils:haversine_distance:20 - Haversine: (31.4773379, 73.0052033) → (31.3557607, 73.1450675) = 18944.9 m
2026-03-22 01:02:13.448 | DEBUG    | utils.geo_utils:haversine_distance:20 - Haversine: (31.4773379, 73.0052033) → (31.4601458, 73.0666137) = 6129.9 m
2026-03-22 01:02:13.448 | DEBUG    | utils.geo_utils:haversine_distance:20 - Haversine: (31.4773379, 73.0052033) → (31.4743292, 73.1046958) = 9441.2 m
2026-03-22 01:02:13.448 | DEBUG    | utils.geo_utils:haversine_distance:20 - Haversine: (31.4773379, 73.0052033) → (31.4693742, 73.1600766) = 14714.3 m
2026-03-22 01:02:13.448 | DEBUG    | utils.geo_utils:haversine_distance:20 - Haversine: (31.4773379, 73.0052033) → (31.4060883, 73.1115478) = 12827.7 m
2026-03-22 01:02:13.448 | DEBUG    | utils.geo_utils:haversine_distance:20 - Haversine: (31.4766945, 73.1677037) → (31.3691526, 73.0514611) = 16268.3 m
2026-03-22 01:02:13.448 | DEBUG    | utils.geo_utils:haversine_distance:20 - Haversine: (31.4766945, 73.1677037) → (31.3787188, 73.157798) = 10934.9 m
2026-03-22 01:02:13.448 | DEBUG    | utils.geo_utils:haversine_distance:20 - Haversine: (31.4766945, 73.1677037) → (31.4457694, 73.1408101) = 4281.5 m
2026-03-22 01:02:13.448 | DEBUG    | utils.geo_utils:haversine_distance:20 - Haversine: (31.4766945, 73.1677037) → (31.5487412, 73.1501112) = 8183.0 m
2026-03-22 01:02:13.449 | DEBUG    | utils.geo_utils:haversine_distance:20 - Haversine: (31.4766945, 73.1677037) → (31.3836456, 73.0640586) = 14274.3 m
2026-03-22 01:02:13.449 | DEBUG    | utils.geo_utils:haversine_distance:20 - Haversine: (31.4766945, 73.1677037) → (31.4467219, 73.1271368) = 5090.4 m
2026-03-22 01:02:13.449 | DEBUG    | utils.geo_utils:haversine_distance:20 - Haversine: (31.4766945, 73.1677037) → (31.330396, 73.0696448) = 18741.6 m
2026-03-22 01:02:13.449 | DEBUG    | utils.geo_utils:haversine_distance:20 - Haversine: (31.4766945, 73.1677037) → (31.3413852, 73.1852291) = 15137.4 m
2026-03-22 01:02:13.449 | DEBUG    | utils.geo_utils:haversine_distance:20 - Haversine: (31.4766945, 73.1677037) → (31.4000755, 73.0126538) = 16998.9 m
2026-03-22 01:02:13.449 | DEBUG    | utils.geo_utils:haversine_distance:20 - Haversine: (31.4766945, 73.1677037) → (31.527645, 73.0552285) = 12075.0 m
2026-03-22 01:02:13.449 | DEBUG    | utils.geo_utils:haversine_distance:20 - Haversine: (31.4766945, 73.1677037) → (31.3281703, 73.1302408) = 16893.5 m
2026-03-22 01:02:13.449 | DEBUG    | utils.geo_utils:haversine_distance:20 - Haversine: (31.4766945, 73.1677037) → (31.4192659, 73.0416323) = 13557.5 m
2026-03-22 01:02:13.449 | DEBUG    | utils.geo_utils:haversine_distance:20 - Haversine: (31.4766945, 73.1677037) → (31.5101284, 73.1503952) = 4063.8 m
2026-03-22 01:02:13.449 | DEBUG    | utils.geo_utils:haversine_distance:20 - Haversine: (31.4766945, 73.1677037) → (31.4641337, 73.1683411) = 1398.0 m
2026-03-22 01:02:13.449 | DEBUG    | utils.geo_utils:haversine_distance:20 - Haversine: (31.4766945, 73.1677037) → (31.3446991, 73.0585627) = 17963.8 m
2026-03-22 01:02:13.449 | DEBUG    | utils.geo_utils:haversine_distance:20 - Haversine: (31.4766945, 73.1677037) → (31.5431453, 73.1283131) = 8279.0 m
2026-03-22 01:02:13.449 | DEBUG    | utils.geo_utils:haversine_distance:20 - Haversine: (31.4766945, 73.1677037) → (31.398463, 73.0263855) = 15982.0 m
2026-03-22 01:02:13.449 | DEBUG    | utils.geo_utils:haversine_distance:20 - Haversine: (31.4766945, 73.1677037) → (31.3190478, 73.1756414) = 17545.7 m
2026-03-22 01:02:13.449 | DEBUG    | utils.geo_utils:haversine_distance:20 - Haversine: (31.4766945, 73.1677037) → (31.3557607, 73.1450675) = 13617.7 m
2026-03-22 01:02:13.449 | DEBUG    | utils.geo_utils:haversine_distance:20 - Haversine: (31.4766945, 73.1677037) → (31.4601458, 73.0666137) = 9762.5 m
2026-03-22 01:02:13.449 | DEBUG    | utils.geo_utils:haversine_distance:20 - Haversine: (31.4766945, 73.1677037) → (31.4743292, 73.1046958) = 5981.1 m
2026-03-22 01:02:13.449 | DEBUG    | utils.geo_utils:haversine_distance:20 - Haversine: (31.4766945, 73.1677037) → (31.4693742, 73.1600766) = 1088.9 m
2026-03-22 01:02:13.449 | DEBUG    | utils.geo_utils:haversine_distance:20 - Haversine: (31.4766945, 73.1677037) → (31.4060883, 73.1115478) = 9487.9 m
2026-03-22 01:02:13.449 | DEBUG    | utils.geo_utils:haversine_distance:20 - Haversine: (31.4766945, 73.1677037) → (31.4773379, 73.0052033) = 15410.5 m
2026-03-22 01:02:13.449 | DEBUG    | utils.geo_utils:haversine_distance:20 - Haversine: (31.504101, 73.1583633) → (31.3691526, 73.0514611) = 18111.6 m
2026-03-22 01:02:13.449 | DEBUG    | utils.geo_utils:haversine_distance:20 - Haversine: (31.504101, 73.1583633) → (31.3787188, 73.157798) = 13942.0 m
2026-03-22 01:02:13.449 | DEBUG    | utils.geo_utils:haversine_distance:20 - Haversine: (31.504101, 73.1583633) → (31.4457694, 73.1408101) = 6696.4 m
2026-03-22 01:02:13.449 | DEBUG    | utils.geo_utils:haversine_distance:20 - Haversine: (31.504101, 73.1583633) → (31.5487412, 73.1501112) = 5025.0 m
2026-03-22 01:02:13.449 | DEBUG    | utils.geo_utils:haversine_distance:20 - Haversine: (31.504101, 73.1583633) → (31.3836456, 73.0640586) = 16107.0 m
2026-03-22 01:02:13.449 | DEBUG    | utils.geo_utils:haversine_distance:20 - Haversine: (31.504101, 73.1583633) → (31.4467219, 73.1271368) = 7034.0 m
2026-03-22 01:02:13.449 | DEBUG    | utils.geo_utils:haversine_distance:20 - Haversine: (31.504101, 73.1583633) → (31.330396, 73.0696448) = 21070.1 m
2026-03-22 01:02:13.449 | DEBUG    | utils.geo_utils:haversine_distance:20 - Haversine: (31.504101, 73.1583633) → (31.3413852, 73.1852291) = 18271.9 m
2026-03-22 01:02:13.450 | DEBUG    | utils.geo_utils:haversine_distance:20 - Haversine: (31.504101, 73.1583633) → (31.4000755, 73.0126538) = 18023.2 m
2026-03-22 01:02:13.450 | DEBUG    | utils.geo_utils:haversine_distance:20 - Haversine: (31.504101, 73.1583633) → (31.527645, 73.0552285) = 10120.9 m
2026-03-22 01:02:13.450 | DEBUG    | utils.geo_utils:haversine_distance:20 - Haversine: (31.504101, 73.1583633) → (31.3281703, 73.1302408) = 19743.8 m
2026-03-22 01:02:13.450 | DEBUG    | utils.geo_utils:haversine_distance:20 - Haversine: (31.504101, 73.1583633) → (31.4192659, 73.0416323) = 14545.4 m
2026-03-22 01:02:13.450 | DEBUG    | utils.geo_utils:haversine_distance:20 - Haversine: (31.504101, 73.1583633) → (31.5101284, 73.1503952) = 1009.9 m
2026-03-22 01:02:13.450 | DEBUG    | utils.geo_utils:haversine_distance:20 - Haversine: (31.504101, 73.1583633) → (31.4641337, 73.1683411) = 4543.8 m
2026-03-22 01:02:13.450 | DEBUG    | utils.geo_utils:haversine_distance:20 - Haversine: (31.504101, 73.1583633) → (31.3446991, 73.0585627) = 20095.7 m
2026-03-22 01:02:13.450 | DEBUG    | utils.geo_utils:haversine_distance:20 - Haversine: (31.504101, 73.1583633) → (31.5431453, 73.1283131) = 5192.5 m
2026-03-22 01:02:13.450 | DEBUG    | utils.geo_utils:haversine_distance:20 - Haversine: (31.504101, 73.1583633) → (31.398463, 73.0263855) = 17167.1 m
2026-03-22 01:02:13.450 | DEBUG    | utils.geo_utils:haversine_distance:20 - Haversine: (31.504101, 73.1583633) → (31.3190478, 73.1756414) = 20642.2 m
2026-03-22 01:02:13.450 | DEBUG    | utils.geo_utils:haversine_distance:20 - Haversine: (31.504101, 73.1583633) → (31.3557607, 73.1450675) = 16542.9 m
2026-03-22 01:02:13.450 | DEBUG    | utils.geo_utils:haversine_distance:20 - Haversine: (31.504101, 73.1583633) → (31.4601458, 73.0666137) = 9979.2 m
2026-03-22 01:02:13.450 | DEBUG    | utils.geo_utils:haversine_distance:20 - Haversine: (31.504101, 73.1583633) → (31.4743292, 73.1046958) = 6070.8 m
2026-03-22 01:02:13.450 | DEBUG    | utils.geo_utils:haversine_distance:20 - Haversine: (31.504101, 73.1583633) → (31.4693742, 73.1600766) = 3864.9 m
2026-03-22 01:02:13.450 | DEBUG    | utils.geo_utils:haversine_distance:20 - Haversine: (31.504101, 73.1583633) → (31.4060883, 73.1115478) = 11768.5 m
2026-03-22 01:02:13.450 | DEBUG    | utils.geo_utils:haversine_distance:20 - Haversine: (31.504101, 73.1583633) → (31.4773379, 73.0052033) = 14824.2 m
2026-03-22 01:02:13.450 | DEBUG    | utils.geo_utils:haversine_distance:20 - Haversine: (31.504101, 73.1583633) → (31.4766945, 73.1677037) = 3173.5 m
2026-03-22 01:02:13.450 | DEBUG    | utils.geo_utils:haversine_distance:20 - Haversine: (31.3907077, 73.1897443) → (31.3691526, 73.0514611) = 13344.3 m
2026-03-22 01:02:13.450 | DEBUG    | utils.geo_utils:haversine_distance:20 - Haversine: (31.3907077, 73.1897443) → (31.3787188, 73.157798) = 3312.6 m
2026-03-22 01:02:13.450 | DEBUG    | utils.geo_utils:haversine_distance:20 - Haversine: (31.3907077, 73.1897443) → (31.4457694, 73.1408101) = 7684.3 m
2026-03-22 01:02:13.450 | DEBUG    | utils.geo_utils:haversine_distance:20 - Haversine: (31.3907077, 73.1897443) → (31.5487412, 73.1501112) = 17970.0 m
2026-03-22 01:02:13.450 | DEBUG    | utils.geo_utils:haversine_distance:20 - Haversine: (31.3907077, 73.1897443) → (31.3836456, 73.0640586) = 11956.3 m
2026-03-22 01:02:13.450 | DEBUG    | utils.geo_utils:haversine_distance:20 - Haversine: (31.3907077, 73.1897443) → (31.4467219, 73.1271368) = 8607.5 m
2026-03-22 01:02:13.450 | DEBUG    | utils.geo_utils:haversine_distance:20 - Haversine: (31.3907077, 73.1897443) → (31.330396, 73.0696448) = 13229.3 m
2026-03-22 01:02:13.450 | DEBUG    | utils.geo_utils:haversine_distance:20 - Haversine: (31.3907077, 73.1897443) → (31.3413852, 73.1852291) = 5501.1 m
2026-03-22 01:02:13.450 | DEBUG    | utils.geo_utils:haversine_distance:20 - Haversine: (31.3907077, 73.1897443) → (31.4000755, 73.0126538) = 16840.8 m
2026-03-22 01:02:13.450 | DEBUG    | utils.geo_utils:haversine_distance:20 - Haversine: (31.3907077, 73.1897443) → (31.527645, 73.0552285) = 19865.6 m
2026-03-22 01:02:13.450 | DEBUG    | utils.geo_utils:haversine_distance:20 - Haversine: (31.3907077, 73.1897443) → (31.3281703, 73.1302408) = 8959.8 m
2026-03-22 01:02:13.450 | DEBUG    | utils.geo_utils:haversine_distance:20 - Haversine: (31.3907077, 73.1897443) → (31.4192659, 73.0416323) = 14410.9 m
2026-03-22 01:02:13.450 | DEBUG    | utils.geo_utils:haversine_distance:20 - Haversine: (31.3907077, 73.1897443) → (31.5101284, 73.1503952) = 13793.6 m
2026-03-22 01:02:13.451 | DEBUG    | utils.geo_utils:haversine_distance:20 - Haversine: (31.3907077, 73.1897443) → (31.4641337, 73.1683411) = 8413.4 m
2026-03-22 01:02:13.451 | DEBUG    | utils.geo_utils:haversine_distance:20 - Haversine: (31.3907077, 73.1897443) → (31.3446991, 73.0585627) = 13464.6 m
2026-03-22 01:02:13.451 | DEBUG    | utils.geo_utils:haversine_distance:20 - Haversine: (31.3907077, 73.1897443) → (31.5431453, 73.1283131) = 17923.7 m
2026-03-22 01:02:13.451 | DEBUG    | utils.geo_utils:haversine_distance:20 - Haversine: (31.3907077, 73.1897443) → (31.398463, 73.0263855) = 15529.3 m
2026-03-22 01:02:13.451 | DEBUG    | utils.geo_utils:haversine_distance:20 - Haversine: (31.3907077, 73.1897443) → (31.3190478, 73.1756414) = 8080.0 m
2026-03-22 01:02:13.451 | DEBUG    | utils.geo_utils:haversine_distance:20 - Haversine: (31.3907077, 73.1897443) → (31.3557607, 73.1450675) = 5752.5 m
2026-03-22 01:02:13.451 | DEBUG    | utils.geo_utils:haversine_distance:20 - Haversine: (31.3907077, 73.1897443) → (31.4601458, 73.0666137) = 14004.1 m
2026-03-22 01:02:13.451 | DEBUG    | utils.geo_utils:haversine_distance:20 - Haversine: (31.3907077, 73.1897443) → (31.4743292, 73.1046958) = 12311.4 m
2026-03-22 01:02:13.451 | DEBUG    | utils.geo_utils:haversine_distance:20 - Haversine: (31.3907077, 73.1897443) → (31.4693742, 73.1600766) = 9189.1 m
2026-03-22 01:02:13.451 | DEBUG    | utils.geo_utils:haversine_distance:20 - Haversine: (31.3907077, 73.1897443) → (31.4060883, 73.1115478) = 7616.3 m
2026-03-22 01:02:13.451 | DEBUG    | utils.geo_utils:haversine_distance:20 - Haversine: (31.3907077, 73.1897443) → (31.4773379, 73.0052033) = 19983.5 m
2026-03-22 01:02:13.451 | DEBUG    | utils.geo_utils:haversine_distance:20 - Haversine: (31.3907077, 73.1897443) → (31.4766945, 73.1677037) = 9787.3 m
2026-03-22 01:02:13.451 | DEBUG    | utils.geo_utils:haversine_distance:20 - Haversine: (31.3907077, 73.1897443) → (31.504101, 73.1583633) = 12955.4 m
2026-03-22 01:02:13.451 | DEBUG    | utils.geo_utils:haversine_distance:20 - Haversine: (31.4052045, 73.0873694) → (31.3691526, 73.0514611) = 5262.0 m
2026-03-22 01:02:13.451 | DEBUG    | utils.geo_utils:haversine_distance:20 - Haversine: (31.4052045, 73.0873694) → (31.3787188, 73.157798) = 7305.0 m
2026-03-22 01:02:13.451 | DEBUG    | utils.geo_utils:haversine_distance:20 - Haversine: (31.4052045, 73.0873694) → (31.4457694, 73.1408101) = 6786.6 m
2026-03-22 01:02:13.451 | DEBUG    | utils.geo_utils:haversine_distance:20 - Haversine: (31.4052045, 73.0873694) → (31.5487412, 73.1501112) = 17033.5 m
2026-03-22 01:02:13.451 | DEBUG    | utils.geo_utils:haversine_distance:20 - Haversine: (31.4052045, 73.0873694) → (31.3836456, 73.0640586) = 3262.2 m
2026-03-22 01:02:13.451 | DEBUG    | utils.geo_utils:haversine_distance:20 - Haversine: (31.4052045, 73.0873694) → (31.4467219, 73.1271368) = 5962.4 m
2026-03-22 01:02:13.451 | DEBUG    | utils.geo_utils:haversine_distance:20 - Haversine: (31.4052045, 73.0873694) → (31.330396, 73.0696448) = 8486.8 m
2026-03-22 01:02:13.451 | DEBUG    | utils.geo_utils:haversine_distance:20 - Haversine: (31.4052045, 73.0873694) → (31.3413852, 73.1852291) = 11690.7 m
2026-03-22 01:02:13.451 | DEBUG    | utils.geo_utils:haversine_distance:20 - Haversine: (31.4052045, 73.0873694) → (31.4000755, 73.0126538) = 7114.0 m
2026-03-22 01:02:13.451 | DEBUG    | utils.geo_utils:haversine_distance:20 - Haversine: (31.4052045, 73.0873694) → (31.527645, 73.0552285) = 13951.9 m
2026-03-22 01:02:13.451 | DEBUG    | utils.geo_utils:haversine_distance:20 - Haversine: (31.4052045, 73.0873694) → (31.3281703, 73.1302408) = 9483.7 m
2026-03-22 01:02:13.451 | DEBUG    | utils.geo_utils:haversine_distance:20 - Haversine: (31.4052045, 73.0873694) → (31.4192659, 73.0416323) = 4613.4 m
2026-03-22 01:02:13.451 | DEBUG    | utils.geo_utils:haversine_distance:20 - Haversine: (31.4052045, 73.0873694) → (31.5101284, 73.1503952) = 13109.4 m
2026-03-22 01:02:13.451 | DEBUG    | utils.geo_utils:haversine_distance:20 - Haversine: (31.4052045, 73.0873694) → (31.4641337, 73.1683411) = 10097.2 m
2026-03-22 01:02:13.451 | DEBUG    | utils.geo_utils:haversine_distance:20 - Haversine: (31.4052045, 73.0873694) → (31.3446991, 73.0585627) = 7262.5 m
2026-03-22 01:02:13.451 | DEBUG    | utils.geo_utils:haversine_distance:20 - Haversine: (31.4052045, 73.0873694) → (31.5431453, 73.1283131) = 15822.2 m
2026-03-22 01:02:13.451 | DEBUG    | utils.geo_utils:haversine_distance:20 - Haversine: (31.4052045, 73.0873694) → (31.398463, 73.0263855) = 5836.2 m
2026-03-22 01:02:13.451 | DEBUG    | utils.geo_utils:haversine_distance:20 - Haversine: (31.4052045, 73.0873694) → (31.3190478, 73.1756414) = 12729.0 m
2026-03-22 01:02:13.452 | DEBUG    | utils.geo_utils:haversine_distance:20 - Haversine: (31.4052045, 73.0873694) → (31.3557607, 73.1450675) = 7760.6 m
2026-03-22 01:02:13.452 | DEBUG    | utils.geo_utils:haversine_distance:20 - Haversine: (31.4052045, 73.0873694) → (31.4601458, 73.0666137) = 6418.7 m
2026-03-22 01:02:13.452 | DEBUG    | utils.geo_utils:haversine_distance:20 - Haversine: (31.4052045, 73.0873694) → (31.4743292, 73.1046958) = 7860.1 m
2026-03-22 01:02:13.452 | DEBUG    | utils.geo_utils:haversine_distance:20 - Haversine: (31.4052045, 73.0873694) → (31.4693742, 73.1600766) = 9924.4 m
2026-03-22 01:02:13.452 | DEBUG    | utils.geo_utils:haversine_distance:20 - Haversine: (31.4052045, 73.0873694) → (31.4060883, 73.1115478) = 2296.7 m
2026-03-22 01:02:13.452 | DEBUG    | utils.geo_utils:haversine_distance:20 - Haversine: (31.4052045, 73.0873694) → (31.4773379, 73.0052033) = 11184.6 m
2026-03-22 01:02:13.452 | DEBUG    | utils.geo_utils:haversine_distance:20 - Haversine: (31.4052045, 73.0873694) → (31.4766945, 73.1677037) = 11012.5 m
2026-03-22 01:02:13.452 | DEBUG    | utils.geo_utils:haversine_distance:20 - Haversine: (31.4052045, 73.0873694) → (31.504101, 73.1583633) = 12894.9 m
2026-03-22 01:02:13.452 | DEBUG    | utils.geo_utils:haversine_distance:20 - Haversine: (31.4052045, 73.0873694) → (31.3907077, 73.1897443) = 9849.5 m
2026-03-22 01:02:13.452 | INFO     | data_pipeline.stop_builder:merge_nearby_stops:91 - Merged stops:
2026-03-22 01:02:13.452 | INFO     | data_pipeline.stop_builder:merge_nearby_stops:92 -   Before merge: 30 stops
2026-03-22 01:02:13.452 | INFO     | data_pipeline.stop_builder:merge_nearby_stops:93 -   After merge : 28 stops (merged 2 pairs/groups)
2026-03-22 01:02:13.453 | DEBUG    | data_pipeline.stop_builder:merge_nearby_stops:95 - First few merged stops: [{'student_id': '3CNKLBNknvMId9G9MJ1cVoQjkpw2', 'name': 'Test Student 12', 'roll_no': 'TEST-4382', 'lat': 31.3691526, 'lng': 73.0514611, 'student_count': 1, 'contact': '03597900028', 'semester': 'Spring 2026', 'fee_status': 'unpaid', 'registration_status': 'pending', 'original_lat': 31.369289, 'original_lng': 73.051406, 'snap_distance_m': 16.04, 'merged_student_ids': ['3CNKLBNknvMId9G9MJ1cVoQjkpw2']}, {'student_id': '61fbjUraIhPuzNx8BY68aYewSG02', 'name': 'Test Student 28', 'roll_no': 'TEST-7403', 'lat': 31.3787188, 'lng': 73.157798, 'student_count': 1, 'contact': '03344993000', 'semester': 'Spring 2026', 'fee_status': 'unpaid', 'registration_status': 'pending', 'original_lat': 31.380283, 'original_lng': 73.159195, 'snap_distance_m': 218.72, 'merged_student_ids': ['61fbjUraIhPuzNx8BY68aYewSG02']}, {'student_id': '7DxKX1nW4ZdeWHKXM2Vf5OIfGvr1', 'name': 'Test Student 10', 'roll_no': 'TEST-9142', 'lat': 31.4457694, 'lng': 73.1408101, 'student_count': 1, 'contact': '03537549971', 'semester': 'Spring 2026', 'fee_status': 'unpaid', 'registration_status': 'pending', 'original_lat': 31.446304, 'original_lng': 73.140169, 'snap_distance_m': 85.04, 'merged_student_ids': ['7DxKX1nW4ZdeWHKXM2Vf5OIfGvr1']}]
2026-03-22 01:02:14.918 | INFO     | clustering.stop_clustering:cluster_stops:45 - Clustered into 3 buses (capacity 10):
2026-03-22 01:02:14.919 | INFO     | clustering.stop_clustering:cluster_stops:48 -   Bus 0: 6 stops, 7 students
2026-03-22 01:02:14.919 | INFO     | clustering.stop_clustering:cluster_stops:48 -   Bus 1: 11 stops, 12 students
2026-03-22 01:02:14.919 | INFO     | clustering.stop_clustering:cluster_stops:48 -   Bus 2: 11 stops, 11 students
2026-03-22 01:02:15.741 | INFO     | optimization.tsp_solver:get_road_distance_matrix:38 - ORS matrix computed: 7x7
2026-03-22 01:02:30.752 | INFO     | optimization.tsp_solver:solve_tsp:123 - TSP solved: 6 stops, distance 33064 m, objective 33064
2026-03-22 01:02:30.752 | DEBUG    | optimization.tsp_solver:solve_tsp:124 - Order: ['unknown', 'unknown', 'unknown', 'unknown', 'unknown', 'unknown']
2026-03-22 01:02:30.753 | DEBUG    | optimization.route_generator:generate_route_path:57 - Requesting ORS route with 7 waypoints
2026-03-22 01:02:31.879 | INFO     | optimization.route_generator:generate_route_path:74 - ORS route generated successfully (bug-free)
2026-03-22 01:02:31.881 | INFO     | optimization.route_generator:generate_route_path:75 -   Waypoints: 6 stops → University
2026-03-22 01:02:31.881 | INFO     | optimization.route_generator:generate_route_path:76 -   Distance: 58.93 km
2026-03-22 01:02:31.881 | INFO     | optimization.route_generator:generate_route_path:77 -   Duration: 1.20 h (72 min)
2026-03-22 01:02:31.881 | DEBUG    | optimization.route_generator:generate_route_path:78 - Geometry sample (first 3 & last 3): [[73.157798, 31.378719], [73.16044, 31.376661], [73.161875, 31.375597]] ... [[73.03447, 31.602425], [73.034742, 31.602694], [73.034832, 31.602523]]
2026-03-22 01:02:31.882 | INFO     | optimization.store_routes:compute_fee_per_student:32 - Fee calc: 40412 PKR/student | dist=58.9km | students=7
2026-03-22 01:02:32.218 | DEBUG    | optimization.store_routes:reverse_geocode_stop_name:176 - Stop name resolved: (31.3787, 73.1578) → 'Punjab Social Security Housing Colony'
2026-03-22 01:02:35.125 | DEBUG    | optimization.store_routes:store_optimized_routes:269 - Assigned seat S1 to student 61fbjUraIhPuzNx8BY68aYewSG02
2026-03-22 01:02:35.731 | DEBUG    | optimization.store_routes:store_optimized_routes:295 - Stored stop R1_stop1 | name='Punjab Social Security Housing Colony' | route=R1
2026-03-22 01:02:37.720 | DEBUG    | optimization.store_routes:reverse_geocode_stop_name:176 - Stop name resolved: (31.3907, 73.1897) → 'Faisalabad–Jaranwala Road, Makkuana'
2026-03-22 01:02:38.313 | DEBUG    | optimization.store_routes:store_optimized_routes:269 - Assigned seat S2 to student vjz604g8oKerN5zBKZ7mU7mG2M03
2026-03-22 01:02:40.542 | DEBUG    | optimization.store_routes:store_optimized_routes:295 - Stored stop R1_stop2 | name='Faisalabad–Jaranwala Road, Makkuana' | route=R1
2026-03-22 01:02:41.914 | DEBUG    | optimization.store_routes:reverse_geocode_stop_name:176 - Stop name resolved: (31.3414, 73.1852) → 'Khojewala'
2026-03-22 01:02:42.508 | DEBUG    | optimization.store_routes:store_optimized_routes:269 - Assigned seat S3 to student KSn42uZ4dDaMueZxSsk9yyYYMbU2
2026-03-22 01:02:44.762 | DEBUG    | optimization.store_routes:store_optimized_routes:269 - Assigned seat S4 to student SF9XoWomQLQm1mkqTnpp8bDSyxG3
2026-03-22 01:02:45.362 | DEBUG    | optimization.store_routes:store_optimized_routes:295 - Stored stop R1_stop3 | name='Khojewala' | route=R1
2026-03-22 01:02:46.799 | DEBUG    | optimization.store_routes:reverse_geocode_stop_name:176 - Stop name resolved: (31.3190, 73.1756) → 'Chak 75 GB'
2026-03-22 01:02:47.395 | DEBUG    | optimization.store_routes:store_optimized_routes:269 - Assigned seat S5 to student XmlYR1ejNvTp0enFtavXMQRl9l62
2026-03-22 01:02:47.971 | DEBUG    | optimization.store_routes:store_optimized_routes:295 - Stored stop R1_stop4 | name='Chak 75 GB' | route=R1
2026-03-22 01:02:49.309 | DEBUG    | optimization.store_routes:reverse_geocode_stop_name:176 - Stop name resolved: (31.3282, 73.1302) → 'Faisalabad District'
2026-03-22 01:02:49.887 | DEBUG    | optimization.store_routes:store_optimized_routes:269 - Assigned seat S6 to student Os55fn9jigeXpNaUlGTOSD1kzUH3
2026-03-22 01:02:50.477 | DEBUG    | optimization.store_routes:store_optimized_routes:295 - Stored stop R1_stop5 | name='Faisalabad District' | route=R1
2026-03-22 01:02:51.882 | DEBUG    | optimization.store_routes:reverse_geocode_stop_name:176 - Stop name resolved: (31.3558, 73.1451) → 'Satiana Road'
2026-03-22 01:02:52.469 | DEBUG    | optimization.store_routes:store_optimized_routes:269 - Assigned seat S7 to student XuCFaAxIj3RH4cDaJKu6xmWSwfi1
2026-03-22 01:02:53.374 | DEBUG    | optimization.store_routes:store_optimized_routes:295 - Stored stop R1_stop6 | name='Satiana Road' | route=R1
2026-03-22 01:02:54.205 | INFO     | optimization.store_routes:store_optimized_routes:319 - Stored route route_0 (R1): 6 stops, 58.93 km
2026-03-22 01:02:55.033 | INFO     | optimization.tsp_solver:get_road_distance_matrix:38 - ORS matrix computed: 12x12
2026-03-22 01:03:10.035 | INFO     | optimization.tsp_solver:solve_tsp:123 - TSP solved: 11 stops, distance 60287 m, objective 60287
2026-03-22 01:03:10.036 | DEBUG    | optimization.tsp_solver:solve_tsp:124 - Order: ['unknown', 'unknown', 'unknown', 'unknown', 'unknown', 'unknown', 'unknown', 'unknown', 'unknown', 'unknown', 'unknown']
2026-03-22 01:03:10.036 | DEBUG    | optimization.route_generator:generate_route_path:57 - Requesting ORS route with 12 waypoints
2026-03-22 01:03:11.077 | INFO     | optimization.route_generator:generate_route_path:74 - ORS route generated successfully (bug-free)
2026-03-22 01:03:11.078 | INFO     | optimization.route_generator:generate_route_path:75 -   Waypoints: 11 stops → University
2026-03-22 01:03:11.078 | INFO     | optimization.route_generator:generate_route_path:76 -   Distance: 81.84 km
2026-03-22 01:03:11.078 | INFO     | optimization.route_generator:generate_route_path:77 -   Duration: 1.68 h (101 min)
2026-03-22 01:03:11.079 | DEBUG    | optimization.route_generator:generate_route_path:78 - Geometry sample (first 3 & last 3): [[73.14081, 31.445769], [73.14365, 31.447906], [73.145117, 31.448895]] ... [[73.03447, 31.602425], [73.034742, 31.602694], [73.034832, 31.602523]]
2026-03-22 01:03:11.080 | INFO     | optimization.store_routes:compute_fee_per_student:32 - Fee calc: 32738 PKR/student | dist=81.8km | students=12
2026-03-22 01:03:11.398 | DEBUG    | optimization.store_routes:reverse_geocode_stop_name:176 - Stop name resolved: (31.4458, 73.1408) → 'West Canal Expressway, Faisalabad City Tehsil'
2026-03-22 01:03:12.468 | DEBUG    | optimization.store_routes:store_optimized_routes:269 - Assigned seat S1 to student 7DxKX1nW4ZdeWHKXM2Vf5OIfGvr1
2026-03-22 01:03:14.273 | DEBUG    | optimization.store_routes:store_optimized_routes:295 - Stored stop R2_stop1 | name='West Canal Expressway, Faisalabad City Tehsil' | route=R2
2026-03-22 01:03:15.604 | DEBUG    | optimization.store_routes:reverse_geocode_stop_name:176 - Stop name resolved: (31.4641, 73.1683) → 'Faisal Gardens, Faisalabad City Tehsil'
2026-03-22 01:03:16.213 | DEBUG    | optimization.store_routes:store_optimized_routes:269 - Assigned seat S2 to student UpNOyWoNcXaW1O5jadyyddeniWj2
2026-03-22 01:03:18.465 | DEBUG    | optimization.store_routes:store_optimized_routes:295 - Stored stop R2_stop2 | name='Faisal Gardens, Faisalabad City Tehsil' | route=R2
2026-03-22 01:03:20.594 | DEBUG    | optimization.store_routes:reverse_geocode_stop_name:176 - Stop name resolved: (31.4694, 73.1601) → 'Bagewal Road, Faisalabad City Tehsil'
2026-03-22 01:03:21.202 | DEBUG    | optimization.store_routes:store_optimized_routes:269 - Assigned seat S3 to student qwxNS37KPQSeME1Rb86ZDMnXjYX2
2026-03-22 01:03:23.253 | DEBUG    | optimization.store_routes:store_optimized_routes:295 - Stored stop R2_stop3 | name='Bagewal Road, Faisalabad City Tehsil' | route=R2
2026-03-22 01:03:24.640 | DEBUG    | optimization.store_routes:reverse_geocode_stop_name:176 - Stop name resolved: (31.4767, 73.1677) → 'Bagewal Road, Sabina Town'
2026-03-22 01:03:25.165 | DEBUG    | optimization.store_routes:store_optimized_routes:269 - Assigned seat S4 to student unEE7hJDp7cMFEu2M568RmrtWRq2
2026-03-22 01:03:25.743 | DEBUG    | optimization.store_routes:store_optimized_routes:295 - Stored stop R2_stop4 | name='Bagewal Road, Sabina Town' | route=R2
2026-03-22 01:03:27.415 | DEBUG    | optimization.store_routes:reverse_geocode_stop_name:176 - Stop name resolved: (31.5041, 73.1584) → 'Faisalabad District'
2026-03-22 01:03:27.952 | DEBUG    | optimization.store_routes:store_optimized_routes:269 - Assigned seat S5 to student vQHRPPdjWmTjASjEQvAqjzPhHdm2
2026-03-22 01:03:28.577 | DEBUG    | optimization.store_routes:store_optimized_routes:295 - Stored stop R2_stop5 | name='Faisalabad District' | route=R2
2026-03-22 01:03:30.028 | DEBUG    | optimization.store_routes:reverse_geocode_stop_name:176 - Stop name resolved: (31.5101, 73.1504) → 'Faisalabad District'
2026-03-22 01:03:30.597 | DEBUG    | optimization.store_routes:store_optimized_routes:269 - Assigned seat S6 to student SXxBaOHsDPhcbAy5QSfe0NZxZM83
2026-03-22 01:03:31.177 | DEBUG    | optimization.store_routes:store_optimized_routes:295 - Stored stop R2_stop6 | name='Faisalabad District' | route=R2
2026-03-22 01:03:32.584 | DEBUG    | optimization.store_routes:reverse_geocode_stop_name:176 - Stop name resolved: (31.5487, 73.1501) → 'Faisalabad Bypass'
2026-03-22 01:03:33.180 | DEBUG    | optimization.store_routes:store_optimized_routes:269 - Assigned seat S7 to student DS0YCp1l3RXIwCBzxzmEzv99Zii1
2026-03-22 01:03:33.752 | DEBUG    | optimization.store_routes:store_optimized_routes:295 - Stored stop R2_stop7 | name='Faisalabad Bypass' | route=R2
2026-03-22 01:03:35.153 | DEBUG    | optimization.store_routes:reverse_geocode_stop_name:176 - Stop name resolved: (31.5276, 73.0552) → 'Faisalabad District'
2026-03-22 01:03:36.198 | DEBUG    | optimization.store_routes:store_optimized_routes:269 - Assigned seat S8 to student NkZ3VPHBNtS3wxSmCjfBkRWPaZQ2
2026-03-22 01:03:37.301 | DEBUG    | optimization.store_routes:store_optimized_routes:295 - Stored stop R2_stop8 | name='Faisalabad District' | route=R2
2026-03-22 01:03:39.006 | DEBUG    | optimization.store_routes:reverse_geocode_stop_name:176 - Stop name resolved: (31.5431, 73.1283) → 'Dialgarh'
2026-03-22 01:03:39.606 | DEBUG    | optimization.store_routes:store_optimized_routes:269 - Assigned seat S9 to student VMbnLGOyDuRi41R8XPG6toeooJt1
2026-03-22 01:03:40.236 | DEBUG    | optimization.store_routes:store_optimized_routes:269 - Assigned seat S10 to student e3D31VgcVrXKjMfjS13MWcxDZgi1
2026-03-22 01:03:42.463 | DEBUG    | optimization.store_routes:store_optimized_routes:295 - Stored stop R2_stop9 | name='Dialgarh' | route=R2
2026-03-22 01:03:43.833 | DEBUG    | optimization.store_routes:reverse_geocode_stop_name:176 - Stop name resolved: (31.4743, 73.1047) → 'Millat Road, Faisalabad City Tehsil'
2026-03-22 01:03:44.431 | DEBUG    | optimization.store_routes:store_optimized_routes:269 - Assigned seat S11 to student n5w74mESTuV3BSMbnAo4AqNZ3oT2
2026-03-22 01:03:44.961 | DEBUG    | optimization.store_routes:store_optimized_routes:295 - Stored stop R2_stop10 | name='Millat Road, Faisalabad City Tehsil' | route=R2
2026-03-22 01:03:46.325 | DEBUG    | optimization.store_routes:reverse_geocode_stop_name:176 - Stop name resolved: (31.4467, 73.1271) → 'Kashmir Road, Faisalabad City Tehsil'
2026-03-22 01:03:46.906 | DEBUG    | optimization.store_routes:store_optimized_routes:269 - Assigned seat S12 to student GydB2I2Y0Ec14olrl5Hbtm8ziZF3
2026-03-22 01:03:47.479 | DEBUG    | optimization.store_routes:store_optimized_routes:295 - Stored stop R2_stop11 | name='Kashmir Road, Faisalabad City Tehsil' | route=R2
2026-03-22 01:03:48.577 | INFO     | optimization.store_routes:store_optimized_routes:319 - Stored route route_1 (R2): 11 stops, 81.84 km
2026-03-22 01:03:49.567 | INFO     | optimization.tsp_solver:get_road_distance_matrix:38 - ORS matrix computed: 12x12
2026-03-22 01:04:04.569 | INFO     | optimization.tsp_solver:solve_tsp:123 - TSP solved: 11 stops, distance 72708 m, objective 72708
2026-03-22 01:04:04.570 | DEBUG    | optimization.tsp_solver:solve_tsp:124 - Order: ['unknown', 'unknown', 'unknown', 'unknown', 'unknown', 'unknown', 'unknown', 'unknown', 'unknown', 'unknown', 'unknown']
2026-03-22 01:04:04.570 | DEBUG    | optimization.route_generator:generate_route_path:57 - Requesting ORS route with 12 waypoints
2026-03-22 01:04:05.698 | INFO     | optimization.route_generator:generate_route_path:74 - ORS route generated successfully (bug-free)
2026-03-22 01:04:05.699 | INFO     | optimization.route_generator:generate_route_path:75 -   Waypoints: 11 stops → University
2026-03-22 01:04:05.699 | INFO     | optimization.route_generator:generate_route_path:76 -   Distance: 99.05 km
2026-03-22 01:04:05.699 | INFO     | optimization.route_generator:generate_route_path:77 -   Duration: 1.92 h (115 min)
2026-03-22 01:04:05.700 | DEBUG    | optimization.route_generator:generate_route_path:78 - Geometry sample (first 3 & last 3): [[73.051461, 31.369153], [73.051213, 31.36893], [73.050868, 31.368599]] ... [[73.03447, 31.602425], [73.034742, 31.602694], [73.034832, 31.602523]]
2026-03-22 01:04:05.701 | INFO     | optimization.store_routes:compute_fee_per_student:32 - Fee calc: 43223 PKR/student | dist=99.1km | students=11
2026-03-22 01:04:06.025 | DEBUG    | optimization.store_routes:reverse_geocode_stop_name:176 - Stop name resolved: (31.3692, 73.0515) → 'Faisalabad District, Abdullah Gardens'
2026-03-22 01:04:06.615 | DEBUG    | optimization.store_routes:store_optimized_routes:269 - Assigned seat S1 to student 3CNKLBNknvMId9G9MJ1cVoQjkpw2
2026-03-22 01:04:07.202 | DEBUG    | optimization.store_routes:store_optimized_routes:295 - Stored stop R3_stop1 | name='Faisalabad District, Abdullah Gardens' | route=R3
2026-03-22 01:04:08.551 | DEBUG    | optimization.store_routes:reverse_geocode_stop_name:176 - Stop name resolved: (31.4001, 73.0127) → 'Faisalabad District, Shadab Colony'
2026-03-22 01:04:09.134 | DEBUG    | optimization.store_routes:store_optimized_routes:269 - Assigned seat S2 to student KbkXVOhtA3hfwjvwsS5w2IIOki93
2026-03-22 01:04:09.720 | DEBUG    | optimization.store_routes:store_optimized_routes:295 - Stored stop R3_stop2 | name='Faisalabad District, Shadab Colony' | route=R3
2026-03-22 01:04:11.052 | DEBUG    | optimization.store_routes:reverse_geocode_stop_name:176 - Stop name resolved: (31.3985, 73.0264) → 'Faisalabad District'
2026-03-22 01:04:11.577 | DEBUG    | optimization.store_routes:store_optimized_routes:269 - Assigned seat S3 to student WRVMbOeJLLdnIPhcWnncdjhPSjb2
2026-03-22 01:04:12.151 | DEBUG    | optimization.store_routes:store_optimized_routes:295 - Stored stop R3_stop3 | name='Faisalabad District' | route=R3
2026-03-22 01:04:13.640 | DEBUG    | optimization.store_routes:reverse_geocode_stop_name:176 - Stop name resolved: (31.4193, 73.0416) → 'Faisalabad District, Faisalabad City Tehsil'
2026-03-22 01:04:14.211 | DEBUG    | optimization.store_routes:store_optimized_routes:269 - Assigned seat S4 to student SOWTJArpcRRKPC0v7cWYW0XJk6v1
2026-03-22 01:04:14.794 | DEBUG    | optimization.store_routes:store_optimized_routes:295 - Stored stop R3_stop4 | name='Faisalabad District, Faisalabad City Tehsil' | route=R3
2026-03-22 01:04:16.304 | DEBUG    | optimization.store_routes:reverse_geocode_stop_name:176 - Stop name resolved: (31.4773, 73.0052) → 'Faisalabad District'
2026-03-22 01:04:16.840 | DEBUG    | optimization.store_routes:store_optimized_routes:269 - Assigned seat S5 to student shSuBEXnw4TLpoUGH1D5uwg8QKr1
2026-03-22 01:04:17.435 | DEBUG    | optimization.store_routes:store_optimized_routes:295 - Stored stop R3_stop5 | name='Faisalabad District' | route=R3
2026-03-22 01:04:18.771 | DEBUG    | optimization.store_routes:reverse_geocode_stop_name:176 - Stop name resolved: (31.4601, 73.0666) → 'Faisalabad District, Faisalabad City Tehsil'
2026-03-22 01:04:19.352 | DEBUG    | optimization.store_routes:store_optimized_routes:269 - Assigned seat S6 to student bvudy4BMDIZ3KxtxPyHvDJd3rjf2
2026-03-22 01:04:19.935 | DEBUG    | optimization.store_routes:store_optimized_routes:295 - Stored stop R3_stop6 | name='Faisalabad District, Faisalabad City Tehsil' | route=R3
2026-03-22 01:04:21.446 | DEBUG    | optimization.store_routes:reverse_geocode_stop_name:176 - Stop name resolved: (31.4061, 73.1115) → 'D Ground Road, Faisalabad City Tehsil'
2026-03-22 01:04:22.028 | DEBUG    | optimization.store_routes:store_optimized_routes:269 - Assigned seat S7 to student rtsUd2Aeg0W2HTpXZhrpSlqMhdL2
2026-03-22 01:04:22.611 | DEBUG    | optimization.store_routes:store_optimized_routes:295 - Stored stop R3_stop7 | name='D Ground Road, Faisalabad City Tehsil' | route=R3
2026-03-22 01:04:24.057 | DEBUG    | optimization.store_routes:reverse_geocode_stop_name:176 - Stop name resolved: (31.4052, 73.0874) → 'Itthad Road, Faisalabad City Tehsil'
2026-03-22 01:04:24.645 | DEBUG    | optimization.store_routes:store_optimized_routes:269 - Assigned seat S8 to student x2LmEXZ95YfrQpxSQgrBTDTWbk83
2026-03-22 01:04:25.216 | DEBUG    | optimization.store_routes:store_optimized_routes:295 - Stored stop R3_stop8 | name='Itthad Road, Faisalabad City Tehsil' | route=R3
2026-03-22 01:04:26.576 | DEBUG    | optimization.store_routes:reverse_geocode_stop_name:176 - Stop name resolved: (31.3836, 73.0641) → 'Faisalabad District, Nowaban Wala'
2026-03-22 01:04:27.166 | DEBUG    | optimization.store_routes:store_optimized_routes:269 - Assigned seat S9 to student GBGXh21H2VefIT4NkSWu8FQldkF3
2026-03-22 01:04:27.742 | DEBUG    | optimization.store_routes:store_optimized_routes:295 - Stored stop R3_stop9 | name='Faisalabad District, Nowaban Wala' | route=R3
2026-03-22 01:04:29.193 | DEBUG    | optimization.store_routes:reverse_geocode_stop_name:176 - Stop name resolved: (31.3304, 73.0696) → 'Four Seasons Housing'
2026-03-22 01:04:29.763 | DEBUG    | optimization.store_routes:store_optimized_routes:269 - Assigned seat S10 to student I6aLScqZSSeAF3ug6jDkoPrt6g23
2026-03-22 01:04:30.340 | DEBUG    | optimization.store_routes:store_optimized_routes:295 - Stored stop R3_stop10 | name='Four Seasons Housing' | route=R3
2026-03-22 01:04:31.654 | DEBUG    | optimization.store_routes:reverse_geocode_stop_name:176 - Stop name resolved: (31.3447, 73.0586) → 'Samundari Faisalabad Road'
2026-03-22 01:04:32.181 | DEBUG    | optimization.store_routes:store_optimized_routes:269 - Assigned seat S11 to student VItoVj8ml0ZAMdLtqGCBxaDdkWj1
2026-03-22 01:04:32.765 | DEBUG    | optimization.store_routes:store_optimized_routes:295 - Stored stop R3_stop11 | name='Samundari Faisalabad Road' | route=R3
2026-03-22 01:04:34.020 | INFO     | optimization.store_routes:store_optimized_routes:319 - Stored route route_2 (R3): 11 stops, 99.05 km
2026-03-22 01:04:34.021 | INFO     | optimization.store_routes:store_optimized_routes:325 - Back-filling route_id on 28 stops + students...
2026-03-22 01:04:49.541 | DEBUG    | optimization.store_routes:store_optimized_routes:356 - Final batch: 58 writes
2026-03-22 01:04:49.541 | INFO     | optimization.store_routes:store_optimized_routes:359 - Phase 3: Storing per-student fees...
2026-03-22 01:04:50.323 | INFO     | optimization.store_routes:compute_fee_per_student:32 - Fee calc: 40410 PKR/student | dist=58.9km | students=7
2026-03-22 01:04:50.898 | DEBUG    | optimization.store_routes:store_optimized_routes:399 - Stored fee for 61fbjUraIhPuzNx8BY68aYewSG02: 40410 PKR
2026-03-22 01:04:51.479 | DEBUG    | optimization.store_routes:store_optimized_routes:399 - Stored fee for KSn42uZ4dDaMueZxSsk9yyYYMbU2: 40410 PKR
2026-03-22 01:04:52.057 | DEBUG    | optimization.store_routes:store_optimized_routes:399 - Stored fee for SF9XoWomQLQm1mkqTnpp8bDSyxG3: 40410 PKR
2026-03-22 01:04:52.635 | DEBUG    | optimization.store_routes:store_optimized_routes:399 - Stored fee for Os55fn9jigeXpNaUlGTOSD1kzUH3: 40410 PKR
2026-03-22 01:04:53.204 | DEBUG    | optimization.store_routes:store_optimized_routes:399 - Stored fee for XmlYR1ejNvTp0enFtavXMQRl9l62: 40410 PKR
2026-03-22 01:04:53.791 | DEBUG    | optimization.store_routes:store_optimized_routes:399 - Stored fee for XuCFaAxIj3RH4cDaJKu6xmWSwfi1: 40410 PKR
2026-03-22 01:04:54.401 | DEBUG    | optimization.store_routes:store_optimized_routes:399 - Stored fee for vjz604g8oKerN5zBKZ7mU7mG2M03: 40410 PKR
2026-03-22 01:04:55.445 | INFO     | optimization.store_routes:compute_fee_per_student:32 - Fee calc: 32736 PKR/student | dist=81.8km | students=12
2026-03-22 01:04:56.019 | DEBUG    | optimization.store_routes:store_optimized_routes:399 - Stored fee for 7DxKX1nW4ZdeWHKXM2Vf5OIfGvr1: 32736 PKR
2026-03-22 01:04:56.590 | DEBUG    | optimization.store_routes:store_optimized_routes:399 - Stored fee for DS0YCp1l3RXIwCBzxzmEzv99Zii1: 32736 PKR
2026-03-22 01:04:57.176 | DEBUG    | optimization.store_routes:store_optimized_routes:399 - Stored fee for GydB2I2Y0Ec14olrl5Hbtm8ziZF3: 32736 PKR
2026-03-22 01:04:57.752 | DEBUG    | optimization.store_routes:store_optimized_routes:399 - Stored fee for NkZ3VPHBNtS3wxSmCjfBkRWPaZQ2: 32736 PKR
2026-03-22 01:04:58.335 | DEBUG    | optimization.store_routes:store_optimized_routes:399 - Stored fee for SXxBaOHsDPhcbAy5QSfe0NZxZM83: 32736 PKR
2026-03-22 01:04:58.868 | DEBUG    | optimization.store_routes:store_optimized_routes:399 - Stored fee for UpNOyWoNcXaW1O5jadyyddeniWj2: 32736 PKR
2026-03-22 01:04:59.470 | DEBUG    | optimization.store_routes:store_optimized_routes:399 - Stored fee for VMbnLGOyDuRi41R8XPG6toeooJt1: 32736 PKR
2026-03-22 01:05:00.054 | DEBUG    | optimization.store_routes:store_optimized_routes:399 - Stored fee for e3D31VgcVrXKjMfjS13MWcxDZgi1: 32736 PKR
2026-03-22 01:05:00.642 | DEBUG    | optimization.store_routes:store_optimized_routes:399 - Stored fee for n5w74mESTuV3BSMbnAo4AqNZ3oT2: 32736 PKR
2026-03-22 01:05:01.246 | DEBUG    | optimization.store_routes:store_optimized_routes:399 - Stored fee for qwxNS37KPQSeME1Rb86ZDMnXjYX2: 32736 PKR
2026-03-22 01:05:01.821 | DEBUG    | optimization.store_routes:store_optimized_routes:399 - Stored fee for unEE7hJDp7cMFEu2M568RmrtWRq2: 32736 PKR
2026-03-22 01:05:02.398 | DEBUG    | optimization.store_routes:store_optimized_routes:399 - Stored fee for vQHRPPdjWmTjASjEQvAqjzPhHdm2: 32736 PKR
2026-03-22 01:05:03.422 | INFO     | optimization.store_routes:compute_fee_per_student:32 - Fee calc: 43222 PKR/student | dist=99.0km | students=11
2026-03-22 01:05:04.003 | DEBUG    | optimization.store_routes:store_optimized_routes:399 - Stored fee for 3CNKLBNknvMId9G9MJ1cVoQjkpw2: 43222 PKR
2026-03-22 01:05:04.572 | DEBUG    | optimization.store_routes:store_optimized_routes:399 - Stored fee for GBGXh21H2VefIT4NkSWu8FQldkF3: 43222 PKR
2026-03-22 01:05:05.143 | DEBUG    | optimization.store_routes:store_optimized_routes:399 - Stored fee for I6aLScqZSSeAF3ug6jDkoPrt6g23: 43222 PKR
2026-03-22 01:05:05.711 | DEBUG    | optimization.store_routes:store_optimized_routes:399 - Stored fee for KbkXVOhtA3hfwjvwsS5w2IIOki93: 43222 PKR
2026-03-22 01:05:06.288 | DEBUG    | optimization.store_routes:store_optimized_routes:399 - Stored fee for SOWTJArpcRRKPC0v7cWYW0XJk6v1: 43222 PKR
2026-03-22 01:05:06.861 | DEBUG    | optimization.store_routes:store_optimized_routes:399 - Stored fee for VItoVj8ml0ZAMdLtqGCBxaDdkWj1: 43222 PKR
2026-03-22 01:05:07.432 | DEBUG    | optimization.store_routes:store_optimized_routes:399 - Stored fee for WRVMbOeJLLdnIPhcWnncdjhPSjb2: 43222 PKR
2026-03-22 01:05:08.014 | DEBUG    | optimization.store_routes:store_optimized_routes:399 - Stored fee for bvudy4BMDIZ3KxtxPyHvDJd3rjf2: 43222 PKR
2026-03-22 01:05:08.592 | DEBUG    | optimization.store_routes:store_optimized_routes:399 - Stored fee for rtsUd2Aeg0W2HTpXZhrpSlqMhdL2: 43222 PKR
2026-03-22 01:05:09.114 | DEBUG    | optimization.store_routes:store_optimized_routes:399 - Stored fee for shSuBEXnw4TLpoUGH1D5uwg8QKr1: 43222 PKR
2026-03-22 01:05:09.694 | DEBUG    | optimization.store_routes:store_optimized_routes:399 - Stored fee for x2LmEXZ95YfrQpxSQgrBTDTWbk83: 43222 PKR
2026-03-22 01:05:09.694 | INFO     | optimization.store_routes:store_optimized_routes:401 - Phase 3 complete: 30 fee records stored
2026-03-22 01:05:09.695 | INFO     | optimization.store_routes:store_optimized_routes:403 - Overall done: 3 routes | 28 stops | 30 fees
2026-03-22 01:05:09.695 | INFO     | optimization.store_routes:store_optimized_routes:405 - Done: 3 routes | 28 stops stored
2026-03-22 01:05:09.695 | INFO     | api.main:run_optimization:64 - Pipeline completed successfully | 3 buses processed
