2026-03-20 16:09:44.393 | INFO     | database.firebase:<module>:12 - Firebase Admin SDK initialized successfully
2026-03-20 16:10:16.471 | INFO     | __main__:delete_all_auth_users:52 - Deleted auth user: 05PKvHIgYoY3aF4nNwZYmT9dyzf2 (test.student9@cfd.nu.edu.pk)
2026-03-20 16:10:20.217 | DEBUG    | __main__:delete_all_auth_users:59 - Deleted users doc: 05PKvHIgYoY3aF4nNwZYmT9dyzf2
2026-03-20 16:10:20.684 | INFO     | __main__:delete_all_auth_users:52 - Deleted auth user: 0vEH2i8DU0N8V3p51GxOfAJz1W13 (test.student15@cfd.nu.edu.pk)
2026-03-20 16:10:23.550 | DEBUG    | __main__:delete_all_auth_users:59 - Deleted users doc: 0vEH2i8DU0N8V3p51GxOfAJz1W13
2026-03-20 16:10:24.001 | INFO     | __main__:delete_all_auth_users:52 - Deleted auth user: 3w7VzD5KjmSQSaXH2fvrUM6Ffoq1 (test.student28@cfd.nu.edu.pk)
2026-03-20 16:10:26.920 | DEBUG    | __main__:delete_all_auth_users:59 - Deleted users doc: 3w7VzD5KjmSQSaXH2fvrUM6Ffoq1
2026-03-20 16:10:27.373 | INFO     | __main__:delete_all_auth_users:52 - Deleted auth user: 4DTszIS86BTLQQ8mXLjifCpn2bw2 (test.student20@cfd.nu.edu.pk)
2026-03-20 16:10:30.344 | DEBUG    | __main__:delete_all_auth_users:59 - Deleted users doc: 4DTszIS86BTLQQ8mXLjifCpn2bw2
2026-03-20 16:10:30.773 | INFO     | __main__:delete_all_auth_users:52 - Deleted auth user: 6PHJItFJ2efEws1ABYUIuF9A3cw2 (test.student13@cfd.nu.edu.pk)
2026-03-20 16:10:32.047 | DEBUG    | __main__:delete_all_auth_users:59 - Deleted users doc: 6PHJItFJ2efEws1ABYUIuF9A3cw2
2026-03-20 16:10:32.493 | INFO     | __main__:delete_all_auth_users:52 - Deleted auth user: 6R4TbhWcC1U5UKlE1VbpY6W4Ek33 (test.student6@cfd.nu.edu.pk)
2026-03-20 16:10:33.778 | DEBUG    | __main__:delete_all_auth_users:59 - Deleted users doc: 6R4TbhWcC1U5UKlE1VbpY6W4Ek33
2026-03-20 16:10:34.269 | INFO     | __main__:delete_all_auth_users:52 - Deleted auth user: 87sZL9IFo3e4pGoZ7kc9U40aWUs2 (test.student25@cfd.nu.edu.pk)
2026-03-20 16:10:35.561 | DEBUG    | __main__:delete_all_auth_users:59 - Deleted users doc: 87sZL9IFo3e4pGoZ7kc9U40aWUs2
2026-03-20 16:10:35.988 | INFO     | __main__:delete_all_auth_users:52 - Deleted auth user: 9HUcvTKQdnZKL3Yep58BJpN9Hc82 (test.student5@cfd.nu.edu.pk)
2026-03-20 16:10:37.184 | DEBUG    | __main__:delete_all_auth_users:59 - Deleted users doc: 9HUcvTKQdnZKL3Yep58BJpN9Hc82
2026-03-20 16:10:37.633 | INFO     | __main__:delete_all_auth_users:52 - Deleted auth user: 9Rj9IBVsYRfvYXrlp7n4ose5Rqy1 (test.student24@cfd.nu.edu.pk)
2026-03-20 16:10:38.720 | DEBUG    | __main__:delete_all_auth_users:59 - Deleted users doc: 9Rj9IBVsYRfvYXrlp7n4ose5Rqy1
2026-03-20 16:10:39.355 | INFO     | __main__:delete_all_auth_users:52 - Deleted auth user: Axl2oGsAQhdcnc9LcjaKqaxhCok2 (test.student21@cfd.nu.edu.pk)
2026-03-20 16:10:40.467 | DEBUG    | __main__:delete_all_auth_users:59 - Deleted users doc: Axl2oGsAQhdcnc9LcjaKqaxhCok2
2026-03-20 16:10:40.990 | INFO     | __main__:delete_all_auth_users:52 - Deleted auth user: B4fMeBwWJ0RDso3OZFpgq5Lew622 (test.student16@cfd.nu.edu.pk)
2026-03-20 16:10:44.413 | DEBUG    | __main__:delete_all_auth_users:59 - Deleted users doc: B4fMeBwWJ0RDso3OZFpgq5Lew622
2026-03-20 16:10:44.856 | INFO     | __main__:delete_all_auth_users:52 - Deleted auth user: BKQYq5C9JUYn67pblbUuD4UfaBb2 (supervisor6@nu.edu.pk)
2026-03-20 16:10:47.807 | DEBUG    | __main__:delete_all_auth_users:59 - Deleted users doc: BKQYq5C9JUYn67pblbUuD4UfaBb2
2026-03-20 16:10:48.252 | INFO     | __main__:delete_all_auth_users:52 - Deleted auth user: BfyFtMsuSxNNUFLITpWmtRDyiu12 (test.student27@cfd.nu.edu.pk)
2026-03-20 16:10:51.172 | DEBUG    | __main__:delete_all_auth_users:59 - Deleted users doc: BfyFtMsuSxNNUFLITpWmtRDyiu12
2026-03-20 16:10:51.641 | INFO     | __main__:delete_all_auth_users:52 - Deleted auth user: Bie38IL6vpdWTbU2W9VvDxgxZ6f2 (test.student23@cfd.nu.edu.pk)
2026-03-20 16:10:54.555 | DEBUG    | __main__:delete_all_auth_users:59 - Deleted users doc: Bie38IL6vpdWTbU2W9VvDxgxZ6f2
2026-03-20 16:10:54.980 | INFO     | __main__:delete_all_auth_users:52 - Deleted auth user: F8j2AKCAO9eNIXdI2dtBvphlZ0U2 (test.student14@cfd.nu.edu.pk)
2026-03-20 16:10:57.852 | DEBUG    | __main__:delete_all_auth_users:59 - Deleted users doc: F8j2AKCAO9eNIXdI2dtBvphlZ0U2
2026-03-20 16:10:58.283 | INFO     | __main__:delete_all_auth_users:52 - Deleted auth user: OmwmzMzKboV4b7xEmh6RSFhmOJR2 (supervisor2@nu.edu.pk)
2026-03-20 16:11:01.221 | DEBUG    | __main__:delete_all_auth_users:59 - Deleted users doc: OmwmzMzKboV4b7xEmh6RSFhmOJR2
2026-03-20 16:11:01.673 | INFO     | __main__:delete_all_auth_users:52 - Deleted auth user: R2qeN9plPvOp1jRyL9dK03MADmo2 (test.student12@cfd.nu.edu.pk)
2026-03-20 16:11:04.578 | DEBUG    | __main__:delete_all_auth_users:59 - Deleted users doc: R2qeN9plPvOp1jRyL9dK03MADmo2
2026-03-20 16:11:05.000 | INFO     | __main__:delete_all_auth_users:52 - Deleted auth user: R4k7aHAlHIOLFpIlczreAZpjPK72 (test.student11@cfd.nu.edu.pk)
2026-03-20 16:11:07.940 | DEBUG    | __main__:delete_all_auth_users:59 - Deleted users doc: R4k7aHAlHIOLFpIlczreAZpjPK72
2026-03-20 16:11:08.390 | INFO     | __main__:delete_all_auth_users:52 - Deleted auth user: S06UEzqPDMhLcxLJSKUmyapfQmC2 (supervisor9@nu.edu.pk)
2026-03-20 16:11:11.287 | DEBUG    | __main__:delete_all_auth_users:59 - Deleted users doc: S06UEzqPDMhLcxLJSKUmyapfQmC2
2026-03-20 16:11:11.743 | INFO     | __main__:delete_all_auth_users:52 - Deleted auth user: SWTeDB3T1iVr1XsvB8OeXi9C48b2 (test.student26@cfd.nu.edu.pk)
2026-03-20 16:11:12.915 | DEBUG    | __main__:delete_all_auth_users:59 - Deleted users doc: SWTeDB3T1iVr1XsvB8OeXi9C48b2
2026-03-20 16:11:13.373 | INFO     | __main__:delete_all_auth_users:52 - Deleted auth user: SfHpZVtLYdRZ1NtmoDDx0hyVw8m2 (test.student2@cfd.nu.edu.pk)
2026-03-20 16:11:14.450 | DEBUG    | __main__:delete_all_auth_users:59 - Deleted users doc: SfHpZVtLYdRZ1NtmoDDx0hyVw8m2
2026-03-20 16:11:14.912 | INFO     | __main__:delete_all_auth_users:52 - Deleted auth user: XILVbXhoy6gLjw5li9wic2s03nS2 (test.student19@cfd.nu.edu.pk)
2026-03-20 16:11:16.021 | DEBUG    | __main__:delete_all_auth_users:59 - Deleted users doc: XILVbXhoy6gLjw5li9wic2s03nS2
2026-03-20 16:11:16.463 | INFO     | __main__:delete_all_auth_users:52 - Deleted auth user: Y9S2MSBbqPOLgKv31mNRiVjow213 (test.student10@cfd.nu.edu.pk)
2026-03-20 16:11:17.555 | DEBUG    | __main__:delete_all_auth_users:59 - Deleted users doc: Y9S2MSBbqPOLgKv31mNRiVjow213
2026-03-20 16:11:17.961 | INFO     | __main__:delete_all_auth_users:52 - Deleted auth user: ZT0EqPL25BYkSi0nDNwfe8DPhas1 (supervisor8@nu.edu.pk)
2026-03-20 16:11:19.086 | DEBUG    | __main__:delete_all_auth_users:59 - Deleted users doc: ZT0EqPL25BYkSi0nDNwfe8DPhas1
2026-03-20 16:11:19.576 | INFO     | __main__:delete_all_auth_users:52 - Deleted auth user: Zfa6SOv4nMV9GRctRlOKlfSBJJr2 (test.student18@cfd.nu.edu.pk)
2026-03-20 16:11:20.669 | DEBUG    | __main__:delete_all_auth_users:59 - Deleted users doc: Zfa6SOv4nMV9GRctRlOKlfSBJJr2
2026-03-20 16:11:21.108 | INFO     | __main__:delete_all_auth_users:52 - Deleted auth user: adjqWkFoQeRI58xIqlQIwRhDFJw2 (test.student7@cfd.nu.edu.pk)
2026-03-20 16:11:22.185 | DEBUG    | __main__:delete_all_auth_users:59 - Deleted users doc: adjqWkFoQeRI58xIqlQIwRhDFJw2
2026-03-20 16:11:22.596 | INFO     | __main__:delete_all_auth_users:52 - Deleted auth user: d2QEhVq3XrdeAzNUgTzdcP9Z71E3 (supervisor3@nu.edu.pk)
2026-03-20 16:11:23.752 | DEBUG    | __main__:delete_all_auth_users:59 - Deleted users doc: d2QEhVq3XrdeAzNUgTzdcP9Z71E3
2026-03-20 16:11:24.204 | INFO     | __main__:delete_all_auth_users:52 - Deleted auth user: flLKJP9Stgg4wyDi95L9UupUgJ23 (test.student1@cfd.nu.edu.pk)
2026-03-20 16:11:25.281 | DEBUG    | __main__:delete_all_auth_users:59 - Deleted users doc: flLKJP9Stgg4wyDi95L9UupUgJ23
2026-03-20 16:11:25.718 | INFO     | __main__:delete_all_auth_users:52 - Deleted auth user: hPcBT1H0bzZ15tQGP6xAhXATLBf1 (supervisor5@nu.edu.pk)
2026-03-20 16:11:26.789 | DEBUG    | __main__:delete_all_auth_users:59 - Deleted users doc: hPcBT1H0bzZ15tQGP6xAhXATLBf1
2026-03-20 16:11:27.284 | INFO     | __main__:delete_all_auth_users:52 - Deleted auth user: p5NnwdPOinbPu0S4OIGxF4JlLO53 (test.student4@cfd.nu.edu.pk)
2026-03-20 16:11:28.366 | DEBUG    | __main__:delete_all_auth_users:59 - Deleted users doc: p5NnwdPOinbPu0S4OIGxF4JlLO53
2026-03-20 16:11:28.817 | INFO     | __main__:delete_all_auth_users:52 - Deleted auth user: rJeKt0w91FPEM37XiFA3yIe2ITE2 (test.student3@cfd.nu.edu.pk)
2026-03-20 16:11:30.068 | DEBUG    | __main__:delete_all_auth_users:59 - Deleted users doc: rJeKt0w91FPEM37XiFA3yIe2ITE2
2026-03-20 16:11:30.526 | INFO     | __main__:delete_all_auth_users:52 - Deleted auth user: rYLvtsewNFd5hVFo7rymcH3cK8f1 (test.student30@cfd.nu.edu.pk)
2026-03-20 16:11:31.798 | DEBUG    | __main__:delete_all_auth_users:59 - Deleted users doc: rYLvtsewNFd5hVFo7rymcH3cK8f1
2026-03-20 16:11:32.233 | INFO     | __main__:delete_all_auth_users:52 - Deleted auth user: sZu551hgoffQI7KtCfoWVAA0EFW2 (supervisor1@nu.edu.pk)
2026-03-20 16:11:33.375 | DEBUG    | __main__:delete_all_auth_users:59 - Deleted users doc: sZu551hgoffQI7KtCfoWVAA0EFW2
2026-03-20 16:11:33.829 | INFO     | __main__:delete_all_auth_users:52 - Deleted auth user: t6nHVqA6LOQIhXXbo44JmNG9Fys2 (supervisor4@nu.edu.pk)
2026-03-20 16:11:34.949 | DEBUG    | __main__:delete_all_auth_users:59 - Deleted users doc: t6nHVqA6LOQIhXXbo44JmNG9Fys2
2026-03-20 16:11:35.368 | INFO     | __main__:delete_all_auth_users:52 - Deleted auth user: uF7Yp0T6JOcRJLYCe4Lfq5E391D2 (test.student8@cfd.nu.edu.pk)
2026-03-20 16:11:36.438 | DEBUG    | __main__:delete_all_auth_users:59 - Deleted users doc: uF7Yp0T6JOcRJLYCe4Lfq5E391D2
2026-03-20 16:11:36.862 | INFO     | __main__:delete_all_auth_users:52 - Deleted auth user: uQTJnDUOvPXaKHHdKP2RhKGScTQ2 (test.student22@cfd.nu.edu.pk)
2026-03-20 16:11:37.948 | DEBUG    | __main__:delete_all_auth_users:59 - Deleted users doc: uQTJnDUOvPXaKHHdKP2RhKGScTQ2
2026-03-20 16:11:38.378 | INFO     | __main__:delete_all_auth_users:52 - Deleted auth user: vAZRq2RvsPhInMyOgkMJHIsEFBT2 (supervisor7@nu.edu.pk)
2026-03-20 16:11:39.485 | DEBUG    | __main__:delete_all_auth_users:59 - Deleted users doc: vAZRq2RvsPhInMyOgkMJHIsEFBT2
2026-03-20 16:11:39.884 | INFO     | __main__:delete_all_auth_users:52 - Deleted auth user: wAwaV7XPSbcSpC5fBCoI7Xzm8262 (test.student29@cfd.nu.edu.pk)
2026-03-20 16:11:40.971 | DEBUG    | __main__:delete_all_auth_users:59 - Deleted users doc: wAwaV7XPSbcSpC5fBCoI7Xzm8262
2026-03-20 16:11:41.415 | INFO     | __main__:delete_all_auth_users:52 - Deleted auth user: y0rV5AAQIEO2uhA1fuGDxs6WK662 (supervisor10@nu.edu.pk)
2026-03-20 16:11:42.590 | DEBUG    | __main__:delete_all_auth_users:59 - Deleted users doc: y0rV5AAQIEO2uhA1fuGDxs6WK662
2026-03-20 16:11:43.048 | INFO     | __main__:delete_all_auth_users:52 - Deleted auth user: yaJOJNX3DrPSD4IA4biL7OVhjsx2 (adminadmin@nu.edu.pk)
2026-03-20 16:11:44.281 | DEBUG    | __main__:delete_all_auth_users:59 - Deleted users doc: yaJOJNX3DrPSD4IA4biL7OVhjsx2
2026-03-20 16:11:44.695 | INFO     | __main__:delete_all_auth_users:52 - Deleted auth user: zrs9NvsOF4hVNUwx5GOm7DaBADp1 (test.student17@cfd.nu.edu.pk)
2026-03-20 16:11:45.966 | DEBUG    | __main__:delete_all_auth_users:59 - Deleted users doc: zrs9NvsOF4hVNUwx5GOm7DaBADp1
2026-03-20 16:11:45.967 | ERROR    | __main__:delete_all_auth_users:71 - Error listing users: 'ListUsersPage' object has no attribute 'page_token'
2026-03-20 16:15:27.908 | INFO     | database.firebase:<module>:12 - Firebase Admin SDK initialized successfully
2026-03-20 16:15:33.686 | INFO     | __main__:create_random_student:49 - Created Auth user: STUDENT-001 | test.student1@cfd.nu.edu.pk | password: waleed
2026-03-20 16:15:34.725 | DEBUG    | __main__:create_random_student:60 - Stored user doc for UID SF9XoWomQLQm1mkqTnpp8bDSyxG3
2026-03-20 16:15:36.622 | INFO     | __main__:create_random_student:80 - Created student doc STUDENT-001 at (31.342673, 73.180091)
2026-03-20 16:15:37.923 | INFO     | __main__:create_random_student:49 - Created Auth user: STUDENT-002 | test.student2@cfd.nu.edu.pk | password: waleed
2026-03-20 16:15:38.475 | DEBUG    | __main__:create_random_student:60 - Stored user doc for UID vQHRPPdjWmTjASjEQvAqjzPhHdm2
2026-03-20 16:15:40.849 | INFO     | __main__:create_random_student:80 - Created student doc STUDENT-002 at (31.503809, 73.163047)
2026-03-20 16:15:41.988 | INFO     | __main__:create_random_student:49 - Created Auth user: STUDENT-003 | test.student3@cfd.nu.edu.pk | password: waleed
2026-03-20 16:15:42.554 | DEBUG    | __main__:create_random_student:60 - Stored user doc for UID KbkXVOhtA3hfwjvwsS5w2IIOki93
2026-03-20 16:15:44.888 | INFO     | __main__:create_random_student:80 - Created student doc STUDENT-003 at (31.401088, 73.011350)
2026-03-20 16:15:46.156 | INFO     | __main__:create_random_student:49 - Created Auth user: STUDENT-004 | test.student4@cfd.nu.edu.pk | password: waleed
2026-03-20 16:15:46.722 | DEBUG    | __main__:create_random_student:60 - Stored user doc for UID VMbnLGOyDuRi41R8XPG6toeooJt1
2026-03-20 16:15:47.259 | INFO     | __main__:create_random_student:80 - Created student doc STUDENT-004 at (31.544202, 73.128686)
2026-03-20 16:15:48.501 | INFO     | __main__:create_random_student:49 - Created Auth user: STUDENT-005 | test.student5@cfd.nu.edu.pk | password: waleed
2026-03-20 16:15:49.051 | DEBUG    | __main__:create_random_student:60 - Stored user doc for UID WRVMbOeJLLdnIPhcWnncdjhPSjb2
2026-03-20 16:15:49.607 | INFO     | __main__:create_random_student:80 - Created student doc STUDENT-005 at (31.393089, 73.028228)
2026-03-20 16:15:50.831 | INFO     | __main__:create_random_student:49 - Created Auth user: STUDENT-006 | test.student6@cfd.nu.edu.pk | password: waleed
2026-03-20 16:15:51.375 | DEBUG    | __main__:create_random_student:60 - Stored user doc for UID e3D31VgcVrXKjMfjS13MWcxDZgi1
2026-03-20 16:15:51.919 | INFO     | __main__:create_random_student:80 - Created student doc STUDENT-006 at (31.537509, 73.124448)
2026-03-20 16:15:53.174 | INFO     | __main__:create_random_student:49 - Created Auth user: STUDENT-007 | test.student7@cfd.nu.edu.pk | password: waleed
2026-03-20 16:15:53.721 | DEBUG    | __main__:create_random_student:60 - Stored user doc for UID KSn42uZ4dDaMueZxSsk9yyYYMbU2
2026-03-20 16:15:54.268 | INFO     | __main__:create_random_student:80 - Created student doc STUDENT-007 at (31.343859, 73.185660)
2026-03-20 16:15:55.487 | INFO     | __main__:create_random_student:49 - Created Auth user: STUDENT-008 | test.student8@cfd.nu.edu.pk | password: waleed
2026-03-20 16:15:56.034 | DEBUG    | __main__:create_random_student:60 - Stored user doc for UID x2LmEXZ95YfrQpxSQgrBTDTWbk83
2026-03-20 16:15:56.623 | INFO     | __main__:create_random_student:80 - Created student doc STUDENT-008 at (31.406549, 73.086759)
2026-03-20 16:15:57.705 | INFO     | __main__:create_random_student:49 - Created Auth user: STUDENT-009 | test.student9@cfd.nu.edu.pk | password: waleed
2026-03-20 16:16:00.603 | DEBUG    | __main__:create_random_student:60 - Stored user doc for UID VItoVj8ml0ZAMdLtqGCBxaDdkWj1
2026-03-20 16:16:01.162 | INFO     | __main__:create_random_student:80 - Created student doc STUDENT-009 at (31.346116, 73.056539)
2026-03-20 16:16:02.293 | INFO     | __main__:create_random_student:49 - Created Auth user: STUDENT-010 | test.student10@cfd.nu.edu.pk | password: waleed
2026-03-20 16:16:03.456 | DEBUG    | __main__:create_random_student:60 - Stored user doc for UID 7DxKX1nW4ZdeWHKXM2Vf5OIfGvr1
2026-03-20 16:16:05.239 | INFO     | __main__:create_random_student:80 - Created student doc STUDENT-010 at (31.446304, 73.140169)
2026-03-20 16:16:06.457 | INFO     | __main__:create_random_student:49 - Created Auth user: STUDENT-011 | test.student11@cfd.nu.edu.pk | password: waleed
2026-03-20 16:16:07.020 | DEBUG    | __main__:create_random_student:60 - Stored user doc for UID Os55fn9jigeXpNaUlGTOSD1kzUH3
2026-03-20 16:16:09.328 | INFO     | __main__:create_random_student:80 - Created student doc STUDENT-011 at (31.319581, 73.129629)
2026-03-20 16:16:10.541 | INFO     | __main__:create_random_student:49 - Created Auth user: STUDENT-012 | test.student12@cfd.nu.edu.pk | password: waleed
2026-03-20 16:16:11.103 | DEBUG    | __main__:create_random_student:60 - Stored user doc for UID 3CNKLBNknvMId9G9MJ1cVoQjkpw2
2026-03-20 16:16:13.448 | INFO     | __main__:create_random_student:80 - Created student doc STUDENT-012 at (31.369289, 73.051406)
2026-03-20 16:16:14.691 | INFO     | __main__:create_random_student:49 - Created Auth user: STUDENT-013 | test.student13@cfd.nu.edu.pk | password: waleed
2026-03-20 16:16:15.241 | DEBUG    | __main__:create_random_student:60 - Stored user doc for UID I6aLScqZSSeAF3ug6jDkoPrt6g23
2026-03-20 16:16:17.588 | INFO     | __main__:create_random_student:80 - Created student doc STUDENT-013 at (31.327595, 73.065724)
2026-03-20 16:16:18.783 | INFO     | __main__:create_random_student:49 - Created Auth user: STUDENT-014 | test.student14@cfd.nu.edu.pk | password: waleed
2026-03-20 16:16:19.404 | DEBUG    | __main__:create_random_student:60 - Stored user doc for UID DS0YCp1l3RXIwCBzxzmEzv99Zii1
2026-03-20 16:16:21.694 | INFO     | __main__:create_random_student:80 - Created student doc STUDENT-014 at (31.548998, 73.147656)
2026-03-20 16:16:22.875 | INFO     | __main__:create_random_student:49 - Created Auth user: STUDENT-015 | test.student15@cfd.nu.edu.pk | password: waleed
2026-03-20 16:16:23.449 | DEBUG    | __main__:create_random_student:60 - Stored user doc for UID UpNOyWoNcXaW1O5jadyyddeniWj2
2026-03-20 16:16:25.762 | INFO     | __main__:create_random_student:80 - Created student doc STUDENT-015 at (31.462728, 73.168167)
2026-03-20 16:16:26.973 | INFO     | __main__:create_random_student:49 - Created Auth user: STUDENT-016 | test.student16@cfd.nu.edu.pk | password: waleed
2026-03-20 16:16:27.520 | DEBUG    | __main__:create_random_student:60 - Stored user doc for UID vjz604g8oKerN5zBKZ7mU7mG2M03
2026-03-20 16:16:29.887 | INFO     | __main__:create_random_student:80 - Created student doc STUDENT-016 at (31.388719, 73.188850)
2026-03-20 16:16:31.180 | INFO     | __main__:create_random_student:49 - Created Auth user: STUDENT-017 | test.student17@cfd.nu.edu.pk | password: waleed
2026-03-20 16:16:31.725 | DEBUG    | __main__:create_random_student:60 - Stored user doc for UID XuCFaAxIj3RH4cDaJKu6xmWSwfi1
2026-03-20 16:16:32.282 | INFO     | __main__:create_random_student:80 - Created student doc STUDENT-017 at (31.354815, 73.143189)
2026-03-20 16:16:33.428 | INFO     | __main__:create_random_student:49 - Created Auth user: STUDENT-018 | test.student18@cfd.nu.edu.pk | password: waleed
2026-03-20 16:16:33.969 | DEBUG    | __main__:create_random_student:60 - Stored user doc for UID bvudy4BMDIZ3KxtxPyHvDJd3rjf2
2026-03-20 16:16:34.506 | INFO     | __main__:create_random_student:80 - Created student doc STUDENT-018 at (31.459172, 73.066434)
2026-03-20 16:16:35.714 | INFO     | __main__:create_random_student:49 - Created Auth user: STUDENT-019 | test.student19@cfd.nu.edu.pk | password: waleed
2026-03-20 16:16:36.249 | DEBUG    | __main__:create_random_student:60 - Stored user doc for UID qwxNS37KPQSeME1Rb86ZDMnXjYX2
2026-03-20 16:16:36.790 | INFO     | __main__:create_random_student:80 - Created student doc STUDENT-019 at (31.468675, 73.160721)
2026-03-20 16:16:37.965 | INFO     | __main__:create_random_student:49 - Created Auth user: STUDENT-020 | test.student20@cfd.nu.edu.pk | password: waleed
2026-03-20 16:16:38.493 | DEBUG    | __main__:create_random_student:60 - Stored user doc for UID SXxBaOHsDPhcbAy5QSfe0NZxZM83
2026-03-20 16:16:39.034 | INFO     | __main__:create_random_student:80 - Created student doc STUDENT-020 at (31.513945, 73.145000)
2026-03-20 16:16:40.320 | INFO     | __main__:create_random_student:49 - Created Auth user: STUDENT-021 | test.student21@cfd.nu.edu.pk | password: waleed
2026-03-20 16:16:40.864 | DEBUG    | __main__:create_random_student:60 - Stored user doc for UID unEE7hJDp7cMFEu2M568RmrtWRq2
2026-03-20 16:16:41.405 | INFO     | __main__:create_random_student:80 - Created student doc STUDENT-021 at (31.480136, 73.163370)
2026-03-20 16:16:42.577 | INFO     | __main__:create_random_student:49 - Created Auth user: STUDENT-022 | test.student22@cfd.nu.edu.pk | password: waleed
2026-03-20 16:16:43.285 | DEBUG    | __main__:create_random_student:60 - Stored user doc for UID n5w74mESTuV3BSMbnAo4AqNZ3oT2
2026-03-20 16:16:43.917 | INFO     | __main__:create_random_student:80 - Created student doc STUDENT-022 at (31.473589, 73.112736)
2026-03-20 16:16:45.170 | INFO     | __main__:create_random_student:49 - Created Auth user: STUDENT-023 | test.student23@cfd.nu.edu.pk | password: waleed
2026-03-20 16:16:45.734 | DEBUG    | __main__:create_random_student:60 - Stored user doc for UID GydB2I2Y0Ec14olrl5Hbtm8ziZF3
2026-03-20 16:16:46.289 | INFO     | __main__:create_random_student:80 - Created student doc STUDENT-023 at (31.450094, 73.130742)
2026-03-20 16:16:47.447 | INFO     | __main__:create_random_student:49 - Created Auth user: STUDENT-024 | test.student24@cfd.nu.edu.pk | password: waleed
2026-03-20 16:16:48.000 | DEBUG    | __main__:create_random_student:60 - Stored user doc for UID shSuBEXnw4TLpoUGH1D5uwg8QKr1
2026-03-20 16:16:48.549 | INFO     | __main__:create_random_student:80 - Created student doc STUDENT-024 at (31.470598, 73.008555)
2026-03-20 16:16:49.693 | INFO     | __main__:create_random_student:49 - Created Auth user: STUDENT-025 | test.student25@cfd.nu.edu.pk | password: waleed
2026-03-20 16:16:50.247 | DEBUG    | __main__:create_random_student:60 - Stored user doc for UID NkZ3VPHBNtS3wxSmCjfBkRWPaZQ2
2026-03-20 16:16:50.783 | INFO     | __main__:create_random_student:80 - Created student doc STUDENT-025 at (31.526254, 73.053671)
2026-03-20 16:16:52.001 | INFO     | __main__:create_random_student:49 - Created Auth user: STUDENT-026 | test.student26@cfd.nu.edu.pk | password: waleed
2026-03-20 16:16:52.548 | DEBUG    | __main__:create_random_student:60 - Stored user doc for UID rtsUd2Aeg0W2HTpXZhrpSlqMhdL2
2026-03-20 16:16:53.089 | INFO     | __main__:create_random_student:80 - Created student doc STUDENT-026 at (31.405239, 73.112616)
2026-03-20 16:16:54.322 | INFO     | __main__:create_random_student:49 - Created Auth user: STUDENT-027 | test.student27@cfd.nu.edu.pk | password: waleed
2026-03-20 16:16:54.872 | DEBUG    | __main__:create_random_student:60 - Stored user doc for UID SOWTJArpcRRKPC0v7cWYW0XJk6v1
2026-03-20 16:16:55.403 | INFO     | __main__:create_random_student:80 - Created student doc STUDENT-027 at (31.419161, 73.041380)
2026-03-20 16:16:56.618 | INFO     | __main__:create_random_student:49 - Created Auth user: STUDENT-028 | test.student28@cfd.nu.edu.pk | password: waleed
2026-03-20 16:16:57.161 | DEBUG    | __main__:create_random_student:60 - Stored user doc for UID 61fbjUraIhPuzNx8BY68aYewSG02
2026-03-20 16:16:57.696 | INFO     | __main__:create_random_student:80 - Created student doc STUDENT-028 at (31.380283, 73.159195)
2026-03-20 16:16:58.804 | INFO     | __main__:create_random_student:49 - Created Auth user: STUDENT-029 | test.student29@cfd.nu.edu.pk | password: waleed
2026-03-20 16:16:59.349 | DEBUG    | __main__:create_random_student:60 - Stored user doc for UID XmlYR1ejNvTp0enFtavXMQRl9l62
2026-03-20 16:16:59.908 | INFO     | __main__:create_random_student:80 - Created student doc STUDENT-029 at (31.318863, 73.183249)
2026-03-20 16:17:01.114 | INFO     | __main__:create_random_student:49 - Created Auth user: STUDENT-030 | test.student30@cfd.nu.edu.pk | password: waleed
2026-03-20 16:17:01.640 | DEBUG    | __main__:create_random_student:60 - Stored user doc for UID GBGXh21H2VefIT4NkSWu8FQldkF3
2026-03-20 16:17:02.178 | INFO     | __main__:create_random_student:80 - Created student doc STUDENT-030 at (31.384254, 73.063765)
2026-03-20 16:17:44.138 | INFO     | database.firebase:<module>:12 - Firebase Admin SDK initialized successfully
2026-03-20 16:17:49.759 | INFO     | __main__:create_supervisor:49 - Created supervisor auth → UID: CfDFXT3nnEcr2ZhtSm3SJoicB2l1 | supervisor1@nu.edu.pk | pass: waleed
2026-03-20 16:17:50.905 | DEBUG    | __main__:create_supervisor:64 - Stored supervisor user doc CfDFXT3nnEcr2ZhtSm3SJoicB2l1
2026-03-20 16:17:52.165 | INFO     | __main__:create_supervisor:49 - Created supervisor auth → UID: AASF05X61scmg4bTTe13xO4lQoP2 | supervisor2@nu.edu.pk | pass: waleed
2026-03-20 16:17:52.735 | DEBUG    | __main__:create_supervisor:64 - Stored supervisor user doc AASF05X61scmg4bTTe13xO4lQoP2
2026-03-20 16:17:53.968 | INFO     | __main__:create_supervisor:49 - Created supervisor auth → UID: RmGJKWvIE5MLXOD3qXREezwyCPB3 | supervisor3@nu.edu.pk | pass: waleed
2026-03-20 16:17:55.072 | DEBUG    | __main__:create_supervisor:64 - Stored supervisor user doc RmGJKWvIE5MLXOD3qXREezwyCPB3
2026-03-20 16:17:56.315 | INFO     | __main__:create_supervisor:49 - Created supervisor auth → UID: re2XupKK6xNyu3ut8WCtnMFsPRr1 | supervisor4@nu.edu.pk | pass: waleed
2026-03-20 16:17:56.866 | DEBUG    | __main__:create_supervisor:64 - Stored supervisor user doc re2XupKK6xNyu3ut8WCtnMFsPRr1
2026-03-20 16:17:58.139 | INFO     | __main__:create_supervisor:49 - Created supervisor auth → UID: DWk6BgmbUSgeGURSOJ0NQUgST782 | supervisor5@nu.edu.pk | pass: waleed
2026-03-20 16:17:59.192 | DEBUG    | __main__:create_supervisor:64 - Stored supervisor user doc DWk6BgmbUSgeGURSOJ0NQUgST782
2026-03-20 16:18:00.484 | INFO     | __main__:create_supervisor:49 - Created supervisor auth → UID: ObspUAstllc305OjbUZBQ2Qbh3K2 | supervisor6@nu.edu.pk | pass: waleed
2026-03-20 16:18:01.046 | DEBUG    | __main__:create_supervisor:64 - Stored supervisor user doc ObspUAstllc305OjbUZBQ2Qbh3K2
2026-03-20 16:18:02.307 | INFO     | __main__:create_supervisor:49 - Created supervisor auth → UID: oxzdRZdMJCN9dyEcpQT2xZtWHcm1 | supervisor7@nu.edu.pk | pass: waleed
2026-03-20 16:18:02.843 | DEBUG    | __main__:create_supervisor:64 - Stored supervisor user doc oxzdRZdMJCN9dyEcpQT2xZtWHcm1
2026-03-20 16:18:04.061 | INFO     | __main__:create_supervisor:49 - Created supervisor auth → UID: FnVEYgsJesRb4ENGg0mRyzM5dkc2 | supervisor8@nu.edu.pk | pass: waleed
2026-03-20 16:18:04.618 | DEBUG    | __main__:create_supervisor:64 - Stored supervisor user doc FnVEYgsJesRb4ENGg0mRyzM5dkc2
2026-03-20 16:18:05.858 | INFO     | __main__:create_supervisor:49 - Created supervisor auth → UID: zV1wHdVdOQQmqnKc38rFGC2fNf92 | supervisor9@nu.edu.pk | pass: waleed
2026-03-20 16:18:06.417 | DEBUG    | __main__:create_supervisor:64 - Stored supervisor user doc zV1wHdVdOQQmqnKc38rFGC2fNf92
2026-03-20 16:18:07.658 | INFO     | __main__:create_supervisor:49 - Created supervisor auth → UID: Ec9p7sa9XeauUHsxUmx5n7XAGht1 | supervisor10@nu.edu.pk | pass: waleed
2026-03-20 16:18:08.208 | DEBUG    | __main__:create_supervisor:64 - Stored supervisor user doc Ec9p7sa9XeauUHsxUmx5n7XAGht1
2026-03-20 16:18:09.148 | INFO     | __main__:create_bus:94 - Created bus B-87 (ONV-0819) → supervisor: zV1wHdVdOQQmqnKc38rFGC2fNf92
2026-03-20 16:18:09.884 | INFO     | __main__:create_bus:94 - Created bus B-76 (TQB-3272) → supervisor: Ec9p7sa9XeauUHsxUmx5n7XAGht1
2026-03-20 16:18:10.622 | INFO     | __main__:create_bus:94 - Created bus B-31 (PPZ-0731) → supervisor: CfDFXT3nnEcr2ZhtSm3SJoicB2l1
2026-03-20 16:18:11.354 | INFO     | __main__:create_bus:94 - Created bus B-83 (WIO-2615) → supervisor: DWk6BgmbUSgeGURSOJ0NQUgST782
2026-03-20 16:18:14.423 | INFO     | __main__:create_bus:94 - Created bus B-80 (FNI-6796) → supervisor: DWk6BgmbUSgeGURSOJ0NQUgST782
2026-03-20 16:18:15.163 | INFO     | __main__:create_bus:94 - Created bus B-65 (XAW-3395) → supervisor: CfDFXT3nnEcr2ZhtSm3SJoicB2l1
2026-03-20 16:18:17.566 | INFO     | __main__:create_bus:94 - Created bus B-61 (UAP-4603) → supervisor: FnVEYgsJesRb4ENGg0mRyzM5dkc2
2026-03-20 16:18:18.316 | INFO     | __main__:create_bus:94 - Created bus B-71 (JXE-7799) → supervisor: None
2026-03-20 16:18:20.653 | INFO     | __main__:create_bus:94 - Created bus B-18 (STN-7672) → supervisor: ObspUAstllc305OjbUZBQ2Qbh3K2
2026-03-20 16:18:21.405 | INFO     | __main__:create_bus:94 - Created bus B-24 (RGM-6245) → supervisor: ObspUAstllc305OjbUZBQ2Qbh3K2
2026-03-20 16:50:01.637 | INFO     | database.firebase:<module>:12 - Firebase Admin SDK initialized successfully
2026-03-20 16:58:14.849 | INFO     | api.main:run_optimization:29 - Starting full route optimization pipeline
2026-03-20 16:58:21.195 | INFO     | data_pipeline.student_loader:load_student_stops:42 - Loaded 30 student stops from Firestore
2026-03-20 16:58:21.196 | DEBUG    | data_pipeline.student_loader:load_student_stops:43 - First 3 stops (sample): [{'student_id': '3CNKLBNknvMId9G9MJ1cVoQjkpw2', 'name': 'Test Student 12', 'roll_no': 'TEST-4382', 'lat': 31.369289, 'lng': 73.051406, 'student_count': 1, 'contact': '03597900028', 'semester': 'Spring 2026', 'fee_status': 'unpaid', 'registration_status': 'pending'}, {'student_id': '61fbjUraIhPuzNx8BY68aYewSG02', 'name': 'Test Student 28', 'roll_no': 'TEST-7403', 'lat': 31.380283, 'lng': 73.159195, 'student_count': 1, 'contact': '03344993000', 'semester': 'Spring 2026', 'fee_status': 'unpaid', 'registration_status': 'pending'}, {'student_id': '7DxKX1nW4ZdeWHKXM2Vf5OIfGvr1', 'name': 'Test Student 10', 'roll_no': 'TEST-9142', 'lat': 31.446304, 'lng': 73.140169, 'student_count': 1, 'contact': '03537549971', 'semester': 'Spring 2026', 'fee_status': 'unpaid', 'registration_status': 'pending'}]
2026-03-20 16:58:21.197 | INFO     | osm.fetch_roads:fetch_or_load_road_graph:19 - Loading cached Faisalabad road graph...
2026-03-20 16:58:27.965 | INFO     | osm.fetch_roads:fetch_or_load_road_graph:21 - Loaded graph with 50872 nodes and 144715 edges
2026-03-20 16:58:28.136 | INFO     | osm.road_filter:filter_main_roads:38 - Filtered graph:
2026-03-20 16:58:28.167 | INFO     | osm.road_filter:filter_main_roads:39 -   Original: 50872 nodes, 144715 edges
2026-03-20 16:58:28.295 | INFO     | osm.road_filter:filter_main_roads:40 -   After filter (main roads only): 7460 nodes, 12863 edges
2026-03-20 16:58:28.908 | DEBUG    | utils.distance_utils:build_node_balltree:29 - Built BallTree with 7460 nodes
2026-03-20 16:58:28.911 | DEBUG    | utils.geo_utils:haversine_distance:20 - Haversine: (31.369289, 73.051406) → (31.3691526, 73.0514611) = 16.0 m
2026-03-20 16:58:28.911 | DEBUG    | utils.distance_utils:find_nearest_road_point:56 - Nearest road node to (31.369289, 73.051406): (31.369153, 73.051461) — 16.0m
2026-03-20 16:58:28.911 | DEBUG    | utils.geo_utils:haversine_distance:20 - Haversine: (31.369289, 73.051406) → (31.3691526, 73.0514611) = 16.0 m
2026-03-20 16:58:28.911 | DEBUG    | data_pipeline.stop_builder:snap_stops_to_roads:38 - Snapped Test Student 12 (TEST-4382): 16.0m
2026-03-20 16:58:28.940 | DEBUG    | utils.distance_utils:build_node_balltree:29 - Built BallTree with 7460 nodes
2026-03-20 16:58:28.942 | DEBUG    | utils.geo_utils:haversine_distance:20 - Haversine: (31.380283, 73.159195) → (31.3787188, 73.157798) = 218.7 m
2026-03-20 16:58:28.942 | DEBUG    | utils.distance_utils:find_nearest_road_point:56 - Nearest road node to (31.380283, 73.159195): (31.378719, 73.157798) — 218.7m
2026-03-20 16:58:28.943 | DEBUG    | utils.geo_utils:haversine_distance:20 - Haversine: (31.380283, 73.159195) → (31.3787188, 73.157798) = 218.7 m
2026-03-20 16:58:28.943 | DEBUG    | data_pipeline.stop_builder:snap_stops_to_roads:38 - Snapped Test Student 28 (TEST-7403): 218.7m
2026-03-20 16:58:28.967 | DEBUG    | utils.distance_utils:build_node_balltree:29 - Built BallTree with 7460 nodes
2026-03-20 16:58:28.969 | DEBUG    | utils.geo_utils:haversine_distance:20 - Haversine: (31.446304, 73.140169) → (31.4457694, 73.1408101) = 85.0 m
2026-03-20 16:58:28.969 | DEBUG    | utils.distance_utils:find_nearest_road_point:56 - Nearest road node to (31.446304, 73.140169): (31.445769, 73.140810) — 85.0m
2026-03-20 16:58:28.970 | DEBUG    | utils.geo_utils:haversine_distance:20 - Haversine: (31.446304, 73.140169) → (31.4457694, 73.1408101) = 85.0 m
2026-03-20 16:58:28.970 | DEBUG    | data_pipeline.stop_builder:snap_stops_to_roads:38 - Snapped Test Student 10 (TEST-9142): 85.0m
2026-03-20 16:58:29.012 | DEBUG    | utils.distance_utils:build_node_balltree:29 - Built BallTree with 7460 nodes
2026-03-20 16:58:29.015 | DEBUG    | utils.geo_utils:haversine_distance:20 - Haversine: (31.548998, 73.147656) → (31.5487412, 73.1501112) = 234.4 m
2026-03-20 16:58:29.015 | DEBUG    | utils.distance_utils:find_nearest_road_point:56 - Nearest road node to (31.548998, 73.147656): (31.548741, 73.150111) — 234.4m
2026-03-20 16:58:29.016 | DEBUG    | utils.geo_utils:haversine_distance:20 - Haversine: (31.548998, 73.147656) → (31.5487412, 73.1501112) = 234.4 m
2026-03-20 16:58:29.016 | DEBUG    | data_pipeline.stop_builder:snap_stops_to_roads:38 - Snapped Test Student 14 (TEST-9162): 234.4m
2026-03-20 16:58:29.274 | DEBUG    | utils.distance_utils:build_node_balltree:29 - Built BallTree with 7460 nodes
2026-03-20 16:58:29.276 | DEBUG    | utils.geo_utils:haversine_distance:20 - Haversine: (31.384254, 73.063765) → (31.3836456, 73.0640586) = 73.2 m
2026-03-20 16:58:29.276 | DEBUG    | utils.distance_utils:find_nearest_road_point:56 - Nearest road node to (31.384254, 73.063765): (31.383646, 73.064059) — 73.2m
2026-03-20 16:58:29.276 | DEBUG    | utils.geo_utils:haversine_distance:20 - Haversine: (31.384254, 73.063765) → (31.3836456, 73.0640586) = 73.2 m
2026-03-20 16:58:29.276 | DEBUG    | data_pipeline.stop_builder:snap_stops_to_roads:38 - Snapped Test Student 30 (TEST-6182): 73.2m
2026-03-20 16:58:29.297 | DEBUG    | utils.distance_utils:build_node_balltree:29 - Built BallTree with 7460 nodes
2026-03-20 16:58:29.300 | DEBUG    | utils.geo_utils:haversine_distance:20 - Haversine: (31.450094, 73.130742) → (31.4467219, 73.1271368) = 507.5 m
2026-03-20 16:58:29.300 | DEBUG    | utils.distance_utils:find_nearest_road_point:56 - Nearest road node to (31.450094, 73.130742): (31.446722, 73.127137) — 507.5m
2026-03-20 16:58:29.301 | DEBUG    | utils.geo_utils:haversine_distance:20 - Haversine: (31.450094, 73.130742) → (31.4467219, 73.1271368) = 507.5 m
2026-03-20 16:58:29.301 | DEBUG    | data_pipeline.stop_builder:snap_stops_to_roads:38 - Snapped Test Student 23 (TEST-9957): 507.5m
2026-03-20 16:58:29.329 | DEBUG    | utils.distance_utils:build_node_balltree:29 - Built BallTree with 7460 nodes
2026-03-20 16:58:29.331 | DEBUG    | utils.geo_utils:haversine_distance:20 - Haversine: (31.327595, 73.065724) → (31.330396, 73.0696448) = 485.5 m
2026-03-20 16:58:29.331 | DEBUG    | utils.distance_utils:find_nearest_road_point:56 - Nearest road node to (31.327595, 73.065724): (31.330396, 73.069645) — 485.5m
2026-03-20 16:58:29.331 | DEBUG    | utils.geo_utils:haversine_distance:20 - Haversine: (31.327595, 73.065724) → (31.330396, 73.0696448) = 485.5 m
2026-03-20 16:58:29.331 | DEBUG    | data_pipeline.stop_builder:snap_stops_to_roads:38 - Snapped Test Student 13 (TEST-5755): 485.5m
2026-03-20 16:58:29.366 | DEBUG    | utils.distance_utils:build_node_balltree:29 - Built BallTree with 7460 nodes
2026-03-20 16:58:29.368 | DEBUG    | utils.geo_utils:haversine_distance:20 - Haversine: (31.343859, 73.18566) → (31.3413852, 73.1852291) = 278.1 m
2026-03-20 16:58:29.368 | DEBUG    | utils.distance_utils:find_nearest_road_point:56 - Nearest road node to (31.343859, 73.18566): (31.341385, 73.185229) — 278.1m
2026-03-20 16:58:29.369 | DEBUG    | utils.geo_utils:haversine_distance:20 - Haversine: (31.343859, 73.18566) → (31.3413852, 73.1852291) = 278.1 m
2026-03-20 16:58:29.369 | DEBUG    | data_pipeline.stop_builder:snap_stops_to_roads:38 - Snapped Test Student 7 (TEST-9790): 278.1m
2026-03-20 16:58:29.417 | DEBUG    | utils.distance_utils:build_node_balltree:29 - Built BallTree with 7460 nodes
2026-03-20 16:58:29.424 | DEBUG    | utils.geo_utils:haversine_distance:20 - Haversine: (31.401088, 73.01135) → (31.4000755, 73.0126538) = 167.3 m
2026-03-20 16:58:29.425 | DEBUG    | utils.distance_utils:find_nearest_road_point:56 - Nearest road node to (31.401088, 73.01135): (31.400075, 73.012654) — 167.3m
2026-03-20 16:58:29.425 | DEBUG    | utils.geo_utils:haversine_distance:20 - Haversine: (31.401088, 73.01135) → (31.4000755, 73.0126538) = 167.3 m
2026-03-20 16:58:29.425 | DEBUG    | data_pipeline.stop_builder:snap_stops_to_roads:38 - Snapped Test Student 3 (TEST-2055): 167.3m
2026-03-20 16:58:29.458 | DEBUG    | utils.distance_utils:build_node_balltree:29 - Built BallTree with 7460 nodes
2026-03-20 16:58:29.460 | DEBUG    | utils.geo_utils:haversine_distance:20 - Haversine: (31.526254, 73.053671) → (31.527645, 73.0552285) = 213.8 m
2026-03-20 16:58:29.460 | DEBUG    | utils.distance_utils:find_nearest_road_point:56 - Nearest road node to (31.526254, 73.053671): (31.527645, 73.055228) — 213.8m
2026-03-20 16:58:29.460 | DEBUG    | utils.geo_utils:haversine_distance:20 - Haversine: (31.526254, 73.053671) → (31.527645, 73.0552285) = 213.8 m
2026-03-20 16:58:29.461 | DEBUG    | data_pipeline.stop_builder:snap_stops_to_roads:38 - Snapped Test Student 25 (TEST-4783): 213.8m
2026-03-20 16:58:29.495 | DEBUG    | utils.distance_utils:build_node_balltree:29 - Built BallTree with 7460 nodes
2026-03-20 16:58:29.497 | DEBUG    | utils.geo_utils:haversine_distance:20 - Haversine: (31.319581, 73.129629) → (31.3281703, 73.1302408) = 956.9 m
2026-03-20 16:58:29.497 | DEBUG    | utils.distance_utils:find_nearest_road_point:56 - Nearest road node to (31.319581, 73.129629): (31.328170, 73.130241) — 956.9m
2026-03-20 16:58:29.498 | DEBUG    | utils.geo_utils:haversine_distance:20 - Haversine: (31.319581, 73.129629) → (31.3281703, 73.1302408) = 956.9 m
2026-03-20 16:58:29.498 | DEBUG    | data_pipeline.stop_builder:snap_stops_to_roads:38 - Snapped Test Student 11 (TEST-6729): 956.9m
2026-03-20 16:58:29.534 | DEBUG    | utils.distance_utils:build_node_balltree:29 - Built BallTree with 7460 nodes
2026-03-20 16:58:29.535 | DEBUG    | utils.geo_utils:haversine_distance:20 - Haversine: (31.342673, 73.180091) → (31.3434454, 73.1825193) = 246.1 m
2026-03-20 16:58:29.535 | DEBUG    | utils.distance_utils:find_nearest_road_point:56 - Nearest road node to (31.342673, 73.180091): (31.343445, 73.182519) — 246.1m
2026-03-20 16:58:29.536 | DEBUG    | utils.geo_utils:haversine_distance:20 - Haversine: (31.342673, 73.180091) → (31.3434454, 73.1825193) = 246.1 m
2026-03-20 16:58:29.536 | DEBUG    | data_pipeline.stop_builder:snap_stops_to_roads:38 - Snapped Test Student 1 (TEST-1717): 246.1m
2026-03-20 16:58:29.573 | DEBUG    | utils.distance_utils:build_node_balltree:29 - Built BallTree with 7460 nodes
2026-03-20 16:58:29.574 | DEBUG    | utils.geo_utils:haversine_distance:20 - Haversine: (31.419161, 73.04138) → (31.4192659, 73.0416323) = 26.6 m
2026-03-20 16:58:29.575 | DEBUG    | utils.distance_utils:find_nearest_road_point:56 - Nearest road node to (31.419161, 73.04138): (31.419266, 73.041632) — 26.6m
2026-03-20 16:58:29.575 | DEBUG    | utils.geo_utils:haversine_distance:20 - Haversine: (31.419161, 73.04138) → (31.4192659, 73.0416323) = 26.6 m
2026-03-20 16:58:29.575 | DEBUG    | data_pipeline.stop_builder:snap_stops_to_roads:38 - Snapped Test Student 27 (TEST-3106): 26.6m
2026-03-20 16:58:29.613 | DEBUG    | utils.distance_utils:build_node_balltree:29 - Built BallTree with 7460 nodes
2026-03-20 16:58:29.615 | DEBUG    | utils.geo_utils:haversine_distance:20 - Haversine: (31.513945, 73.145) → (31.5101284, 73.1503952) = 664.6 m
2026-03-20 16:58:29.615 | DEBUG    | utils.distance_utils:find_nearest_road_point:56 - Nearest road node to (31.513945, 73.145): (31.510128, 73.150395) — 664.6m
2026-03-20 16:58:29.615 | DEBUG    | utils.geo_utils:haversine_distance:20 - Haversine: (31.513945, 73.145) → (31.5101284, 73.1503952) = 664.6 m
2026-03-20 16:58:29.616 | DEBUG    | data_pipeline.stop_builder:snap_stops_to_roads:38 - Snapped Test Student 20 (TEST-7495): 664.6m
2026-03-20 16:58:29.652 | DEBUG    | utils.distance_utils:build_node_balltree:29 - Built BallTree with 7460 nodes
2026-03-20 16:58:29.657 | DEBUG    | utils.geo_utils:haversine_distance:20 - Haversine: (31.462728, 73.168167) → (31.4641337, 73.1683411) = 157.2 m
2026-03-20 16:58:29.657 | DEBUG    | utils.distance_utils:find_nearest_road_point:56 - Nearest road node to (31.462728, 73.168167): (31.464134, 73.168341) — 157.2m
2026-03-20 16:58:29.657 | DEBUG    | utils.geo_utils:haversine_distance:20 - Haversine: (31.462728, 73.168167) → (31.4641337, 73.1683411) = 157.2 m
2026-03-20 16:58:29.657 | DEBUG    | data_pipeline.stop_builder:snap_stops_to_roads:38 - Snapped Test Student 15 (TEST-5668): 157.2m
2026-03-20 16:58:29.711 | DEBUG    | utils.distance_utils:build_node_balltree:29 - Built BallTree with 7460 nodes
2026-03-20 16:58:29.718 | DEBUG    | utils.geo_utils:haversine_distance:20 - Haversine: (31.346116, 73.056539) → (31.3446991, 73.0585627) = 248.5 m
2026-03-20 16:58:29.718 | DEBUG    | utils.distance_utils:find_nearest_road_point:56 - Nearest road node to (31.346116, 73.056539): (31.344699, 73.058563) — 248.5m
2026-03-20 16:58:29.718 | DEBUG    | utils.geo_utils:haversine_distance:20 - Haversine: (31.346116, 73.056539) → (31.3446991, 73.0585627) = 248.5 m
2026-03-20 16:58:29.718 | DEBUG    | data_pipeline.stop_builder:snap_stops_to_roads:38 - Snapped Test Student 9 (TEST-8987): 248.5m
2026-03-20 16:58:29.772 | DEBUG    | utils.distance_utils:build_node_balltree:29 - Built BallTree with 7460 nodes
2026-03-20 16:58:29.773 | DEBUG    | utils.geo_utils:haversine_distance:20 - Haversine: (31.544202, 73.128686) → (31.5431453, 73.1283131) = 122.7 m
2026-03-20 16:58:29.773 | DEBUG    | utils.distance_utils:find_nearest_road_point:56 - Nearest road node to (31.544202, 73.128686): (31.543145, 73.128313) — 122.7m
2026-03-20 16:58:29.773 | DEBUG    | utils.geo_utils:haversine_distance:20 - Haversine: (31.544202, 73.128686) → (31.5431453, 73.1283131) = 122.7 m
2026-03-20 16:58:29.777 | DEBUG    | data_pipeline.stop_builder:snap_stops_to_roads:38 - Snapped Test Student 4 (TEST-9428): 122.7m
2026-03-20 16:58:29.817 | DEBUG    | utils.distance_utils:build_node_balltree:29 - Built BallTree with 7460 nodes
2026-03-20 16:58:29.823 | DEBUG    | utils.geo_utils:haversine_distance:20 - Haversine: (31.393089, 73.028228) → (31.398463, 73.0263855) = 622.6 m
2026-03-20 16:58:29.823 | DEBUG    | utils.distance_utils:find_nearest_road_point:56 - Nearest road node to (31.393089, 73.028228): (31.398463, 73.026386) — 622.6m
2026-03-20 16:58:29.824 | DEBUG    | utils.geo_utils:haversine_distance:20 - Haversine: (31.393089, 73.028228) → (31.398463, 73.0263855) = 622.6 m
2026-03-20 16:58:29.824 | DEBUG    | data_pipeline.stop_builder:snap_stops_to_roads:38 - Snapped Test Student 5 (TEST-5892): 622.6m
2026-03-20 16:58:29.853 | DEBUG    | utils.distance_utils:build_node_balltree:29 - Built BallTree with 7460 nodes
2026-03-20 16:58:29.856 | DEBUG    | utils.geo_utils:haversine_distance:20 - Haversine: (31.318863, 73.183249) → (31.3190478, 73.1756414) = 723.0 m
2026-03-20 16:58:29.856 | DEBUG    | utils.distance_utils:find_nearest_road_point:56 - Nearest road node to (31.318863, 73.183249): (31.319048, 73.175641) — 723.0m
2026-03-20 16:58:29.857 | DEBUG    | utils.geo_utils:haversine_distance:20 - Haversine: (31.318863, 73.183249) → (31.3190478, 73.1756414) = 723.0 m
2026-03-20 16:58:29.857 | DEBUG    | data_pipeline.stop_builder:snap_stops_to_roads:38 - Snapped Test Student 29 (TEST-7084): 723.0m
2026-03-20 16:58:29.883 | DEBUG    | utils.distance_utils:build_node_balltree:29 - Built BallTree with 7460 nodes
2026-03-20 16:58:29.885 | DEBUG    | utils.geo_utils:haversine_distance:20 - Haversine: (31.354815, 73.143189) → (31.3557607, 73.1450675) = 207.1 m
2026-03-20 16:58:29.885 | DEBUG    | utils.distance_utils:find_nearest_road_point:56 - Nearest road node to (31.354815, 73.143189): (31.355761, 73.145067) — 207.1m
2026-03-20 16:58:29.885 | DEBUG    | utils.geo_utils:haversine_distance:20 - Haversine: (31.354815, 73.143189) → (31.3557607, 73.1450675) = 207.1 m
2026-03-20 16:58:29.885 | DEBUG    | data_pipeline.stop_builder:snap_stops_to_roads:38 - Snapped Test Student 17 (TEST-4072): 207.1m
2026-03-20 16:58:29.912 | DEBUG    | utils.distance_utils:build_node_balltree:29 - Built BallTree with 7460 nodes
2026-03-20 16:58:29.913 | DEBUG    | utils.geo_utils:haversine_distance:20 - Haversine: (31.459172, 73.066434) → (31.4601458, 73.0666137) = 109.6 m
2026-03-20 16:58:29.914 | DEBUG    | utils.distance_utils:find_nearest_road_point:56 - Nearest road node to (31.459172, 73.066434): (31.460146, 73.066614) — 109.6m
2026-03-20 16:58:29.914 | DEBUG    | utils.geo_utils:haversine_distance:20 - Haversine: (31.459172, 73.066434) → (31.4601458, 73.0666137) = 109.6 m
2026-03-20 16:58:29.914 | DEBUG    | data_pipeline.stop_builder:snap_stops_to_roads:38 - Snapped Test Student 18 (TEST-9353): 109.6m
2026-03-20 16:58:29.938 | DEBUG    | utils.distance_utils:build_node_balltree:29 - Built BallTree with 7460 nodes
2026-03-20 16:58:29.939 | DEBUG    | utils.geo_utils:haversine_distance:20 - Haversine: (31.537509, 73.124448) → (31.5426468, 73.1258022) = 585.5 m
2026-03-20 16:58:29.939 | DEBUG    | utils.distance_utils:find_nearest_road_point:56 - Nearest road node to (31.537509, 73.124448): (31.542647, 73.125802) — 585.5m
2026-03-20 16:58:29.940 | DEBUG    | utils.geo_utils:haversine_distance:20 - Haversine: (31.537509, 73.124448) → (31.5426468, 73.1258022) = 585.5 m
2026-03-20 16:58:29.940 | DEBUG    | data_pipeline.stop_builder:snap_stops_to_roads:38 - Snapped Test Student 6 (TEST-3775): 585.5m
2026-03-20 16:58:29.962 | DEBUG    | utils.distance_utils:build_node_balltree:29 - Built BallTree with 7460 nodes
2026-03-20 16:58:29.964 | DEBUG    | utils.geo_utils:haversine_distance:20 - Haversine: (31.473589, 73.112736) → (31.4743292, 73.1046958) = 766.9 m
2026-03-20 16:58:29.964 | DEBUG    | utils.distance_utils:find_nearest_road_point:56 - Nearest road node to (31.473589, 73.112736): (31.474329, 73.104696) — 766.9m
2026-03-20 16:58:29.964 | DEBUG    | utils.geo_utils:haversine_distance:20 - Haversine: (31.473589, 73.112736) → (31.4743292, 73.1046958) = 766.9 m
2026-03-20 16:58:29.964 | DEBUG    | data_pipeline.stop_builder:snap_stops_to_roads:38 - Snapped Test Student 22 (TEST-9109): 766.9m
2026-03-20 16:58:29.989 | DEBUG    | utils.distance_utils:build_node_balltree:29 - Built BallTree with 7460 nodes
2026-03-20 16:58:29.990 | DEBUG    | utils.geo_utils:haversine_distance:20 - Haversine: (31.468675, 73.160721) → (31.4693742, 73.1600766) = 98.9 m
2026-03-20 16:58:29.991 | DEBUG    | utils.distance_utils:find_nearest_road_point:56 - Nearest road node to (31.468675, 73.160721): (31.469374, 73.160077) — 98.9m
2026-03-20 16:58:29.991 | DEBUG    | utils.geo_utils:haversine_distance:20 - Haversine: (31.468675, 73.160721) → (31.4693742, 73.1600766) = 98.9 m
2026-03-20 16:58:29.991 | DEBUG    | data_pipeline.stop_builder:snap_stops_to_roads:38 - Snapped Test Student 19 (TEST-9533): 98.9m
2026-03-20 16:58:30.033 | DEBUG    | utils.distance_utils:build_node_balltree:29 - Built BallTree with 7460 nodes
2026-03-20 16:58:30.035 | DEBUG    | utils.geo_utils:haversine_distance:20 - Haversine: (31.405239, 73.112616) → (31.4060883, 73.1115478) = 138.5 m
2026-03-20 16:58:30.035 | DEBUG    | utils.distance_utils:find_nearest_road_point:56 - Nearest road node to (31.405239, 73.112616): (31.406088, 73.111548) — 138.5m
2026-03-20 16:58:30.035 | DEBUG    | utils.geo_utils:haversine_distance:20 - Haversine: (31.405239, 73.112616) → (31.4060883, 73.1115478) = 138.5 m
2026-03-20 16:58:30.035 | DEBUG    | data_pipeline.stop_builder:snap_stops_to_roads:38 - Snapped Test Student 26 (TEST-5354): 138.5m
2026-03-20 16:58:30.061 | DEBUG    | utils.distance_utils:build_node_balltree:29 - Built BallTree with 7460 nodes
2026-03-20 16:58:30.065 | DEBUG    | utils.geo_utils:haversine_distance:20 - Haversine: (31.470598, 73.008555) → (31.4773379, 73.0052033) = 814.1 m
2026-03-20 16:58:30.065 | DEBUG    | utils.distance_utils:find_nearest_road_point:56 - Nearest road node to (31.470598, 73.008555): (31.477338, 73.005203) — 814.1m
2026-03-20 16:58:30.067 | DEBUG    | utils.geo_utils:haversine_distance:20 - Haversine: (31.470598, 73.008555) → (31.4773379, 73.0052033) = 814.1 m
2026-03-20 16:58:30.068 | DEBUG    | data_pipeline.stop_builder:snap_stops_to_roads:38 - Snapped Test Student 24 (TEST-8754): 814.1m
2026-03-20 16:58:30.100 | DEBUG    | utils.distance_utils:build_node_balltree:29 - Built BallTree with 7460 nodes
2026-03-20 16:58:30.102 | DEBUG    | utils.geo_utils:haversine_distance:20 - Haversine: (31.480136, 73.16337) → (31.4766945, 73.1677037) = 561.5 m
2026-03-20 16:58:30.102 | DEBUG    | utils.distance_utils:find_nearest_road_point:56 - Nearest road node to (31.480136, 73.16337): (31.476695, 73.167704) — 561.5m
2026-03-20 16:58:30.102 | DEBUG    | utils.geo_utils:haversine_distance:20 - Haversine: (31.480136, 73.16337) → (31.4766945, 73.1677037) = 561.5 m
2026-03-20 16:58:30.102 | DEBUG    | data_pipeline.stop_builder:snap_stops_to_roads:38 - Snapped Test Student 21 (TEST-9356): 561.5m
2026-03-20 16:58:30.137 | DEBUG    | utils.distance_utils:build_node_balltree:29 - Built BallTree with 7460 nodes
2026-03-20 16:58:30.140 | DEBUG    | utils.geo_utils:haversine_distance:20 - Haversine: (31.503809, 73.163047) → (31.504101, 73.1583633) = 445.2 m
2026-03-20 16:58:30.140 | DEBUG    | utils.distance_utils:find_nearest_road_point:56 - Nearest road node to (31.503809, 73.163047): (31.504101, 73.158363) — 445.2m
2026-03-20 16:58:30.140 | DEBUG    | utils.geo_utils:haversine_distance:20 - Haversine: (31.503809, 73.163047) → (31.504101, 73.1583633) = 445.2 m
2026-03-20 16:58:30.140 | DEBUG    | data_pipeline.stop_builder:snap_stops_to_roads:38 - Snapped Test Student 2 (TEST-1842): 445.2m
2026-03-20 16:58:30.163 | DEBUG    | utils.distance_utils:build_node_balltree:29 - Built BallTree with 7460 nodes
2026-03-20 16:58:30.164 | DEBUG    | utils.geo_utils:haversine_distance:20 - Haversine: (31.388719, 73.18885) → (31.3907077, 73.1897443) = 236.9 m
2026-03-20 16:58:30.164 | DEBUG    | utils.distance_utils:find_nearest_road_point:56 - Nearest road node to (31.388719, 73.18885): (31.390708, 73.189744) — 236.9m
2026-03-20 16:58:30.165 | DEBUG    | utils.geo_utils:haversine_distance:20 - Haversine: (31.388719, 73.18885) → (31.3907077, 73.1897443) = 236.9 m
2026-03-20 16:58:30.165 | DEBUG    | data_pipeline.stop_builder:snap_stops_to_roads:38 - Snapped Test Student 16 (TEST-8203): 236.9m
2026-03-20 16:58:30.195 | DEBUG    | utils.distance_utils:build_node_balltree:29 - Built BallTree with 7460 nodes
2026-03-20 16:58:30.197 | DEBUG    | utils.geo_utils:haversine_distance:20 - Haversine: (31.406549, 73.086759) → (31.4052045, 73.0873694) = 160.3 m
2026-03-20 16:58:30.197 | DEBUG    | utils.distance_utils:find_nearest_road_point:56 - Nearest road node to (31.406549, 73.086759): (31.405204, 73.087369) — 160.3m
2026-03-20 16:58:30.197 | DEBUG    | utils.geo_utils:haversine_distance:20 - Haversine: (31.406549, 73.086759) → (31.4052045, 73.0873694) = 160.3 m
2026-03-20 16:58:30.197 | DEBUG    | data_pipeline.stop_builder:snap_stops_to_roads:38 - Snapped Test Student 8 (TEST-8476): 160.3m
2026-03-20 16:58:30.197 | INFO     | data_pipeline.stop_builder:snap_stops_to_roads:47 - Snapping complete:
2026-03-20 16:58:30.198 | INFO     | data_pipeline.stop_builder:snap_stops_to_roads:48 -   Input stops: 30
2026-03-20 16:58:30.199 | INFO     | data_pipeline.stop_builder:snap_stops_to_roads:49 -   Snapped successfully: 30
2026-03-20 16:58:30.199 | INFO     | data_pipeline.stop_builder:snap_stops_to_roads:50 -   Skipped (too far): 0
2026-03-20 16:58:30.199 | DEBUG    | data_pipeline.stop_builder:snap_stops_to_roads:53 - First snapped stop example: {'student_id': '3CNKLBNknvMId9G9MJ1cVoQjkpw2', 'name': 'Test Student 12', 'roll_no': 'TEST-4382', 'lat': 31.3691526, 'lng': 73.0514611, 'student_count': 1, 'contact': '03597900028', 'semester': 'Spring 2026', 'fee_status': 'unpaid', 'registration_status': 'pending', 'original_lat': 31.369289, 'original_lng': 73.051406, 'snap_distance_m': 16.04}
2026-03-20 16:58:30.199 | DEBUG    | utils.geo_utils:haversine_distance:20 - Haversine: (31.3787188, 73.157798) → (31.3691526, 73.0514611) = 10151.2 m
2026-03-20 16:58:30.199 | DEBUG    | utils.geo_utils:haversine_distance:20 - Haversine: (31.4457694, 73.1408101) → (31.3691526, 73.0514611) = 12020.1 m
2026-03-20 16:58:30.199 | DEBUG    | utils.geo_utils:haversine_distance:20 - Haversine: (31.4457694, 73.1408101) → (31.3787188, 73.157798) = 7628.0 m
2026-03-20 16:58:30.199 | DEBUG    | utils.geo_utils:haversine_distance:20 - Haversine: (31.5487412, 73.1501112) → (31.3691526, 73.0514611) = 22052.9 m
2026-03-20 16:58:30.200 | DEBUG    | utils.geo_utils:haversine_distance:20 - Haversine: (31.5487412, 73.1501112) → (31.3787188, 73.157798) = 18919.7 m
2026-03-20 16:58:30.200 | DEBUG    | utils.geo_utils:haversine_distance:20 - Haversine: (31.5487412, 73.1501112) → (31.4457694, 73.1408101) = 11483.9 m
2026-03-20 16:58:30.200 | DEBUG    | utils.geo_utils:haversine_distance:20 - Haversine: (31.3836456, 73.0640586) → (31.3691526, 73.0514611) = 2006.8 m
2026-03-20 16:58:30.200 | DEBUG    | utils.geo_utils:haversine_distance:20 - Haversine: (31.3836456, 73.0640586) → (31.3787188, 73.157798) = 8915.5 m
2026-03-20 16:58:30.200 | DEBUG    | utils.geo_utils:haversine_distance:20 - Haversine: (31.3836456, 73.0640586) → (31.4457694, 73.1408101) = 10038.2 m
2026-03-20 16:58:30.200 | DEBUG    | utils.geo_utils:haversine_distance:20 - Haversine: (31.3836456, 73.0640586) → (31.5487412, 73.1501112) = 20090.3 m
2026-03-20 16:58:30.200 | DEBUG    | utils.geo_utils:haversine_distance:20 - Haversine: (31.4467219, 73.1271368) → (31.3691526, 73.0514611) = 11223.8 m
2026-03-20 16:58:30.200 | DEBUG    | utils.geo_utils:haversine_distance:20 - Haversine: (31.4467219, 73.1271368) → (31.3787188, 73.157798) = 8102.1 m
2026-03-20 16:58:30.200 | DEBUG    | utils.geo_utils:haversine_distance:20 - Haversine: (31.4467219, 73.1271368) → (31.4457694, 73.1408101) = 1301.4 m
2026-03-20 16:58:30.200 | DEBUG    | utils.geo_utils:haversine_distance:20 - Haversine: (31.4467219, 73.1271368) → (31.5487412, 73.1501112) = 11551.3 m
2026-03-20 16:58:30.200 | DEBUG    | utils.geo_utils:haversine_distance:20 - Haversine: (31.4467219, 73.1271368) → (31.3836456, 73.0640586) = 9220.8 m
2026-03-20 16:58:30.200 | DEBUG    | utils.geo_utils:haversine_distance:20 - Haversine: (31.330396, 73.0696448) → (31.3691526, 73.0514611) = 4642.6 m
2026-03-20 16:58:30.200 | DEBUG    | utils.geo_utils:haversine_distance:20 - Haversine: (31.330396, 73.0696448) → (31.3787188, 73.157798) = 9946.9 m
2026-03-20 16:58:30.200 | DEBUG    | utils.geo_utils:haversine_distance:20 - Haversine: (31.330396, 73.0696448) → (31.4457694, 73.1408101) = 14498.8 m
2026-03-20 16:58:30.200 | DEBUG    | utils.geo_utils:haversine_distance:20 - Haversine: (31.330396, 73.0696448) → (31.5487412, 73.1501112) = 25450.7 m
2026-03-20 16:58:30.200 | DEBUG    | utils.geo_utils:haversine_distance:20 - Haversine: (31.330396, 73.0696448) → (31.3836456, 73.0640586) = 5944.8 m
2026-03-20 16:58:30.200 | DEBUG    | utils.geo_utils:haversine_distance:20 - Haversine: (31.330396, 73.0696448) → (31.4467219, 73.1271368) = 14038.9 m
2026-03-20 16:58:30.200 | DEBUG    | utils.geo_utils:haversine_distance:20 - Haversine: (31.3413852, 73.1852291) → (31.3691526, 73.0514611) = 13071.9 m
2026-03-20 16:58:30.200 | DEBUG    | utils.geo_utils:haversine_distance:20 - Haversine: (31.3413852, 73.1852291) → (31.3787188, 73.157798) = 4900.7 m
2026-03-20 16:58:30.200 | DEBUG    | utils.geo_utils:haversine_distance:20 - Haversine: (31.3413852, 73.1852291) → (31.4457694, 73.1408101) = 12349.0 m
2026-03-20 16:58:30.200 | DEBUG    | utils.geo_utils:haversine_distance:20 - Haversine: (31.3413852, 73.1852291) → (31.5487412, 73.1501112) = 23296.4 m
2026-03-20 16:58:30.200 | DEBUG    | utils.geo_utils:haversine_distance:20 - Haversine: (31.3413852, 73.1852291) → (31.3836456, 73.0640586) = 12427.6 m
2026-03-20 16:58:30.200 | DEBUG    | utils.geo_utils:haversine_distance:20 - Haversine: (31.3413852, 73.1852291) → (31.4467219, 73.1271368) = 12945.9 m
2026-03-20 16:58:30.200 | DEBUG    | utils.geo_utils:haversine_distance:20 - Haversine: (31.3413852, 73.1852291) → (31.330396, 73.0696448) = 11045.4 m
2026-03-20 16:58:30.200 | DEBUG    | utils.geo_utils:haversine_distance:20 - Haversine: (31.4000755, 73.0126538) → (31.3691526, 73.0514611) = 5039.2 m
2026-03-20 16:58:30.200 | DEBUG    | utils.geo_utils:haversine_distance:20 - Haversine: (31.4000755, 73.0126538) → (31.3787188, 73.157798) = 13980.4 m
2026-03-20 16:58:30.200 | DEBUG    | utils.geo_utils:haversine_distance:20 - Haversine: (31.4000755, 73.0126538) → (31.4457694, 73.1408101) = 13179.2 m
2026-03-20 16:58:30.200 | DEBUG    | utils.geo_utils:haversine_distance:20 - Haversine: (31.4000755, 73.0126538) → (31.5487412, 73.1501112) = 21052.4 m
2026-03-20 16:58:30.201 | DEBUG    | utils.geo_utils:haversine_distance:20 - Haversine: (31.4000755, 73.0126538) → (31.3836456, 73.0640586) = 5210.1 m
2026-03-20 16:58:30.201 | DEBUG    | utils.geo_utils:haversine_distance:20 - Haversine: (31.4000755, 73.0126538) → (31.4467219, 73.1271368) = 12037.7 m
2026-03-20 16:58:30.201 | DEBUG    | utils.geo_utils:haversine_distance:20 - Haversine: (31.4000755, 73.0126538) → (31.330396, 73.0696448) = 9450.5 m
2026-03-20 16:58:30.201 | DEBUG    | utils.geo_utils:haversine_distance:20 - Haversine: (31.4000755, 73.0126538) → (31.3413852, 73.1852291) = 17636.2 m
2026-03-20 16:58:30.201 | DEBUG    | utils.geo_utils:haversine_distance:20 - Haversine: (31.527645, 73.0552285) → (31.3691526, 73.0514611) = 17627.2 m
2026-03-20 16:58:30.202 | DEBUG    | utils.geo_utils:haversine_distance:20 - Haversine: (31.527645, 73.0552285) → (31.3787188, 73.157798) = 19206.5 m
2026-03-20 16:58:30.202 | DEBUG    | utils.geo_utils:haversine_distance:20 - Haversine: (31.527645, 73.0552285) → (31.4457694, 73.1408101) = 12195.9 m
2026-03-20 16:58:30.202 | DEBUG    | utils.geo_utils:haversine_distance:20 - Haversine: (31.527645, 73.0552285) → (31.5487412, 73.1501112) = 9293.0 m
2026-03-20 16:58:30.202 | DEBUG    | utils.geo_utils:haversine_distance:20 - Haversine: (31.527645, 73.0552285) → (31.3836456, 73.0640586) = 16033.9 m
2026-03-20 16:58:30.202 | DEBUG    | utils.geo_utils:haversine_distance:20 - Haversine: (31.527645, 73.0552285) → (31.4467219, 73.1271368) = 11289.8 m
2026-03-20 16:58:30.202 | DEBUG    | utils.geo_utils:haversine_distance:20 - Haversine: (31.527645, 73.0552285) → (31.330396, 73.0696448) = 21975.7 m
2026-03-20 16:58:30.202 | DEBUG    | utils.geo_utils:haversine_distance:20 - Haversine: (31.527645, 73.0552285) → (31.3413852, 73.1852291) = 24105.5 m
2026-03-20 16:58:30.202 | DEBUG    | utils.geo_utils:haversine_distance:20 - Haversine: (31.527645, 73.0552285) → (31.4000755, 73.0126538) = 14748.6 m
2026-03-20 16:58:30.202 | DEBUG    | utils.geo_utils:haversine_distance:20 - Haversine: (31.3281703, 73.1302408) → (31.3691526, 73.0514611) = 8759.8 m
2026-03-20 16:58:30.202 | DEBUG    | utils.geo_utils:haversine_distance:20 - Haversine: (31.3281703, 73.1302408) → (31.3787188, 73.157798) = 6200.0 m
2026-03-20 16:58:30.202 | DEBUG    | utils.geo_utils:haversine_distance:20 - Haversine: (31.3281703, 73.1302408) → (31.4457694, 73.1408101) = 13114.9 m
2026-03-20 16:58:30.203 | DEBUG    | utils.geo_utils:haversine_distance:20 - Haversine: (31.3281703, 73.1302408) → (31.5487412, 73.1501112) = 24598.7 m
2026-03-20 16:58:30.203 | DEBUG    | utils.geo_utils:haversine_distance:20 - Haversine: (31.3281703, 73.1302408) → (31.3836456, 73.0640586) = 8805.9 m
2026-03-20 16:58:30.203 | DEBUG    | utils.geo_utils:haversine_distance:20 - Haversine: (31.3281703, 73.1302408) → (31.4467219, 73.1271368) = 13185.6 m
2026-03-20 16:58:30.203 | DEBUG    | utils.geo_utils:haversine_distance:20 - Haversine: (31.3281703, 73.1302408) → (31.330396, 73.0696448) = 5760.8 m
2026-03-20 16:58:30.203 | DEBUG    | utils.geo_utils:haversine_distance:20 - Haversine: (31.3281703, 73.1302408) → (31.3413852, 73.1852291) = 5425.4 m
2026-03-20 16:58:30.203 | DEBUG    | utils.geo_utils:haversine_distance:20 - Haversine: (31.3281703, 73.1302408) → (31.4000755, 73.0126538) = 13732.2 m
2026-03-20 16:58:30.204 | DEBUG    | utils.geo_utils:haversine_distance:20 - Haversine: (31.3281703, 73.1302408) → (31.527645, 73.0552285) = 23294.5 m
2026-03-20 16:58:30.204 | DEBUG    | utils.geo_utils:haversine_distance:20 - Haversine: (31.3434454, 73.1825193) → (31.3691526, 73.0514611) = 12768.7 m
2026-03-20 16:58:30.204 | DEBUG    | utils.geo_utils:haversine_distance:20 - Haversine: (31.3434454, 73.1825193) → (31.3787188, 73.157798) = 4570.9 m
2026-03-20 16:58:30.204 | DEBUG    | utils.geo_utils:haversine_distance:20 - Haversine: (31.3434454, 73.1825193) → (31.4457694, 73.1408101) = 12047.0 m
2026-03-20 16:58:30.204 | DEBUG    | utils.geo_utils:haversine_distance:20 - Haversine: (31.3434454, 73.1825193) → (31.5487412, 73.1501112) = 23033.9 m
2026-03-20 16:58:30.204 | DEBUG    | utils.geo_utils:haversine_distance:20 - Haversine: (31.3434454, 73.1825193) → (31.3836456, 73.0640586) = 12103.2 m
2026-03-20 16:58:30.204 | DEBUG    | utils.geo_utils:haversine_distance:20 - Haversine: (31.3434454, 73.1825193) → (31.4467219, 73.1271368) = 12629.8 m
2026-03-20 16:58:30.204 | DEBUG    | utils.geo_utils:haversine_distance:20 - Haversine: (31.3434454, 73.1825193) → (31.330396, 73.0696448) = 10817.9 m
2026-03-20 16:58:30.204 | DEBUG    | utils.geo_utils:haversine_distance:20 - Haversine: (31.3434454, 73.1825193) → (31.3413852, 73.1852291) = 344.5 m
2026-03-20 16:58:30.204 | DEBUG    | utils.geo_utils:haversine_distance:20 - Haversine: (31.4192659, 73.0416323) → (31.3691526, 73.0514611) = 5649.9 m
2026-03-20 16:58:30.204 | DEBUG    | utils.geo_utils:haversine_distance:20 - Haversine: (31.4192659, 73.0416323) → (31.3787188, 73.157798) = 11911.7 m
2026-03-20 16:58:30.204 | DEBUG    | utils.geo_utils:haversine_distance:20 - Haversine: (31.4192659, 73.0416323) → (31.4457694, 73.1408101) = 9860.5 m
2026-03-20 16:58:30.204 | DEBUG    | utils.geo_utils:haversine_distance:20 - Haversine: (31.4192659, 73.0416323) → (31.5487412, 73.1501112) = 17694.3 m
2026-03-20 16:58:30.205 | DEBUG    | utils.geo_utils:haversine_distance:20 - Haversine: (31.4192659, 73.0416323) → (31.3836456, 73.0640586) = 4496.5 m
2026-03-20 16:58:30.205 | DEBUG    | utils.geo_utils:haversine_distance:20 - Haversine: (31.4192659, 73.0416323) → (31.4467219, 73.1271368) = 8667.9 m
2026-03-20 16:58:30.205 | DEBUG    | utils.geo_utils:haversine_distance:20 - Haversine: (31.4192659, 73.0416323) → (31.330396, 73.0696448) = 10233.5 m
2026-03-20 16:58:30.205 | DEBUG    | utils.geo_utils:haversine_distance:20 - Haversine: (31.4192659, 73.0416323) → (31.3413852, 73.1852291) = 16149.9 m
2026-03-20 16:58:30.205 | DEBUG    | utils.geo_utils:haversine_distance:20 - Haversine: (31.4192659, 73.0416323) → (31.4000755, 73.0126538) = 3480.9 m
2026-03-20 16:58:30.205 | DEBUG    | utils.geo_utils:haversine_distance:20 - Haversine: (31.4192659, 73.0416323) → (31.527645, 73.0552285) = 12120.0 m
2026-03-20 16:58:30.205 | DEBUG    | utils.geo_utils:haversine_distance:20 - Haversine: (31.4192659, 73.0416323) → (31.3281703, 73.1302408) = 13167.0 m
2026-03-20 16:58:30.205 | DEBUG    | utils.geo_utils:haversine_distance:20 - Haversine: (31.5101284, 73.1503952) → (31.3691526, 73.0514611) = 18270.9 m
2026-03-20 16:58:30.205 | DEBUG    | utils.geo_utils:haversine_distance:20 - Haversine: (31.5101284, 73.1503952) → (31.3787188, 73.157798) = 14628.9 m
2026-03-20 16:58:30.205 | DEBUG    | utils.geo_utils:haversine_distance:20 - Haversine: (31.5101284, 73.1503952) → (31.4457694, 73.1408101) = 7213.9 m
2026-03-20 16:58:30.205 | DEBUG    | utils.geo_utils:haversine_distance:20 - Haversine: (31.5101284, 73.1503952) → (31.5487412, 73.1501112) = 4293.6 m
2026-03-20 16:58:30.205 | DEBUG    | utils.geo_utils:haversine_distance:20 - Haversine: (31.5101284, 73.1503952) → (31.3836456, 73.0640586) = 16275.2 m
2026-03-20 16:58:30.205 | DEBUG    | utils.geo_utils:haversine_distance:20 - Haversine: (31.5101284, 73.1503952) → (31.4467219, 73.1271368) = 7387.4 m
2026-03-20 16:58:30.205 | DEBUG    | utils.geo_utils:haversine_distance:20 - Haversine: (31.5101284, 73.1503952) → (31.330396, 73.0696448) = 21403.9 m
2026-03-20 16:58:30.206 | DEBUG    | utils.geo_utils:haversine_distance:20 - Haversine: (31.5101284, 73.1503952) → (31.3413852, 73.1852291) = 19052.3 m
2026-03-20 16:58:30.206 | DEBUG    | utils.geo_utils:haversine_distance:20 - Haversine: (31.5101284, 73.1503952) → (31.4000755, 73.0126538) = 17901.3 m
2026-03-20 16:58:30.206 | DEBUG    | utils.geo_utils:haversine_distance:20 - Haversine: (31.5101284, 73.1503952) → (31.527645, 73.0552285) = 9228.7 m
2026-03-20 16:58:30.206 | DEBUG    | utils.geo_utils:haversine_distance:20 - Haversine: (31.5101284, 73.1503952) → (31.3281703, 73.1302408) = 20323.0 m
2026-03-20 16:58:30.206 | DEBUG    | utils.geo_utils:haversine_distance:20 - Haversine: (31.5101284, 73.1503952) → (31.4192659, 73.0416323) = 14439.2 m
2026-03-20 16:58:30.206 | DEBUG    | utils.geo_utils:haversine_distance:20 - Haversine: (31.4641337, 73.1683411) → (31.3691526, 73.0514611) = 15315.3 m
2026-03-20 16:58:30.206 | DEBUG    | utils.geo_utils:haversine_distance:20 - Haversine: (31.4641337, 73.1683411) → (31.3787188, 73.157798) = 9550.2 m
2026-03-20 16:58:30.206 | DEBUG    | utils.geo_utils:haversine_distance:20 - Haversine: (31.4641337, 73.1683411) → (31.4457694, 73.1408101) = 3315.0 m
2026-03-20 16:58:30.206 | DEBUG    | utils.geo_utils:haversine_distance:20 - Haversine: (31.4641337, 73.1683411) → (31.5487412, 73.1501112) = 9565.3 m
2026-03-20 16:58:30.207 | DEBUG    | utils.geo_utils:haversine_distance:20 - Haversine: (31.4641337, 73.1683411) → (31.3836456, 73.0640586) = 13342.1 m
2026-03-20 16:58:30.207 | DEBUG    | utils.geo_utils:haversine_distance:20 - Haversine: (31.4641337, 73.1683411) → (31.4467219, 73.1271368) = 4361.7 m
2026-03-20 16:58:30.207 | DEBUG    | utils.geo_utils:haversine_distance:20 - Haversine: (31.4641337, 73.1683411) → (31.330396, 73.0696448) = 17575.5 m
2026-03-20 16:58:30.207 | DEBUG    | utils.geo_utils:haversine_distance:20 - Haversine: (31.4641337, 73.1683411) → (31.3413852, 73.1852291) = 13742.8 m
2026-03-20 16:58:30.207 | DEBUG    | utils.geo_utils:haversine_distance:20 - Haversine: (31.4641337, 73.1683411) → (31.4000755, 73.0126538) = 16399.0 m
2026-03-20 16:58:30.207 | DEBUG    | utils.geo_utils:haversine_distance:20 - Haversine: (31.4641337, 73.1683411) → (31.527645, 73.0552285) = 12841.0 m
2026-03-20 16:58:30.207 | DEBUG    | utils.geo_utils:haversine_distance:20 - Haversine: (31.4641337, 73.1683411) → (31.3281703, 73.1302408) = 15544.9 m
2026-03-20 16:58:30.207 | DEBUG    | utils.geo_utils:haversine_distance:20 - Haversine: (31.4641337, 73.1683411) → (31.4192659, 73.0416323) = 13014.9 m
2026-03-20 16:58:30.207 | DEBUG    | utils.geo_utils:haversine_distance:20 - Haversine: (31.4641337, 73.1683411) → (31.5101284, 73.1503952) = 5390.0 m
2026-03-20 16:58:30.207 | DEBUG    | utils.geo_utils:haversine_distance:20 - Haversine: (31.3446991, 73.0585627) → (31.3691526, 73.0514611) = 2801.5 m
2026-03-20 16:58:30.207 | DEBUG    | utils.geo_utils:haversine_distance:20 - Haversine: (31.3446991, 73.0585627) → (31.3787188, 73.157798) = 10153.3 m
2026-03-20 16:58:30.207 | DEBUG    | utils.geo_utils:haversine_distance:20 - Haversine: (31.3446991, 73.0585627) → (31.4457694, 73.1408101) = 13683.8 m
2026-03-20 16:58:30.207 | DEBUG    | utils.geo_utils:haversine_distance:20 - Haversine: (31.3446991, 73.0585627) → (31.5487412, 73.1501112) = 24293.8 m
2026-03-20 16:58:30.207 | DEBUG    | utils.geo_utils:haversine_distance:20 - Haversine: (31.3446991, 73.0585627) → (31.3836456, 73.0640586) = 4362.0 m
2026-03-20 16:58:30.207 | DEBUG    | utils.geo_utils:haversine_distance:20 - Haversine: (31.3446991, 73.0585627) → (31.4467219, 73.1271368) = 13079.0 m
2026-03-20 16:58:30.207 | DEBUG    | utils.geo_utils:haversine_distance:20 - Haversine: (31.3446991, 73.0585627) → (31.330396, 73.0696448) = 1907.2 m
2026-03-20 16:58:30.207 | DEBUG    | utils.geo_utils:haversine_distance:20 - Haversine: (31.3446991, 73.0585627) → (31.3413852, 73.1852291) = 12034.9 m
2026-03-20 16:58:30.207 | DEBUG    | utils.geo_utils:haversine_distance:20 - Haversine: (31.3446991, 73.0585627) → (31.4000755, 73.0126538) = 7544.0 m
2026-03-20 16:58:30.208 | DEBUG    | utils.geo_utils:haversine_distance:20 - Haversine: (31.3446991, 73.0585627) → (31.527645, 73.0552285) = 20345.1 m
2026-03-20 16:58:30.208 | DEBUG    | utils.geo_utils:haversine_distance:20 - Haversine: (31.3446991, 73.0585627) → (31.3281703, 73.1302408) = 7051.3 m
2026-03-20 16:58:30.208 | DEBUG    | utils.geo_utils:haversine_distance:20 - Haversine: (31.3446991, 73.0585627) → (31.4192659, 73.0416323) = 8445.8 m
2026-03-20 16:58:30.208 | DEBUG    | utils.geo_utils:haversine_distance:20 - Haversine: (31.3446991, 73.0585627) → (31.5101284, 73.1503952) = 20354.2 m
2026-03-20 16:58:30.208 | DEBUG    | utils.geo_utils:haversine_distance:20 - Haversine: (31.3446991, 73.0585627) → (31.4641337, 73.1683411) = 16879.6 m
2026-03-20 16:58:30.208 | DEBUG    | utils.geo_utils:haversine_distance:20 - Haversine: (31.5431453, 73.1283131) → (31.3691526, 73.0514611) = 20674.9 m
2026-03-20 16:58:30.208 | DEBUG    | utils.geo_utils:haversine_distance:20 - Haversine: (31.5431453, 73.1283131) → (31.3787188, 73.157798) = 18496.0 m
2026-03-20 16:58:30.208 | DEBUG    | utils.geo_utils:haversine_distance:20 - Haversine: (31.5431453, 73.1283131) → (31.4457694, 73.1408101) = 10892.3 m
2026-03-20 16:58:30.208 | DEBUG    | utils.geo_utils:haversine_distance:20 - Haversine: (31.5431453, 73.1283131) → (31.5487412, 73.1501112) = 2157.3 m
2026-03-20 16:58:30.208 | DEBUG    | utils.geo_utils:haversine_distance:20 - Haversine: (31.5431453, 73.1283131) → (31.3836456, 73.0640586) = 18753.4 m
2026-03-20 16:58:30.208 | DEBUG    | utils.geo_utils:haversine_distance:20 - Haversine: (31.5431453, 73.1283131) → (31.4467219, 73.1271368) = 10722.4 m
2026-03-20 16:58:30.208 | DEBUG    | utils.geo_utils:haversine_distance:20 - Haversine: (31.5431453, 73.1283131) → (31.330396, 73.0696448) = 24302.6 m
2026-03-20 16:58:30.208 | DEBUG    | utils.geo_utils:haversine_distance:20 - Haversine: (31.5431453, 73.1283131) → (31.3413852, 73.1852291) = 23075.3 m
2026-03-20 16:58:30.208 | DEBUG    | utils.geo_utils:haversine_distance:20 - Haversine: (31.5431453, 73.1283131) → (31.4000755, 73.0126538) = 19323.6 m
2026-03-20 16:58:30.208 | DEBUG    | utils.geo_utils:haversine_distance:20 - Haversine: (31.5431453, 73.1283131) → (31.527645, 73.0552285) = 7137.7 m
2026-03-20 16:58:30.208 | DEBUG    | utils.geo_utils:haversine_distance:20 - Haversine: (31.5431453, 73.1283131) → (31.3281703, 73.1302408) = 23904.8 m
2026-03-20 16:58:30.208 | DEBUG    | utils.geo_utils:haversine_distance:20 - Haversine: (31.5431453, 73.1283131) → (31.4192659, 73.0416323) = 16040.9 m
2026-03-20 16:58:30.208 | DEBUG    | utils.geo_utils:haversine_distance:20 - Haversine: (31.5431453, 73.1283131) → (31.5101284, 73.1503952) = 4226.0 m
2026-03-20 16:58:30.209 | DEBUG    | utils.geo_utils:haversine_distance:20 - Haversine: (31.5431453, 73.1283131) → (31.4641337, 73.1683411) = 9570.2 m
2026-03-20 16:58:30.209 | DEBUG    | utils.geo_utils:haversine_distance:20 - Haversine: (31.5431453, 73.1283131) → (31.3446991, 73.0585627) = 23037.0 m
2026-03-20 16:58:30.209 | DEBUG    | utils.geo_utils:haversine_distance:20 - Haversine: (31.398463, 73.0263855) → (31.3691526, 73.0514611) = 4035.9 m
2026-03-20 16:58:30.209 | DEBUG    | utils.geo_utils:haversine_distance:20 - Haversine: (31.398463, 73.0263855) → (31.3787188, 73.157798) = 12665.7 m
2026-03-20 16:58:30.209 | DEBUG    | utils.geo_utils:haversine_distance:20 - Haversine: (31.398463, 73.0263855) → (31.4457694, 73.1408101) = 12064.7 m
2026-03-20 16:58:30.209 | DEBUG    | utils.geo_utils:haversine_distance:20 - Haversine: (31.398463, 73.0263855) → (31.5487412, 73.1501112) = 20418.3 m
2026-03-20 16:58:30.209 | DEBUG    | utils.geo_utils:haversine_distance:20 - Haversine: (31.398463, 73.0263855) → (31.3836456, 73.0640586) = 3937.2 m
2026-03-20 16:58:30.209 | DEBUG    | utils.geo_utils:haversine_distance:20 - Haversine: (31.398463, 73.0263855) → (31.4467219, 73.1271368) = 10963.1 m
2026-03-20 16:58:30.209 | DEBUG    | utils.geo_utils:haversine_distance:20 - Haversine: (31.398463, 73.0263855) → (31.330396, 73.0696448) = 8611.4 m
2026-03-20 16:58:30.209 | DEBUG    | utils.geo_utils:haversine_distance:20 - Haversine: (31.398463, 73.0263855) → (31.3413852, 73.1852291) = 16361.9 m
2026-03-20 16:58:30.209 | DEBUG    | utils.geo_utils:haversine_distance:20 - Haversine: (31.398463, 73.0263855) → (31.4000755, 73.0126538) = 1315.6 m
2026-03-20 16:58:30.209 | DEBUG    | utils.geo_utils:haversine_distance:20 - Haversine: (31.398463, 73.0263855) → (31.527645, 73.0552285) = 14622.6 m
2026-03-20 16:58:30.209 | DEBUG    | utils.geo_utils:haversine_distance:20 - Haversine: (31.398463, 73.0263855) → (31.3281703, 73.1302408) = 12582.9 m
2026-03-20 16:58:30.210 | DEBUG    | utils.geo_utils:haversine_distance:20 - Haversine: (31.398463, 73.0263855) → (31.4192659, 73.0416323) = 2728.4 m
2026-03-20 16:58:30.210 | DEBUG    | utils.geo_utils:haversine_distance:20 - Haversine: (31.398463, 73.0263855) → (31.5101284, 73.1503952) = 17103.8 m
2026-03-20 16:58:30.210 | DEBUG    | utils.geo_utils:haversine_distance:20 - Haversine: (31.398463, 73.0263855) → (31.4641337, 73.1683411) = 15320.8 m
2026-03-20 16:58:30.210 | DEBUG    | utils.geo_utils:haversine_distance:20 - Haversine: (31.398463, 73.0263855) → (31.3446991, 73.0585627) = 6713.6 m
2026-03-20 16:58:30.211 | DEBUG    | utils.geo_utils:haversine_distance:20 - Haversine: (31.398463, 73.0263855) → (31.5431453, 73.1283131) = 18768.8 m
2026-03-20 16:58:30.211 | DEBUG    | utils.geo_utils:haversine_distance:20 - Haversine: (31.3190478, 73.1756414) → (31.3691526, 73.0514611) = 13042.9 m
2026-03-20 16:58:30.212 | DEBUG    | utils.geo_utils:haversine_distance:20 - Haversine: (31.3190478, 73.1756414) → (31.3787188, 73.157798) = 6848.1 m
2026-03-20 16:58:30.212 | DEBUG    | utils.geo_utils:haversine_distance:20 - Haversine: (31.3190478, 73.1756414) → (31.4457694, 73.1408101) = 14473.5 m
2026-03-20 16:58:30.212 | DEBUG    | utils.geo_utils:haversine_distance:20 - Haversine: (31.3190478, 73.1756414) → (31.5487412, 73.1501112) = 25655.3 m
2026-03-20 16:58:30.212 | DEBUG    | utils.geo_utils:haversine_distance:20 - Haversine: (31.3190478, 73.1756414) → (31.3836456, 73.0640586) = 12801.1 m
2026-03-20 16:58:30.212 | DEBUG    | utils.geo_utils:haversine_distance:20 - Haversine: (31.3190478, 73.1756414) → (31.4467219, 73.1271368) = 14924.7 m
2026-03-20 16:58:30.212 | DEBUG    | utils.geo_utils:haversine_distance:20 - Haversine: (31.3190478, 73.1756414) → (31.330396, 73.0696448) = 10147.0 m
2026-03-20 16:58:30.212 | DEBUG    | utils.geo_utils:haversine_distance:20 - Haversine: (31.3190478, 73.1756414) → (31.3413852, 73.1852291) = 2645.5 m
2026-03-20 16:58:30.212 | DEBUG    | utils.geo_utils:haversine_distance:20 - Haversine: (31.3190478, 73.1756414) → (31.4000755, 73.0126538) = 17907.6 m
2026-03-20 16:58:30.212 | DEBUG    | utils.geo_utils:haversine_distance:20 - Haversine: (31.3190478, 73.1756414) → (31.527645, 73.0552285) = 25856.3 m
2026-03-20 16:58:30.213 | DEBUG    | utils.geo_utils:haversine_distance:20 - Haversine: (31.3190478, 73.1756414) → (31.3281703, 73.1302408) = 4430.2 m
2026-03-20 16:58:30.213 | DEBUG    | utils.geo_utils:haversine_distance:20 - Haversine: (31.3190478, 73.1756414) → (31.4192659, 73.0416323) = 16913.3 m
2026-03-20 16:58:30.213 | DEBUG    | utils.geo_utils:haversine_distance:20 - Haversine: (31.3190478, 73.1756414) → (31.5101284, 73.1503952) = 21381.8 m
2026-03-20 16:58:30.213 | DEBUG    | utils.geo_utils:haversine_distance:20 - Haversine: (31.3190478, 73.1756414) → (31.4641337, 73.1683411) = 16147.7 m
2026-03-20 16:58:30.213 | DEBUG    | utils.geo_utils:haversine_distance:20 - Haversine: (31.3190478, 73.1756414) → (31.3446991, 73.0585627) = 11480.0 m
2026-03-20 16:58:30.213 | DEBUG    | utils.geo_utils:haversine_distance:20 - Haversine: (31.3190478, 73.1756414) → (31.5431453, 73.1283131) = 25319.9 m
2026-03-20 16:58:30.213 | DEBUG    | utils.geo_utils:haversine_distance:20 - Haversine: (31.3190478, 73.1756414) → (31.398463, 73.0263855) = 16698.2 m
2026-03-20 16:58:30.213 | DEBUG    | utils.geo_utils:haversine_distance:20 - Haversine: (31.3557607, 73.1450675) → (31.3691526, 73.0514611) = 9011.7 m
2026-03-20 16:58:30.213 | DEBUG    | utils.geo_utils:haversine_distance:20 - Haversine: (31.3557607, 73.1450675) → (31.3787188, 73.157798) = 2824.5 m
2026-03-20 16:58:30.215 | DEBUG    | utils.geo_utils:haversine_distance:20 - Haversine: (31.3557607, 73.1450675) → (31.4457694, 73.1408101) = 10016.7 m
2026-03-20 16:58:30.216 | DEBUG    | utils.geo_utils:haversine_distance:20 - Haversine: (31.3557607, 73.1450675) → (31.5487412, 73.1501112) = 21463.8 m
2026-03-20 16:58:30.217 | DEBUG    | utils.geo_utils:haversine_distance:20 - Haversine: (31.3557607, 73.1450675) → (31.3836456, 73.0640586) = 8292.6 m
2026-03-20 16:58:30.218 | DEBUG    | utils.geo_utils:haversine_distance:20 - Haversine: (31.3557607, 73.1450675) → (31.4467219, 73.1271368) = 10256.6 m
2026-03-20 16:58:30.218 | DEBUG    | utils.geo_utils:haversine_distance:20 - Haversine: (31.3557607, 73.1450675) → (31.330396, 73.0696448) = 7698.0 m
2026-03-20 16:58:30.218 | DEBUG    | utils.geo_utils:haversine_distance:20 - Haversine: (31.3557607, 73.1450675) → (31.3413852, 73.1852291) = 4135.3 m
2026-03-20 16:58:30.218 | DEBUG    | utils.geo_utils:haversine_distance:20 - Haversine: (31.3557607, 73.1450675) → (31.4000755, 73.0126538) = 13501.7 m
2026-03-20 16:58:30.218 | DEBUG    | utils.geo_utils:haversine_distance:20 - Haversine: (31.3557607, 73.1450675) → (31.527645, 73.0552285) = 20926.9 m
2026-03-20 16:58:30.218 | DEBUG    | utils.geo_utils:haversine_distance:20 - Haversine: (31.3557607, 73.1450675) → (31.3281703, 73.1302408) = 3375.6 m
2026-03-20 16:58:30.218 | DEBUG    | utils.geo_utils:haversine_distance:20 - Haversine: (31.3557607, 73.1450675) → (31.4192659, 73.0416323) = 12094.0 m
2026-03-20 16:58:30.218 | DEBUG    | utils.geo_utils:haversine_distance:20 - Haversine: (31.3557607, 73.1450675) → (31.5101284, 73.1503952) = 17172.3 m
2026-03-20 16:58:30.221 | DEBUG    | utils.geo_utils:haversine_distance:20 - Haversine: (31.3557607, 73.1450675) → (31.4641337, 73.1683411) = 12251.3 m
2026-03-20 16:58:30.221 | DEBUG    | utils.geo_utils:haversine_distance:20 - Haversine: (31.3557607, 73.1450675) → (31.3446991, 73.0585627) = 8306.1 m
2026-03-20 16:58:30.221 | DEBUG    | utils.geo_utils:haversine_distance:20 - Haversine: (31.3557607, 73.1450675) → (31.5431453, 73.1283131) = 20896.7 m
2026-03-20 16:58:30.221 | DEBUG    | utils.geo_utils:haversine_distance:20 - Haversine: (31.3557607, 73.1450675) → (31.398463, 73.0263855) = 12226.6 m
2026-03-20 16:58:30.221 | DEBUG    | utils.geo_utils:haversine_distance:20 - Haversine: (31.3557607, 73.1450675) → (31.3190478, 73.1756414) = 5009.7 m
2026-03-20 16:58:30.222 | DEBUG    | utils.geo_utils:haversine_distance:20 - Haversine: (31.4601458, 73.0666137) → (31.3691526, 73.0514611) = 10219.6 m
2026-03-20 16:58:30.222 | DEBUG    | utils.geo_utils:haversine_distance:20 - Haversine: (31.4601458, 73.0666137) → (31.3787188, 73.157798) = 12523.8 m
2026-03-20 16:58:30.222 | DEBUG    | utils.geo_utils:haversine_distance:20 - Haversine: (31.4601458, 73.0666137) → (31.4457694, 73.1408101) = 7217.3 m
2026-03-20 16:58:30.222 | DEBUG    | utils.geo_utils:haversine_distance:20 - Haversine: (31.4601458, 73.0666137) → (31.5487412, 73.1501112) = 12637.7 m
2026-03-20 16:58:30.222 | DEBUG    | utils.geo_utils:haversine_distance:20 - Haversine: (31.4601458, 73.0666137) → (31.3836456, 73.0640586) = 8509.9 m
2026-03-20 16:58:30.222 | DEBUG    | utils.geo_utils:haversine_distance:20 - Haversine: (31.4601458, 73.0666137) → (31.4467219, 73.1271368) = 5931.9 m
2026-03-20 16:58:30.222 | DEBUG    | utils.geo_utils:haversine_distance:20 - Haversine: (31.4601458, 73.0666137) → (31.330396, 73.0696448) = 14430.4 m
2026-03-20 16:58:30.223 | DEBUG    | utils.geo_utils:haversine_distance:20 - Haversine: (31.4601458, 73.0666137) → (31.3413852, 73.1852291) = 17352.9 m
2026-03-20 16:58:30.223 | DEBUG    | utils.geo_utils:haversine_distance:20 - Haversine: (31.4601458, 73.0666137) → (31.4000755, 73.0126538) = 8415.9 m
2026-03-20 16:58:30.223 | DEBUG    | utils.geo_utils:haversine_distance:20 - Haversine: (31.4601458, 73.0666137) → (31.527645, 73.0552285) = 7582.8 m
2026-03-20 16:58:30.223 | DEBUG    | utils.geo_utils:haversine_distance:20 - Haversine: (31.4601458, 73.0666137) → (31.3281703, 73.1302408) = 15869.1 m
2026-03-20 16:58:30.223 | DEBUG    | utils.geo_utils:haversine_distance:20 - Haversine: (31.4601458, 73.0666137) → (31.4192659, 73.0416323) = 5126.4 m
2026-03-20 16:58:30.223 | DEBUG    | utils.geo_utils:haversine_distance:20 - Haversine: (31.4601458, 73.0666137) → (31.5101284, 73.1503952) = 9695.6 m
2026-03-20 16:58:30.223 | DEBUG    | utils.geo_utils:haversine_distance:20 - Haversine: (31.4601458, 73.0666137) → (31.4641337, 73.1683411) = 9658.8 m
2026-03-20 16:58:30.223 | DEBUG    | utils.geo_utils:haversine_distance:20 - Haversine: (31.4601458, 73.0666137) → (31.3446991, 73.0585627) = 12859.8 m
2026-03-20 16:58:30.223 | DEBUG    | utils.geo_utils:haversine_distance:20 - Haversine: (31.4601458, 73.0666137) → (31.5431453, 73.1283131) = 10926.8 m
2026-03-20 16:58:30.223 | DEBUG    | utils.geo_utils:haversine_distance:20 - Haversine: (31.4601458, 73.0666137) → (31.398463, 73.0263855) = 7849.3 m
2026-03-20 16:58:30.223 | DEBUG    | utils.geo_utils:haversine_distance:20 - Haversine: (31.4601458, 73.0666137) → (31.3190478, 73.1756414) = 18795.2 m
2026-03-20 16:58:30.223 | DEBUG    | utils.geo_utils:haversine_distance:20 - Haversine: (31.4601458, 73.0666137) → (31.3557607, 73.1450675) = 13789.8 m
2026-03-20 16:58:30.223 | DEBUG    | utils.geo_utils:haversine_distance:20 - Haversine: (31.5426468, 73.1258022) → (31.3691526, 73.0514611) = 20540.0 m
2026-03-20 16:58:30.224 | DEBUG    | utils.geo_utils:haversine_distance:20 - Haversine: (31.5426468, 73.1258022) → (31.3787188, 73.157798) = 18478.9 m
2026-03-20 16:58:30.224 | DEBUG    | utils.geo_utils:haversine_distance:20 - Haversine: (31.5426468, 73.1258022) → (31.4457694, 73.1408101) = 10865.9 m
2026-03-20 16:58:30.224 | DEBUG    | utils.geo_utils:haversine_distance:20 - Haversine: (31.5426468, 73.1258022) → (31.5487412, 73.1501112) = 2401.2 m
2026-03-20 16:58:30.224 | DEBUG    | utils.geo_utils:haversine_distance:20 - Haversine: (31.5426468, 73.1258022) → (31.3836456, 73.0640586) = 18624.8 m
2026-03-20 16:58:30.224 | DEBUG    | utils.geo_utils:haversine_distance:20 - Haversine: (31.5426468, 73.1258022) → (31.4467219, 73.1271368) = 10667.1 m
2026-03-20 16:58:30.224 | DEBUG    | utils.geo_utils:haversine_distance:20 - Haversine: (31.5426468, 73.1258022) → (31.330396, 73.0696448) = 24195.1 m
2026-03-20 16:58:30.224 | DEBUG    | utils.geo_utils:haversine_distance:20 - Haversine: (31.5426468, 73.1258022) → (31.3413852, 73.1852291) = 23078.5 m
2026-03-20 16:58:30.224 | DEBUG    | utils.geo_utils:haversine_distance:20 - Haversine: (31.5426468, 73.1258022) → (31.4000755, 73.0126538) = 19143.5 m
2026-03-20 16:58:30.224 | DEBUG    | utils.geo_utils:haversine_distance:20 - Haversine: (31.5426468, 73.1258022) → (31.527645, 73.0552285) = 6893.4 m
2026-03-20 16:58:30.224 | DEBUG    | utils.geo_utils:haversine_distance:20 - Haversine: (31.5426468, 73.1258022) → (31.3281703, 73.1302408) = 23852.4 m
2026-03-20 16:58:30.225 | DEBUG    | utils.geo_utils:haversine_distance:20 - Haversine: (31.5426468, 73.1258022) → (31.4192659, 73.0416323) = 15872.2 m
2026-03-20 16:58:30.228 | DEBUG    | utils.geo_utils:haversine_distance:20 - Haversine: (31.5426468, 73.1258022) → (31.5101284, 73.1503952) = 4302.1 m
2026-03-20 16:58:30.228 | DEBUG    | utils.geo_utils:haversine_distance:20 - Haversine: (31.5426468, 73.1258022) → (31.4641337, 73.1683411) = 9616.8 m
2026-03-20 16:58:30.228 | DEBUG    | utils.geo_utils:haversine_distance:20 - Haversine: (31.5426468, 73.1258022) → (31.3446991, 73.0585627) = 22916.4 m
2026-03-20 16:58:30.228 | DEBUG    | utils.geo_utils:haversine_distance:20 - Haversine: (31.5426468, 73.1258022) → (31.5431453, 73.1283131) = 244.3 m
2026-03-20 16:58:30.228 | DEBUG    | utils.geo_utils:haversine_distance:20 - Haversine: (31.4743292, 73.1046958) → (31.3691526, 73.0514611) = 12739.4 m
2026-03-20 16:58:30.228 | DEBUG    | utils.geo_utils:haversine_distance:20 - Haversine: (31.4743292, 73.1046958) → (31.3787188, 73.157798) = 11764.9 m
2026-03-20 16:58:30.228 | DEBUG    | utils.geo_utils:haversine_distance:20 - Haversine: (31.4743292, 73.1046958) → (31.4457694, 73.1408101) = 4671.0 m
2026-03-20 16:58:30.228 | DEBUG    | utils.geo_utils:haversine_distance:20 - Haversine: (31.4743292, 73.1046958) → (31.5487412, 73.1501112) = 9327.3 m
2026-03-20 16:58:30.229 | DEBUG    | utils.geo_utils:haversine_distance:20 - Haversine: (31.4743292, 73.1046958) → (31.3836456, 73.0640586) = 10795.6 m
2026-03-20 16:58:30.229 | DEBUG    | utils.geo_utils:haversine_distance:20 - Haversine: (31.4743292, 73.1046958) → (31.4467219, 73.1271368) = 3735.5 m
2026-03-20 16:58:30.229 | DEBUG    | utils.geo_utils:haversine_distance:20 - Haversine: (31.4743292, 73.1046958) → (31.330396, 73.0696448) = 16346.7 m
2026-03-20 16:58:30.229 | DEBUG    | utils.geo_utils:haversine_distance:20 - Haversine: (31.4743292, 73.1046958) → (31.3413852, 73.1852291) = 16641.5 m
2026-03-20 16:58:30.229 | DEBUG    | utils.geo_utils:haversine_distance:20 - Haversine: (31.4743292, 73.1046958) → (31.4000755, 73.0126538) = 12017.7 m
2026-03-20 16:58:30.229 | DEBUG    | utils.geo_utils:haversine_distance:20 - Haversine: (31.4743292, 73.1046958) → (31.527645, 73.0552285) = 7559.2 m
2026-03-20 16:58:30.229 | DEBUG    | utils.geo_utils:haversine_distance:20 - Haversine: (31.4743292, 73.1046958) → (31.3281703, 73.1302408) = 16432.0 m
2026-03-20 16:58:30.229 | DEBUG    | utils.geo_utils:haversine_distance:20 - Haversine: (31.4743292, 73.1046958) → (31.4192659, 73.0416323) = 8560.2 m
2026-03-20 16:58:30.229 | DEBUG    | utils.geo_utils:haversine_distance:20 - Haversine: (31.4743292, 73.1046958) → (31.5101284, 73.1503952) = 5884.0 m
2026-03-20 16:58:30.229 | DEBUG    | utils.geo_utils:haversine_distance:20 - Haversine: (31.4743292, 73.1046958) → (31.4641337, 73.1683411) = 6141.7 m
2026-03-20 16:58:30.229 | DEBUG    | utils.geo_utils:haversine_distance:20 - Haversine: (31.4743292, 73.1046958) → (31.3446991, 73.0585627) = 15064.4 m
2026-03-20 16:58:30.229 | DEBUG    | utils.geo_utils:haversine_distance:20 - Haversine: (31.4743292, 73.1046958) → (31.5431453, 73.1283131) = 7972.8 m
2026-03-20 16:58:30.229 | DEBUG    | utils.geo_utils:haversine_distance:20 - Haversine: (31.4743292, 73.1046958) → (31.398463, 73.0263855) = 11241.2 m
2026-03-20 16:58:30.229 | DEBUG    | utils.geo_utils:haversine_distance:20 - Haversine: (31.4743292, 73.1046958) → (31.3190478, 73.1756414) = 18533.1 m
2026-03-20 16:58:30.229 | DEBUG    | utils.geo_utils:haversine_distance:20 - Haversine: (31.4743292, 73.1046958) → (31.3557607, 73.1450675) = 13729.6 m
2026-03-20 16:58:30.229 | DEBUG    | utils.geo_utils:haversine_distance:20 - Haversine: (31.4743292, 73.1046958) → (31.4601458, 73.0666137) = 3941.1 m
2026-03-20 16:58:30.229 | DEBUG    | utils.geo_utils:haversine_distance:20 - Haversine: (31.4693742, 73.1600766) → (31.3691526, 73.0514611) = 15179.5 m
2026-03-20 16:58:30.229 | DEBUG    | utils.geo_utils:haversine_distance:20 - Haversine: (31.4693742, 73.1600766) → (31.3787188, 73.157798) = 10082.7 m
2026-03-20 16:58:30.229 | DEBUG    | utils.geo_utils:haversine_distance:20 - Haversine: (31.4693742, 73.1600766) → (31.4457694, 73.1408101) = 3198.3 m
2026-03-20 16:58:30.229 | DEBUG    | utils.geo_utils:haversine_distance:20 - Haversine: (31.4693742, 73.1600766) → (31.5487412, 73.1501112) = 8875.6 m
2026-03-20 16:58:30.229 | DEBUG    | utils.geo_utils:haversine_distance:20 - Haversine: (31.4693742, 73.1600766) → (31.3836456, 73.0640586) = 13186.1 m
2026-03-20 16:58:30.230 | DEBUG    | utils.geo_utils:haversine_distance:20 - Haversine: (31.4693742, 73.1600766) → (31.4467219, 73.1271368) = 4013.3 m
2026-03-20 16:58:30.230 | DEBUG    | utils.geo_utils:haversine_distance:20 - Haversine: (31.4693742, 73.1600766) → (31.330396, 73.0696448) = 17677.2 m
2026-03-20 16:58:30.230 | DEBUG    | utils.geo_utils:haversine_distance:20 - Haversine: (31.4693742, 73.1600766) → (31.3413852, 73.1852291) = 14430.5 m
2026-03-20 16:58:30.230 | DEBUG    | utils.geo_utils:haversine_distance:20 - Haversine: (31.4693742, 73.1600766) → (31.4000755, 73.0126538) = 15969.0 m
2026-03-20 16:58:30.230 | DEBUG    | utils.geo_utils:haversine_distance:20 - Haversine: (31.4693742, 73.1600766) → (31.527645, 73.0552285) = 11866.0 m
2026-03-20 16:58:30.231 | DEBUG    | utils.geo_utils:haversine_distance:20 - Haversine: (31.4693742, 73.1600766) → (31.3281703, 73.1302408) = 15954.5 m
2026-03-20 16:58:30.231 | DEBUG    | utils.geo_utils:haversine_distance:20 - Haversine: (31.4693742, 73.1600766) → (31.4192659, 73.0416323) = 12541.9 m
2026-03-20 16:58:30.231 | DEBUG    | utils.geo_utils:haversine_distance:20 - Haversine: (31.4693742, 73.1600766) → (31.5101284, 73.1503952) = 4623.7 m
2026-03-20 16:58:30.231 | DEBUG    | utils.geo_utils:haversine_distance:20 - Haversine: (31.4693742, 73.1600766) → (31.4641337, 73.1683411) = 976.7 m
2026-03-20 16:58:30.231 | DEBUG    | utils.geo_utils:haversine_distance:20 - Haversine: (31.4693742, 73.1600766) → (31.3446991, 73.0585627) = 16882.0 m
2026-03-20 16:58:30.231 | DEBUG    | utils.geo_utils:haversine_distance:20 - Haversine: (31.4693742, 73.1600766) → (31.5431453, 73.1283131) = 8738.2 m
2026-03-20 16:58:30.232 | DEBUG    | utils.geo_utils:haversine_distance:20 - Haversine: (31.4693742, 73.1600766) → (31.398463, 73.0263855) = 14935.2 m
2026-03-20 16:58:30.232 | DEBUG    | utils.geo_utils:haversine_distance:20 - Haversine: (31.4693742, 73.1600766) → (31.3190478, 73.1756414) = 16780.7 m
2026-03-20 16:58:30.232 | DEBUG    | utils.geo_utils:haversine_distance:20 - Haversine: (31.4693742, 73.1600766) → (31.3557607, 73.1450675) = 12713.3 m
2026-03-20 16:58:30.232 | DEBUG    | utils.geo_utils:haversine_distance:20 - Haversine: (31.4693742, 73.1600766) → (31.4601458, 73.0666137) = 8923.7 m
2026-03-20 16:58:30.232 | DEBUG    | utils.geo_utils:haversine_distance:20 - Haversine: (31.4693742, 73.1600766) → (31.4743292, 73.1046958) = 5281.0 m
2026-03-20 16:58:30.232 | DEBUG    | utils.geo_utils:haversine_distance:20 - Haversine: (31.4060883, 73.1115478) → (31.3691526, 73.0514611) = 7028.5 m
2026-03-20 16:58:30.233 | DEBUG    | utils.geo_utils:haversine_distance:20 - Haversine: (31.4060883, 73.1115478) → (31.3787188, 73.157798) = 5341.7 m
2026-03-20 16:58:30.233 | DEBUG    | utils.geo_utils:haversine_distance:20 - Haversine: (31.4060883, 73.1115478) → (31.4457694, 73.1408101) = 5213.2 m
2026-03-20 16:58:30.233 | DEBUG    | utils.geo_utils:haversine_distance:20 - Haversine: (31.4060883, 73.1115478) → (31.5487412, 73.1501112) = 16278.4 m
2026-03-20 16:58:30.234 | DEBUG    | utils.geo_utils:haversine_distance:20 - Haversine: (31.4060883, 73.1115478) → (31.3836456, 73.0640586) = 5152.2 m
2026-03-20 16:58:30.234 | DEBUG    | utils.geo_utils:haversine_distance:20 - Haversine: (31.4060883, 73.1115478) → (31.4467219, 73.1271368) = 4754.2 m
2026-03-20 16:58:30.234 | DEBUG    | utils.geo_utils:haversine_distance:20 - Haversine: (31.4060883, 73.1115478) → (31.330396, 73.0696448) = 9309.5 m
2026-03-20 16:58:30.234 | DEBUG    | utils.geo_utils:haversine_distance:20 - Haversine: (31.4060883, 73.1115478) → (31.3413852, 73.1852291) = 10034.7 m
2026-03-20 16:58:30.235 | DEBUG    | utils.geo_utils:haversine_distance:20 - Haversine: (31.4060883, 73.1115478) → (31.4000755, 73.0126538) = 9409.6 m
2026-03-20 16:58:30.235 | DEBUG    | utils.geo_utils:haversine_distance:20 - Haversine: (31.4060883, 73.1115478) → (31.527645, 73.0552285) = 14533.6 m
2026-03-20 16:58:30.235 | DEBUG    | utils.geo_utils:haversine_distance:20 - Haversine: (31.4060883, 73.1115478) → (31.3281703, 73.1302408) = 8844.0 m
2026-03-20 16:58:30.235 | DEBUG    | utils.geo_utils:haversine_distance:20 - Haversine: (31.4060883, 73.1115478) → (31.4192659, 73.0416323) = 6794.7 m
2026-03-20 16:58:30.235 | DEBUG    | utils.geo_utils:haversine_distance:20 - Haversine: (31.4060883, 73.1115478) → (31.5101284, 73.1503952) = 12141.4 m
2026-03-20 16:58:30.235 | DEBUG    | utils.geo_utils:haversine_distance:20 - Haversine: (31.4060883, 73.1115478) → (31.4641337, 73.1683411) = 8407.9 m
2026-03-20 16:58:30.235 | DEBUG    | utils.geo_utils:haversine_distance:20 - Haversine: (31.4060883, 73.1115478) → (31.3446991, 73.0585627) = 8479.3 m
2026-03-20 16:58:30.235 | DEBUG    | utils.geo_utils:haversine_distance:20 - Haversine: (31.4060883, 73.1115478) → (31.5431453, 73.1283131) = 15322.8 m
2026-03-20 16:58:30.235 | DEBUG    | utils.geo_utils:haversine_distance:20 - Haversine: (31.4060883, 73.1115478) → (31.398463, 73.0263855) = 8127.0 m
2026-03-20 16:58:30.235 | DEBUG    | utils.geo_utils:haversine_distance:20 - Haversine: (31.4060883, 73.1115478) → (31.3190478, 73.1756414) = 11432.7 m
2026-03-20 16:58:30.235 | DEBUG    | utils.geo_utils:haversine_distance:20 - Haversine: (31.4060883, 73.1115478) → (31.3557607, 73.1450675) = 6437.6 m
2026-03-20 16:58:30.235 | DEBUG    | utils.geo_utils:haversine_distance:20 - Haversine: (31.4060883, 73.1115478) → (31.4601458, 73.0666137) = 7369.3 m
2026-03-20 16:58:30.235 | DEBUG    | utils.geo_utils:haversine_distance:20 - Haversine: (31.4060883, 73.1115478) → (31.4743292, 73.1046958) = 7615.8 m
2026-03-20 16:58:30.235 | DEBUG    | utils.geo_utils:haversine_distance:20 - Haversine: (31.4060883, 73.1115478) → (31.4693742, 73.1600766) = 8409.4 m
2026-03-20 16:58:30.236 | DEBUG    | utils.geo_utils:haversine_distance:20 - Haversine: (31.4773379, 73.0052033) → (31.3691526, 73.0514611) = 12805.4 m
2026-03-20 16:58:30.236 | DEBUG    | utils.geo_utils:haversine_distance:20 - Haversine: (31.4773379, 73.0052033) → (31.3787188, 73.157798) = 18162.6 m
2026-03-20 16:58:30.240 | DEBUG    | utils.geo_utils:haversine_distance:20 - Haversine: (31.4773379, 73.0052033) → (31.4457694, 73.1408101) = 13332.5 m
2026-03-20 16:58:30.240 | DEBUG    | utils.geo_utils:haversine_distance:20 - Haversine: (31.4773379, 73.0052033) → (31.5487412, 73.1501112) = 15866.2 m
2026-03-20 16:58:30.241 | DEBUG    | utils.geo_utils:haversine_distance:20 - Haversine: (31.4773379, 73.0052033) → (31.3836456, 73.0640586) = 11820.3 m
2026-03-20 16:58:30.241 | DEBUG    | utils.geo_utils:haversine_distance:20 - Haversine: (31.4773379, 73.0052033) → (31.4467219, 73.1271368) = 12055.8 m
2026-03-20 16:58:30.241 | DEBUG    | utils.geo_utils:haversine_distance:20 - Haversine: (31.4773379, 73.0052033) → (31.330396, 73.0696448) = 17446.3 m
2026-03-20 16:58:30.242 | DEBUG    | utils.geo_utils:haversine_distance:20 - Haversine: (31.4773379, 73.0052033) → (31.3413852, 73.1852291) = 22812.6 m
2026-03-20 16:58:30.242 | DEBUG    | utils.geo_utils:haversine_distance:20 - Haversine: (31.4773379, 73.0052033) → (31.4000755, 73.0126538) = 8620.2 m
2026-03-20 16:58:30.242 | DEBUG    | utils.geo_utils:haversine_distance:20 - Haversine: (31.4773379, 73.0052033) → (31.527645, 73.0552285) = 7333.8 m
2026-03-20 16:58:30.242 | DEBUG    | utils.geo_utils:haversine_distance:20 - Haversine: (31.4773379, 73.0052033) → (31.3281703, 73.1302408) = 20394.7 m
2026-03-20 16:58:30.242 | DEBUG    | utils.geo_utils:haversine_distance:20 - Haversine: (31.4773379, 73.0052033) → (31.4192659, 73.0416323) = 7323.9 m
2026-03-20 16:58:30.242 | DEBUG    | utils.geo_utils:haversine_distance:20 - Haversine: (31.4773379, 73.0052033) → (31.5101284, 73.1503952) = 14241.1 m
2026-03-20 16:58:30.242 | DEBUG    | utils.geo_utils:haversine_distance:20 - Haversine: (31.4773379, 73.0052033) → (31.4641337, 73.1683411) = 15541.3 m
2026-03-20 16:58:30.242 | DEBUG    | utils.geo_utils:haversine_distance:20 - Haversine: (31.4773379, 73.0052033) → (31.3446991, 73.0585627) = 15593.8 m
2026-03-20 16:58:30.242 | DEBUG    | utils.geo_utils:haversine_distance:20 - Haversine: (31.4773379, 73.0052033) → (31.5431453, 73.1283131) = 13775.0 m
2026-03-20 16:58:30.242 | DEBUG    | utils.geo_utils:haversine_distance:20 - Haversine: (31.4773379, 73.0052033) → (31.398463, 73.0263855) = 8997.8 m
2026-03-20 16:58:30.242 | DEBUG    | utils.geo_utils:haversine_distance:20 - Haversine: (31.4773379, 73.0052033) → (31.3190478, 73.1756414) = 23905.7 m
2026-03-20 16:58:30.242 | DEBUG    | utils.geo_utils:haversine_distance:20 - Haversine: (31.4773379, 73.0052033) → (31.3557607, 73.1450675) = 18944.9 m
2026-03-20 16:58:30.242 | DEBUG    | utils.geo_utils:haversine_distance:20 - Haversine: (31.4773379, 73.0052033) → (31.4601458, 73.0666137) = 6129.9 m
2026-03-20 16:58:30.242 | DEBUG    | utils.geo_utils:haversine_distance:20 - Haversine: (31.4773379, 73.0052033) → (31.4743292, 73.1046958) = 9441.2 m
2026-03-20 16:58:30.243 | DEBUG    | utils.geo_utils:haversine_distance:20 - Haversine: (31.4773379, 73.0052033) → (31.4693742, 73.1600766) = 14714.3 m
2026-03-20 16:58:30.243 | DEBUG    | utils.geo_utils:haversine_distance:20 - Haversine: (31.4773379, 73.0052033) → (31.4060883, 73.1115478) = 12827.7 m
2026-03-20 16:58:30.243 | DEBUG    | utils.geo_utils:haversine_distance:20 - Haversine: (31.4766945, 73.1677037) → (31.3691526, 73.0514611) = 16268.3 m
2026-03-20 16:58:30.243 | DEBUG    | utils.geo_utils:haversine_distance:20 - Haversine: (31.4766945, 73.1677037) → (31.3787188, 73.157798) = 10934.9 m
2026-03-20 16:58:30.243 | DEBUG    | utils.geo_utils:haversine_distance:20 - Haversine: (31.4766945, 73.1677037) → (31.4457694, 73.1408101) = 4281.5 m
2026-03-20 16:58:30.244 | DEBUG    | utils.geo_utils:haversine_distance:20 - Haversine: (31.4766945, 73.1677037) → (31.5487412, 73.1501112) = 8183.0 m
2026-03-20 16:58:30.244 | DEBUG    | utils.geo_utils:haversine_distance:20 - Haversine: (31.4766945, 73.1677037) → (31.3836456, 73.0640586) = 14274.3 m
2026-03-20 16:58:30.244 | DEBUG    | utils.geo_utils:haversine_distance:20 - Haversine: (31.4766945, 73.1677037) → (31.4467219, 73.1271368) = 5090.4 m
2026-03-20 16:58:30.244 | DEBUG    | utils.geo_utils:haversine_distance:20 - Haversine: (31.4766945, 73.1677037) → (31.330396, 73.0696448) = 18741.6 m
2026-03-20 16:58:30.244 | DEBUG    | utils.geo_utils:haversine_distance:20 - Haversine: (31.4766945, 73.1677037) → (31.3413852, 73.1852291) = 15137.4 m
2026-03-20 16:58:30.244 | DEBUG    | utils.geo_utils:haversine_distance:20 - Haversine: (31.4766945, 73.1677037) → (31.4000755, 73.0126538) = 16998.9 m
2026-03-20 16:58:30.245 | DEBUG    | utils.geo_utils:haversine_distance:20 - Haversine: (31.4766945, 73.1677037) → (31.527645, 73.0552285) = 12075.0 m
2026-03-20 16:58:30.245 | DEBUG    | utils.geo_utils:haversine_distance:20 - Haversine: (31.4766945, 73.1677037) → (31.3281703, 73.1302408) = 16893.5 m
2026-03-20 16:58:30.245 | DEBUG    | utils.geo_utils:haversine_distance:20 - Haversine: (31.4766945, 73.1677037) → (31.4192659, 73.0416323) = 13557.5 m
2026-03-20 16:58:30.245 | DEBUG    | utils.geo_utils:haversine_distance:20 - Haversine: (31.4766945, 73.1677037) → (31.5101284, 73.1503952) = 4063.8 m
2026-03-20 16:58:30.245 | DEBUG    | utils.geo_utils:haversine_distance:20 - Haversine: (31.4766945, 73.1677037) → (31.4641337, 73.1683411) = 1398.0 m
2026-03-20 16:58:30.245 | DEBUG    | utils.geo_utils:haversine_distance:20 - Haversine: (31.4766945, 73.1677037) → (31.3446991, 73.0585627) = 17963.8 m
2026-03-20 16:58:30.245 | DEBUG    | utils.geo_utils:haversine_distance:20 - Haversine: (31.4766945, 73.1677037) → (31.5431453, 73.1283131) = 8279.0 m
2026-03-20 16:58:30.245 | DEBUG    | utils.geo_utils:haversine_distance:20 - Haversine: (31.4766945, 73.1677037) → (31.398463, 73.0263855) = 15982.0 m
2026-03-20 16:58:30.245 | DEBUG    | utils.geo_utils:haversine_distance:20 - Haversine: (31.4766945, 73.1677037) → (31.3190478, 73.1756414) = 17545.7 m
2026-03-20 16:58:30.245 | DEBUG    | utils.geo_utils:haversine_distance:20 - Haversine: (31.4766945, 73.1677037) → (31.3557607, 73.1450675) = 13617.7 m
2026-03-20 16:58:30.245 | DEBUG    | utils.geo_utils:haversine_distance:20 - Haversine: (31.4766945, 73.1677037) → (31.4601458, 73.0666137) = 9762.5 m
2026-03-20 16:58:30.245 | DEBUG    | utils.geo_utils:haversine_distance:20 - Haversine: (31.4766945, 73.1677037) → (31.4743292, 73.1046958) = 5981.1 m
2026-03-20 16:58:30.246 | DEBUG    | utils.geo_utils:haversine_distance:20 - Haversine: (31.4766945, 73.1677037) → (31.4693742, 73.1600766) = 1088.9 m
2026-03-20 16:58:30.246 | DEBUG    | utils.geo_utils:haversine_distance:20 - Haversine: (31.4766945, 73.1677037) → (31.4060883, 73.1115478) = 9487.9 m
2026-03-20 16:58:30.246 | DEBUG    | utils.geo_utils:haversine_distance:20 - Haversine: (31.4766945, 73.1677037) → (31.4773379, 73.0052033) = 15410.5 m
2026-03-20 16:58:30.246 | DEBUG    | utils.geo_utils:haversine_distance:20 - Haversine: (31.504101, 73.1583633) → (31.3691526, 73.0514611) = 18111.6 m
2026-03-20 16:58:30.246 | DEBUG    | utils.geo_utils:haversine_distance:20 - Haversine: (31.504101, 73.1583633) → (31.3787188, 73.157798) = 13942.0 m
2026-03-20 16:58:30.246 | DEBUG    | utils.geo_utils:haversine_distance:20 - Haversine: (31.504101, 73.1583633) → (31.4457694, 73.1408101) = 6696.4 m
2026-03-20 16:58:30.246 | DEBUG    | utils.geo_utils:haversine_distance:20 - Haversine: (31.504101, 73.1583633) → (31.5487412, 73.1501112) = 5025.0 m
2026-03-20 16:58:30.246 | DEBUG    | utils.geo_utils:haversine_distance:20 - Haversine: (31.504101, 73.1583633) → (31.3836456, 73.0640586) = 16107.0 m
2026-03-20 16:58:30.246 | DEBUG    | utils.geo_utils:haversine_distance:20 - Haversine: (31.504101, 73.1583633) → (31.4467219, 73.1271368) = 7034.0 m
2026-03-20 16:58:30.246 | DEBUG    | utils.geo_utils:haversine_distance:20 - Haversine: (31.504101, 73.1583633) → (31.330396, 73.0696448) = 21070.1 m
2026-03-20 16:58:30.246 | DEBUG    | utils.geo_utils:haversine_distance:20 - Haversine: (31.504101, 73.1583633) → (31.3413852, 73.1852291) = 18271.9 m
2026-03-20 16:58:30.246 | DEBUG    | utils.geo_utils:haversine_distance:20 - Haversine: (31.504101, 73.1583633) → (31.4000755, 73.0126538) = 18023.2 m
2026-03-20 16:58:30.246 | DEBUG    | utils.geo_utils:haversine_distance:20 - Haversine: (31.504101, 73.1583633) → (31.527645, 73.0552285) = 10120.9 m
2026-03-20 16:58:30.246 | DEBUG    | utils.geo_utils:haversine_distance:20 - Haversine: (31.504101, 73.1583633) → (31.3281703, 73.1302408) = 19743.8 m
2026-03-20 16:58:30.246 | DEBUG    | utils.geo_utils:haversine_distance:20 - Haversine: (31.504101, 73.1583633) → (31.4192659, 73.0416323) = 14545.4 m
2026-03-20 16:58:30.246 | DEBUG    | utils.geo_utils:haversine_distance:20 - Haversine: (31.504101, 73.1583633) → (31.5101284, 73.1503952) = 1009.9 m
2026-03-20 16:58:30.246 | DEBUG    | utils.geo_utils:haversine_distance:20 - Haversine: (31.504101, 73.1583633) → (31.4641337, 73.1683411) = 4543.8 m
2026-03-20 16:58:30.246 | DEBUG    | utils.geo_utils:haversine_distance:20 - Haversine: (31.504101, 73.1583633) → (31.3446991, 73.0585627) = 20095.7 m
2026-03-20 16:58:30.246 | DEBUG    | utils.geo_utils:haversine_distance:20 - Haversine: (31.504101, 73.1583633) → (31.5431453, 73.1283131) = 5192.5 m
2026-03-20 16:58:30.246 | DEBUG    | utils.geo_utils:haversine_distance:20 - Haversine: (31.504101, 73.1583633) → (31.398463, 73.0263855) = 17167.1 m
2026-03-20 16:58:30.246 | DEBUG    | utils.geo_utils:haversine_distance:20 - Haversine: (31.504101, 73.1583633) → (31.3190478, 73.1756414) = 20642.2 m
2026-03-20 16:58:30.247 | DEBUG    | utils.geo_utils:haversine_distance:20 - Haversine: (31.504101, 73.1583633) → (31.3557607, 73.1450675) = 16542.9 m
2026-03-20 16:58:30.247 | DEBUG    | utils.geo_utils:haversine_distance:20 - Haversine: (31.504101, 73.1583633) → (31.4601458, 73.0666137) = 9979.2 m
2026-03-20 16:58:30.247 | DEBUG    | utils.geo_utils:haversine_distance:20 - Haversine: (31.504101, 73.1583633) → (31.4743292, 73.1046958) = 6070.8 m
2026-03-20 16:58:30.247 | DEBUG    | utils.geo_utils:haversine_distance:20 - Haversine: (31.504101, 73.1583633) → (31.4693742, 73.1600766) = 3864.9 m
2026-03-20 16:58:30.247 | DEBUG    | utils.geo_utils:haversine_distance:20 - Haversine: (31.504101, 73.1583633) → (31.4060883, 73.1115478) = 11768.5 m
2026-03-20 16:58:30.247 | DEBUG    | utils.geo_utils:haversine_distance:20 - Haversine: (31.504101, 73.1583633) → (31.4773379, 73.0052033) = 14824.2 m
2026-03-20 16:58:30.247 | DEBUG    | utils.geo_utils:haversine_distance:20 - Haversine: (31.504101, 73.1583633) → (31.4766945, 73.1677037) = 3173.5 m
2026-03-20 16:58:30.247 | DEBUG    | utils.geo_utils:haversine_distance:20 - Haversine: (31.3907077, 73.1897443) → (31.3691526, 73.0514611) = 13344.3 m
2026-03-20 16:58:30.248 | DEBUG    | utils.geo_utils:haversine_distance:20 - Haversine: (31.3907077, 73.1897443) → (31.3787188, 73.157798) = 3312.6 m
2026-03-20 16:58:30.248 | DEBUG    | utils.geo_utils:haversine_distance:20 - Haversine: (31.3907077, 73.1897443) → (31.4457694, 73.1408101) = 7684.3 m
2026-03-20 16:58:30.248 | DEBUG    | utils.geo_utils:haversine_distance:20 - Haversine: (31.3907077, 73.1897443) → (31.5487412, 73.1501112) = 17970.0 m
2026-03-20 16:58:30.248 | DEBUG    | utils.geo_utils:haversine_distance:20 - Haversine: (31.3907077, 73.1897443) → (31.3836456, 73.0640586) = 11956.3 m
2026-03-20 16:58:30.248 | DEBUG    | utils.geo_utils:haversine_distance:20 - Haversine: (31.3907077, 73.1897443) → (31.4467219, 73.1271368) = 8607.5 m
2026-03-20 16:58:30.248 | DEBUG    | utils.geo_utils:haversine_distance:20 - Haversine: (31.3907077, 73.1897443) → (31.330396, 73.0696448) = 13229.3 m
2026-03-20 16:58:30.249 | DEBUG    | utils.geo_utils:haversine_distance:20 - Haversine: (31.3907077, 73.1897443) → (31.3413852, 73.1852291) = 5501.1 m
2026-03-20 16:58:30.249 | DEBUG    | utils.geo_utils:haversine_distance:20 - Haversine: (31.3907077, 73.1897443) → (31.4000755, 73.0126538) = 16840.8 m
2026-03-20 16:58:30.249 | DEBUG    | utils.geo_utils:haversine_distance:20 - Haversine: (31.3907077, 73.1897443) → (31.527645, 73.0552285) = 19865.6 m
2026-03-20 16:58:30.249 | DEBUG    | utils.geo_utils:haversine_distance:20 - Haversine: (31.3907077, 73.1897443) → (31.3281703, 73.1302408) = 8959.8 m
2026-03-20 16:58:30.249 | DEBUG    | utils.geo_utils:haversine_distance:20 - Haversine: (31.3907077, 73.1897443) → (31.4192659, 73.0416323) = 14410.9 m
2026-03-20 16:58:30.250 | DEBUG    | utils.geo_utils:haversine_distance:20 - Haversine: (31.3907077, 73.1897443) → (31.5101284, 73.1503952) = 13793.6 m
2026-03-20 16:58:30.250 | DEBUG    | utils.geo_utils:haversine_distance:20 - Haversine: (31.3907077, 73.1897443) → (31.4641337, 73.1683411) = 8413.4 m
2026-03-20 16:58:30.250 | DEBUG    | utils.geo_utils:haversine_distance:20 - Haversine: (31.3907077, 73.1897443) → (31.3446991, 73.0585627) = 13464.6 m
2026-03-20 16:58:30.250 | DEBUG    | utils.geo_utils:haversine_distance:20 - Haversine: (31.3907077, 73.1897443) → (31.5431453, 73.1283131) = 17923.7 m
2026-03-20 16:58:30.250 | DEBUG    | utils.geo_utils:haversine_distance:20 - Haversine: (31.3907077, 73.1897443) → (31.398463, 73.0263855) = 15529.3 m
2026-03-20 16:58:30.250 | DEBUG    | utils.geo_utils:haversine_distance:20 - Haversine: (31.3907077, 73.1897443) → (31.3190478, 73.1756414) = 8080.0 m
2026-03-20 16:58:30.250 | DEBUG    | utils.geo_utils:haversine_distance:20 - Haversine: (31.3907077, 73.1897443) → (31.3557607, 73.1450675) = 5752.5 m
2026-03-20 16:58:30.251 | DEBUG    | utils.geo_utils:haversine_distance:20 - Haversine: (31.3907077, 73.1897443) → (31.4601458, 73.0666137) = 14004.1 m
2026-03-20 16:58:30.251 | DEBUG    | utils.geo_utils:haversine_distance:20 - Haversine: (31.3907077, 73.1897443) → (31.4743292, 73.1046958) = 12311.4 m
2026-03-20 16:58:30.251 | DEBUG    | utils.geo_utils:haversine_distance:20 - Haversine: (31.3907077, 73.1897443) → (31.4693742, 73.1600766) = 9189.1 m
2026-03-20 16:58:30.251 | DEBUG    | utils.geo_utils:haversine_distance:20 - Haversine: (31.3907077, 73.1897443) → (31.4060883, 73.1115478) = 7616.3 m
2026-03-20 16:58:30.251 | DEBUG    | utils.geo_utils:haversine_distance:20 - Haversine: (31.3907077, 73.1897443) → (31.4773379, 73.0052033) = 19983.5 m
2026-03-20 16:58:30.251 | DEBUG    | utils.geo_utils:haversine_distance:20 - Haversine: (31.3907077, 73.1897443) → (31.4766945, 73.1677037) = 9787.3 m
2026-03-20 16:58:30.251 | DEBUG    | utils.geo_utils:haversine_distance:20 - Haversine: (31.3907077, 73.1897443) → (31.504101, 73.1583633) = 12955.4 m
2026-03-20 16:58:30.251 | DEBUG    | utils.geo_utils:haversine_distance:20 - Haversine: (31.4052045, 73.0873694) → (31.3691526, 73.0514611) = 5262.0 m
2026-03-20 16:58:30.251 | DEBUG    | utils.geo_utils:haversine_distance:20 - Haversine: (31.4052045, 73.0873694) → (31.3787188, 73.157798) = 7305.0 m
2026-03-20 16:58:30.251 | DEBUG    | utils.geo_utils:haversine_distance:20 - Haversine: (31.4052045, 73.0873694) → (31.4457694, 73.1408101) = 6786.6 m
2026-03-20 16:58:30.251 | DEBUG    | utils.geo_utils:haversine_distance:20 - Haversine: (31.4052045, 73.0873694) → (31.5487412, 73.1501112) = 17033.5 m
2026-03-20 16:58:30.251 | DEBUG    | utils.geo_utils:haversine_distance:20 - Haversine: (31.4052045, 73.0873694) → (31.3836456, 73.0640586) = 3262.2 m
2026-03-20 16:58:30.251 | DEBUG    | utils.geo_utils:haversine_distance:20 - Haversine: (31.4052045, 73.0873694) → (31.4467219, 73.1271368) = 5962.4 m
2026-03-20 16:58:30.251 | DEBUG    | utils.geo_utils:haversine_distance:20 - Haversine: (31.4052045, 73.0873694) → (31.330396, 73.0696448) = 8486.8 m
2026-03-20 16:58:30.251 | DEBUG    | utils.geo_utils:haversine_distance:20 - Haversine: (31.4052045, 73.0873694) → (31.3413852, 73.1852291) = 11690.7 m
2026-03-20 16:58:30.251 | DEBUG    | utils.geo_utils:haversine_distance:20 - Haversine: (31.4052045, 73.0873694) → (31.4000755, 73.0126538) = 7114.0 m
2026-03-20 16:58:30.252 | DEBUG    | utils.geo_utils:haversine_distance:20 - Haversine: (31.4052045, 73.0873694) → (31.527645, 73.0552285) = 13951.9 m
2026-03-20 16:58:30.252 | DEBUG    | utils.geo_utils:haversine_distance:20 - Haversine: (31.4052045, 73.0873694) → (31.3281703, 73.1302408) = 9483.7 m
2026-03-20 16:58:30.252 | DEBUG    | utils.geo_utils:haversine_distance:20 - Haversine: (31.4052045, 73.0873694) → (31.4192659, 73.0416323) = 4613.4 m
2026-03-20 16:58:30.252 | DEBUG    | utils.geo_utils:haversine_distance:20 - Haversine: (31.4052045, 73.0873694) → (31.5101284, 73.1503952) = 13109.4 m
2026-03-20 16:58:30.252 | DEBUG    | utils.geo_utils:haversine_distance:20 - Haversine: (31.4052045, 73.0873694) → (31.4641337, 73.1683411) = 10097.2 m
2026-03-20 16:58:30.252 | DEBUG    | utils.geo_utils:haversine_distance:20 - Haversine: (31.4052045, 73.0873694) → (31.3446991, 73.0585627) = 7262.5 m
2026-03-20 16:58:30.252 | DEBUG    | utils.geo_utils:haversine_distance:20 - Haversine: (31.4052045, 73.0873694) → (31.5431453, 73.1283131) = 15822.2 m
2026-03-20 16:58:30.252 | DEBUG    | utils.geo_utils:haversine_distance:20 - Haversine: (31.4052045, 73.0873694) → (31.398463, 73.0263855) = 5836.2 m
2026-03-20 16:58:30.252 | DEBUG    | utils.geo_utils:haversine_distance:20 - Haversine: (31.4052045, 73.0873694) → (31.3190478, 73.1756414) = 12729.0 m
2026-03-20 16:58:30.252 | DEBUG    | utils.geo_utils:haversine_distance:20 - Haversine: (31.4052045, 73.0873694) → (31.3557607, 73.1450675) = 7760.6 m
2026-03-20 16:58:30.252 | DEBUG    | utils.geo_utils:haversine_distance:20 - Haversine: (31.4052045, 73.0873694) → (31.4601458, 73.0666137) = 6418.7 m
2026-03-20 16:58:30.252 | DEBUG    | utils.geo_utils:haversine_distance:20 - Haversine: (31.4052045, 73.0873694) → (31.4743292, 73.1046958) = 7860.1 m
2026-03-20 16:58:30.252 | DEBUG    | utils.geo_utils:haversine_distance:20 - Haversine: (31.4052045, 73.0873694) → (31.4693742, 73.1600766) = 9924.4 m
2026-03-20 16:58:30.255 | DEBUG    | utils.geo_utils:haversine_distance:20 - Haversine: (31.4052045, 73.0873694) → (31.4060883, 73.1115478) = 2296.7 m
2026-03-20 16:58:30.255 | DEBUG    | utils.geo_utils:haversine_distance:20 - Haversine: (31.4052045, 73.0873694) → (31.4773379, 73.0052033) = 11184.6 m
2026-03-20 16:58:30.256 | DEBUG    | utils.geo_utils:haversine_distance:20 - Haversine: (31.4052045, 73.0873694) → (31.4766945, 73.1677037) = 11012.5 m
2026-03-20 16:58:30.256 | DEBUG    | utils.geo_utils:haversine_distance:20 - Haversine: (31.4052045, 73.0873694) → (31.504101, 73.1583633) = 12894.9 m
2026-03-20 16:58:30.256 | DEBUG    | utils.geo_utils:haversine_distance:20 - Haversine: (31.4052045, 73.0873694) → (31.3907077, 73.1897443) = 9849.5 m
2026-03-20 16:58:30.256 | INFO     | data_pipeline.stop_builder:merge_nearby_stops:91 - Merged stops:
2026-03-20 16:58:30.259 | INFO     | data_pipeline.stop_builder:merge_nearby_stops:92 -   Before merge: 30 stops
2026-03-20 16:58:30.261 | INFO     | data_pipeline.stop_builder:merge_nearby_stops:93 -   After merge : 28 stops (merged 2 pairs/groups)
2026-03-20 16:58:30.261 | DEBUG    | data_pipeline.stop_builder:merge_nearby_stops:95 - First few merged stops: [{'student_id': '3CNKLBNknvMId9G9MJ1cVoQjkpw2', 'name': 'Test Student 12', 'roll_no': 'TEST-4382', 'lat': 31.3691526, 'lng': 73.0514611, 'student_count': 1, 'contact': '03597900028', 'semester': 'Spring 2026', 'fee_status': 'unpaid', 'registration_status': 'pending', 'original_lat': 31.369289, 'original_lng': 73.051406, 'snap_distance_m': 16.04, 'merged_student_ids': ['3CNKLBNknvMId9G9MJ1cVoQjkpw2']}, {'student_id': '61fbjUraIhPuzNx8BY68aYewSG02', 'name': 'Test Student 28', 'roll_no': 'TEST-7403', 'lat': 31.3787188, 'lng': 73.157798, 'student_count': 1, 'contact': '03344993000', 'semester': 'Spring 2026', 'fee_status': 'unpaid', 'registration_status': 'pending', 'original_lat': 31.380283, 'original_lng': 73.159195, 'snap_distance_m': 218.72, 'merged_student_ids': ['61fbjUraIhPuzNx8BY68aYewSG02']}, {'student_id': '7DxKX1nW4ZdeWHKXM2Vf5OIfGvr1', 'name': 'Test Student 10', 'roll_no': 'TEST-9142', 'lat': 31.4457694, 'lng': 73.1408101, 'student_count': 1, 'contact': '03537549971', 'semester': 'Spring 2026', 'fee_status': 'unpaid', 'registration_status': 'pending', 'original_lat': 31.446304, 'original_lng': 73.140169, 'snap_distance_m': 85.04, 'merged_student_ids': ['7DxKX1nW4ZdeWHKXM2Vf5OIfGvr1']}]
2026-03-20 16:58:33.269 | INFO     | clustering.stop_clustering:cluster_stops:45 - Clustered into 3 buses (capacity 10):
2026-03-20 16:58:33.270 | INFO     | clustering.stop_clustering:cluster_stops:48 -   Bus 0: 6 stops, 7 students
2026-03-20 16:58:33.270 | INFO     | clustering.stop_clustering:cluster_stops:48 -   Bus 1: 11 stops, 12 students
2026-03-20 16:58:33.270 | INFO     | clustering.stop_clustering:cluster_stops:48 -   Bus 2: 11 stops, 11 students
2026-03-20 16:58:35.421 | INFO     | optimization.tsp_solver:get_road_distance_matrix:38 - ORS matrix computed: 7x7
2026-03-20 16:58:50.521 | INFO     | optimization.tsp_solver:solve_tsp:123 - TSP solved: 6 stops, distance 33064 m, objective 33064
2026-03-20 16:58:50.523 | DEBUG    | optimization.tsp_solver:solve_tsp:124 - Order: ['unknown', 'unknown', 'unknown', 'unknown', 'unknown', 'unknown']
2026-03-20 16:58:50.524 | DEBUG    | optimization.route_generator:generate_route_path:57 - Requesting ORS route with 7 waypoints
2026-03-20 16:58:52.093 | INFO     | optimization.route_generator:generate_route_path:74 - ORS route generated successfully (bug-free)
2026-03-20 16:58:52.093 | INFO     | optimization.route_generator:generate_route_path:75 -   Waypoints: 6 stops → University
2026-03-20 16:58:52.094 | INFO     | optimization.route_generator:generate_route_path:76 -   Distance: 58.93 km
2026-03-20 16:58:52.094 | INFO     | optimization.route_generator:generate_route_path:77 -   Duration: 1.20 h (72 min)
2026-03-20 16:58:52.095 | DEBUG    | optimization.route_generator:generate_route_path:78 - Geometry sample (first 3 & last 3): [[73.157798, 31.378719], [73.16044, 31.376661], [73.161875, 31.375597]] ... [[73.03447, 31.602425], [73.034742, 31.602694], [73.034832, 31.602523]]
2026-03-20 16:58:52.096 | INFO     | optimization.store_routes:compute_fee_per_student:32 - Fee calc: 40412 PKR/student | dist=58.9km | students=7
2026-03-20 16:58:53.104 | DEBUG    | optimization.store_routes:reverse_geocode_stop_name:176 - Stop name resolved: (31.3787, 73.1578) → 'Punjab Social Security Housing Colony'
2026-03-20 16:58:53.769 | DEBUG    | optimization.store_routes:store_optimized_routes:268 - Assigned seat S1 to student 61fbjUraIhPuzNx8BY68aYewSG02
2026-03-20 16:58:56.025 | DEBUG    | optimization.store_routes:store_optimized_routes:294 - Stored stop R1_stop1 | name='Punjab Social Security Housing Colony' | route=R1
2026-03-20 16:58:59.936 | DEBUG    | optimization.store_routes:reverse_geocode_stop_name:176 - Stop name resolved: (31.3907, 73.1897) → 'Faisalabad–Jaranwala Road, Makkuana'
2026-03-20 16:59:00.572 | DEBUG    | optimization.store_routes:store_optimized_routes:268 - Assigned seat S2 to student vjz604g8oKerN5zBKZ7mU7mG2M03
2026-03-20 16:59:02.900 | DEBUG    | optimization.store_routes:store_optimized_routes:294 - Stored stop R1_stop2 | name='Faisalabad–Jaranwala Road, Makkuana' | route=R1
2026-03-20 16:59:04.899 | DEBUG    | optimization.store_routes:reverse_geocode_stop_name:176 - Stop name resolved: (31.3414, 73.1852) → 'Khojewala'
2026-03-20 16:59:05.523 | DEBUG    | optimization.store_routes:store_optimized_routes:268 - Assigned seat S3 to student KSn42uZ4dDaMueZxSsk9yyYYMbU2
2026-03-20 16:59:07.888 | DEBUG    | optimization.store_routes:store_optimized_routes:268 - Assigned seat S4 to student SF9XoWomQLQm1mkqTnpp8bDSyxG3
2026-03-20 16:59:08.494 | DEBUG    | optimization.store_routes:store_optimized_routes:294 - Stored stop R1_stop3 | name='Khojewala' | route=R1
2026-03-20 16:59:10.973 | DEBUG    | optimization.store_routes:reverse_geocode_stop_name:176 - Stop name resolved: (31.3190, 73.1756) → 'Faialabad - chak 363 G.B Road'
2026-03-20 16:59:13.952 | DEBUG    | optimization.store_routes:store_optimized_routes:268 - Assigned seat S5 to student XmlYR1ejNvTp0enFtavXMQRl9l62
2026-03-20 16:59:14.750 | DEBUG    | optimization.store_routes:store_optimized_routes:294 - Stored stop R1_stop4 | name='Faialabad - chak 363 G.B Road' | route=R1
2026-03-20 16:59:16.662 | DEBUG    | optimization.store_routes:reverse_geocode_stop_name:176 - Stop name resolved: (31.3282, 73.1302) → 'Faisalabad ByPass'
2026-03-20 16:59:17.283 | DEBUG    | optimization.store_routes:store_optimized_routes:268 - Assigned seat S6 to student Os55fn9jigeXpNaUlGTOSD1kzUH3
2026-03-20 16:59:19.629 | DEBUG    | optimization.store_routes:store_optimized_routes:294 - Stored stop R1_stop5 | name='Faisalabad ByPass' | route=R1
2026-03-20 16:59:21.680 | DEBUG    | optimization.store_routes:reverse_geocode_stop_name:176 - Stop name resolved: (31.3558, 73.1451) → 'Awan Wala'
2026-03-20 16:59:22.308 | DEBUG    | optimization.store_routes:store_optimized_routes:268 - Assigned seat S7 to student XuCFaAxIj3RH4cDaJKu6xmWSwfi1
2026-03-20 16:59:24.619 | DEBUG    | optimization.store_routes:store_optimized_routes:294 - Stored stop R1_stop6 | name='Awan Wala' | route=R1
2026-03-20 16:59:25.905 | INFO     | optimization.store_routes:store_optimized_routes:318 - Stored route route_0 (R1): 6 stops, 58.93 km
2026-03-20 16:59:27.055 | INFO     | optimization.tsp_solver:get_road_distance_matrix:38 - ORS matrix computed: 12x12
2026-03-20 16:59:42.062 | INFO     | optimization.tsp_solver:solve_tsp:123 - TSP solved: 11 stops, distance 60287 m, objective 60287
2026-03-20 16:59:42.062 | DEBUG    | optimization.tsp_solver:solve_tsp:124 - Order: ['unknown', 'unknown', 'unknown', 'unknown', 'unknown', 'unknown', 'unknown', 'unknown', 'unknown', 'unknown', 'unknown']
2026-03-20 16:59:42.063 | DEBUG    | optimization.route_generator:generate_route_path:57 - Requesting ORS route with 12 waypoints
2026-03-20 16:59:43.428 | INFO     | optimization.route_generator:generate_route_path:74 - ORS route generated successfully (bug-free)
2026-03-20 16:59:43.429 | INFO     | optimization.route_generator:generate_route_path:75 -   Waypoints: 11 stops → University
2026-03-20 16:59:43.430 | INFO     | optimization.route_generator:generate_route_path:76 -   Distance: 81.84 km
2026-03-20 16:59:43.430 | INFO     | optimization.route_generator:generate_route_path:77 -   Duration: 1.68 h (101 min)
2026-03-20 16:59:43.435 | DEBUG    | optimization.route_generator:generate_route_path:78 - Geometry sample (first 3 & last 3): [[73.14081, 31.445769], [73.14365, 31.447906], [73.145117, 31.448895]] ... [[73.03447, 31.602425], [73.034742, 31.602694], [73.034832, 31.602523]]
2026-03-20 16:59:43.442 | INFO     | optimization.store_routes:compute_fee_per_student:32 - Fee calc: 32738 PKR/student | dist=81.8km | students=12
2026-03-20 16:59:44.552 | DEBUG    | optimization.store_routes:reverse_geocode_stop_name:176 - Stop name resolved: (31.4458, 73.1408) → 'West Canal Expressway, Faisalabad City Tehsil'
2026-03-20 16:59:45.142 | DEBUG    | optimization.store_routes:store_optimized_routes:268 - Assigned seat S1 to student 7DxKX1nW4ZdeWHKXM2Vf5OIfGvr1
2026-03-20 16:59:47.485 | DEBUG    | optimization.store_routes:store_optimized_routes:294 - Stored stop R2_stop1 | name='West Canal Expressway, Faisalabad City Tehsil' | route=R2
2026-03-20 16:59:49.568 | DEBUG    | optimization.store_routes:reverse_geocode_stop_name:176 - Stop name resolved: (31.4641, 73.1683) → 'Faisalabad - Sheikhupura - Lahore Road, Faisalabad City Tehsil'
2026-03-20 16:59:50.302 | DEBUG    | optimization.store_routes:store_optimized_routes:268 - Assigned seat S2 to student UpNOyWoNcXaW1O5jadyyddeniWj2
2026-03-20 16:59:52.516 | DEBUG    | optimization.store_routes:store_optimized_routes:294 - Stored stop R2_stop2 | name='Faisalabad - Sheikhupura - Lahore Road, Faisalabad City Tehsil' | route=R2
2026-03-20 16:59:55.150 | DEBUG    | optimization.store_routes:reverse_geocode_stop_name:176 - Stop name resolved: (31.4694, 73.1601) → 'Faisalabad District, Faisalabad City Tehsil'
2026-03-20 16:59:55.823 | DEBUG    | optimization.store_routes:store_optimized_routes:268 - Assigned seat S3 to student qwxNS37KPQSeME1Rb86ZDMnXjYX2
2026-03-20 16:59:58.332 | DEBUG    | optimization.store_routes:store_optimized_routes:294 - Stored stop R2_stop3 | name='Faisalabad District, Faisalabad City Tehsil' | route=R2
2026-03-20 17:00:00.526 | DEBUG    | optimization.store_routes:reverse_geocode_stop_name:176 - Stop name resolved: (31.4767, 73.1677) → 'Bagewal Road, Sabina Town'
2026-03-20 17:00:01.221 | DEBUG    | optimization.store_routes:store_optimized_routes:268 - Assigned seat S4 to student unEE7hJDp7cMFEu2M568RmrtWRq2
2026-03-20 17:00:01.781 | DEBUG    | optimization.store_routes:store_optimized_routes:294 - Stored stop R2_stop4 | name='Bagewal Road, Sabina Town' | route=R2
2026-03-20 17:00:03.648 | DEBUG    | optimization.store_routes:reverse_geocode_stop_name:176 - Stop name resolved: (31.5041, 73.1584) → 'Faisalabad District'
2026-03-20 17:00:04.212 | DEBUG    | optimization.store_routes:store_optimized_routes:268 - Assigned seat S5 to student vQHRPPdjWmTjASjEQvAqjzPhHdm2
2026-03-20 17:00:04.772 | DEBUG    | optimization.store_routes:store_optimized_routes:294 - Stored stop R2_stop5 | name='Faisalabad District' | route=R2
2026-03-20 17:00:06.678 | DEBUG    | optimization.store_routes:reverse_geocode_stop_name:176 - Stop name resolved: (31.5101, 73.1504) → 'Faisalabad District'
2026-03-20 17:00:07.276 | DEBUG    | optimization.store_routes:store_optimized_routes:268 - Assigned seat S6 to student SXxBaOHsDPhcbAy5QSfe0NZxZM83
2026-03-20 17:00:09.603 | DEBUG    | optimization.store_routes:store_optimized_routes:294 - Stored stop R2_stop6 | name='Faisalabad District' | route=R2
2026-03-20 17:00:15.158 | DEBUG    | optimization.store_routes:reverse_geocode_stop_name:176 - Stop name resolved: (31.5487, 73.1501) → 'Kirari'
2026-03-20 17:00:15.944 | DEBUG    | optimization.store_routes:store_optimized_routes:268 - Assigned seat S7 to student DS0YCp1l3RXIwCBzxzmEzv99Zii1
2026-03-20 17:00:18.084 | DEBUG    | optimization.store_routes:store_optimized_routes:294 - Stored stop R2_stop7 | name='Kirari' | route=R2
2026-03-20 17:00:20.359 | DEBUG    | optimization.store_routes:reverse_geocode_stop_name:176 - Stop name resolved: (31.5276, 73.0552) → 'Faisalabad District'
2026-03-20 17:00:20.983 | DEBUG    | optimization.store_routes:store_optimized_routes:268 - Assigned seat S8 to student NkZ3VPHBNtS3wxSmCjfBkRWPaZQ2
2026-03-20 17:00:22.335 | DEBUG    | optimization.store_routes:store_optimized_routes:294 - Stored stop R2_stop8 | name='Faisalabad District' | route=R2
2026-03-20 17:00:24.598 | DEBUG    | optimization.store_routes:reverse_geocode_stop_name:176 - Stop name resolved: (31.5431, 73.1283) → 'Dialgarh'
2026-03-20 17:00:25.230 | DEBUG    | optimization.store_routes:store_optimized_routes:268 - Assigned seat S9 to student VMbnLGOyDuRi41R8XPG6toeooJt1
2026-03-20 17:00:25.781 | DEBUG    | optimization.store_routes:store_optimized_routes:268 - Assigned seat S10 to student e3D31VgcVrXKjMfjS13MWcxDZgi1
2026-03-20 17:00:26.651 | DEBUG    | optimization.store_routes:store_optimized_routes:294 - Stored stop R2_stop9 | name='Dialgarh' | route=R2
2026-03-20 17:00:28.502 | DEBUG    | optimization.store_routes:reverse_geocode_stop_name:176 - Stop name resolved: (31.4743, 73.1047) → 'Faisalabad District, Faisalabad City Tehsil'
2026-03-20 17:00:29.351 | DEBUG    | optimization.store_routes:store_optimized_routes:268 - Assigned seat S11 to student n5w74mESTuV3BSMbnAo4AqNZ3oT2
2026-03-20 17:00:30.132 | DEBUG    | optimization.store_routes:store_optimized_routes:294 - Stored stop R2_stop10 | name='Faisalabad District, Faisalabad City Tehsil' | route=R2
2026-03-20 17:00:32.423 | DEBUG    | optimization.store_routes:reverse_geocode_stop_name:176 - Stop name resolved: (31.4467, 73.1271) → 'Faisalabad District, Faisalabad City Tehsil'
2026-03-20 17:00:33.144 | DEBUG    | optimization.store_routes:store_optimized_routes:268 - Assigned seat S12 to student GydB2I2Y0Ec14olrl5Hbtm8ziZF3
2026-03-20 17:00:33.715 | DEBUG    | optimization.store_routes:store_optimized_routes:294 - Stored stop R2_stop11 | name='Faisalabad District, Faisalabad City Tehsil' | route=R2
2026-03-20 17:00:35.559 | INFO     | optimization.store_routes:store_optimized_routes:318 - Stored route route_1 (R2): 11 stops, 81.84 km
2026-03-20 17:00:44.126 | INFO     | optimization.tsp_solver:get_road_distance_matrix:38 - ORS matrix computed: 12x12
2026-03-20 17:00:59.130 | INFO     | optimization.tsp_solver:solve_tsp:123 - TSP solved: 11 stops, distance 72708 m, objective 72708
2026-03-20 17:00:59.130 | DEBUG    | optimization.tsp_solver:solve_tsp:124 - Order: ['unknown', 'unknown', 'unknown', 'unknown', 'unknown', 'unknown', 'unknown', 'unknown', 'unknown', 'unknown', 'unknown']
2026-03-20 17:00:59.131 | DEBUG    | optimization.route_generator:generate_route_path:57 - Requesting ORS route with 12 waypoints
2026-03-20 17:01:01.249 | INFO     | optimization.route_generator:generate_route_path:74 - ORS route generated successfully (bug-free)
2026-03-20 17:01:01.250 | INFO     | optimization.route_generator:generate_route_path:75 -   Waypoints: 11 stops → University
2026-03-20 17:01:01.251 | INFO     | optimization.route_generator:generate_route_path:76 -   Distance: 99.05 km
2026-03-20 17:01:01.251 | INFO     | optimization.route_generator:generate_route_path:77 -   Duration: 1.92 h (115 min)
2026-03-20 17:01:01.251 | DEBUG    | optimization.route_generator:generate_route_path:78 - Geometry sample (first 3 & last 3): [[73.051461, 31.369153], [73.051213, 31.36893], [73.050868, 31.368599]] ... [[73.03447, 31.602425], [73.034742, 31.602694], [73.034832, 31.602523]]
2026-03-20 17:01:01.253 | INFO     | optimization.store_routes:compute_fee_per_student:32 - Fee calc: 43223 PKR/student | dist=99.1km | students=11
2026-03-20 17:01:02.127 | DEBUG    | optimization.store_routes:reverse_geocode_stop_name:176 - Stop name resolved: (31.3692, 73.0515) → 'Faisalabad District, Abdullah Gardens'
2026-03-20 17:01:02.761 | DEBUG    | optimization.store_routes:store_optimized_routes:268 - Assigned seat S1 to student 3CNKLBNknvMId9G9MJ1cVoQjkpw2
2026-03-20 17:01:03.321 | DEBUG    | optimization.store_routes:store_optimized_routes:294 - Stored stop R3_stop1 | name='Faisalabad District, Abdullah Gardens' | route=R3
2026-03-20 17:01:04.870 | DEBUG    | optimization.store_routes:reverse_geocode_stop_name:176 - Stop name resolved: (31.4001, 73.0127) → 'Faisalabad District, Shadab Colony'
2026-03-20 17:01:05.416 | DEBUG    | optimization.store_routes:store_optimized_routes:268 - Assigned seat S2 to student KbkXVOhtA3hfwjvwsS5w2IIOki93
2026-03-20 17:01:05.968 | DEBUG    | optimization.store_routes:store_optimized_routes:294 - Stored stop R3_stop2 | name='Faisalabad District, Shadab Colony' | route=R3
2026-03-20 17:01:07.862 | DEBUG    | optimization.store_routes:reverse_geocode_stop_name:176 - Stop name resolved: (31.3985, 73.0264) → 'Faisalabad District'
2026-03-20 17:01:08.422 | DEBUG    | optimization.store_routes:store_optimized_routes:268 - Assigned seat S3 to student WRVMbOeJLLdnIPhcWnncdjhPSjb2
2026-03-20 17:01:09.012 | DEBUG    | optimization.store_routes:store_optimized_routes:294 - Stored stop R3_stop3 | name='Faisalabad District' | route=R3
2026-03-20 17:01:10.819 | DEBUG    | optimization.store_routes:reverse_geocode_stop_name:176 - Stop name resolved: (31.4193, 73.0416) → 'Bakar Mandi Road, Faisalabad City Tehsil'
2026-03-20 17:01:11.381 | DEBUG    | optimization.store_routes:store_optimized_routes:268 - Assigned seat S4 to student SOWTJArpcRRKPC0v7cWYW0XJk6v1
2026-03-20 17:01:11.929 | DEBUG    | optimization.store_routes:store_optimized_routes:294 - Stored stop R3_stop4 | name='Bakar Mandi Road, Faisalabad City Tehsil' | route=R3
2026-03-20 17:01:14.218 | DEBUG    | optimization.store_routes:reverse_geocode_stop_name:176 - Stop name resolved: (31.4773, 73.0052) → 'Faisalabad bypass'
2026-03-20 17:01:14.966 | DEBUG    | optimization.store_routes:store_optimized_routes:268 - Assigned seat S5 to student shSuBEXnw4TLpoUGH1D5uwg8QKr1
2026-03-20 17:01:15.520 | DEBUG    | optimization.store_routes:store_optimized_routes:294 - Stored stop R3_stop5 | name='Faisalabad bypass' | route=R3
2026-03-20 17:01:17.599 | DEBUG    | optimization.store_routes:reverse_geocode_stop_name:176 - Stop name resolved: (31.4601, 73.0666) → 'Faisalabad District, Faisalabad City Tehsil'
2026-03-20 17:01:18.156 | DEBUG    | optimization.store_routes:store_optimized_routes:268 - Assigned seat S6 to student bvudy4BMDIZ3KxtxPyHvDJd3rjf2
2026-03-20 17:01:18.699 | DEBUG    | optimization.store_routes:store_optimized_routes:294 - Stored stop R3_stop6 | name='Faisalabad District, Faisalabad City Tehsil' | route=R3
2026-03-20 17:01:20.560 | DEBUG    | optimization.store_routes:reverse_geocode_stop_name:176 - Stop name resolved: (31.4061, 73.1115) → 'Faisalabad District, Faisalabad City Tehsil'
2026-03-20 17:01:21.121 | DEBUG    | optimization.store_routes:store_optimized_routes:268 - Assigned seat S7 to student rtsUd2Aeg0W2HTpXZhrpSlqMhdL2
2026-03-20 17:01:21.664 | DEBUG    | optimization.store_routes:store_optimized_routes:294 - Stored stop R3_stop7 | name='Faisalabad District, Faisalabad City Tehsil' | route=R3
2026-03-20 17:01:23.897 | DEBUG    | optimization.store_routes:reverse_geocode_stop_name:176 - Stop name resolved: (31.4052, 73.0874) → 'Itthad Road, Faisalabad City Tehsil'
2026-03-20 17:01:24.669 | DEBUG    | optimization.store_routes:store_optimized_routes:268 - Assigned seat S8 to student x2LmEXZ95YfrQpxSQgrBTDTWbk83
2026-03-20 17:01:25.296 | DEBUG    | optimization.store_routes:store_optimized_routes:294 - Stored stop R3_stop8 | name='Itthad Road, Faisalabad City Tehsil' | route=R3
2026-03-20 17:01:29.469 | DEBUG    | optimization.store_routes:reverse_geocode_stop_name:176 - Stop name resolved: (31.3836, 73.0641) → 'Faisalabad District, Nowaban Wala'
2026-03-20 17:01:30.034 | DEBUG    | optimization.store_routes:store_optimized_routes:268 - Assigned seat S9 to student GBGXh21H2VefIT4NkSWu8FQldkF3
2026-03-20 17:01:30.700 | DEBUG    | optimization.store_routes:store_optimized_routes:294 - Stored stop R3_stop9 | name='Faisalabad District, Nowaban Wala' | route=R3
2026-03-20 17:01:32.665 | DEBUG    | optimization.store_routes:reverse_geocode_stop_name:176 - Stop name resolved: (31.3304, 73.0696) → 'Four Seasons Housing'
2026-03-20 17:01:33.666 | DEBUG    | optimization.store_routes:store_optimized_routes:268 - Assigned seat S10 to student I6aLScqZSSeAF3ug6jDkoPrt6g23
2026-03-20 17:01:34.379 | DEBUG    | optimization.store_routes:store_optimized_routes:294 - Stored stop R3_stop10 | name='Four Seasons Housing' | route=R3
2026-03-20 17:01:36.905 | DEBUG    | optimization.store_routes:reverse_geocode_stop_name:176 - Stop name resolved: (31.3447, 73.0586) → 'Samundari Faisalabad Road'
2026-03-20 17:01:37.465 | DEBUG    | optimization.store_routes:store_optimized_routes:268 - Assigned seat S11 to student VItoVj8ml0ZAMdLtqGCBxaDdkWj1
2026-03-20 17:01:38.016 | DEBUG    | optimization.store_routes:store_optimized_routes:294 - Stored stop R3_stop11 | name='Samundari Faisalabad Road' | route=R3
2026-03-20 17:01:39.365 | INFO     | optimization.store_routes:store_optimized_routes:318 - Stored route route_2 (R3): 11 stops, 99.05 km
2026-03-20 17:01:39.366 | INFO     | optimization.store_routes:store_optimized_routes:324 - Back-filling route_id on 28 stops + students...
2026-03-20 17:01:55.581 | DEBUG    | optimization.store_routes:store_optimized_routes:355 - Final batch: 58 writes
2026-03-20 17:01:55.581 | INFO     | optimization.store_routes:store_optimized_routes:357 - Done: 3 routes | 28 stops stored
2026-03-20 17:01:55.582 | INFO     | api.main:run_optimization:64 - Pipeline completed successfully | 3 buses processed
