2026-03-13 10:48:38.912 | INFO     | database.firebase:<module>:12 - Firebase Admin SDK initialized successfully
2026-03-13 12:23:09.442 | INFO     | api.main:run_optimization:29 - Starting full route optimization pipeline
2026-03-13 12:23:14.728 | INFO     | data_pipeline.student_loader:load_student_stops:42 - Loaded 20 student stops from Firestore
2026-03-13 12:23:14.729 | DEBUG    | data_pipeline.student_loader:load_student_stops:43 - First 3 stops (sample): [{'student_id': 'test_001', 'name': 'Test Student 1', 'roll_no': 'TEST-7277', 'lat': 31.4693482024403, 'lng': 73.01431111383167, 'student_count': 1, 'contact': '03351205345', 'semester': 'Spring 2026', 'fee_status': 'unpaid', 'registration_status': 'pending'}, {'student_id': 'test_002', 'name': 'Test Student 2', 'roll_no': 'TEST-2113', 'lat': 31.39486665497359, 'lng': 73.04901235207534, 'student_count': 1, 'contact': '03290191261', 'semester': 'Spring 2026', 'fee_status': 'unpaid', 'registration_status': 'pending'}, {'student_id': 'test_003', 'name': 'Test Student 3', 'roll_no': 'TEST-1468', 'lat': 31.51002735457204, 'lng': 73.03531234852849, 'student_count': 1, 'contact': '03636076608', 'semester': 'Spring 2026', 'fee_status': 'unpaid', 'registration_status': 'pending'}]
2026-03-13 12:23:14.731 | INFO     | osm.fetch_roads:fetch_or_load_road_graph:19 - Loading cached Faisalabad road graph...
2026-03-13 12:23:23.502 | INFO     | osm.fetch_roads:fetch_or_load_road_graph:21 - Loaded graph with 50872 nodes and 144715 edges
2026-03-13 12:23:23.660 | INFO     | osm.road_filter:filter_main_roads:38 - Filtered graph:
2026-03-13 12:23:23.711 | INFO     | osm.road_filter:filter_main_roads:39 -   Original: 50872 nodes, 144715 edges
2026-03-13 12:23:23.860 | INFO     | osm.road_filter:filter_main_roads:40 -   After filter (main roads only): 7460 nodes, 12863 edges
2026-03-13 12:23:24.107 | DEBUG    | utils.distance_utils:build_node_balltree:29 - Built BallTree with 7460 nodes
2026-03-13 12:23:24.110 | DEBUG    | utils.geo_utils:haversine_distance:20 - Haversine: (31.4693482024403, 73.01431111383167) → (31.4741405, 73.0215448) = 868.7 m
2026-03-13 12:23:24.110 | DEBUG    | utils.distance_utils:find_nearest_road_point:56 - Nearest road node to (31.4693482024403, 73.01431111383167): (31.474141, 73.021545) — 868.7m
2026-03-13 12:23:24.111 | DEBUG    | utils.geo_utils:haversine_distance:20 - Haversine: (31.4693482024403, 73.01431111383167) → (31.4741405, 73.0215448) = 868.7 m
2026-03-13 12:23:24.111 | DEBUG    | data_pipeline.stop_builder:snap_stops_to_roads:38 - Snapped Test Student 1 (TEST-7277): 868.7m
2026-03-13 12:23:24.130 | DEBUG    | utils.distance_utils:build_node_balltree:29 - Built BallTree with 7460 nodes
2026-03-13 12:23:24.131 | DEBUG    | utils.geo_utils:haversine_distance:20 - Haversine: (31.39486665497359, 73.04901235207534) → (31.3947802, 73.0496437) = 60.7 m
2026-03-13 12:23:24.131 | DEBUG    | utils.distance_utils:find_nearest_road_point:56 - Nearest road node to (31.39486665497359, 73.04901235207534): (31.394780, 73.049644) — 60.7m
2026-03-13 12:23:24.131 | DEBUG    | utils.geo_utils:haversine_distance:20 - Haversine: (31.39486665497359, 73.04901235207534) → (31.3947802, 73.0496437) = 60.7 m
2026-03-13 12:23:24.131 | DEBUG    | data_pipeline.stop_builder:snap_stops_to_roads:38 - Snapped Test Student 2 (TEST-2113): 60.7m
2026-03-13 12:23:24.148 | DEBUG    | utils.distance_utils:build_node_balltree:29 - Built BallTree with 7460 nodes
2026-03-13 12:23:24.149 | DEBUG    | utils.geo_utils:haversine_distance:20 - Haversine: (31.51002735457204, 73.03531234852849) → (31.512935, 73.0381981) = 423.5 m
2026-03-13 12:23:24.149 | DEBUG    | utils.distance_utils:find_nearest_road_point:56 - Nearest road node to (31.51002735457204, 73.03531234852849): (31.512935, 73.038198) — 423.5m
2026-03-13 12:23:24.149 | DEBUG    | utils.geo_utils:haversine_distance:20 - Haversine: (31.51002735457204, 73.03531234852849) → (31.512935, 73.0381981) = 423.5 m
2026-03-13 12:23:24.150 | DEBUG    | data_pipeline.stop_builder:snap_stops_to_roads:38 - Snapped Test Student 3 (TEST-1468): 423.5m
2026-03-13 12:23:24.165 | DEBUG    | utils.distance_utils:build_node_balltree:29 - Built BallTree with 7460 nodes
2026-03-13 12:23:24.166 | DEBUG    | utils.geo_utils:haversine_distance:20 - Haversine: (31.348435804066305, 73.05754327450124) → (31.3477999, 73.0603287) = 273.8 m
2026-03-13 12:23:24.166 | DEBUG    | utils.distance_utils:find_nearest_road_point:56 - Nearest road node to (31.348435804066305, 73.05754327450124): (31.347800, 73.060329) — 273.8m
2026-03-13 12:23:24.167 | DEBUG    | utils.geo_utils:haversine_distance:20 - Haversine: (31.348435804066305, 73.05754327450124) → (31.3477999, 73.0603287) = 273.8 m
2026-03-13 12:23:24.167 | DEBUG    | data_pipeline.stop_builder:snap_stops_to_roads:38 - Snapped Test Student 4 (TEST-5494): 273.8m
2026-03-13 12:23:24.183 | DEBUG    | utils.distance_utils:build_node_balltree:29 - Built BallTree with 7460 nodes
2026-03-13 12:23:24.184 | DEBUG    | utils.geo_utils:haversine_distance:20 - Haversine: (31.37818583690309, 73.12172961971616) → (31.3779513, 73.1223503) = 64.4 m
2026-03-13 12:23:24.184 | DEBUG    | utils.distance_utils:find_nearest_road_point:56 - Nearest road node to (31.37818583690309, 73.12172961971616): (31.377951, 73.122350) — 64.4m
2026-03-13 12:23:24.184 | DEBUG    | utils.geo_utils:haversine_distance:20 - Haversine: (31.37818583690309, 73.12172961971616) → (31.3779513, 73.1223503) = 64.4 m
2026-03-13 12:23:24.184 | DEBUG    | data_pipeline.stop_builder:snap_stops_to_roads:38 - Snapped Test Student 5 (TEST-6897): 64.4m
2026-03-13 12:23:24.201 | DEBUG    | utils.distance_utils:build_node_balltree:29 - Built BallTree with 7460 nodes
2026-03-13 12:23:24.202 | DEBUG    | utils.geo_utils:haversine_distance:20 - Haversine: (31.322543536275578, 73.12746034691428) → (31.3276625, 73.1236586) = 674.1 m
2026-03-13 12:23:24.202 | DEBUG    | utils.distance_utils:find_nearest_road_point:56 - Nearest road node to (31.322543536275578, 73.12746034691428): (31.327662, 73.123659) — 674.1m
2026-03-13 12:23:24.202 | DEBUG    | utils.geo_utils:haversine_distance:20 - Haversine: (31.322543536275578, 73.12746034691428) → (31.3276625, 73.1236586) = 674.1 m
2026-03-13 12:23:24.202 | DEBUG    | data_pipeline.stop_builder:snap_stops_to_roads:38 - Snapped Test Student 6 (TEST-8925): 674.1m
2026-03-13 12:23:24.217 | DEBUG    | utils.distance_utils:build_node_balltree:29 - Built BallTree with 7460 nodes
2026-03-13 12:23:24.219 | DEBUG    | utils.geo_utils:haversine_distance:20 - Haversine: (31.49364249966257, 73.01211514921316) → (31.4913127, 73.0160084) = 451.0 m
2026-03-13 12:23:24.219 | DEBUG    | utils.distance_utils:find_nearest_road_point:56 - Nearest road node to (31.49364249966257, 73.01211514921316): (31.491313, 73.016008) — 451.0m
2026-03-13 12:23:24.219 | DEBUG    | utils.geo_utils:haversine_distance:20 - Haversine: (31.49364249966257, 73.01211514921316) → (31.4913127, 73.0160084) = 451.0 m
2026-03-13 12:23:24.219 | DEBUG    | data_pipeline.stop_builder:snap_stops_to_roads:38 - Snapped Test Student 7 (TEST-3079): 451.0m
2026-03-13 12:23:24.235 | DEBUG    | utils.distance_utils:build_node_balltree:29 - Built BallTree with 7460 nodes
2026-03-13 12:23:24.236 | DEBUG    | utils.geo_utils:haversine_distance:20 - Haversine: (31.548957608583667, 73.13188898794596) → (31.5500271, 73.1353422) = 348.2 m
2026-03-13 12:23:24.236 | DEBUG    | utils.distance_utils:find_nearest_road_point:56 - Nearest road node to (31.548957608583667, 73.13188898794596): (31.550027, 73.135342) — 348.2m
2026-03-13 12:23:24.236 | DEBUG    | utils.geo_utils:haversine_distance:20 - Haversine: (31.548957608583667, 73.13188898794596) → (31.5500271, 73.1353422) = 348.2 m
2026-03-13 12:23:24.236 | DEBUG    | data_pipeline.stop_builder:snap_stops_to_roads:38 - Snapped Test Student 8 (TEST-7822): 348.2m
2026-03-13 12:23:24.253 | DEBUG    | utils.distance_utils:build_node_balltree:29 - Built BallTree with 7460 nodes
2026-03-13 12:23:24.255 | DEBUG    | utils.geo_utils:haversine_distance:20 - Haversine: (31.444853016844466, 73.06683221057001) → (31.4453195, 73.0674257) = 76.6 m
2026-03-13 12:23:24.255 | DEBUG    | utils.distance_utils:find_nearest_road_point:56 - Nearest road node to (31.444853016844466, 73.06683221057001): (31.445320, 73.067426) — 76.6m
2026-03-13 12:23:24.255 | DEBUG    | utils.geo_utils:haversine_distance:20 - Haversine: (31.444853016844466, 73.06683221057001) → (31.4453195, 73.0674257) = 76.6 m
2026-03-13 12:23:24.255 | DEBUG    | data_pipeline.stop_builder:snap_stops_to_roads:38 - Snapped Test Student 9 (TEST-5087): 76.6m
2026-03-13 12:23:24.273 | DEBUG    | utils.distance_utils:build_node_balltree:29 - Built BallTree with 7460 nodes
2026-03-13 12:23:24.277 | DEBUG    | utils.geo_utils:haversine_distance:20 - Haversine: (31.470766411045773, 73.06166252780733) → (31.4697711, 73.0596326) = 222.1 m
2026-03-13 12:23:24.277 | DEBUG    | utils.distance_utils:find_nearest_road_point:56 - Nearest road node to (31.470766411045773, 73.06166252780733): (31.469771, 73.059633) — 222.1m
2026-03-13 12:23:24.277 | DEBUG    | utils.geo_utils:haversine_distance:20 - Haversine: (31.470766411045773, 73.06166252780733) → (31.4697711, 73.0596326) = 222.1 m
2026-03-13 12:23:24.277 | DEBUG    | data_pipeline.stop_builder:snap_stops_to_roads:38 - Snapped Test Student 10 (TEST-9270): 222.1m
2026-03-13 12:23:24.296 | DEBUG    | utils.distance_utils:build_node_balltree:29 - Built BallTree with 7460 nodes
2026-03-13 12:23:24.298 | DEBUG    | utils.geo_utils:haversine_distance:20 - Haversine: (31.35814771739733, 73.19797994220208) → (31.3636092, 73.1880587) = 1120.8 m
2026-03-13 12:23:24.298 | DEBUG    | utils.distance_utils:find_nearest_road_point:56 - Nearest road node to (31.35814771739733, 73.19797994220208): (31.363609, 73.188059) — 1120.8m
2026-03-13 12:23:24.298 | DEBUG    | utils.geo_utils:haversine_distance:20 - Haversine: (31.35814771739733, 73.19797994220208) → (31.3636092, 73.1880587) = 1120.8 m
2026-03-13 12:23:24.298 | WARNING  | data_pipeline.stop_builder:snap_stops_to_roads:40 - Stop Test Student 11 too far from main road (1120.8m) → skipped
2026-03-13 12:23:24.338 | DEBUG    | utils.distance_utils:build_node_balltree:29 - Built BallTree with 7460 nodes
2026-03-13 12:23:24.339 | DEBUG    | utils.geo_utils:haversine_distance:20 - Haversine: (31.458963501324437, 73.00280007215052) → (31.4470459, 72.9992853) = 1366.5 m
2026-03-13 12:23:24.339 | DEBUG    | utils.distance_utils:find_nearest_road_point:56 - Nearest road node to (31.458963501324437, 73.00280007215052): (31.447046, 72.999285) — 1366.5m
2026-03-13 12:23:24.339 | DEBUG    | utils.geo_utils:haversine_distance:20 - Haversine: (31.458963501324437, 73.00280007215052) → (31.4470459, 72.9992853) = 1366.5 m
2026-03-13 12:23:24.339 | WARNING  | data_pipeline.stop_builder:snap_stops_to_roads:40 - Stop Test Student 12 too far from main road (1366.5m) → skipped
2026-03-13 12:23:24.372 | DEBUG    | utils.distance_utils:build_node_balltree:29 - Built BallTree with 7460 nodes
2026-03-13 12:23:24.373 | DEBUG    | utils.geo_utils:haversine_distance:20 - Haversine: (31.4834621167774, 73.18113538340165) → (31.4857257, 73.1770598) = 461.2 m
2026-03-13 12:23:24.373 | DEBUG    | utils.distance_utils:find_nearest_road_point:56 - Nearest road node to (31.4834621167774, 73.18113538340165): (31.485726, 73.177060) — 461.2m
2026-03-13 12:23:24.377 | DEBUG    | utils.geo_utils:haversine_distance:20 - Haversine: (31.4834621167774, 73.18113538340165) → (31.4857257, 73.1770598) = 461.2 m
2026-03-13 12:23:24.377 | DEBUG    | data_pipeline.stop_builder:snap_stops_to_roads:38 - Snapped Test Student 13 (TEST-4969): 461.2m
2026-03-13 12:23:24.402 | DEBUG    | utils.distance_utils:build_node_balltree:29 - Built BallTree with 7460 nodes
2026-03-13 12:23:24.404 | DEBUG    | utils.geo_utils:haversine_distance:20 - Haversine: (31.536056418336646, 73.17956599090346) → (31.5346891, 73.1818098) = 261.4 m
2026-03-13 12:23:24.404 | DEBUG    | utils.distance_utils:find_nearest_road_point:56 - Nearest road node to (31.536056418336646, 73.17956599090346): (31.534689, 73.181810) — 261.4m
2026-03-13 12:23:24.404 | DEBUG    | utils.geo_utils:haversine_distance:20 - Haversine: (31.536056418336646, 73.17956599090346) → (31.5346891, 73.1818098) = 261.4 m
2026-03-13 12:23:24.404 | DEBUG    | data_pipeline.stop_builder:snap_stops_to_roads:38 - Snapped Test Student 14 (TEST-2794): 261.4m
2026-03-13 12:23:24.428 | DEBUG    | utils.distance_utils:build_node_balltree:29 - Built BallTree with 7460 nodes
2026-03-13 12:23:24.430 | DEBUG    | utils.geo_utils:haversine_distance:20 - Haversine: (31.33126578896254, 73.06415976769264) → (31.333427, 73.0645016) = 242.5 m
2026-03-13 12:23:24.430 | DEBUG    | utils.distance_utils:find_nearest_road_point:56 - Nearest road node to (31.33126578896254, 73.06415976769264): (31.333427, 73.064502) — 242.5m
2026-03-13 12:23:24.431 | DEBUG    | utils.geo_utils:haversine_distance:20 - Haversine: (31.33126578896254, 73.06415976769264) → (31.333427, 73.0645016) = 242.5 m
2026-03-13 12:23:24.431 | DEBUG    | data_pipeline.stop_builder:snap_stops_to_roads:38 - Snapped Test Student 15 (TEST-6292): 242.5m
2026-03-13 12:23:24.451 | DEBUG    | utils.distance_utils:build_node_balltree:29 - Built BallTree with 7460 nodes
2026-03-13 12:23:24.452 | DEBUG    | utils.geo_utils:haversine_distance:20 - Haversine: (31.46654160646523, 73.1029521453194) → (31.466307, 73.1034818) = 56.6 m
2026-03-13 12:23:24.452 | DEBUG    | utils.distance_utils:find_nearest_road_point:56 - Nearest road node to (31.46654160646523, 73.1029521453194): (31.466307, 73.103482) — 56.6m
2026-03-13 12:23:24.452 | DEBUG    | utils.geo_utils:haversine_distance:20 - Haversine: (31.46654160646523, 73.1029521453194) → (31.466307, 73.1034818) = 56.6 m
2026-03-13 12:23:24.452 | DEBUG    | data_pipeline.stop_builder:snap_stops_to_roads:38 - Snapped Test Student 16 (TEST-3855): 56.6m
2026-03-13 12:23:24.480 | DEBUG    | utils.distance_utils:build_node_balltree:29 - Built BallTree with 7460 nodes
2026-03-13 12:23:24.482 | DEBUG    | utils.geo_utils:haversine_distance:20 - Haversine: (31.37919008532056, 73.06078592432814) → (31.3792544, 73.0618071) = 97.2 m
2026-03-13 12:23:24.482 | DEBUG    | utils.distance_utils:find_nearest_road_point:56 - Nearest road node to (31.37919008532056, 73.06078592432814): (31.379254, 73.061807) — 97.2m
2026-03-13 12:23:24.482 | DEBUG    | utils.geo_utils:haversine_distance:20 - Haversine: (31.37919008532056, 73.06078592432814) → (31.3792544, 73.0618071) = 97.2 m
2026-03-13 12:23:24.482 | DEBUG    | data_pipeline.stop_builder:snap_stops_to_roads:38 - Snapped Test Student 17 (TEST-1915): 97.2m
2026-03-13 12:23:24.505 | DEBUG    | utils.distance_utils:build_node_balltree:29 - Built BallTree with 7460 nodes
2026-03-13 12:23:24.507 | DEBUG    | utils.geo_utils:haversine_distance:20 - Haversine: (31.35190948529881, 73.02203898223841) → (31.3643888, 73.012393) = 1662.7 m
2026-03-13 12:23:24.508 | DEBUG    | utils.distance_utils:find_nearest_road_point:56 - Nearest road node to (31.35190948529881, 73.02203898223841): (31.364389, 73.012393) — 1662.7m
2026-03-13 12:23:24.510 | DEBUG    | utils.geo_utils:haversine_distance:20 - Haversine: (31.35190948529881, 73.02203898223841) → (31.3643888, 73.012393) = 1662.7 m
2026-03-13 12:23:24.511 | WARNING  | data_pipeline.stop_builder:snap_stops_to_roads:40 - Stop Test Student 18 too far from main road (1662.7m) → skipped
2026-03-13 12:23:24.564 | DEBUG    | utils.distance_utils:build_node_balltree:29 - Built BallTree with 7460 nodes
2026-03-13 12:23:24.566 | DEBUG    | utils.geo_utils:haversine_distance:20 - Haversine: (31.358761462517762, 73.07695692004174) → (31.3589417, 73.0841457) = 682.9 m
2026-03-13 12:23:24.566 | DEBUG    | utils.distance_utils:find_nearest_road_point:56 - Nearest road node to (31.358761462517762, 73.07695692004174): (31.358942, 73.084146) — 682.9m
2026-03-13 12:23:24.566 | DEBUG    | utils.geo_utils:haversine_distance:20 - Haversine: (31.358761462517762, 73.07695692004174) → (31.3589417, 73.0841457) = 682.9 m
2026-03-13 12:23:24.566 | DEBUG    | data_pipeline.stop_builder:snap_stops_to_roads:38 - Snapped Test Student 19 (TEST-9501): 682.9m
2026-03-13 12:23:24.597 | DEBUG    | utils.distance_utils:build_node_balltree:29 - Built BallTree with 7460 nodes
2026-03-13 12:23:24.598 | DEBUG    | utils.geo_utils:haversine_distance:20 - Haversine: (31.39326673572608, 73.07476910432112) → (31.3933848, 73.0742595) = 50.1 m
2026-03-13 12:23:24.599 | DEBUG    | utils.distance_utils:find_nearest_road_point:56 - Nearest road node to (31.39326673572608, 73.07476910432112): (31.393385, 73.074259) — 50.1m
2026-03-13 12:23:24.599 | DEBUG    | utils.geo_utils:haversine_distance:20 - Haversine: (31.39326673572608, 73.07476910432112) → (31.3933848, 73.0742595) = 50.1 m
2026-03-13 12:23:24.599 | DEBUG    | data_pipeline.stop_builder:snap_stops_to_roads:38 - Snapped Test Student 20 (TEST-6324): 50.1m
2026-03-13 12:23:24.599 | INFO     | data_pipeline.stop_builder:snap_stops_to_roads:47 - Snapping complete:
2026-03-13 12:23:24.599 | INFO     | data_pipeline.stop_builder:snap_stops_to_roads:48 -   Input stops: 20
2026-03-13 12:23:24.600 | INFO     | data_pipeline.stop_builder:snap_stops_to_roads:49 -   Snapped successfully: 17
2026-03-13 12:23:24.600 | INFO     | data_pipeline.stop_builder:snap_stops_to_roads:50 -   Skipped (too far): 3
2026-03-13 12:23:24.600 | DEBUG    | data_pipeline.stop_builder:snap_stops_to_roads:53 - First snapped stop example: {'student_id': 'test_001', 'name': 'Test Student 1', 'roll_no': 'TEST-7277', 'lat': 31.4741405, 'lng': 73.0215448, 'student_count': 1, 'contact': '03351205345', 'semester': 'Spring 2026', 'fee_status': 'unpaid', 'registration_status': 'pending', 'original_lat': 31.4693482024403, 'original_lng': 73.01431111383167, 'snap_distance_m': 868.67}
2026-03-13 12:23:24.600 | DEBUG    | utils.geo_utils:haversine_distance:20 - Haversine: (31.3947802, 73.0496437) → (31.4741405, 73.0215448) = 9218.4 m
2026-03-13 12:23:24.600 | DEBUG    | utils.geo_utils:haversine_distance:20 - Haversine: (31.512935, 73.0381981) → (31.4741405, 73.0215448) = 4593.7 m
2026-03-13 12:23:24.600 | DEBUG    | utils.geo_utils:haversine_distance:20 - Haversine: (31.512935, 73.0381981) → (31.3947802, 73.0496437) = 13183.0 m
2026-03-13 12:23:24.601 | DEBUG    | utils.geo_utils:haversine_distance:20 - Haversine: (31.3477999, 73.0603287) → (31.4741405, 73.0215448) = 14522.6 m
2026-03-13 12:23:24.601 | DEBUG    | utils.geo_utils:haversine_distance:20 - Haversine: (31.3477999, 73.0603287) → (31.3947802, 73.0496437) = 5321.6 m
2026-03-13 12:23:24.601 | DEBUG    | utils.geo_utils:haversine_distance:20 - Haversine: (31.3477999, 73.0603287) → (31.512935, 73.0381981) = 18481.9 m
2026-03-13 12:23:24.601 | DEBUG    | utils.geo_utils:haversine_distance:20 - Haversine: (31.3779513, 73.1223503) → (31.4741405, 73.0215448) = 14348.7 m
2026-03-13 12:23:24.601 | DEBUG    | utils.geo_utils:haversine_distance:20 - Haversine: (31.3779513, 73.1223503) → (31.3947802, 73.0496437) = 7150.8 m
2026-03-13 12:23:24.601 | DEBUG    | utils.geo_utils:haversine_distance:20 - Haversine: (31.3779513, 73.1223503) → (31.512935, 73.0381981) = 17000.4 m
2026-03-13 12:23:24.601 | DEBUG    | utils.geo_utils:haversine_distance:20 - Haversine: (31.3779513, 73.1223503) → (31.3477999, 73.0603287) = 6776.3 m
2026-03-13 12:23:24.601 | DEBUG    | utils.geo_utils:haversine_distance:20 - Haversine: (31.3276625, 73.1236586) → (31.4741405, 73.0215448) = 18952.9 m
2026-03-13 12:23:24.601 | DEBUG    | utils.geo_utils:haversine_distance:20 - Haversine: (31.3276625, 73.1236586) → (31.3947802, 73.0496437) = 10251.2 m
2026-03-13 12:23:24.601 | DEBUG    | utils.geo_utils:haversine_distance:20 - Haversine: (31.3276625, 73.1236586) → (31.512935, 73.0381981) = 22140.0 m
2026-03-13 12:23:24.601 | DEBUG    | utils.geo_utils:haversine_distance:20 - Haversine: (31.3276625, 73.1236586) → (31.3477999, 73.0603287) = 6417.9 m
2026-03-13 12:23:24.601 | DEBUG    | utils.geo_utils:haversine_distance:20 - Haversine: (31.3276625, 73.1236586) → (31.3779513, 73.1223503) = 5593.2 m
2026-03-13 12:23:24.602 | DEBUG    | utils.geo_utils:haversine_distance:20 - Haversine: (31.4913127, 73.0160084) → (31.4741405, 73.0215448) = 1980.3 m
2026-03-13 12:23:24.602 | DEBUG    | utils.geo_utils:haversine_distance:20 - Haversine: (31.4913127, 73.0160084) → (31.3947802, 73.0496437) = 11198.2 m
2026-03-13 12:23:24.602 | DEBUG    | utils.geo_utils:haversine_distance:20 - Haversine: (31.4913127, 73.0160084) → (31.512935, 73.0381981) = 3194.7 m
2026-03-13 12:23:24.602 | DEBUG    | utils.geo_utils:haversine_distance:20 - Haversine: (31.4913127, 73.0160084) → (31.3477999, 73.0603287) = 16502.8 m
2026-03-13 12:23:24.602 | DEBUG    | utils.geo_utils:haversine_distance:20 - Haversine: (31.4913127, 73.0160084) → (31.3779513, 73.1223503) = 16145.7 m
2026-03-13 12:23:24.602 | DEBUG    | utils.geo_utils:haversine_distance:20 - Haversine: (31.4913127, 73.0160084) → (31.3276625, 73.1236586) = 20868.7 m
2026-03-13 12:23:24.602 | DEBUG    | utils.geo_utils:haversine_distance:20 - Haversine: (31.5500271, 73.1353422) → (31.4741405, 73.0215448) = 13695.9 m
2026-03-13 12:23:24.602 | DEBUG    | utils.geo_utils:haversine_distance:20 - Haversine: (31.5500271, 73.1353422) → (31.3947802, 73.0496437) = 19080.2 m
2026-03-13 12:23:24.602 | DEBUG    | utils.geo_utils:haversine_distance:20 - Haversine: (31.5500271, 73.1353422) → (31.512935, 73.0381981) = 10088.7 m
2026-03-13 12:23:24.603 | DEBUG    | utils.geo_utils:haversine_distance:20 - Haversine: (31.5500271, 73.1353422) → (31.3477999, 73.0603287) = 23585.7 m
2026-03-13 12:23:24.603 | DEBUG    | utils.geo_utils:haversine_distance:20 - Haversine: (31.5500271, 73.1353422) → (31.3779513, 73.1223503) = 19173.6 m
2026-03-13 12:23:24.603 | DEBUG    | utils.geo_utils:haversine_distance:20 - Haversine: (31.5500271, 73.1353422) → (31.3276625, 73.1236586) = 24750.6 m
2026-03-13 12:23:24.603 | DEBUG    | utils.geo_utils:haversine_distance:20 - Haversine: (31.5500271, 73.1353422) → (31.4913127, 73.0160084) = 13060.4 m
2026-03-13 12:23:24.603 | DEBUG    | utils.geo_utils:haversine_distance:20 - Haversine: (31.4453195, 73.0674257) → (31.4741405, 73.0215448) = 5404.5 m
2026-03-13 12:23:24.603 | DEBUG    | utils.geo_utils:haversine_distance:20 - Haversine: (31.4453195, 73.0674257) → (31.3947802, 73.0496437) = 5867.6 m
2026-03-13 12:23:24.603 | DEBUG    | utils.geo_utils:haversine_distance:20 - Haversine: (31.4453195, 73.0674257) → (31.512935, 73.0381981) = 8013.1 m
2026-03-13 12:23:24.603 | DEBUG    | utils.geo_utils:haversine_distance:20 - Haversine: (31.4453195, 73.0674257) → (31.3477999, 73.0603287) = 10864.6 m
2026-03-13 12:23:24.603 | DEBUG    | utils.geo_utils:haversine_distance:20 - Haversine: (31.4453195, 73.0674257) → (31.3779513, 73.1223503) = 9125.9 m
2026-03-13 12:23:24.603 | DEBUG    | utils.geo_utils:haversine_distance:20 - Haversine: (31.4453195, 73.0674257) → (31.3276625, 73.1236586) = 14129.9 m
2026-03-13 12:23:24.603 | DEBUG    | utils.geo_utils:haversine_distance:20 - Haversine: (31.4453195, 73.0674257) → (31.4913127, 73.0160084) = 7066.5 m
2026-03-13 12:23:24.603 | DEBUG    | utils.geo_utils:haversine_distance:20 - Haversine: (31.4453195, 73.0674257) → (31.5500271, 73.1353422) = 13305.0 m
2026-03-13 12:23:24.603 | DEBUG    | utils.geo_utils:haversine_distance:20 - Haversine: (31.4697711, 73.0596326) → (31.4741405, 73.0215448) = 3644.7 m
2026-03-13 12:23:24.603 | DEBUG    | utils.geo_utils:haversine_distance:20 - Haversine: (31.4697711, 73.0596326) → (31.3947802, 73.0496437) = 8392.3 m
2026-03-13 12:23:24.603 | DEBUG    | utils.geo_utils:haversine_distance:20 - Haversine: (31.4697711, 73.0596326) → (31.512935, 73.0381981) = 5212.2 m
2026-03-13 12:23:24.603 | DEBUG    | utils.geo_utils:haversine_distance:20 - Haversine: (31.4697711, 73.0596326) → (31.3477999, 73.0603287) = 13562.7 m
2026-03-13 12:23:24.603 | DEBUG    | utils.geo_utils:haversine_distance:20 - Haversine: (31.4697711, 73.0596326) → (31.3779513, 73.1223503) = 11817.7 m
2026-03-13 12:23:24.603 | DEBUG    | utils.geo_utils:haversine_distance:20 - Haversine: (31.4697711, 73.0596326) → (31.3276625, 73.1236586) = 16930.0 m
2026-03-13 12:23:24.603 | DEBUG    | utils.geo_utils:haversine_distance:20 - Haversine: (31.4697711, 73.0596326) → (31.4913127, 73.0160084) = 4780.3 m
2026-03-13 12:23:24.603 | DEBUG    | utils.geo_utils:haversine_distance:20 - Haversine: (31.4697711, 73.0596326) → (31.5500271, 73.1353422) = 11452.1 m
2026-03-13 12:23:24.603 | DEBUG    | utils.geo_utils:haversine_distance:20 - Haversine: (31.4697711, 73.0596326) → (31.4453195, 73.0674257) = 2817.6 m
2026-03-13 12:23:24.604 | DEBUG    | utils.geo_utils:haversine_distance:20 - Haversine: (31.4857257, 73.1770598) → (31.4741405, 73.0215448) = 14803.6 m
2026-03-13 12:23:24.604 | DEBUG    | utils.geo_utils:haversine_distance:20 - Haversine: (31.4857257, 73.1770598) → (31.3947802, 73.0496437) = 15760.2 m
2026-03-13 12:23:24.604 | DEBUG    | utils.geo_utils:haversine_distance:20 - Haversine: (31.4857257, 73.1770598) → (31.512935, 73.0381981) = 13508.6 m
2026-03-13 12:23:24.604 | DEBUG    | utils.geo_utils:haversine_distance:20 - Haversine: (31.4857257, 73.1770598) → (31.3477999, 73.0603287) = 18918.6 m
2026-03-13 12:23:24.604 | DEBUG    | utils.geo_utils:haversine_distance:20 - Haversine: (31.4857257, 73.1770598) → (31.3779513, 73.1223503) = 13059.8 m
2026-03-13 12:23:24.604 | DEBUG    | utils.geo_utils:haversine_distance:20 - Haversine: (31.4857257, 73.1770598) → (31.3276625, 73.1236586) = 18291.9 m
2026-03-13 12:23:24.604 | DEBUG    | utils.geo_utils:haversine_distance:20 - Haversine: (31.4857257, 73.1770598) → (31.4913127, 73.0160084) = 15283.7 m
2026-03-13 12:23:24.604 | DEBUG    | utils.geo_utils:haversine_distance:20 - Haversine: (31.4857257, 73.1770598) → (31.5500271, 73.1353422) = 8170.7 m
2026-03-13 12:23:24.604 | DEBUG    | utils.geo_utils:haversine_distance:20 - Haversine: (31.4857257, 73.1770598) → (31.4453195, 73.0674257) = 11327.3 m
2026-03-13 12:23:24.604 | DEBUG    | utils.geo_utils:haversine_distance:20 - Haversine: (31.4857257, 73.1770598) → (31.4697711, 73.0596326) = 11276.3 m
2026-03-13 12:23:24.604 | DEBUG    | utils.geo_utils:haversine_distance:20 - Haversine: (31.5346891, 73.1818098) → (31.4741405, 73.0215448) = 16618.8 m
2026-03-13 12:23:24.604 | DEBUG    | utils.geo_utils:haversine_distance:20 - Haversine: (31.5346891, 73.1818098) → (31.3947802, 73.0496437) = 19979.0 m
2026-03-13 12:23:24.604 | DEBUG    | utils.geo_utils:haversine_distance:20 - Haversine: (31.5346891, 73.1818098) → (31.512935, 73.0381981) = 13825.5 m
2026-03-13 12:23:24.604 | DEBUG    | utils.geo_utils:haversine_distance:20 - Haversine: (31.5346891, 73.1818098) → (31.3477999, 73.0603287) = 23762.9 m
2026-03-13 12:23:24.604 | DEBUG    | utils.geo_utils:haversine_distance:20 - Haversine: (31.5346891, 73.1818098) → (31.3779513, 73.1223503) = 18318.3 m
2026-03-13 12:23:24.604 | DEBUG    | utils.geo_utils:haversine_distance:20 - Haversine: (31.5346891, 73.1818098) → (31.3276625, 73.1236586) = 23672.2 m
2026-03-13 12:23:24.604 | DEBUG    | utils.geo_utils:haversine_distance:20 - Haversine: (31.5346891, 73.1818098) → (31.4913127, 73.0160084) = 16440.7 m
2026-03-13 12:23:24.604 | DEBUG    | utils.geo_utils:haversine_distance:20 - Haversine: (31.5346891, 73.1818098) → (31.5500271, 73.1353422) = 4722.3 m
2026-03-13 12:23:24.604 | DEBUG    | utils.geo_utils:haversine_distance:20 - Haversine: (31.5346891, 73.1818098) → (31.4453195, 73.0674257) = 14710.0 m
2026-03-13 12:23:24.604 | DEBUG    | utils.geo_utils:haversine_distance:20 - Haversine: (31.5346891, 73.1818098) → (31.4697711, 73.0596326) = 13648.4 m
2026-03-13 12:23:24.604 | DEBUG    | utils.geo_utils:haversine_distance:20 - Haversine: (31.5346891, 73.1818098) → (31.4857257, 73.1770598) = 5463.1 m
2026-03-13 12:23:24.604 | DEBUG    | utils.geo_utils:haversine_distance:20 - Haversine: (31.333427, 73.0645016) → (31.4741405, 73.0215448) = 16169.0 m
2026-03-13 12:23:24.604 | DEBUG    | utils.geo_utils:haversine_distance:20 - Haversine: (31.333427, 73.0645016) → (31.3947802, 73.0496437) = 6966.5 m
2026-03-13 12:23:24.604 | DEBUG    | utils.geo_utils:haversine_distance:20 - Haversine: (31.333427, 73.0645016) → (31.512935, 73.0381981) = 20115.8 m
2026-03-13 12:23:24.605 | DEBUG    | utils.geo_utils:haversine_distance:20 - Haversine: (31.333427, 73.0645016) → (31.3477999, 73.0603287) = 1646.6 m
2026-03-13 12:23:24.605 | DEBUG    | utils.geo_utils:haversine_distance:20 - Haversine: (31.333427, 73.0645016) → (31.3779513, 73.1223503) = 7394.9 m
2026-03-13 12:23:24.605 | DEBUG    | utils.geo_utils:haversine_distance:20 - Haversine: (31.333427, 73.0645016) → (31.3276625, 73.1236586) = 5655.2 m
2026-03-13 12:23:24.605 | DEBUG    | utils.geo_utils:haversine_distance:20 - Haversine: (31.333427, 73.0645016) → (31.4913127, 73.0160084) = 18149.2 m
2026-03-13 12:23:24.605 | DEBUG    | utils.geo_utils:haversine_distance:20 - Haversine: (31.333427, 73.0645016) → (31.5500271, 73.1353422) = 25004.9 m
2026-03-13 12:23:24.605 | DEBUG    | utils.geo_utils:haversine_distance:20 - Haversine: (31.333427, 73.0645016) → (31.4453195, 73.0674257) = 12445.0 m
2026-03-13 12:23:24.605 | DEBUG    | utils.geo_utils:haversine_distance:20 - Haversine: (31.333427, 73.0645016) → (31.4697711, 73.0596326) = 15167.8 m
2026-03-13 12:23:24.605 | DEBUG    | utils.geo_utils:haversine_distance:20 - Haversine: (31.333427, 73.0645016) → (31.4857257, 73.1770598) = 20022.3 m
2026-03-13 12:23:24.605 | DEBUG    | utils.geo_utils:haversine_distance:20 - Haversine: (31.333427, 73.0645016) → (31.5346891, 73.1818098) = 24994.1 m
2026-03-13 12:23:24.605 | DEBUG    | utils.geo_utils:haversine_distance:20 - Haversine: (31.466307, 73.1034818) → (31.4741405, 73.0215448) = 7819.5 m
2026-03-13 12:23:24.605 | DEBUG    | utils.geo_utils:haversine_distance:20 - Haversine: (31.466307, 73.1034818) → (31.3947802, 73.0496437) = 9452.5 m
2026-03-13 12:23:24.605 | DEBUG    | utils.geo_utils:haversine_distance:20 - Haversine: (31.466307, 73.1034818) → (31.512935, 73.0381981) = 8074.7 m
2026-03-13 12:23:24.605 | DEBUG    | utils.geo_utils:haversine_distance:20 - Haversine: (31.466307, 73.1034818) → (31.3477999, 73.0603287) = 13799.1 m
2026-03-13 12:23:24.606 | DEBUG    | utils.geo_utils:haversine_distance:20 - Haversine: (31.466307, 73.1034818) → (31.3779513, 73.1223503) = 9986.5 m
2026-03-13 12:23:24.606 | DEBUG    | utils.geo_utils:haversine_distance:20 - Haversine: (31.466307, 73.1034818) → (31.3276625, 73.1236586) = 15535.1 m
2026-03-13 12:23:24.613 | DEBUG    | utils.geo_utils:haversine_distance:20 - Haversine: (31.466307, 73.1034818) → (31.4913127, 73.0160084) = 8748.8 m
2026-03-13 12:23:24.614 | DEBUG    | utils.geo_utils:haversine_distance:20 - Haversine: (31.466307, 73.1034818) → (31.5500271, 73.1353422) = 9787.0 m
2026-03-13 12:23:24.614 | DEBUG    | utils.geo_utils:haversine_distance:20 - Haversine: (31.466307, 73.1034818) → (31.4453195, 73.0674257) = 4140.4 m
2026-03-13 12:23:24.614 | DEBUG    | utils.geo_utils:haversine_distance:20 - Haversine: (31.466307, 73.1034818) → (31.4697711, 73.0596326) = 4176.5 m
2026-03-13 12:23:24.614 | DEBUG    | utils.geo_utils:haversine_distance:20 - Haversine: (31.466307, 73.1034818) → (31.4857257, 73.1770598) = 7304.1 m
2026-03-13 12:23:24.614 | DEBUG    | utils.geo_utils:haversine_distance:20 - Haversine: (31.466307, 73.1034818) → (31.5346891, 73.1818098) = 10628.5 m
2026-03-13 12:23:24.614 | DEBUG    | utils.geo_utils:haversine_distance:20 - Haversine: (31.466307, 73.1034818) → (31.333427, 73.0645016) = 15231.7 m
2026-03-13 12:23:24.614 | DEBUG    | utils.geo_utils:haversine_distance:20 - Haversine: (31.3792544, 73.0618071) → (31.4741405, 73.0215448) = 11221.2 m
2026-03-13 12:23:24.614 | DEBUG    | utils.geo_utils:haversine_distance:20 - Haversine: (31.3792544, 73.0618071) → (31.3947802, 73.0496437) = 2076.9 m
2026-03-13 12:23:24.614 | DEBUG    | utils.geo_utils:haversine_distance:20 - Haversine: (31.3792544, 73.0618071) → (31.512935, 73.0381981) = 15032.4 m
2026-03-13 12:23:24.614 | DEBUG    | utils.geo_utils:haversine_distance:20 - Haversine: (31.3792544, 73.0618071) → (31.3477999, 73.0603287) = 3500.4 m
2026-03-13 12:23:24.615 | DEBUG    | utils.geo_utils:haversine_distance:20 - Haversine: (31.3792544, 73.0618071) → (31.3779513, 73.1223503) = 5749.3 m
2026-03-13 12:23:24.615 | DEBUG    | utils.geo_utils:haversine_distance:20 - Haversine: (31.3792544, 73.0618071) → (31.3276625, 73.1236586) = 8210.1 m
2026-03-13 12:23:24.615 | DEBUG    | utils.geo_utils:haversine_distance:20 - Haversine: (31.3792544, 73.0618071) → (31.4913127, 73.0160084) = 13196.2 m
2026-03-13 12:23:24.618 | DEBUG    | utils.geo_utils:haversine_distance:20 - Haversine: (31.3792544, 73.0618071) → (31.5500271, 73.1353422) = 20229.4 m
2026-03-13 12:23:24.619 | DEBUG    | utils.geo_utils:haversine_distance:20 - Haversine: (31.3792544, 73.0618071) → (31.4453195, 73.0674257) = 7365.4 m
2026-03-13 12:23:24.619 | DEBUG    | utils.geo_utils:haversine_distance:20 - Haversine: (31.3792544, 73.0618071) → (31.4697711, 73.0596326) = 10067.1 m
2026-03-13 12:23:24.619 | DEBUG    | utils.geo_utils:haversine_distance:20 - Haversine: (31.3792544, 73.0618071) → (31.4857257, 73.1770598) = 16116.3 m
2026-03-13 12:23:24.619 | DEBUG    | utils.geo_utils:haversine_distance:20 - Haversine: (31.3792544, 73.0618071) → (31.5346891, 73.1818098) = 20695.0 m
2026-03-13 12:23:24.619 | DEBUG    | utils.geo_utils:haversine_distance:20 - Haversine: (31.3792544, 73.0618071) → (31.333427, 73.0645016) = 5102.2 m
2026-03-13 12:23:24.619 | DEBUG    | utils.geo_utils:haversine_distance:20 - Haversine: (31.3792544, 73.0618071) → (31.466307, 73.1034818) = 10456.4 m
2026-03-13 12:23:24.619 | DEBUG    | utils.geo_utils:haversine_distance:20 - Haversine: (31.3589417, 73.0841457) → (31.4741405, 73.0215448) = 14119.9 m
2026-03-13 12:23:24.619 | DEBUG    | utils.geo_utils:haversine_distance:20 - Haversine: (31.3589417, 73.0841457) → (31.3947802, 73.0496437) = 5158.4 m
2026-03-13 12:23:24.619 | DEBUG    | utils.geo_utils:haversine_distance:20 - Haversine: (31.3589417, 73.0841457) → (31.512935, 73.0381981) = 17669.4 m
2026-03-13 12:23:24.619 | DEBUG    | utils.geo_utils:haversine_distance:20 - Haversine: (31.3589417, 73.0841457) → (31.3477999, 73.0603287) = 2578.7 m
2026-03-13 12:23:24.619 | DEBUG    | utils.geo_utils:haversine_distance:20 - Haversine: (31.3589417, 73.0841457) → (31.3779513, 73.1223503) = 4198.2 m
2026-03-13 12:23:24.619 | DEBUG    | utils.geo_utils:haversine_distance:20 - Haversine: (31.3589417, 73.0841457) → (31.3276625, 73.1236586) = 5116.4 m
2026-03-13 12:23:24.619 | DEBUG    | utils.geo_utils:haversine_distance:20 - Haversine: (31.3589417, 73.0841457) → (31.4913127, 73.0160084) = 16076.3 m
2026-03-13 12:23:24.620 | DEBUG    | utils.geo_utils:haversine_distance:20 - Haversine: (31.3589417, 73.0841457) → (31.5500271, 73.1353422) = 21795.6 m
2026-03-13 12:23:24.620 | DEBUG    | utils.geo_utils:haversine_distance:20 - Haversine: (31.3589417, 73.0841457) → (31.4453195, 73.0674257) = 9735.0 m
2026-03-13 12:23:24.620 | DEBUG    | utils.geo_utils:haversine_distance:20 - Haversine: (31.3589417, 73.0841457) → (31.4697711, 73.0596326) = 12541.3 m
2026-03-13 12:23:24.620 | DEBUG    | utils.geo_utils:haversine_distance:20 - Haversine: (31.3589417, 73.0841457) → (31.4857257, 73.1770598) = 16627.6 m
2026-03-13 12:23:24.620 | DEBUG    | utils.geo_utils:haversine_distance:20 - Haversine: (31.3589417, 73.0841457) → (31.5346891, 73.1818098) = 21627.1 m
2026-03-13 12:23:24.620 | DEBUG    | utils.geo_utils:haversine_distance:20 - Haversine: (31.3589417, 73.0841457) → (31.333427, 73.0645016) = 3395.5 m
2026-03-13 12:23:24.620 | DEBUG    | utils.geo_utils:haversine_distance:20 - Haversine: (31.3589417, 73.0841457) → (31.466307, 73.1034818) = 12078.7 m
2026-03-13 12:23:24.620 | DEBUG    | utils.geo_utils:haversine_distance:20 - Haversine: (31.3589417, 73.0841457) → (31.3792544, 73.0618071) = 3098.3 m
2026-03-13 12:23:24.620 | DEBUG    | utils.geo_utils:haversine_distance:20 - Haversine: (31.3933848, 73.0742595) → (31.4741405, 73.0215448) = 10278.5 m
2026-03-13 12:23:24.620 | DEBUG    | utils.geo_utils:haversine_distance:20 - Haversine: (31.3933848, 73.0742595) → (31.3947802, 73.0496437) = 2341.6 m
2026-03-13 12:23:24.620 | DEBUG    | utils.geo_utils:haversine_distance:20 - Haversine: (31.3933848, 73.0742595) → (31.512935, 73.0381981) = 13726.4 m
2026-03-13 12:23:24.621 | DEBUG    | utils.geo_utils:haversine_distance:20 - Haversine: (31.3933848, 73.0742595) → (31.3477999, 73.0603287) = 5238.5 m
2026-03-13 12:23:24.621 | DEBUG    | utils.geo_utils:haversine_distance:20 - Haversine: (31.3933848, 73.0742595) → (31.3779513, 73.1223503) = 4876.9 m
2026-03-13 12:23:24.621 | DEBUG    | utils.geo_utils:haversine_distance:20 - Haversine: (31.3933848, 73.0742595) → (31.3276625, 73.1236586) = 8683.7 m
2026-03-13 12:23:24.621 | DEBUG    | utils.geo_utils:haversine_distance:20 - Haversine: (31.3933848, 73.0742595) → (31.4913127, 73.0160084) = 12211.1 m
2026-03-13 12:23:24.621 | DEBUG    | utils.geo_utils:haversine_distance:20 - Haversine: (31.3933848, 73.0742595) → (31.5500271, 73.1353422) = 18355.9 m
2026-03-13 12:23:24.621 | DEBUG    | utils.geo_utils:haversine_distance:20 - Haversine: (31.3933848, 73.0742595) → (31.4453195, 73.0674257) = 5811.2 m
2026-03-13 12:23:24.621 | DEBUG    | utils.geo_utils:haversine_distance:20 - Haversine: (31.3933848, 73.0742595) → (31.4697711, 73.0596326) = 8606.4 m
2026-03-13 12:23:24.621 | DEBUG    | utils.geo_utils:haversine_distance:20 - Haversine: (31.3933848, 73.0742595) → (31.4857257, 73.1770598) = 14161.4 m
2026-03-13 12:23:24.621 | DEBUG    | utils.geo_utils:haversine_distance:20 - Haversine: (31.3933848, 73.0742595) → (31.5346891, 73.1818098) = 18733.1 m
2026-03-13 12:23:24.621 | DEBUG    | utils.geo_utils:haversine_distance:20 - Haversine: (31.3933848, 73.0742595) → (31.333427, 73.0645016) = 6731.1 m
2026-03-13 12:23:24.621 | DEBUG    | utils.geo_utils:haversine_distance:20 - Haversine: (31.3933848, 73.0742595) → (31.466307, 73.1034818) = 8569.5 m
2026-03-13 12:23:24.621 | DEBUG    | utils.geo_utils:haversine_distance:20 - Haversine: (31.3933848, 73.0742595) → (31.3792544, 73.0618071) = 1966.2 m
2026-03-13 12:23:24.621 | DEBUG    | utils.geo_utils:haversine_distance:20 - Haversine: (31.3933848, 73.0742595) → (31.3589417, 73.0841457) = 3943.2 m
2026-03-13 12:23:24.621 | INFO     | data_pipeline.stop_builder:merge_nearby_stops:91 - Merged stops:
2026-03-13 12:23:24.622 | INFO     | data_pipeline.stop_builder:merge_nearby_stops:92 -   Before merge: 17 stops
2026-03-13 12:23:24.622 | INFO     | data_pipeline.stop_builder:merge_nearby_stops:93 -   After merge : 17 stops (merged 0 pairs/groups)
2026-03-13 12:23:24.622 | DEBUG    | data_pipeline.stop_builder:merge_nearby_stops:95 - First few merged stops: [{'student_id': 'test_001', 'name': 'Test Student 1', 'roll_no': 'TEST-7277', 'lat': 31.4741405, 'lng': 73.0215448, 'student_count': 1, 'contact': '03351205345', 'semester': 'Spring 2026', 'fee_status': 'unpaid', 'registration_status': 'pending', 'original_lat': 31.4693482024403, 'original_lng': 73.01431111383167, 'snap_distance_m': 868.67, 'merged_student_ids': ['test_001']}, {'student_id': 'test_002', 'name': 'Test Student 2', 'roll_no': 'TEST-2113', 'lat': 31.3947802, 'lng': 73.0496437, 'student_count': 1, 'contact': '03290191261', 'semester': 'Spring 2026', 'fee_status': 'unpaid', 'registration_status': 'pending', 'original_lat': 31.39486665497359, 'original_lng': 73.04901235207534, 'snap_distance_m': 60.69, 'merged_student_ids': ['test_002']}, {'student_id': 'test_003', 'name': 'Test Student 3', 'roll_no': 'TEST-1468', 'lat': 31.512935, 'lng': 73.0381981, 'student_count': 1, 'contact': '03636076608', 'semester': 'Spring 2026', 'fee_status': 'unpaid', 'registration_status': 'pending', 'original_lat': 31.51002735457204, 'original_lng': 73.03531234852849, 'snap_distance_m': 423.52, 'merged_student_ids': ['test_003']}]
2026-03-13 12:23:25.419 | INFO     | database.firebase:update_document:35 - Updated document test_001 in students
2026-03-13 12:23:27.565 | INFO     | database.firebase:update_document:35 - Updated document test_002 in students
2026-03-13 12:23:28.386 | INFO     | database.firebase:update_document:35 - Updated document test_003 in students
2026-03-13 12:23:30.764 | INFO     | database.firebase:update_document:35 - Updated document test_004 in students
2026-03-13 12:23:31.513 | INFO     | database.firebase:update_document:35 - Updated document test_005 in students
2026-03-13 12:23:33.712 | INFO     | database.firebase:update_document:35 - Updated document test_006 in students
2026-03-13 12:23:34.444 | INFO     | database.firebase:update_document:35 - Updated document test_007 in students
2026-03-13 12:23:36.620 | INFO     | database.firebase:update_document:35 - Updated document test_008 in students
2026-03-13 12:23:37.377 | INFO     | database.firebase:update_document:35 - Updated document test_009 in students
2026-03-13 12:23:39.608 | INFO     | database.firebase:update_document:35 - Updated document test_010 in students
2026-03-13 12:23:40.436 | INFO     | database.firebase:update_document:35 - Updated document test_013 in students
2026-03-13 12:23:41.309 | INFO     | database.firebase:update_document:35 - Updated document test_014 in students
2026-03-13 12:23:41.892 | INFO     | database.firebase:update_document:35 - Updated document test_015 in students
2026-03-13 12:23:42.489 | INFO     | database.firebase:update_document:35 - Updated document test_016 in students
2026-03-13 12:23:43.082 | INFO     | database.firebase:update_document:35 - Updated document test_017 in students
2026-03-13 12:23:43.838 | INFO     | database.firebase:update_document:35 - Updated document test_019 in students
2026-03-13 12:23:44.500 | INFO     | database.firebase:update_document:35 - Updated document test_020 in students
2026-03-13 12:23:44.501 | INFO     | data_pipeline.stop_builder:update_student_stops:128 - Updated 17 students in Firestore with final snapped/merged coordinates
2026-03-13 12:23:47.654 | INFO     | clustering.stop_clustering:cluster_stops:30 - Clustered into 1 buses (capacity 30):
2026-03-13 12:23:47.655 | INFO     | clustering.stop_clustering:cluster_stops:33 -   Bus 0: 17 stops, 17 students
2026-03-13 12:23:58.725 | ERROR    | optimization.tsp_solver:get_road_distance_matrix:41 - ORS matrix error: HTTPSConnectionPool(host='api.openrouteservice.org', port=443): Max retries exceeded with url: /v2/matrix/driving-hgv (Caused by NameResolutionError("HTTPSConnection(host='api.openrouteservice.org', port=443): Failed to resolve 'api.openrouteservice.org' ([Errno 11002] getaddrinfo failed)")) → fallback to haversine
2026-03-13 12:23:58.727 | DEBUG    | utils.geo_utils:haversine_distance:20 - Haversine: (31.4741405, 73.0215448) → (31.3947802, 73.0496437) = 9218.4 m
2026-03-13 12:23:58.727 | DEBUG    | utils.geo_utils:haversine_distance:20 - Haversine: (31.4741405, 73.0215448) → (31.512935, 73.0381981) = 4593.7 m
2026-03-13 12:23:58.727 | DEBUG    | utils.geo_utils:haversine_distance:20 - Haversine: (31.4741405, 73.0215448) → (31.3477999, 73.0603287) = 14522.6 m
2026-03-13 12:23:58.727 | DEBUG    | utils.geo_utils:haversine_distance:20 - Haversine: (31.4741405, 73.0215448) → (31.3779513, 73.1223503) = 14348.7 m
2026-03-13 12:23:58.727 | DEBUG    | utils.geo_utils:haversine_distance:20 - Haversine: (31.4741405, 73.0215448) → (31.3276625, 73.1236586) = 18952.9 m
2026-03-13 12:23:58.727 | DEBUG    | utils.geo_utils:haversine_distance:20 - Haversine: (31.4741405, 73.0215448) → (31.4913127, 73.0160084) = 1980.3 m
2026-03-13 12:23:58.727 | DEBUG    | utils.geo_utils:haversine_distance:20 - Haversine: (31.4741405, 73.0215448) → (31.5500271, 73.1353422) = 13695.9 m
2026-03-13 12:23:58.727 | DEBUG    | utils.geo_utils:haversine_distance:20 - Haversine: (31.4741405, 73.0215448) → (31.4453195, 73.0674257) = 5404.5 m
2026-03-13 12:23:58.727 | DEBUG    | utils.geo_utils:haversine_distance:20 - Haversine: (31.4741405, 73.0215448) → (31.4697711, 73.0596326) = 3644.7 m
2026-03-13 12:23:58.728 | DEBUG    | utils.geo_utils:haversine_distance:20 - Haversine: (31.4741405, 73.0215448) → (31.4857257, 73.1770598) = 14803.6 m
2026-03-13 12:23:58.728 | DEBUG    | utils.geo_utils:haversine_distance:20 - Haversine: (31.4741405, 73.0215448) → (31.5346891, 73.1818098) = 16618.8 m
2026-03-13 12:23:58.728 | DEBUG    | utils.geo_utils:haversine_distance:20 - Haversine: (31.4741405, 73.0215448) → (31.333427, 73.0645016) = 16169.0 m
2026-03-13 12:23:58.728 | DEBUG    | utils.geo_utils:haversine_distance:20 - Haversine: (31.4741405, 73.0215448) → (31.466307, 73.1034818) = 7819.5 m
2026-03-13 12:23:58.728 | DEBUG    | utils.geo_utils:haversine_distance:20 - Haversine: (31.4741405, 73.0215448) → (31.3792544, 73.0618071) = 11221.2 m
2026-03-13 12:23:58.728 | DEBUG    | utils.geo_utils:haversine_distance:20 - Haversine: (31.4741405, 73.0215448) → (31.3589417, 73.0841457) = 14119.9 m
2026-03-13 12:23:58.728 | DEBUG    | utils.geo_utils:haversine_distance:20 - Haversine: (31.4741405, 73.0215448) → (31.3933848, 73.0742595) = 10278.5 m
2026-03-13 12:23:58.728 | DEBUG    | utils.geo_utils:haversine_distance:20 - Haversine: (31.4741405, 73.0215448) → (31.60253, 73.03485) = 14331.8 m
2026-03-13 12:23:58.728 | DEBUG    | utils.geo_utils:haversine_distance:20 - Haversine: (31.3947802, 73.0496437) → (31.4741405, 73.0215448) = 9218.4 m
2026-03-13 12:23:58.728 | DEBUG    | utils.geo_utils:haversine_distance:20 - Haversine: (31.3947802, 73.0496437) → (31.512935, 73.0381981) = 13183.0 m
2026-03-13 12:23:58.728 | DEBUG    | utils.geo_utils:haversine_distance:20 - Haversine: (31.3947802, 73.0496437) → (31.3477999, 73.0603287) = 5321.6 m
2026-03-13 12:23:58.729 | DEBUG    | utils.geo_utils:haversine_distance:20 - Haversine: (31.3947802, 73.0496437) → (31.3779513, 73.1223503) = 7150.8 m
2026-03-13 12:23:58.729 | DEBUG    | utils.geo_utils:haversine_distance:20 - Haversine: (31.3947802, 73.0496437) → (31.3276625, 73.1236586) = 10251.2 m
2026-03-13 12:23:58.729 | DEBUG    | utils.geo_utils:haversine_distance:20 - Haversine: (31.3947802, 73.0496437) → (31.4913127, 73.0160084) = 11198.2 m
2026-03-13 12:23:58.729 | DEBUG    | utils.geo_utils:haversine_distance:20 - Haversine: (31.3947802, 73.0496437) → (31.5500271, 73.1353422) = 19080.2 m
2026-03-13 12:23:58.729 | DEBUG    | utils.geo_utils:haversine_distance:20 - Haversine: (31.3947802, 73.0496437) → (31.4453195, 73.0674257) = 5867.6 m
2026-03-13 12:23:58.729 | DEBUG    | utils.geo_utils:haversine_distance:20 - Haversine: (31.3947802, 73.0496437) → (31.4697711, 73.0596326) = 8392.3 m
2026-03-13 12:23:58.729 | DEBUG    | utils.geo_utils:haversine_distance:20 - Haversine: (31.3947802, 73.0496437) → (31.4857257, 73.1770598) = 15760.2 m
2026-03-13 12:23:58.729 | DEBUG    | utils.geo_utils:haversine_distance:20 - Haversine: (31.3947802, 73.0496437) → (31.5346891, 73.1818098) = 19979.0 m
2026-03-13 12:23:58.730 | DEBUG    | utils.geo_utils:haversine_distance:20 - Haversine: (31.3947802, 73.0496437) → (31.333427, 73.0645016) = 6966.5 m
2026-03-13 12:23:58.730 | DEBUG    | utils.geo_utils:haversine_distance:20 - Haversine: (31.3947802, 73.0496437) → (31.466307, 73.1034818) = 9452.5 m
2026-03-13 12:23:58.730 | DEBUG    | utils.geo_utils:haversine_distance:20 - Haversine: (31.3947802, 73.0496437) → (31.3792544, 73.0618071) = 2076.9 m
2026-03-13 12:23:58.730 | DEBUG    | utils.geo_utils:haversine_distance:20 - Haversine: (31.3947802, 73.0496437) → (31.3589417, 73.0841457) = 5158.4 m
2026-03-13 12:23:58.730 | DEBUG    | utils.geo_utils:haversine_distance:20 - Haversine: (31.3947802, 73.0496437) → (31.3933848, 73.0742595) = 2341.6 m
2026-03-13 12:23:58.730 | DEBUG    | utils.geo_utils:haversine_distance:20 - Haversine: (31.3947802, 73.0496437) → (31.60253, 73.03485) = 23143.3 m
2026-03-13 12:23:58.731 | DEBUG    | utils.geo_utils:haversine_distance:20 - Haversine: (31.512935, 73.0381981) → (31.4741405, 73.0215448) = 4593.7 m
2026-03-13 12:23:58.731 | DEBUG    | utils.geo_utils:haversine_distance:20 - Haversine: (31.512935, 73.0381981) → (31.3947802, 73.0496437) = 13183.0 m
2026-03-13 12:23:58.731 | DEBUG    | utils.geo_utils:haversine_distance:20 - Haversine: (31.512935, 73.0381981) → (31.3477999, 73.0603287) = 18481.9 m
2026-03-13 12:23:58.731 | DEBUG    | utils.geo_utils:haversine_distance:20 - Haversine: (31.512935, 73.0381981) → (31.3779513, 73.1223503) = 17000.4 m
2026-03-13 12:23:58.731 | DEBUG    | utils.geo_utils:haversine_distance:20 - Haversine: (31.512935, 73.0381981) → (31.3276625, 73.1236586) = 22140.0 m
2026-03-13 12:23:58.731 | DEBUG    | utils.geo_utils:haversine_distance:20 - Haversine: (31.512935, 73.0381981) → (31.4913127, 73.0160084) = 3194.7 m
2026-03-13 12:23:58.731 | DEBUG    | utils.geo_utils:haversine_distance:20 - Haversine: (31.512935, 73.0381981) → (31.5500271, 73.1353422) = 10088.7 m
2026-03-13 12:23:58.732 | DEBUG    | utils.geo_utils:haversine_distance:20 - Haversine: (31.512935, 73.0381981) → (31.4453195, 73.0674257) = 8013.1 m
2026-03-13 12:23:58.732 | DEBUG    | utils.geo_utils:haversine_distance:20 - Haversine: (31.512935, 73.0381981) → (31.4697711, 73.0596326) = 5212.2 m
2026-03-13 12:23:58.732 | DEBUG    | utils.geo_utils:haversine_distance:20 - Haversine: (31.512935, 73.0381981) → (31.4857257, 73.1770598) = 13508.6 m
2026-03-13 12:23:58.732 | DEBUG    | utils.geo_utils:haversine_distance:20 - Haversine: (31.512935, 73.0381981) → (31.5346891, 73.1818098) = 13825.5 m
2026-03-13 12:23:58.732 | DEBUG    | utils.geo_utils:haversine_distance:20 - Haversine: (31.512935, 73.0381981) → (31.333427, 73.0645016) = 20115.8 m
2026-03-13 12:23:58.732 | DEBUG    | utils.geo_utils:haversine_distance:20 - Haversine: (31.512935, 73.0381981) → (31.466307, 73.1034818) = 8074.7 m
2026-03-13 12:23:58.733 | DEBUG    | utils.geo_utils:haversine_distance:20 - Haversine: (31.512935, 73.0381981) → (31.3792544, 73.0618071) = 15032.4 m
2026-03-13 12:23:58.733 | DEBUG    | utils.geo_utils:haversine_distance:20 - Haversine: (31.512935, 73.0381981) → (31.3589417, 73.0841457) = 17669.4 m
2026-03-13 12:23:58.733 | DEBUG    | utils.geo_utils:haversine_distance:20 - Haversine: (31.512935, 73.0381981) → (31.3933848, 73.0742595) = 13726.4 m
2026-03-13 12:23:58.733 | DEBUG    | utils.geo_utils:haversine_distance:20 - Haversine: (31.512935, 73.0381981) → (31.60253, 73.03485) = 9967.6 m
2026-03-13 12:23:58.733 | DEBUG    | utils.geo_utils:haversine_distance:20 - Haversine: (31.3477999, 73.0603287) → (31.4741405, 73.0215448) = 14522.6 m
2026-03-13 12:23:58.733 | DEBUG    | utils.geo_utils:haversine_distance:20 - Haversine: (31.3477999, 73.0603287) → (31.3947802, 73.0496437) = 5321.6 m
2026-03-13 12:23:58.733 | DEBUG    | utils.geo_utils:haversine_distance:20 - Haversine: (31.3477999, 73.0603287) → (31.512935, 73.0381981) = 18481.9 m
2026-03-13 12:23:58.733 | DEBUG    | utils.geo_utils:haversine_distance:20 - Haversine: (31.3477999, 73.0603287) → (31.3779513, 73.1223503) = 6776.3 m
2026-03-13 12:23:58.733 | DEBUG    | utils.geo_utils:haversine_distance:20 - Haversine: (31.3477999, 73.0603287) → (31.3276625, 73.1236586) = 6417.9 m
2026-03-13 12:23:58.733 | DEBUG    | utils.geo_utils:haversine_distance:20 - Haversine: (31.3477999, 73.0603287) → (31.4913127, 73.0160084) = 16502.8 m
2026-03-13 12:23:58.733 | DEBUG    | utils.geo_utils:haversine_distance:20 - Haversine: (31.3477999, 73.0603287) → (31.5500271, 73.1353422) = 23585.7 m
2026-03-13 12:23:58.733 | DEBUG    | utils.geo_utils:haversine_distance:20 - Haversine: (31.3477999, 73.0603287) → (31.4453195, 73.0674257) = 10864.6 m
2026-03-13 12:23:58.733 | DEBUG    | utils.geo_utils:haversine_distance:20 - Haversine: (31.3477999, 73.0603287) → (31.4697711, 73.0596326) = 13562.7 m
2026-03-13 12:23:58.734 | DEBUG    | utils.geo_utils:haversine_distance:20 - Haversine: (31.3477999, 73.0603287) → (31.4857257, 73.1770598) = 18918.6 m
2026-03-13 12:23:58.734 | DEBUG    | utils.geo_utils:haversine_distance:20 - Haversine: (31.3477999, 73.0603287) → (31.5346891, 73.1818098) = 23762.9 m
2026-03-13 12:23:58.734 | DEBUG    | utils.geo_utils:haversine_distance:20 - Haversine: (31.3477999, 73.0603287) → (31.333427, 73.0645016) = 1646.6 m
2026-03-13 12:23:58.735 | DEBUG    | utils.geo_utils:haversine_distance:20 - Haversine: (31.3477999, 73.0603287) → (31.466307, 73.1034818) = 13799.1 m
2026-03-13 12:23:58.735 | DEBUG    | utils.geo_utils:haversine_distance:20 - Haversine: (31.3477999, 73.0603287) → (31.3792544, 73.0618071) = 3500.4 m
2026-03-13 12:23:58.735 | DEBUG    | utils.geo_utils:haversine_distance:20 - Haversine: (31.3477999, 73.0603287) → (31.3589417, 73.0841457) = 2578.7 m
2026-03-13 12:23:58.735 | DEBUG    | utils.geo_utils:haversine_distance:20 - Haversine: (31.3477999, 73.0603287) → (31.3933848, 73.0742595) = 5238.5 m
2026-03-13 12:23:58.735 | DEBUG    | utils.geo_utils:haversine_distance:20 - Haversine: (31.3477999, 73.0603287) → (31.60253, 73.03485) = 28427.6 m
2026-03-13 12:23:58.735 | DEBUG    | utils.geo_utils:haversine_distance:20 - Haversine: (31.3779513, 73.1223503) → (31.4741405, 73.0215448) = 14348.7 m
2026-03-13 12:23:58.735 | DEBUG    | utils.geo_utils:haversine_distance:20 - Haversine: (31.3779513, 73.1223503) → (31.3947802, 73.0496437) = 7150.8 m
2026-03-13 12:23:58.735 | DEBUG    | utils.geo_utils:haversine_distance:20 - Haversine: (31.3779513, 73.1223503) → (31.512935, 73.0381981) = 17000.4 m
2026-03-13 12:23:58.736 | DEBUG    | utils.geo_utils:haversine_distance:20 - Haversine: (31.3779513, 73.1223503) → (31.3477999, 73.0603287) = 6776.3 m
2026-03-13 12:23:58.736 | DEBUG    | utils.geo_utils:haversine_distance:20 - Haversine: (31.3779513, 73.1223503) → (31.3276625, 73.1236586) = 5593.2 m
2026-03-13 12:23:58.736 | DEBUG    | utils.geo_utils:haversine_distance:20 - Haversine: (31.3779513, 73.1223503) → (31.4913127, 73.0160084) = 16145.7 m
2026-03-13 12:23:58.736 | DEBUG    | utils.geo_utils:haversine_distance:20 - Haversine: (31.3779513, 73.1223503) → (31.5500271, 73.1353422) = 19173.6 m
2026-03-13 12:23:58.736 | DEBUG    | utils.geo_utils:haversine_distance:20 - Haversine: (31.3779513, 73.1223503) → (31.4453195, 73.0674257) = 9125.9 m
2026-03-13 12:23:58.736 | DEBUG    | utils.geo_utils:haversine_distance:20 - Haversine: (31.3779513, 73.1223503) → (31.4697711, 73.0596326) = 11817.7 m
2026-03-13 12:23:58.736 | DEBUG    | utils.geo_utils:haversine_distance:20 - Haversine: (31.3779513, 73.1223503) → (31.4857257, 73.1770598) = 13059.8 m
2026-03-13 12:23:58.736 | DEBUG    | utils.geo_utils:haversine_distance:20 - Haversine: (31.3779513, 73.1223503) → (31.5346891, 73.1818098) = 18318.3 m
2026-03-13 12:23:58.736 | DEBUG    | utils.geo_utils:haversine_distance:20 - Haversine: (31.3779513, 73.1223503) → (31.333427, 73.0645016) = 7394.9 m
2026-03-13 12:23:58.736 | DEBUG    | utils.geo_utils:haversine_distance:20 - Haversine: (31.3779513, 73.1223503) → (31.466307, 73.1034818) = 9986.5 m
2026-03-13 12:23:58.736 | DEBUG    | utils.geo_utils:haversine_distance:20 - Haversine: (31.3779513, 73.1223503) → (31.3792544, 73.0618071) = 5749.3 m
2026-03-13 12:23:58.736 | DEBUG    | utils.geo_utils:haversine_distance:20 - Haversine: (31.3779513, 73.1223503) → (31.3589417, 73.0841457) = 4198.2 m
2026-03-13 12:23:58.736 | DEBUG    | utils.geo_utils:haversine_distance:20 - Haversine: (31.3779513, 73.1223503) → (31.3933848, 73.0742595) = 4876.9 m
2026-03-13 12:23:58.736 | DEBUG    | utils.geo_utils:haversine_distance:20 - Haversine: (31.3779513, 73.1223503) → (31.60253, 73.03485) = 26314.2 m
2026-03-13 12:23:58.736 | DEBUG    | utils.geo_utils:haversine_distance:20 - Haversine: (31.3276625, 73.1236586) → (31.4741405, 73.0215448) = 18952.9 m
2026-03-13 12:23:58.736 | DEBUG    | utils.geo_utils:haversine_distance:20 - Haversine: (31.3276625, 73.1236586) → (31.3947802, 73.0496437) = 10251.2 m
2026-03-13 12:23:58.737 | DEBUG    | utils.geo_utils:haversine_distance:20 - Haversine: (31.3276625, 73.1236586) → (31.512935, 73.0381981) = 22140.0 m
2026-03-13 12:23:58.737 | DEBUG    | utils.geo_utils:haversine_distance:20 - Haversine: (31.3276625, 73.1236586) → (31.3477999, 73.0603287) = 6417.9 m
2026-03-13 12:23:58.737 | DEBUG    | utils.geo_utils:haversine_distance:20 - Haversine: (31.3276625, 73.1236586) → (31.3779513, 73.1223503) = 5593.2 m
2026-03-13 12:23:58.738 | DEBUG    | utils.geo_utils:haversine_distance:20 - Haversine: (31.3276625, 73.1236586) → (31.4913127, 73.0160084) = 20868.7 m
2026-03-13 12:23:58.738 | DEBUG    | utils.geo_utils:haversine_distance:20 - Haversine: (31.3276625, 73.1236586) → (31.5500271, 73.1353422) = 24750.6 m
2026-03-13 12:23:58.738 | DEBUG    | utils.geo_utils:haversine_distance:20 - Haversine: (31.3276625, 73.1236586) → (31.4453195, 73.0674257) = 14129.9 m
2026-03-13 12:23:58.738 | DEBUG    | utils.geo_utils:haversine_distance:20 - Haversine: (31.3276625, 73.1236586) → (31.4697711, 73.0596326) = 16930.0 m
2026-03-13 12:23:58.738 | DEBUG    | utils.geo_utils:haversine_distance:20 - Haversine: (31.3276625, 73.1236586) → (31.4857257, 73.1770598) = 18291.9 m
2026-03-13 12:23:58.739 | DEBUG    | utils.geo_utils:haversine_distance:20 - Haversine: (31.3276625, 73.1236586) → (31.5346891, 73.1818098) = 23672.2 m
2026-03-13 12:23:58.739 | DEBUG    | utils.geo_utils:haversine_distance:20 - Haversine: (31.3276625, 73.1236586) → (31.333427, 73.0645016) = 5655.2 m
2026-03-13 12:23:58.739 | DEBUG    | utils.geo_utils:haversine_distance:20 - Haversine: (31.3276625, 73.1236586) → (31.466307, 73.1034818) = 15535.1 m
2026-03-13 12:23:58.739 | DEBUG    | utils.geo_utils:haversine_distance:20 - Haversine: (31.3276625, 73.1236586) → (31.3792544, 73.0618071) = 8210.1 m
2026-03-13 12:23:58.739 | DEBUG    | utils.geo_utils:haversine_distance:20 - Haversine: (31.3276625, 73.1236586) → (31.3589417, 73.0841457) = 5116.4 m
2026-03-13 12:23:58.740 | DEBUG    | utils.geo_utils:haversine_distance:20 - Haversine: (31.3276625, 73.1236586) → (31.3933848, 73.0742595) = 8683.7 m
2026-03-13 12:23:58.740 | DEBUG    | utils.geo_utils:haversine_distance:20 - Haversine: (31.3276625, 73.1236586) → (31.60253, 73.03485) = 31703.3 m
2026-03-13 12:23:58.740 | DEBUG    | utils.geo_utils:haversine_distance:20 - Haversine: (31.4913127, 73.0160084) → (31.4741405, 73.0215448) = 1980.3 m
2026-03-13 12:23:58.740 | DEBUG    | utils.geo_utils:haversine_distance:20 - Haversine: (31.4913127, 73.0160084) → (31.3947802, 73.0496437) = 11198.2 m
2026-03-13 12:23:58.740 | DEBUG    | utils.geo_utils:haversine_distance:20 - Haversine: (31.4913127, 73.0160084) → (31.512935, 73.0381981) = 3194.7 m
2026-03-13 12:23:58.740 | DEBUG    | utils.geo_utils:haversine_distance:20 - Haversine: (31.4913127, 73.0160084) → (31.3477999, 73.0603287) = 16502.8 m
2026-03-13 12:23:58.740 | DEBUG    | utils.geo_utils:haversine_distance:20 - Haversine: (31.4913127, 73.0160084) → (31.3779513, 73.1223503) = 16145.7 m
2026-03-13 12:23:58.740 | DEBUG    | utils.geo_utils:haversine_distance:20 - Haversine: (31.4913127, 73.0160084) → (31.3276625, 73.1236586) = 20868.7 m
2026-03-13 12:23:58.740 | DEBUG    | utils.geo_utils:haversine_distance:20 - Haversine: (31.4913127, 73.0160084) → (31.5500271, 73.1353422) = 13060.4 m
2026-03-13 12:23:58.740 | DEBUG    | utils.geo_utils:haversine_distance:20 - Haversine: (31.4913127, 73.0160084) → (31.4453195, 73.0674257) = 7066.5 m
2026-03-13 12:23:58.740 | DEBUG    | utils.geo_utils:haversine_distance:20 - Haversine: (31.4913127, 73.0160084) → (31.4697711, 73.0596326) = 4780.3 m
2026-03-13 12:23:58.740 | DEBUG    | utils.geo_utils:haversine_distance:20 - Haversine: (31.4913127, 73.0160084) → (31.4857257, 73.1770598) = 15283.7 m
2026-03-13 12:23:58.740 | DEBUG    | utils.geo_utils:haversine_distance:20 - Haversine: (31.4913127, 73.0160084) → (31.5346891, 73.1818098) = 16440.7 m
2026-03-13 12:23:58.740 | DEBUG    | utils.geo_utils:haversine_distance:20 - Haversine: (31.4913127, 73.0160084) → (31.333427, 73.0645016) = 18149.2 m
2026-03-13 12:23:58.740 | DEBUG    | utils.geo_utils:haversine_distance:20 - Haversine: (31.4913127, 73.0160084) → (31.466307, 73.1034818) = 8748.8 m
2026-03-13 12:23:58.740 | DEBUG    | utils.geo_utils:haversine_distance:20 - Haversine: (31.4913127, 73.0160084) → (31.3792544, 73.0618071) = 13196.2 m
2026-03-13 12:23:58.741 | DEBUG    | utils.geo_utils:haversine_distance:20 - Haversine: (31.4913127, 73.0160084) → (31.3589417, 73.0841457) = 16076.3 m
2026-03-13 12:23:58.741 | DEBUG    | utils.geo_utils:haversine_distance:20 - Haversine: (31.4913127, 73.0160084) → (31.3933848, 73.0742595) = 12211.1 m
2026-03-13 12:23:58.741 | DEBUG    | utils.geo_utils:haversine_distance:20 - Haversine: (31.4913127, 73.0160084) → (31.60253, 73.03485) = 12495.0 m
2026-03-13 12:23:58.741 | DEBUG    | utils.geo_utils:haversine_distance:20 - Haversine: (31.5500271, 73.1353422) → (31.4741405, 73.0215448) = 13695.9 m
2026-03-13 12:23:58.741 | DEBUG    | utils.geo_utils:haversine_distance:20 - Haversine: (31.5500271, 73.1353422) → (31.3947802, 73.0496437) = 19080.2 m
2026-03-13 12:23:58.741 | DEBUG    | utils.geo_utils:haversine_distance:20 - Haversine: (31.5500271, 73.1353422) → (31.512935, 73.0381981) = 10088.7 m
2026-03-13 12:23:58.741 | DEBUG    | utils.geo_utils:haversine_distance:20 - Haversine: (31.5500271, 73.1353422) → (31.3477999, 73.0603287) = 23585.7 m
2026-03-13 12:23:58.741 | DEBUG    | utils.geo_utils:haversine_distance:20 - Haversine: (31.5500271, 73.1353422) → (31.3779513, 73.1223503) = 19173.6 m
2026-03-13 12:23:58.741 | DEBUG    | utils.geo_utils:haversine_distance:20 - Haversine: (31.5500271, 73.1353422) → (31.3276625, 73.1236586) = 24750.6 m
2026-03-13 12:23:58.741 | DEBUG    | utils.geo_utils:haversine_distance:20 - Haversine: (31.5500271, 73.1353422) → (31.4913127, 73.0160084) = 13060.4 m
2026-03-13 12:23:58.741 | DEBUG    | utils.geo_utils:haversine_distance:20 - Haversine: (31.5500271, 73.1353422) → (31.4453195, 73.0674257) = 13305.0 m
2026-03-13 12:23:58.741 | DEBUG    | utils.geo_utils:haversine_distance:20 - Haversine: (31.5500271, 73.1353422) → (31.4697711, 73.0596326) = 11452.1 m
2026-03-13 12:23:58.741 | DEBUG    | utils.geo_utils:haversine_distance:20 - Haversine: (31.5500271, 73.1353422) → (31.4857257, 73.1770598) = 8170.7 m
2026-03-13 12:23:58.741 | DEBUG    | utils.geo_utils:haversine_distance:20 - Haversine: (31.5500271, 73.1353422) → (31.5346891, 73.1818098) = 4722.3 m
2026-03-13 12:23:58.741 | DEBUG    | utils.geo_utils:haversine_distance:20 - Haversine: (31.5500271, 73.1353422) → (31.333427, 73.0645016) = 25004.9 m
2026-03-13 12:23:58.741 | DEBUG    | utils.geo_utils:haversine_distance:20 - Haversine: (31.5500271, 73.1353422) → (31.466307, 73.1034818) = 9787.0 m
2026-03-13 12:23:58.741 | DEBUG    | utils.geo_utils:haversine_distance:20 - Haversine: (31.5500271, 73.1353422) → (31.3792544, 73.0618071) = 20229.4 m
2026-03-13 12:23:58.741 | DEBUG    | utils.geo_utils:haversine_distance:20 - Haversine: (31.5500271, 73.1353422) → (31.3589417, 73.0841457) = 21795.6 m
2026-03-13 12:23:58.741 | DEBUG    | utils.geo_utils:haversine_distance:20 - Haversine: (31.5500271, 73.1353422) → (31.3933848, 73.0742595) = 18355.9 m
2026-03-13 12:23:58.741 | DEBUG    | utils.geo_utils:haversine_distance:20 - Haversine: (31.5500271, 73.1353422) → (31.60253, 73.03485) = 11167.3 m
2026-03-13 12:23:58.741 | DEBUG    | utils.geo_utils:haversine_distance:20 - Haversine: (31.4453195, 73.0674257) → (31.4741405, 73.0215448) = 5404.5 m
2026-03-13 12:23:58.742 | DEBUG    | utils.geo_utils:haversine_distance:20 - Haversine: (31.4453195, 73.0674257) → (31.3947802, 73.0496437) = 5867.6 m
2026-03-13 12:23:58.742 | DEBUG    | utils.geo_utils:haversine_distance:20 - Haversine: (31.4453195, 73.0674257) → (31.512935, 73.0381981) = 8013.1 m
2026-03-13 12:23:58.742 | DEBUG    | utils.geo_utils:haversine_distance:20 - Haversine: (31.4453195, 73.0674257) → (31.3477999, 73.0603287) = 10864.6 m
2026-03-13 12:23:58.742 | DEBUG    | utils.geo_utils:haversine_distance:20 - Haversine: (31.4453195, 73.0674257) → (31.3779513, 73.1223503) = 9125.9 m
2026-03-13 12:23:58.742 | DEBUG    | utils.geo_utils:haversine_distance:20 - Haversine: (31.4453195, 73.0674257) → (31.3276625, 73.1236586) = 14129.9 m
2026-03-13 12:23:58.742 | DEBUG    | utils.geo_utils:haversine_distance:20 - Haversine: (31.4453195, 73.0674257) → (31.4913127, 73.0160084) = 7066.5 m
2026-03-13 12:23:58.742 | DEBUG    | utils.geo_utils:haversine_distance:20 - Haversine: (31.4453195, 73.0674257) → (31.5500271, 73.1353422) = 13305.0 m
2026-03-13 12:23:58.742 | DEBUG    | utils.geo_utils:haversine_distance:20 - Haversine: (31.4453195, 73.0674257) → (31.4697711, 73.0596326) = 2817.6 m
2026-03-13 12:23:58.742 | DEBUG    | utils.geo_utils:haversine_distance:20 - Haversine: (31.4453195, 73.0674257) → (31.4857257, 73.1770598) = 11327.3 m
2026-03-13 12:23:58.742 | DEBUG    | utils.geo_utils:haversine_distance:20 - Haversine: (31.4453195, 73.0674257) → (31.5346891, 73.1818098) = 14710.0 m
2026-03-13 12:23:58.742 | DEBUG    | utils.geo_utils:haversine_distance:20 - Haversine: (31.4453195, 73.0674257) → (31.333427, 73.0645016) = 12445.0 m
2026-03-13 12:23:58.742 | DEBUG    | utils.geo_utils:haversine_distance:20 - Haversine: (31.4453195, 73.0674257) → (31.466307, 73.1034818) = 4140.4 m
2026-03-13 12:23:58.742 | DEBUG    | utils.geo_utils:haversine_distance:20 - Haversine: (31.4453195, 73.0674257) → (31.3792544, 73.0618071) = 7365.4 m
2026-03-13 12:23:58.742 | DEBUG    | utils.geo_utils:haversine_distance:20 - Haversine: (31.4453195, 73.0674257) → (31.3589417, 73.0841457) = 9735.0 m
2026-03-13 12:23:58.742 | DEBUG    | utils.geo_utils:haversine_distance:20 - Haversine: (31.4453195, 73.0674257) → (31.3933848, 73.0742595) = 5811.2 m
2026-03-13 12:23:58.742 | DEBUG    | utils.geo_utils:haversine_distance:20 - Haversine: (31.4453195, 73.0674257) → (31.60253, 73.03485) = 17751.6 m
2026-03-13 12:23:58.744 | DEBUG    | utils.geo_utils:haversine_distance:20 - Haversine: (31.4697711, 73.0596326) → (31.4741405, 73.0215448) = 3644.7 m
2026-03-13 12:23:58.745 | DEBUG    | utils.geo_utils:haversine_distance:20 - Haversine: (31.4697711, 73.0596326) → (31.3947802, 73.0496437) = 8392.3 m
2026-03-13 12:23:58.745 | DEBUG    | utils.geo_utils:haversine_distance:20 - Haversine: (31.4697711, 73.0596326) → (31.512935, 73.0381981) = 5212.2 m
2026-03-13 12:23:58.745 | DEBUG    | utils.geo_utils:haversine_distance:20 - Haversine: (31.4697711, 73.0596326) → (31.3477999, 73.0603287) = 13562.7 m
2026-03-13 12:23:58.745 | DEBUG    | utils.geo_utils:haversine_distance:20 - Haversine: (31.4697711, 73.0596326) → (31.3779513, 73.1223503) = 11817.7 m
2026-03-13 12:23:58.745 | DEBUG    | utils.geo_utils:haversine_distance:20 - Haversine: (31.4697711, 73.0596326) → (31.3276625, 73.1236586) = 16930.0 m
2026-03-13 12:23:58.745 | DEBUG    | utils.geo_utils:haversine_distance:20 - Haversine: (31.4697711, 73.0596326) → (31.4913127, 73.0160084) = 4780.3 m
2026-03-13 12:23:58.745 | DEBUG    | utils.geo_utils:haversine_distance:20 - Haversine: (31.4697711, 73.0596326) → (31.5500271, 73.1353422) = 11452.1 m
2026-03-13 12:23:58.745 | DEBUG    | utils.geo_utils:haversine_distance:20 - Haversine: (31.4697711, 73.0596326) → (31.4453195, 73.0674257) = 2817.6 m
2026-03-13 12:23:58.745 | DEBUG    | utils.geo_utils:haversine_distance:20 - Haversine: (31.4697711, 73.0596326) → (31.4857257, 73.1770598) = 11276.3 m
2026-03-13 12:23:58.745 | DEBUG    | utils.geo_utils:haversine_distance:20 - Haversine: (31.4697711, 73.0596326) → (31.5346891, 73.1818098) = 13648.4 m
2026-03-13 12:23:58.745 | DEBUG    | utils.geo_utils:haversine_distance:20 - Haversine: (31.4697711, 73.0596326) → (31.333427, 73.0645016) = 15167.8 m
2026-03-13 12:23:58.745 | DEBUG    | utils.geo_utils:haversine_distance:20 - Haversine: (31.4697711, 73.0596326) → (31.466307, 73.1034818) = 4176.5 m
2026-03-13 12:23:58.746 | DEBUG    | utils.geo_utils:haversine_distance:20 - Haversine: (31.4697711, 73.0596326) → (31.3792544, 73.0618071) = 10067.1 m
2026-03-13 12:23:58.746 | DEBUG    | utils.geo_utils:haversine_distance:20 - Haversine: (31.4697711, 73.0596326) → (31.3589417, 73.0841457) = 12541.3 m
2026-03-13 12:23:58.746 | DEBUG    | utils.geo_utils:haversine_distance:20 - Haversine: (31.4697711, 73.0596326) → (31.3933848, 73.0742595) = 8606.4 m
2026-03-13 12:23:58.746 | DEBUG    | utils.geo_utils:haversine_distance:20 - Haversine: (31.4697711, 73.0596326) → (31.60253, 73.03485) = 14947.8 m
2026-03-13 12:23:58.746 | DEBUG    | utils.geo_utils:haversine_distance:20 - Haversine: (31.4857257, 73.1770598) → (31.4741405, 73.0215448) = 14803.6 m
2026-03-13 12:23:58.746 | DEBUG    | utils.geo_utils:haversine_distance:20 - Haversine: (31.4857257, 73.1770598) → (31.3947802, 73.0496437) = 15760.2 m
2026-03-13 12:23:58.746 | DEBUG    | utils.geo_utils:haversine_distance:20 - Haversine: (31.4857257, 73.1770598) → (31.512935, 73.0381981) = 13508.6 m
2026-03-13 12:23:58.746 | DEBUG    | utils.geo_utils:haversine_distance:20 - Haversine: (31.4857257, 73.1770598) → (31.3477999, 73.0603287) = 18918.6 m
2026-03-13 12:23:58.746 | DEBUG    | utils.geo_utils:haversine_distance:20 - Haversine: (31.4857257, 73.1770598) → (31.3779513, 73.1223503) = 13059.8 m
2026-03-13 12:23:58.746 | DEBUG    | utils.geo_utils:haversine_distance:20 - Haversine: (31.4857257, 73.1770598) → (31.3276625, 73.1236586) = 18291.9 m
2026-03-13 12:23:58.746 | DEBUG    | utils.geo_utils:haversine_distance:20 - Haversine: (31.4857257, 73.1770598) → (31.4913127, 73.0160084) = 15283.7 m
2026-03-13 12:23:58.746 | DEBUG    | utils.geo_utils:haversine_distance:20 - Haversine: (31.4857257, 73.1770598) → (31.5500271, 73.1353422) = 8170.7 m
2026-03-13 12:23:58.746 | DEBUG    | utils.geo_utils:haversine_distance:20 - Haversine: (31.4857257, 73.1770598) → (31.4453195, 73.0674257) = 11327.3 m
2026-03-13 12:23:58.747 | DEBUG    | utils.geo_utils:haversine_distance:20 - Haversine: (31.4857257, 73.1770598) → (31.4697711, 73.0596326) = 11276.3 m
2026-03-13 12:23:58.747 | DEBUG    | utils.geo_utils:haversine_distance:20 - Haversine: (31.4857257, 73.1770598) → (31.5346891, 73.1818098) = 5463.1 m
2026-03-13 12:23:58.747 | DEBUG    | utils.geo_utils:haversine_distance:20 - Haversine: (31.4857257, 73.1770598) → (31.333427, 73.0645016) = 20022.3 m
2026-03-13 12:23:58.749 | DEBUG    | utils.geo_utils:haversine_distance:20 - Haversine: (31.4857257, 73.1770598) → (31.466307, 73.1034818) = 7304.1 m
2026-03-13 12:23:58.749 | DEBUG    | utils.geo_utils:haversine_distance:20 - Haversine: (31.4857257, 73.1770598) → (31.3792544, 73.0618071) = 16116.3 m
2026-03-13 12:23:58.749 | DEBUG    | utils.geo_utils:haversine_distance:20 - Haversine: (31.4857257, 73.1770598) → (31.3589417, 73.0841457) = 16627.6 m
2026-03-13 12:23:58.749 | DEBUG    | utils.geo_utils:haversine_distance:20 - Haversine: (31.4857257, 73.1770598) → (31.3933848, 73.0742595) = 14161.4 m
2026-03-13 12:23:58.749 | DEBUG    | utils.geo_utils:haversine_distance:20 - Haversine: (31.4857257, 73.1770598) → (31.60253, 73.03485) = 18716.4 m
2026-03-13 12:23:58.749 | DEBUG    | utils.geo_utils:haversine_distance:20 - Haversine: (31.5346891, 73.1818098) → (31.4741405, 73.0215448) = 16618.8 m
2026-03-13 12:23:58.749 | DEBUG    | utils.geo_utils:haversine_distance:20 - Haversine: (31.5346891, 73.1818098) → (31.3947802, 73.0496437) = 19979.0 m
2026-03-13 12:23:58.749 | DEBUG    | utils.geo_utils:haversine_distance:20 - Haversine: (31.5346891, 73.1818098) → (31.512935, 73.0381981) = 13825.5 m
2026-03-13 12:23:58.749 | DEBUG    | utils.geo_utils:haversine_distance:20 - Haversine: (31.5346891, 73.1818098) → (31.3477999, 73.0603287) = 23762.9 m
2026-03-13 12:23:58.749 | DEBUG    | utils.geo_utils:haversine_distance:20 - Haversine: (31.5346891, 73.1818098) → (31.3779513, 73.1223503) = 18318.3 m
2026-03-13 12:23:58.750 | DEBUG    | utils.geo_utils:haversine_distance:20 - Haversine: (31.5346891, 73.1818098) → (31.3276625, 73.1236586) = 23672.2 m
2026-03-13 12:23:58.750 | DEBUG    | utils.geo_utils:haversine_distance:20 - Haversine: (31.5346891, 73.1818098) → (31.4913127, 73.0160084) = 16440.7 m
2026-03-13 12:23:58.750 | DEBUG    | utils.geo_utils:haversine_distance:20 - Haversine: (31.5346891, 73.1818098) → (31.5500271, 73.1353422) = 4722.3 m
2026-03-13 12:23:58.750 | DEBUG    | utils.geo_utils:haversine_distance:20 - Haversine: (31.5346891, 73.1818098) → (31.4453195, 73.0674257) = 14710.0 m
2026-03-13 12:23:58.750 | DEBUG    | utils.geo_utils:haversine_distance:20 - Haversine: (31.5346891, 73.1818098) → (31.4697711, 73.0596326) = 13648.4 m
2026-03-13 12:23:58.750 | DEBUG    | utils.geo_utils:haversine_distance:20 - Haversine: (31.5346891, 73.1818098) → (31.4857257, 73.1770598) = 5463.1 m
2026-03-13 12:23:58.750 | DEBUG    | utils.geo_utils:haversine_distance:20 - Haversine: (31.5346891, 73.1818098) → (31.333427, 73.0645016) = 24994.1 m
2026-03-13 12:23:58.751 | DEBUG    | utils.geo_utils:haversine_distance:20 - Haversine: (31.5346891, 73.1818098) → (31.466307, 73.1034818) = 10628.5 m
2026-03-13 12:23:58.751 | DEBUG    | utils.geo_utils:haversine_distance:20 - Haversine: (31.5346891, 73.1818098) → (31.3792544, 73.0618071) = 20695.0 m
2026-03-13 12:23:58.751 | DEBUG    | utils.geo_utils:haversine_distance:20 - Haversine: (31.5346891, 73.1818098) → (31.3589417, 73.0841457) = 21627.1 m
2026-03-13 12:23:58.751 | DEBUG    | utils.geo_utils:haversine_distance:20 - Haversine: (31.5346891, 73.1818098) → (31.3933848, 73.0742595) = 18733.1 m
2026-03-13 12:23:58.751 | DEBUG    | utils.geo_utils:haversine_distance:20 - Haversine: (31.5346891, 73.1818098) → (31.60253, 73.03485) = 15835.2 m
2026-03-13 12:23:58.751 | DEBUG    | utils.geo_utils:haversine_distance:20 - Haversine: (31.333427, 73.0645016) → (31.4741405, 73.0215448) = 16169.0 m
2026-03-13 12:23:58.752 | DEBUG    | utils.geo_utils:haversine_distance:20 - Haversine: (31.333427, 73.0645016) → (31.3947802, 73.0496437) = 6966.5 m
2026-03-13 12:23:58.752 | DEBUG    | utils.geo_utils:haversine_distance:20 - Haversine: (31.333427, 73.0645016) → (31.512935, 73.0381981) = 20115.8 m
2026-03-13 12:23:58.752 | DEBUG    | utils.geo_utils:haversine_distance:20 - Haversine: (31.333427, 73.0645016) → (31.3477999, 73.0603287) = 1646.6 m
2026-03-13 12:23:58.752 | DEBUG    | utils.geo_utils:haversine_distance:20 - Haversine: (31.333427, 73.0645016) → (31.3779513, 73.1223503) = 7394.9 m
2026-03-13 12:23:58.752 | DEBUG    | utils.geo_utils:haversine_distance:20 - Haversine: (31.333427, 73.0645016) → (31.3276625, 73.1236586) = 5655.2 m
2026-03-13 12:23:58.752 | DEBUG    | utils.geo_utils:haversine_distance:20 - Haversine: (31.333427, 73.0645016) → (31.4913127, 73.0160084) = 18149.2 m
2026-03-13 12:23:58.752 | DEBUG    | utils.geo_utils:haversine_distance:20 - Haversine: (31.333427, 73.0645016) → (31.5500271, 73.1353422) = 25004.9 m
2026-03-13 12:23:58.752 | DEBUG    | utils.geo_utils:haversine_distance:20 - Haversine: (31.333427, 73.0645016) → (31.4453195, 73.0674257) = 12445.0 m
2026-03-13 12:23:58.752 | DEBUG    | utils.geo_utils:haversine_distance:20 - Haversine: (31.333427, 73.0645016) → (31.4697711, 73.0596326) = 15167.8 m
2026-03-13 12:23:58.752 | DEBUG    | utils.geo_utils:haversine_distance:20 - Haversine: (31.333427, 73.0645016) → (31.4857257, 73.1770598) = 20022.3 m
2026-03-13 12:23:58.752 | DEBUG    | utils.geo_utils:haversine_distance:20 - Haversine: (31.333427, 73.0645016) → (31.5346891, 73.1818098) = 24994.1 m
2026-03-13 12:23:58.752 | DEBUG    | utils.geo_utils:haversine_distance:20 - Haversine: (31.333427, 73.0645016) → (31.466307, 73.1034818) = 15231.7 m
2026-03-13 12:23:58.752 | DEBUG    | utils.geo_utils:haversine_distance:20 - Haversine: (31.333427, 73.0645016) → (31.3792544, 73.0618071) = 5102.2 m
2026-03-13 12:23:58.752 | DEBUG    | utils.geo_utils:haversine_distance:20 - Haversine: (31.333427, 73.0645016) → (31.3589417, 73.0841457) = 3395.5 m
2026-03-13 12:23:58.752 | DEBUG    | utils.geo_utils:haversine_distance:20 - Haversine: (31.333427, 73.0645016) → (31.3933848, 73.0742595) = 6731.1 m
2026-03-13 12:23:58.752 | DEBUG    | utils.geo_utils:haversine_distance:20 - Haversine: (31.333427, 73.0645016) → (31.60253, 73.03485) = 30054.7 m
2026-03-13 12:23:58.752 | DEBUG    | utils.geo_utils:haversine_distance:20 - Haversine: (31.466307, 73.1034818) → (31.4741405, 73.0215448) = 7819.5 m
2026-03-13 12:23:58.752 | DEBUG    | utils.geo_utils:haversine_distance:20 - Haversine: (31.466307, 73.1034818) → (31.3947802, 73.0496437) = 9452.5 m
2026-03-13 12:23:58.752 | DEBUG    | utils.geo_utils:haversine_distance:20 - Haversine: (31.466307, 73.1034818) → (31.512935, 73.0381981) = 8074.7 m
2026-03-13 12:23:58.752 | DEBUG    | utils.geo_utils:haversine_distance:20 - Haversine: (31.466307, 73.1034818) → (31.3477999, 73.0603287) = 13799.1 m
2026-03-13 12:23:58.752 | DEBUG    | utils.geo_utils:haversine_distance:20 - Haversine: (31.466307, 73.1034818) → (31.3779513, 73.1223503) = 9986.5 m
2026-03-13 12:23:58.753 | DEBUG    | utils.geo_utils:haversine_distance:20 - Haversine: (31.466307, 73.1034818) → (31.3276625, 73.1236586) = 15535.1 m
2026-03-13 12:23:58.753 | DEBUG    | utils.geo_utils:haversine_distance:20 - Haversine: (31.466307, 73.1034818) → (31.4913127, 73.0160084) = 8748.8 m
2026-03-13 12:23:58.753 | DEBUG    | utils.geo_utils:haversine_distance:20 - Haversine: (31.466307, 73.1034818) → (31.5500271, 73.1353422) = 9787.0 m
2026-03-13 12:23:58.753 | DEBUG    | utils.geo_utils:haversine_distance:20 - Haversine: (31.466307, 73.1034818) → (31.4453195, 73.0674257) = 4140.4 m
2026-03-13 12:23:58.753 | DEBUG    | utils.geo_utils:haversine_distance:20 - Haversine: (31.466307, 73.1034818) → (31.4697711, 73.0596326) = 4176.5 m
2026-03-13 12:23:58.753 | DEBUG    | utils.geo_utils:haversine_distance:20 - Haversine: (31.466307, 73.1034818) → (31.4857257, 73.1770598) = 7304.1 m
2026-03-13 12:23:58.753 | DEBUG    | utils.geo_utils:haversine_distance:20 - Haversine: (31.466307, 73.1034818) → (31.5346891, 73.1818098) = 10628.5 m
2026-03-13 12:23:58.753 | DEBUG    | utils.geo_utils:haversine_distance:20 - Haversine: (31.466307, 73.1034818) → (31.333427, 73.0645016) = 15231.7 m
2026-03-13 12:23:58.753 | DEBUG    | utils.geo_utils:haversine_distance:20 - Haversine: (31.466307, 73.1034818) → (31.3792544, 73.0618071) = 10456.4 m
2026-03-13 12:23:58.753 | DEBUG    | utils.geo_utils:haversine_distance:20 - Haversine: (31.466307, 73.1034818) → (31.3589417, 73.0841457) = 12078.7 m
2026-03-13 12:23:58.754 | DEBUG    | utils.geo_utils:haversine_distance:20 - Haversine: (31.466307, 73.1034818) → (31.3933848, 73.0742595) = 8569.5 m
2026-03-13 12:23:58.754 | DEBUG    | utils.geo_utils:haversine_distance:20 - Haversine: (31.466307, 73.1034818) → (31.60253, 73.03485) = 16484.8 m
2026-03-13 12:23:58.754 | DEBUG    | utils.geo_utils:haversine_distance:20 - Haversine: (31.3792544, 73.0618071) → (31.4741405, 73.0215448) = 11221.2 m
2026-03-13 12:23:58.754 | DEBUG    | utils.geo_utils:haversine_distance:20 - Haversine: (31.3792544, 73.0618071) → (31.3947802, 73.0496437) = 2076.9 m
2026-03-13 12:23:58.754 | DEBUG    | utils.geo_utils:haversine_distance:20 - Haversine: (31.3792544, 73.0618071) → (31.512935, 73.0381981) = 15032.4 m
2026-03-13 12:23:58.754 | DEBUG    | utils.geo_utils:haversine_distance:20 - Haversine: (31.3792544, 73.0618071) → (31.3477999, 73.0603287) = 3500.4 m
2026-03-13 12:23:58.755 | DEBUG    | utils.geo_utils:haversine_distance:20 - Haversine: (31.3792544, 73.0618071) → (31.3779513, 73.1223503) = 5749.3 m
2026-03-13 12:23:58.755 | DEBUG    | utils.geo_utils:haversine_distance:20 - Haversine: (31.3792544, 73.0618071) → (31.3276625, 73.1236586) = 8210.1 m
2026-03-13 12:23:58.755 | DEBUG    | utils.geo_utils:haversine_distance:20 - Haversine: (31.3792544, 73.0618071) → (31.4913127, 73.0160084) = 13196.2 m
2026-03-13 12:23:58.755 | DEBUG    | utils.geo_utils:haversine_distance:20 - Haversine: (31.3792544, 73.0618071) → (31.5500271, 73.1353422) = 20229.4 m
2026-03-13 12:23:58.755 | DEBUG    | utils.geo_utils:haversine_distance:20 - Haversine: (31.3792544, 73.0618071) → (31.4453195, 73.0674257) = 7365.4 m
2026-03-13 12:23:58.755 | DEBUG    | utils.geo_utils:haversine_distance:20 - Haversine: (31.3792544, 73.0618071) → (31.4697711, 73.0596326) = 10067.1 m
2026-03-13 12:23:58.755 | DEBUG    | utils.geo_utils:haversine_distance:20 - Haversine: (31.3792544, 73.0618071) → (31.4857257, 73.1770598) = 16116.3 m
2026-03-13 12:23:58.756 | DEBUG    | utils.geo_utils:haversine_distance:20 - Haversine: (31.3792544, 73.0618071) → (31.5346891, 73.1818098) = 20695.0 m
2026-03-13 12:23:58.756 | DEBUG    | utils.geo_utils:haversine_distance:20 - Haversine: (31.3792544, 73.0618071) → (31.333427, 73.0645016) = 5102.2 m
2026-03-13 12:23:58.756 | DEBUG    | utils.geo_utils:haversine_distance:20 - Haversine: (31.3792544, 73.0618071) → (31.466307, 73.1034818) = 10456.4 m
2026-03-13 12:23:58.756 | DEBUG    | utils.geo_utils:haversine_distance:20 - Haversine: (31.3792544, 73.0618071) → (31.3589417, 73.0841457) = 3098.3 m
2026-03-13 12:23:58.756 | DEBUG    | utils.geo_utils:haversine_distance:20 - Haversine: (31.3792544, 73.0618071) → (31.3933848, 73.0742595) = 1966.2 m
2026-03-13 12:23:58.756 | DEBUG    | utils.geo_utils:haversine_distance:20 - Haversine: (31.3792544, 73.0618071) → (31.60253, 73.03485) = 24958.3 m
2026-03-13 12:23:58.756 | DEBUG    | utils.geo_utils:haversine_distance:20 - Haversine: (31.3589417, 73.0841457) → (31.4741405, 73.0215448) = 14119.9 m
2026-03-13 12:23:58.756 | DEBUG    | utils.geo_utils:haversine_distance:20 - Haversine: (31.3589417, 73.0841457) → (31.3947802, 73.0496437) = 5158.4 m
2026-03-13 12:23:58.756 | DEBUG    | utils.geo_utils:haversine_distance:20 - Haversine: (31.3589417, 73.0841457) → (31.512935, 73.0381981) = 17669.4 m
2026-03-13 12:23:58.756 | DEBUG    | utils.geo_utils:haversine_distance:20 - Haversine: (31.3589417, 73.0841457) → (31.3477999, 73.0603287) = 2578.7 m
2026-03-13 12:23:58.756 | DEBUG    | utils.geo_utils:haversine_distance:20 - Haversine: (31.3589417, 73.0841457) → (31.3779513, 73.1223503) = 4198.2 m
2026-03-13 12:23:58.756 | DEBUG    | utils.geo_utils:haversine_distance:20 - Haversine: (31.3589417, 73.0841457) → (31.3276625, 73.1236586) = 5116.4 m
2026-03-13 12:23:58.757 | DEBUG    | utils.geo_utils:haversine_distance:20 - Haversine: (31.3589417, 73.0841457) → (31.4913127, 73.0160084) = 16076.3 m
2026-03-13 12:23:58.757 | DEBUG    | utils.geo_utils:haversine_distance:20 - Haversine: (31.3589417, 73.0841457) → (31.5500271, 73.1353422) = 21795.6 m
2026-03-13 12:23:58.757 | DEBUG    | utils.geo_utils:haversine_distance:20 - Haversine: (31.3589417, 73.0841457) → (31.4453195, 73.0674257) = 9735.0 m
2026-03-13 12:23:58.757 | DEBUG    | utils.geo_utils:haversine_distance:20 - Haversine: (31.3589417, 73.0841457) → (31.4697711, 73.0596326) = 12541.3 m
2026-03-13 12:23:58.757 | DEBUG    | utils.geo_utils:haversine_distance:20 - Haversine: (31.3589417, 73.0841457) → (31.4857257, 73.1770598) = 16627.6 m
2026-03-13 12:23:58.757 | DEBUG    | utils.geo_utils:haversine_distance:20 - Haversine: (31.3589417, 73.0841457) → (31.5346891, 73.1818098) = 21627.1 m
2026-03-13 12:23:58.757 | DEBUG    | utils.geo_utils:haversine_distance:20 - Haversine: (31.3589417, 73.0841457) → (31.333427, 73.0645016) = 3395.5 m
2026-03-13 12:23:58.757 | DEBUG    | utils.geo_utils:haversine_distance:20 - Haversine: (31.3589417, 73.0841457) → (31.466307, 73.1034818) = 12078.7 m
2026-03-13 12:23:58.758 | DEBUG    | utils.geo_utils:haversine_distance:20 - Haversine: (31.3589417, 73.0841457) → (31.3792544, 73.0618071) = 3098.3 m
2026-03-13 12:23:58.758 | DEBUG    | utils.geo_utils:haversine_distance:20 - Haversine: (31.3589417, 73.0841457) → (31.3933848, 73.0742595) = 3943.2 m
2026-03-13 12:23:58.758 | DEBUG    | utils.geo_utils:haversine_distance:20 - Haversine: (31.3589417, 73.0841457) → (31.60253, 73.03485) = 27486.2 m
2026-03-13 12:23:58.758 | DEBUG    | utils.geo_utils:haversine_distance:20 - Haversine: (31.3933848, 73.0742595) → (31.4741405, 73.0215448) = 10278.5 m
2026-03-13 12:23:58.758 | DEBUG    | utils.geo_utils:haversine_distance:20 - Haversine: (31.3933848, 73.0742595) → (31.3947802, 73.0496437) = 2341.6 m
2026-03-13 12:23:58.758 | DEBUG    | utils.geo_utils:haversine_distance:20 - Haversine: (31.3933848, 73.0742595) → (31.512935, 73.0381981) = 13726.4 m
2026-03-13 12:23:58.758 | DEBUG    | utils.geo_utils:haversine_distance:20 - Haversine: (31.3933848, 73.0742595) → (31.3477999, 73.0603287) = 5238.5 m
2026-03-13 12:23:58.758 | DEBUG    | utils.geo_utils:haversine_distance:20 - Haversine: (31.3933848, 73.0742595) → (31.3779513, 73.1223503) = 4876.9 m
2026-03-13 12:23:58.759 | DEBUG    | utils.geo_utils:haversine_distance:20 - Haversine: (31.3933848, 73.0742595) → (31.3276625, 73.1236586) = 8683.7 m
2026-03-13 12:23:58.759 | DEBUG    | utils.geo_utils:haversine_distance:20 - Haversine: (31.3933848, 73.0742595) → (31.4913127, 73.0160084) = 12211.1 m
2026-03-13 12:23:58.759 | DEBUG    | utils.geo_utils:haversine_distance:20 - Haversine: (31.3933848, 73.0742595) → (31.5500271, 73.1353422) = 18355.9 m
2026-03-13 12:23:58.759 | DEBUG    | utils.geo_utils:haversine_distance:20 - Haversine: (31.3933848, 73.0742595) → (31.4453195, 73.0674257) = 5811.2 m
2026-03-13 12:23:58.759 | DEBUG    | utils.geo_utils:haversine_distance:20 - Haversine: (31.3933848, 73.0742595) → (31.4697711, 73.0596326) = 8606.4 m
2026-03-13 12:23:58.759 | DEBUG    | utils.geo_utils:haversine_distance:20 - Haversine: (31.3933848, 73.0742595) → (31.4857257, 73.1770598) = 14161.4 m
2026-03-13 12:23:58.759 | DEBUG    | utils.geo_utils:haversine_distance:20 - Haversine: (31.3933848, 73.0742595) → (31.5346891, 73.1818098) = 18733.1 m
2026-03-13 12:23:58.760 | DEBUG    | utils.geo_utils:haversine_distance:20 - Haversine: (31.3933848, 73.0742595) → (31.333427, 73.0645016) = 6731.1 m
2026-03-13 12:23:58.760 | DEBUG    | utils.geo_utils:haversine_distance:20 - Haversine: (31.3933848, 73.0742595) → (31.466307, 73.1034818) = 8569.5 m
2026-03-13 12:23:58.760 | DEBUG    | utils.geo_utils:haversine_distance:20 - Haversine: (31.3933848, 73.0742595) → (31.3792544, 73.0618071) = 1966.2 m
2026-03-13 12:23:58.760 | DEBUG    | utils.geo_utils:haversine_distance:20 - Haversine: (31.3933848, 73.0742595) → (31.3589417, 73.0841457) = 3943.2 m
2026-03-13 12:23:58.760 | DEBUG    | utils.geo_utils:haversine_distance:20 - Haversine: (31.3933848, 73.0742595) → (31.60253, 73.03485) = 23554.1 m
2026-03-13 12:23:58.760 | DEBUG    | utils.geo_utils:haversine_distance:20 - Haversine: (31.60253, 73.03485) → (31.4741405, 73.0215448) = 14331.8 m
2026-03-13 12:23:58.760 | DEBUG    | utils.geo_utils:haversine_distance:20 - Haversine: (31.60253, 73.03485) → (31.3947802, 73.0496437) = 23143.3 m
2026-03-13 12:23:58.761 | DEBUG    | utils.geo_utils:haversine_distance:20 - Haversine: (31.60253, 73.03485) → (31.512935, 73.0381981) = 9967.6 m
2026-03-13 12:23:58.761 | DEBUG    | utils.geo_utils:haversine_distance:20 - Haversine: (31.60253, 73.03485) → (31.3477999, 73.0603287) = 28427.6 m
2026-03-13 12:23:58.761 | DEBUG    | utils.geo_utils:haversine_distance:20 - Haversine: (31.60253, 73.03485) → (31.3779513, 73.1223503) = 26314.2 m
2026-03-13 12:23:58.761 | DEBUG    | utils.geo_utils:haversine_distance:20 - Haversine: (31.60253, 73.03485) → (31.3276625, 73.1236586) = 31703.3 m
2026-03-13 12:23:58.761 | DEBUG    | utils.geo_utils:haversine_distance:20 - Haversine: (31.60253, 73.03485) → (31.4913127, 73.0160084) = 12495.0 m
2026-03-13 12:23:58.761 | DEBUG    | utils.geo_utils:haversine_distance:20 - Haversine: (31.60253, 73.03485) → (31.5500271, 73.1353422) = 11167.3 m
2026-03-13 12:23:58.761 | DEBUG    | utils.geo_utils:haversine_distance:20 - Haversine: (31.60253, 73.03485) → (31.4453195, 73.0674257) = 17751.6 m
2026-03-13 12:23:58.762 | DEBUG    | utils.geo_utils:haversine_distance:20 - Haversine: (31.60253, 73.03485) → (31.4697711, 73.0596326) = 14947.8 m
2026-03-13 12:23:58.762 | DEBUG    | utils.geo_utils:haversine_distance:20 - Haversine: (31.60253, 73.03485) → (31.4857257, 73.1770598) = 18716.4 m
2026-03-13 12:23:58.762 | DEBUG    | utils.geo_utils:haversine_distance:20 - Haversine: (31.60253, 73.03485) → (31.5346891, 73.1818098) = 15835.2 m
2026-03-13 12:23:58.762 | DEBUG    | utils.geo_utils:haversine_distance:20 - Haversine: (31.60253, 73.03485) → (31.333427, 73.0645016) = 30054.7 m
2026-03-13 12:23:58.763 | DEBUG    | utils.geo_utils:haversine_distance:20 - Haversine: (31.60253, 73.03485) → (31.466307, 73.1034818) = 16484.8 m
2026-03-13 12:23:58.763 | DEBUG    | utils.geo_utils:haversine_distance:20 - Haversine: (31.60253, 73.03485) → (31.3792544, 73.0618071) = 24958.3 m
2026-03-13 12:23:58.763 | DEBUG    | utils.geo_utils:haversine_distance:20 - Haversine: (31.60253, 73.03485) → (31.3589417, 73.0841457) = 27486.2 m
2026-03-13 12:23:58.763 | DEBUG    | utils.geo_utils:haversine_distance:20 - Haversine: (31.60253, 73.03485) → (31.3933848, 73.0742595) = 23554.1 m
2026-03-13 12:23:58.764 | INFO     | optimization.tsp_solver:compute_haversine_matrix:58 - Fallback haversine matrix computed
2026-03-13 12:24:13.815 | INFO     | optimization.tsp_solver:solve_tsp:123 - TSP solved: 17 stops, distance 77942 m, objective 77942
2026-03-13 12:24:13.816 | DEBUG    | optimization.tsp_solver:solve_tsp:124 - Order: ['unknown', 'unknown', 'unknown', 'unknown', 'unknown', 'unknown', 'unknown', 'unknown', 'unknown', 'unknown', 'unknown', 'unknown', 'unknown', 'unknown', 'unknown', 'unknown', 'unknown']
2026-03-13 12:24:13.816 | DEBUG    | optimization.route_generator:generate_route_path:57 - Requesting ORS route with 18 waypoints
2026-03-13 12:24:24.857 | ERROR    | optimization.route_generator:generate_route_path:91 - Route generation failed: HTTPSConnectionPool(host='api.openrouteservice.org', port=443): Max retries exceeded with url: /v2/directions/driving-hgv/geojson (Caused by NameResolutionError("HTTPSConnection(host='api.openrouteservice.org', port=443): Failed to resolve 'api.openrouteservice.org' ([Errno 11002] getaddrinfo failed)"))
2026-03-13 12:24:24.858 | WARNING  | optimization.store_routes:store_optimized_routes:247 - Cluster 0: route geometry failed — skipped
2026-03-13 12:24:24.859 | INFO     | optimization.store_routes:store_optimized_routes:331 - Phase 2: back-filling route_id on 0 stop documents…
2026-03-13 12:24:24.859 | INFO     | optimization.store_routes:store_optimized_routes:358 - Done. Routes stored: 0 | Stops stored: 0
2026-03-13 12:24:24.859 | INFO     | api.main:run_optimization:64 - Pipeline completed successfully | 1 buses processed
2026-03-13 12:33:31.547 | INFO     | api.main:run_optimization:29 - Starting full route optimization pipeline
2026-03-13 12:33:35.497 | INFO     | data_pipeline.student_loader:load_student_stops:42 - Loaded 20 student stops from Firestore
2026-03-13 12:33:35.498 | DEBUG    | data_pipeline.student_loader:load_student_stops:43 - First 3 stops (sample): [{'student_id': 'test_001', 'name': 'Test Student 1', 'roll_no': 'TEST-7277', 'lat': 31.4741405, 'lng': 73.0215448, 'student_count': 1, 'contact': '03351205345', 'semester': 'Spring 2026', 'fee_status': 'unpaid', 'registration_status': 'pending'}, {'student_id': 'test_002', 'name': 'Test Student 2', 'roll_no': 'TEST-2113', 'lat': 31.3947802, 'lng': 73.0496437, 'student_count': 1, 'contact': '03290191261', 'semester': 'Spring 2026', 'fee_status': 'unpaid', 'registration_status': 'pending'}, {'student_id': 'test_003', 'name': 'Test Student 3', 'roll_no': 'TEST-1468', 'lat': 31.512935, 'lng': 73.0381981, 'student_count': 1, 'contact': '03636076608', 'semester': 'Spring 2026', 'fee_status': 'unpaid', 'registration_status': 'pending'}]
2026-03-13 12:33:35.498 | INFO     | osm.fetch_roads:fetch_or_load_road_graph:19 - Loading cached Faisalabad road graph...
2026-03-13 12:33:45.665 | INFO     | osm.fetch_roads:fetch_or_load_road_graph:21 - Loaded graph with 50872 nodes and 144715 edges
2026-03-13 12:33:45.906 | INFO     | osm.road_filter:filter_main_roads:38 - Filtered graph:
2026-03-13 12:33:45.948 | INFO     | osm.road_filter:filter_main_roads:39 -   Original: 50872 nodes, 144715 edges
2026-03-13 12:33:46.142 | INFO     | osm.road_filter:filter_main_roads:40 -   After filter (main roads only): 7460 nodes, 12863 edges
2026-03-13 12:33:46.520 | DEBUG    | utils.distance_utils:build_node_balltree:29 - Built BallTree with 7460 nodes
2026-03-13 12:33:46.522 | DEBUG    | utils.geo_utils:haversine_distance:20 - Haversine: (31.4741405, 73.0215448) → (31.4741405, 73.0215448) = 0.0 m
2026-03-13 12:33:46.522 | DEBUG    | utils.distance_utils:find_nearest_road_point:56 - Nearest road node to (31.4741405, 73.0215448): (31.474141, 73.021545) — 0.0m
2026-03-13 12:33:46.522 | DEBUG    | utils.geo_utils:haversine_distance:20 - Haversine: (31.4741405, 73.0215448) → (31.4741405, 73.0215448) = 0.0 m
2026-03-13 12:33:46.522 | DEBUG    | data_pipeline.stop_builder:snap_stops_to_roads:38 - Snapped Test Student 1 (TEST-7277): 0.0m
2026-03-13 12:33:46.545 | DEBUG    | utils.distance_utils:build_node_balltree:29 - Built BallTree with 7460 nodes
2026-03-13 12:33:46.547 | DEBUG    | utils.geo_utils:haversine_distance:20 - Haversine: (31.3947802, 73.0496437) → (31.3947802, 73.0496437) = 0.0 m
2026-03-13 12:33:46.547 | DEBUG    | utils.distance_utils:find_nearest_road_point:56 - Nearest road node to (31.3947802, 73.0496437): (31.394780, 73.049644) — 0.0m
2026-03-13 12:33:46.547 | DEBUG    | utils.geo_utils:haversine_distance:20 - Haversine: (31.3947802, 73.0496437) → (31.3947802, 73.0496437) = 0.0 m
2026-03-13 12:33:46.547 | DEBUG    | data_pipeline.stop_builder:snap_stops_to_roads:38 - Snapped Test Student 2 (TEST-2113): 0.0m
2026-03-13 12:33:46.572 | DEBUG    | utils.distance_utils:build_node_balltree:29 - Built BallTree with 7460 nodes
2026-03-13 12:33:46.573 | DEBUG    | utils.geo_utils:haversine_distance:20 - Haversine: (31.512935, 73.0381981) → (31.512935, 73.0381981) = 0.0 m
2026-03-13 12:33:46.573 | DEBUG    | utils.distance_utils:find_nearest_road_point:56 - Nearest road node to (31.512935, 73.0381981): (31.512935, 73.038198) — 0.0m
2026-03-13 12:33:46.573 | DEBUG    | utils.geo_utils:haversine_distance:20 - Haversine: (31.512935, 73.0381981) → (31.512935, 73.0381981) = 0.0 m
2026-03-13 12:33:46.573 | DEBUG    | data_pipeline.stop_builder:snap_stops_to_roads:38 - Snapped Test Student 3 (TEST-1468): 0.0m
2026-03-13 12:33:46.602 | DEBUG    | utils.distance_utils:build_node_balltree:29 - Built BallTree with 7460 nodes
2026-03-13 12:33:46.604 | DEBUG    | utils.geo_utils:haversine_distance:20 - Haversine: (31.3477999, 73.0603287) → (31.3477999, 73.0603287) = 0.0 m
2026-03-13 12:33:46.604 | DEBUG    | utils.distance_utils:find_nearest_road_point:56 - Nearest road node to (31.3477999, 73.0603287): (31.347800, 73.060329) — 0.0m
2026-03-13 12:33:46.604 | DEBUG    | utils.geo_utils:haversine_distance:20 - Haversine: (31.3477999, 73.0603287) → (31.3477999, 73.0603287) = 0.0 m
2026-03-13 12:33:46.604 | DEBUG    | data_pipeline.stop_builder:snap_stops_to_roads:38 - Snapped Test Student 4 (TEST-5494): 0.0m
2026-03-13 12:33:46.636 | DEBUG    | utils.distance_utils:build_node_balltree:29 - Built BallTree with 7460 nodes
2026-03-13 12:33:46.636 | DEBUG    | utils.geo_utils:haversine_distance:20 - Haversine: (31.3779513, 73.1223503) → (31.3779513, 73.1223503) = 0.0 m
2026-03-13 12:33:46.637 | DEBUG    | utils.distance_utils:find_nearest_road_point:56 - Nearest road node to (31.3779513, 73.1223503): (31.377951, 73.122350) — 0.0m
2026-03-13 12:33:46.637 | DEBUG    | utils.geo_utils:haversine_distance:20 - Haversine: (31.3779513, 73.1223503) → (31.3779513, 73.1223503) = 0.0 m
2026-03-13 12:33:46.637 | DEBUG    | data_pipeline.stop_builder:snap_stops_to_roads:38 - Snapped Test Student 5 (TEST-6897): 0.0m
2026-03-13 12:33:46.670 | DEBUG    | utils.distance_utils:build_node_balltree:29 - Built BallTree with 7460 nodes
2026-03-13 12:33:46.672 | DEBUG    | utils.geo_utils:haversine_distance:20 - Haversine: (31.3276625, 73.1236586) → (31.3276625, 73.1236586) = 0.0 m
2026-03-13 12:33:46.672 | DEBUG    | utils.distance_utils:find_nearest_road_point:56 - Nearest road node to (31.3276625, 73.1236586): (31.327662, 73.123659) — 0.0m
2026-03-13 12:33:46.673 | DEBUG    | utils.geo_utils:haversine_distance:20 - Haversine: (31.3276625, 73.1236586) → (31.3276625, 73.1236586) = 0.0 m
2026-03-13 12:33:46.673 | DEBUG    | data_pipeline.stop_builder:snap_stops_to_roads:38 - Snapped Test Student 6 (TEST-8925): 0.0m
2026-03-13 12:33:46.718 | DEBUG    | utils.distance_utils:build_node_balltree:29 - Built BallTree with 7460 nodes
2026-03-13 12:33:46.721 | DEBUG    | utils.geo_utils:haversine_distance:20 - Haversine: (31.4913127, 73.0160084) → (31.4913127, 73.0160084) = 0.0 m
2026-03-13 12:33:46.721 | DEBUG    | utils.distance_utils:find_nearest_road_point:56 - Nearest road node to (31.4913127, 73.0160084): (31.491313, 73.016008) — 0.0m
2026-03-13 12:33:46.722 | DEBUG    | utils.geo_utils:haversine_distance:20 - Haversine: (31.4913127, 73.0160084) → (31.4913127, 73.0160084) = 0.0 m
2026-03-13 12:33:46.722 | DEBUG    | data_pipeline.stop_builder:snap_stops_to_roads:38 - Snapped Test Student 7 (TEST-3079): 0.0m
2026-03-13 12:33:46.774 | DEBUG    | utils.distance_utils:build_node_balltree:29 - Built BallTree with 7460 nodes
2026-03-13 12:33:46.776 | DEBUG    | utils.geo_utils:haversine_distance:20 - Haversine: (31.5500271, 73.1353422) → (31.5500271, 73.1353422) = 0.0 m
2026-03-13 12:33:46.776 | DEBUG    | utils.distance_utils:find_nearest_road_point:56 - Nearest road node to (31.5500271, 73.1353422): (31.550027, 73.135342) — 0.0m
2026-03-13 12:33:46.776 | DEBUG    | utils.geo_utils:haversine_distance:20 - Haversine: (31.5500271, 73.1353422) → (31.5500271, 73.1353422) = 0.0 m
2026-03-13 12:33:46.776 | DEBUG    | data_pipeline.stop_builder:snap_stops_to_roads:38 - Snapped Test Student 8 (TEST-7822): 0.0m
2026-03-13 12:33:46.826 | DEBUG    | utils.distance_utils:build_node_balltree:29 - Built BallTree with 7460 nodes
2026-03-13 12:33:46.827 | DEBUG    | utils.geo_utils:haversine_distance:20 - Haversine: (31.4453195, 73.0674257) → (31.4453195, 73.0674257) = 0.0 m
2026-03-13 12:33:46.827 | DEBUG    | utils.distance_utils:find_nearest_road_point:56 - Nearest road node to (31.4453195, 73.0674257): (31.445320, 73.067426) — 0.0m
2026-03-13 12:33:46.828 | DEBUG    | utils.geo_utils:haversine_distance:20 - Haversine: (31.4453195, 73.0674257) → (31.4453195, 73.0674257) = 0.0 m
2026-03-13 12:33:46.828 | DEBUG    | data_pipeline.stop_builder:snap_stops_to_roads:38 - Snapped Test Student 9 (TEST-5087): 0.0m
2026-03-13 12:33:46.870 | DEBUG    | utils.distance_utils:build_node_balltree:29 - Built BallTree with 7460 nodes
2026-03-13 12:33:46.872 | DEBUG    | utils.geo_utils:haversine_distance:20 - Haversine: (31.4697711, 73.0596326) → (31.4697711, 73.0596326) = 0.0 m
2026-03-13 12:33:46.872 | DEBUG    | utils.distance_utils:find_nearest_road_point:56 - Nearest road node to (31.4697711, 73.0596326): (31.469771, 73.059633) — 0.0m
2026-03-13 12:33:46.873 | DEBUG    | utils.geo_utils:haversine_distance:20 - Haversine: (31.4697711, 73.0596326) → (31.4697711, 73.0596326) = 0.0 m
2026-03-13 12:33:46.873 | DEBUG    | data_pipeline.stop_builder:snap_stops_to_roads:38 - Snapped Test Student 10 (TEST-9270): 0.0m
2026-03-13 12:33:46.906 | DEBUG    | utils.distance_utils:build_node_balltree:29 - Built BallTree with 7460 nodes
2026-03-13 12:33:46.908 | DEBUG    | utils.geo_utils:haversine_distance:20 - Haversine: (31.35814771739733, 73.19797994220208) → (31.3636092, 73.1880587) = 1120.8 m
2026-03-13 12:33:46.908 | DEBUG    | utils.distance_utils:find_nearest_road_point:56 - Nearest road node to (31.35814771739733, 73.19797994220208): (31.363609, 73.188059) — 1120.8m
2026-03-13 12:33:46.909 | DEBUG    | utils.geo_utils:haversine_distance:20 - Haversine: (31.35814771739733, 73.19797994220208) → (31.3636092, 73.1880587) = 1120.8 m
2026-03-13 12:33:46.909 | WARNING  | data_pipeline.stop_builder:snap_stops_to_roads:40 - Stop Test Student 11 too far from main road (1120.8m) → skipped
2026-03-13 12:33:46.954 | DEBUG    | utils.distance_utils:build_node_balltree:29 - Built BallTree with 7460 nodes
2026-03-13 12:33:46.956 | DEBUG    | utils.geo_utils:haversine_distance:20 - Haversine: (31.458963501324437, 73.00280007215052) → (31.4470459, 72.9992853) = 1366.5 m
2026-03-13 12:33:46.957 | DEBUG    | utils.distance_utils:find_nearest_road_point:56 - Nearest road node to (31.458963501324437, 73.00280007215052): (31.447046, 72.999285) — 1366.5m
2026-03-13 12:33:46.958 | DEBUG    | utils.geo_utils:haversine_distance:20 - Haversine: (31.458963501324437, 73.00280007215052) → (31.4470459, 72.9992853) = 1366.5 m
2026-03-13 12:33:46.958 | WARNING  | data_pipeline.stop_builder:snap_stops_to_roads:40 - Stop Test Student 12 too far from main road (1366.5m) → skipped
2026-03-13 12:33:47.011 | DEBUG    | utils.distance_utils:build_node_balltree:29 - Built BallTree with 7460 nodes
2026-03-13 12:33:47.012 | DEBUG    | utils.geo_utils:haversine_distance:20 - Haversine: (31.4857257, 73.1770598) → (31.4857257, 73.1770598) = 0.0 m
2026-03-13 12:33:47.012 | DEBUG    | utils.distance_utils:find_nearest_road_point:56 - Nearest road node to (31.4857257, 73.1770598): (31.485726, 73.177060) — 0.0m
2026-03-13 12:33:47.013 | DEBUG    | utils.geo_utils:haversine_distance:20 - Haversine: (31.4857257, 73.1770598) → (31.4857257, 73.1770598) = 0.0 m
2026-03-13 12:33:47.013 | DEBUG    | data_pipeline.stop_builder:snap_stops_to_roads:38 - Snapped Test Student 13 (TEST-4969): 0.0m
2026-03-13 12:33:47.047 | DEBUG    | utils.distance_utils:build_node_balltree:29 - Built BallTree with 7460 nodes
2026-03-13 12:33:47.051 | DEBUG    | utils.geo_utils:haversine_distance:20 - Haversine: (31.5346891, 73.1818098) → (31.5346891, 73.1818098) = 0.0 m
2026-03-13 12:33:47.052 | DEBUG    | utils.distance_utils:find_nearest_road_point:56 - Nearest road node to (31.5346891, 73.1818098): (31.534689, 73.181810) — 0.0m
2026-03-13 12:33:47.052 | DEBUG    | utils.geo_utils:haversine_distance:20 - Haversine: (31.5346891, 73.1818098) → (31.5346891, 73.1818098) = 0.0 m
2026-03-13 12:33:47.052 | DEBUG    | data_pipeline.stop_builder:snap_stops_to_roads:38 - Snapped Test Student 14 (TEST-2794): 0.0m
2026-03-13 12:33:47.089 | DEBUG    | utils.distance_utils:build_node_balltree:29 - Built BallTree with 7460 nodes
2026-03-13 12:33:47.090 | DEBUG    | utils.geo_utils:haversine_distance:20 - Haversine: (31.333427, 73.0645016) → (31.333427, 73.0645016) = 0.0 m
2026-03-13 12:33:47.090 | DEBUG    | utils.distance_utils:find_nearest_road_point:56 - Nearest road node to (31.333427, 73.0645016): (31.333427, 73.064502) — 0.0m
2026-03-13 12:33:47.090 | DEBUG    | utils.geo_utils:haversine_distance:20 - Haversine: (31.333427, 73.0645016) → (31.333427, 73.0645016) = 0.0 m
2026-03-13 12:33:47.090 | DEBUG    | data_pipeline.stop_builder:snap_stops_to_roads:38 - Snapped Test Student 15 (TEST-6292): 0.0m
2026-03-13 12:33:47.133 | DEBUG    | utils.distance_utils:build_node_balltree:29 - Built BallTree with 7460 nodes
2026-03-13 12:33:47.135 | DEBUG    | utils.geo_utils:haversine_distance:20 - Haversine: (31.466307, 73.1034818) → (31.466307, 73.1034818) = 0.0 m
2026-03-13 12:33:47.136 | DEBUG    | utils.distance_utils:find_nearest_road_point:56 - Nearest road node to (31.466307, 73.1034818): (31.466307, 73.103482) — 0.0m
2026-03-13 12:33:47.136 | DEBUG    | utils.geo_utils:haversine_distance:20 - Haversine: (31.466307, 73.1034818) → (31.466307, 73.1034818) = 0.0 m
2026-03-13 12:33:47.137 | DEBUG    | data_pipeline.stop_builder:snap_stops_to_roads:38 - Snapped Test Student 16 (TEST-3855): 0.0m
2026-03-13 12:33:47.179 | DEBUG    | utils.distance_utils:build_node_balltree:29 - Built BallTree with 7460 nodes
2026-03-13 12:33:47.183 | DEBUG    | utils.geo_utils:haversine_distance:20 - Haversine: (31.3792544, 73.0618071) → (31.3792544, 73.0618071) = 0.0 m
2026-03-13 12:33:47.183 | DEBUG    | utils.distance_utils:find_nearest_road_point:56 - Nearest road node to (31.3792544, 73.0618071): (31.379254, 73.061807) — 0.0m
2026-03-13 12:33:47.183 | DEBUG    | utils.geo_utils:haversine_distance:20 - Haversine: (31.3792544, 73.0618071) → (31.3792544, 73.0618071) = 0.0 m
2026-03-13 12:33:47.184 | DEBUG    | data_pipeline.stop_builder:snap_stops_to_roads:38 - Snapped Test Student 17 (TEST-1915): 0.0m
2026-03-13 12:33:47.222 | DEBUG    | utils.distance_utils:build_node_balltree:29 - Built BallTree with 7460 nodes
2026-03-13 12:33:47.225 | DEBUG    | utils.geo_utils:haversine_distance:20 - Haversine: (31.35190948529881, 73.02203898223841) → (31.3643888, 73.012393) = 1662.7 m
2026-03-13 12:33:47.225 | DEBUG    | utils.distance_utils:find_nearest_road_point:56 - Nearest road node to (31.35190948529881, 73.02203898223841): (31.364389, 73.012393) — 1662.7m
2026-03-13 12:33:47.226 | DEBUG    | utils.geo_utils:haversine_distance:20 - Haversine: (31.35190948529881, 73.02203898223841) → (31.3643888, 73.012393) = 1662.7 m
2026-03-13 12:33:47.226 | WARNING  | data_pipeline.stop_builder:snap_stops_to_roads:40 - Stop Test Student 18 too far from main road (1662.7m) → skipped
2026-03-13 12:33:47.271 | DEBUG    | utils.distance_utils:build_node_balltree:29 - Built BallTree with 7460 nodes
2026-03-13 12:33:47.272 | DEBUG    | utils.geo_utils:haversine_distance:20 - Haversine: (31.3589417, 73.0841457) → (31.3589417, 73.0841457) = 0.0 m
2026-03-13 12:33:47.273 | DEBUG    | utils.distance_utils:find_nearest_road_point:56 - Nearest road node to (31.3589417, 73.0841457): (31.358942, 73.084146) — 0.0m
2026-03-13 12:33:47.273 | DEBUG    | utils.geo_utils:haversine_distance:20 - Haversine: (31.3589417, 73.0841457) → (31.3589417, 73.0841457) = 0.0 m
2026-03-13 12:33:47.273 | DEBUG    | data_pipeline.stop_builder:snap_stops_to_roads:38 - Snapped Test Student 19 (TEST-9501): 0.0m
2026-03-13 12:33:47.300 | DEBUG    | utils.distance_utils:build_node_balltree:29 - Built BallTree with 7460 nodes
2026-03-13 12:33:47.302 | DEBUG    | utils.geo_utils:haversine_distance:20 - Haversine: (31.3933848, 73.0742595) → (31.3933848, 73.0742595) = 0.0 m
2026-03-13 12:33:47.302 | DEBUG    | utils.distance_utils:find_nearest_road_point:56 - Nearest road node to (31.3933848, 73.0742595): (31.393385, 73.074259) — 0.0m
2026-03-13 12:33:47.302 | DEBUG    | utils.geo_utils:haversine_distance:20 - Haversine: (31.3933848, 73.0742595) → (31.3933848, 73.0742595) = 0.0 m
2026-03-13 12:33:47.303 | DEBUG    | data_pipeline.stop_builder:snap_stops_to_roads:38 - Snapped Test Student 20 (TEST-6324): 0.0m
2026-03-13 12:33:47.303 | INFO     | data_pipeline.stop_builder:snap_stops_to_roads:47 - Snapping complete:
2026-03-13 12:33:47.303 | INFO     | data_pipeline.stop_builder:snap_stops_to_roads:48 -   Input stops: 20
2026-03-13 12:33:47.304 | INFO     | data_pipeline.stop_builder:snap_stops_to_roads:49 -   Snapped successfully: 17
2026-03-13 12:33:47.304 | INFO     | data_pipeline.stop_builder:snap_stops_to_roads:50 -   Skipped (too far): 3
2026-03-13 12:33:47.304 | DEBUG    | data_pipeline.stop_builder:snap_stops_to_roads:53 - First snapped stop example: {'student_id': 'test_001', 'name': 'Test Student 1', 'roll_no': 'TEST-7277', 'lat': 31.4741405, 'lng': 73.0215448, 'student_count': 1, 'contact': '03351205345', 'semester': 'Spring 2026', 'fee_status': 'unpaid', 'registration_status': 'pending', 'original_lat': 31.4741405, 'original_lng': 73.0215448, 'snap_distance_m': 0.0}
2026-03-13 12:33:47.304 | DEBUG    | utils.geo_utils:haversine_distance:20 - Haversine: (31.3947802, 73.0496437) → (31.4741405, 73.0215448) = 9218.4 m
2026-03-13 12:33:47.304 | DEBUG    | utils.geo_utils:haversine_distance:20 - Haversine: (31.512935, 73.0381981) → (31.4741405, 73.0215448) = 4593.7 m
2026-03-13 12:33:47.304 | DEBUG    | utils.geo_utils:haversine_distance:20 - Haversine: (31.512935, 73.0381981) → (31.3947802, 73.0496437) = 13183.0 m
2026-03-13 12:33:47.304 | DEBUG    | utils.geo_utils:haversine_distance:20 - Haversine: (31.3477999, 73.0603287) → (31.4741405, 73.0215448) = 14522.6 m
2026-03-13 12:33:47.304 | DEBUG    | utils.geo_utils:haversine_distance:20 - Haversine: (31.3477999, 73.0603287) → (31.3947802, 73.0496437) = 5321.6 m
2026-03-13 12:33:47.304 | DEBUG    | utils.geo_utils:haversine_distance:20 - Haversine: (31.3477999, 73.0603287) → (31.512935, 73.0381981) = 18481.9 m
2026-03-13 12:33:47.305 | DEBUG    | utils.geo_utils:haversine_distance:20 - Haversine: (31.3779513, 73.1223503) → (31.4741405, 73.0215448) = 14348.7 m
2026-03-13 12:33:47.305 | DEBUG    | utils.geo_utils:haversine_distance:20 - Haversine: (31.3779513, 73.1223503) → (31.3947802, 73.0496437) = 7150.8 m
2026-03-13 12:33:47.305 | DEBUG    | utils.geo_utils:haversine_distance:20 - Haversine: (31.3779513, 73.1223503) → (31.512935, 73.0381981) = 17000.4 m
2026-03-13 12:33:47.305 | DEBUG    | utils.geo_utils:haversine_distance:20 - Haversine: (31.3779513, 73.1223503) → (31.3477999, 73.0603287) = 6776.3 m
2026-03-13 12:33:47.305 | DEBUG    | utils.geo_utils:haversine_distance:20 - Haversine: (31.3276625, 73.1236586) → (31.4741405, 73.0215448) = 18952.9 m
2026-03-13 12:33:47.305 | DEBUG    | utils.geo_utils:haversine_distance:20 - Haversine: (31.3276625, 73.1236586) → (31.3947802, 73.0496437) = 10251.2 m
2026-03-13 12:33:47.305 | DEBUG    | utils.geo_utils:haversine_distance:20 - Haversine: (31.3276625, 73.1236586) → (31.512935, 73.0381981) = 22140.0 m
2026-03-13 12:33:47.305 | DEBUG    | utils.geo_utils:haversine_distance:20 - Haversine: (31.3276625, 73.1236586) → (31.3477999, 73.0603287) = 6417.9 m
2026-03-13 12:33:47.305 | DEBUG    | utils.geo_utils:haversine_distance:20 - Haversine: (31.3276625, 73.1236586) → (31.3779513, 73.1223503) = 5593.2 m
2026-03-13 12:33:47.306 | DEBUG    | utils.geo_utils:haversine_distance:20 - Haversine: (31.4913127, 73.0160084) → (31.4741405, 73.0215448) = 1980.3 m
2026-03-13 12:33:47.306 | DEBUG    | utils.geo_utils:haversine_distance:20 - Haversine: (31.4913127, 73.0160084) → (31.3947802, 73.0496437) = 11198.2 m
2026-03-13 12:33:47.306 | DEBUG    | utils.geo_utils:haversine_distance:20 - Haversine: (31.4913127, 73.0160084) → (31.512935, 73.0381981) = 3194.7 m
2026-03-13 12:33:47.306 | DEBUG    | utils.geo_utils:haversine_distance:20 - Haversine: (31.4913127, 73.0160084) → (31.3477999, 73.0603287) = 16502.8 m
2026-03-13 12:33:47.306 | DEBUG    | utils.geo_utils:haversine_distance:20 - Haversine: (31.4913127, 73.0160084) → (31.3779513, 73.1223503) = 16145.7 m
2026-03-13 12:33:47.306 | DEBUG    | utils.geo_utils:haversine_distance:20 - Haversine: (31.4913127, 73.0160084) → (31.3276625, 73.1236586) = 20868.7 m
2026-03-13 12:33:47.306 | DEBUG    | utils.geo_utils:haversine_distance:20 - Haversine: (31.5500271, 73.1353422) → (31.4741405, 73.0215448) = 13695.9 m
2026-03-13 12:33:47.307 | DEBUG    | utils.geo_utils:haversine_distance:20 - Haversine: (31.5500271, 73.1353422) → (31.3947802, 73.0496437) = 19080.2 m
2026-03-13 12:33:47.307 | DEBUG    | utils.geo_utils:haversine_distance:20 - Haversine: (31.5500271, 73.1353422) → (31.512935, 73.0381981) = 10088.7 m
2026-03-13 12:33:47.307 | DEBUG    | utils.geo_utils:haversine_distance:20 - Haversine: (31.5500271, 73.1353422) → (31.3477999, 73.0603287) = 23585.7 m
2026-03-13 12:33:47.307 | DEBUG    | utils.geo_utils:haversine_distance:20 - Haversine: (31.5500271, 73.1353422) → (31.3779513, 73.1223503) = 19173.6 m
2026-03-13 12:33:47.307 | DEBUG    | utils.geo_utils:haversine_distance:20 - Haversine: (31.5500271, 73.1353422) → (31.3276625, 73.1236586) = 24750.6 m
2026-03-13 12:33:47.307 | DEBUG    | utils.geo_utils:haversine_distance:20 - Haversine: (31.5500271, 73.1353422) → (31.4913127, 73.0160084) = 13060.4 m
2026-03-13 12:33:47.308 | DEBUG    | utils.geo_utils:haversine_distance:20 - Haversine: (31.4453195, 73.0674257) → (31.4741405, 73.0215448) = 5404.5 m
2026-03-13 12:33:47.308 | DEBUG    | utils.geo_utils:haversine_distance:20 - Haversine: (31.4453195, 73.0674257) → (31.3947802, 73.0496437) = 5867.6 m
2026-03-13 12:33:47.308 | DEBUG    | utils.geo_utils:haversine_distance:20 - Haversine: (31.4453195, 73.0674257) → (31.512935, 73.0381981) = 8013.1 m
2026-03-13 12:33:47.308 | DEBUG    | utils.geo_utils:haversine_distance:20 - Haversine: (31.4453195, 73.0674257) → (31.3477999, 73.0603287) = 10864.6 m
2026-03-13 12:33:47.308 | DEBUG    | utils.geo_utils:haversine_distance:20 - Haversine: (31.4453195, 73.0674257) → (31.3779513, 73.1223503) = 9125.9 m
2026-03-13 12:33:47.309 | DEBUG    | utils.geo_utils:haversine_distance:20 - Haversine: (31.4453195, 73.0674257) → (31.3276625, 73.1236586) = 14129.9 m
2026-03-13 12:33:47.309 | DEBUG    | utils.geo_utils:haversine_distance:20 - Haversine: (31.4453195, 73.0674257) → (31.4913127, 73.0160084) = 7066.5 m
2026-03-13 12:33:47.309 | DEBUG    | utils.geo_utils:haversine_distance:20 - Haversine: (31.4453195, 73.0674257) → (31.5500271, 73.1353422) = 13305.0 m
2026-03-13 12:33:47.309 | DEBUG    | utils.geo_utils:haversine_distance:20 - Haversine: (31.4697711, 73.0596326) → (31.4741405, 73.0215448) = 3644.7 m
2026-03-13 12:33:47.309 | DEBUG    | utils.geo_utils:haversine_distance:20 - Haversine: (31.4697711, 73.0596326) → (31.3947802, 73.0496437) = 8392.3 m
2026-03-13 12:33:47.309 | DEBUG    | utils.geo_utils:haversine_distance:20 - Haversine: (31.4697711, 73.0596326) → (31.512935, 73.0381981) = 5212.2 m
2026-03-13 12:33:47.309 | DEBUG    | utils.geo_utils:haversine_distance:20 - Haversine: (31.4697711, 73.0596326) → (31.3477999, 73.0603287) = 13562.7 m
2026-03-13 12:33:47.309 | DEBUG    | utils.geo_utils:haversine_distance:20 - Haversine: (31.4697711, 73.0596326) → (31.3779513, 73.1223503) = 11817.7 m
2026-03-13 12:33:47.309 | DEBUG    | utils.geo_utils:haversine_distance:20 - Haversine: (31.4697711, 73.0596326) → (31.3276625, 73.1236586) = 16930.0 m
2026-03-13 12:33:47.309 | DEBUG    | utils.geo_utils:haversine_distance:20 - Haversine: (31.4697711, 73.0596326) → (31.4913127, 73.0160084) = 4780.3 m
2026-03-13 12:33:47.309 | DEBUG    | utils.geo_utils:haversine_distance:20 - Haversine: (31.4697711, 73.0596326) → (31.5500271, 73.1353422) = 11452.1 m
2026-03-13 12:33:47.309 | DEBUG    | utils.geo_utils:haversine_distance:20 - Haversine: (31.4697711, 73.0596326) → (31.4453195, 73.0674257) = 2817.6 m
2026-03-13 12:33:47.309 | DEBUG    | utils.geo_utils:haversine_distance:20 - Haversine: (31.4857257, 73.1770598) → (31.4741405, 73.0215448) = 14803.6 m
2026-03-13 12:33:47.309 | DEBUG    | utils.geo_utils:haversine_distance:20 - Haversine: (31.4857257, 73.1770598) → (31.3947802, 73.0496437) = 15760.2 m
2026-03-13 12:33:47.309 | DEBUG    | utils.geo_utils:haversine_distance:20 - Haversine: (31.4857257, 73.1770598) → (31.512935, 73.0381981) = 13508.6 m
2026-03-13 12:33:47.310 | DEBUG    | utils.geo_utils:haversine_distance:20 - Haversine: (31.4857257, 73.1770598) → (31.3477999, 73.0603287) = 18918.6 m
2026-03-13 12:33:47.310 | DEBUG    | utils.geo_utils:haversine_distance:20 - Haversine: (31.4857257, 73.1770598) → (31.3779513, 73.1223503) = 13059.8 m
2026-03-13 12:33:47.310 | DEBUG    | utils.geo_utils:haversine_distance:20 - Haversine: (31.4857257, 73.1770598) → (31.3276625, 73.1236586) = 18291.9 m
2026-03-13 12:33:47.310 | DEBUG    | utils.geo_utils:haversine_distance:20 - Haversine: (31.4857257, 73.1770598) → (31.4913127, 73.0160084) = 15283.7 m
2026-03-13 12:33:47.310 | DEBUG    | utils.geo_utils:haversine_distance:20 - Haversine: (31.4857257, 73.1770598) → (31.5500271, 73.1353422) = 8170.7 m
2026-03-13 12:33:47.310 | DEBUG    | utils.geo_utils:haversine_distance:20 - Haversine: (31.4857257, 73.1770598) → (31.4453195, 73.0674257) = 11327.3 m
2026-03-13 12:33:47.310 | DEBUG    | utils.geo_utils:haversine_distance:20 - Haversine: (31.4857257, 73.1770598) → (31.4697711, 73.0596326) = 11276.3 m
2026-03-13 12:33:47.310 | DEBUG    | utils.geo_utils:haversine_distance:20 - Haversine: (31.5346891, 73.1818098) → (31.4741405, 73.0215448) = 16618.8 m
2026-03-13 12:33:47.310 | DEBUG    | utils.geo_utils:haversine_distance:20 - Haversine: (31.5346891, 73.1818098) → (31.3947802, 73.0496437) = 19979.0 m
2026-03-13 12:33:47.310 | DEBUG    | utils.geo_utils:haversine_distance:20 - Haversine: (31.5346891, 73.1818098) → (31.512935, 73.0381981) = 13825.5 m
2026-03-13 12:33:47.310 | DEBUG    | utils.geo_utils:haversine_distance:20 - Haversine: (31.5346891, 73.1818098) → (31.3477999, 73.0603287) = 23762.9 m
2026-03-13 12:33:47.310 | DEBUG    | utils.geo_utils:haversine_distance:20 - Haversine: (31.5346891, 73.1818098) → (31.3779513, 73.1223503) = 18318.3 m
2026-03-13 12:33:47.311 | DEBUG    | utils.geo_utils:haversine_distance:20 - Haversine: (31.5346891, 73.1818098) → (31.3276625, 73.1236586) = 23672.2 m
2026-03-13 12:33:47.311 | DEBUG    | utils.geo_utils:haversine_distance:20 - Haversine: (31.5346891, 73.1818098) → (31.4913127, 73.0160084) = 16440.7 m
2026-03-13 12:33:47.311 | DEBUG    | utils.geo_utils:haversine_distance:20 - Haversine: (31.5346891, 73.1818098) → (31.5500271, 73.1353422) = 4722.3 m
2026-03-13 12:33:47.311 | DEBUG    | utils.geo_utils:haversine_distance:20 - Haversine: (31.5346891, 73.1818098) → (31.4453195, 73.0674257) = 14710.0 m
2026-03-13 12:33:47.311 | DEBUG    | utils.geo_utils:haversine_distance:20 - Haversine: (31.5346891, 73.1818098) → (31.4697711, 73.0596326) = 13648.4 m
2026-03-13 12:33:47.312 | DEBUG    | utils.geo_utils:haversine_distance:20 - Haversine: (31.5346891, 73.1818098) → (31.4857257, 73.1770598) = 5463.1 m
2026-03-13 12:33:47.312 | DEBUG    | utils.geo_utils:haversine_distance:20 - Haversine: (31.333427, 73.0645016) → (31.4741405, 73.0215448) = 16169.0 m
2026-03-13 12:33:47.312 | DEBUG    | utils.geo_utils:haversine_distance:20 - Haversine: (31.333427, 73.0645016) → (31.3947802, 73.0496437) = 6966.5 m
2026-03-13 12:33:47.312 | DEBUG    | utils.geo_utils:haversine_distance:20 - Haversine: (31.333427, 73.0645016) → (31.512935, 73.0381981) = 20115.8 m
2026-03-13 12:33:47.312 | DEBUG    | utils.geo_utils:haversine_distance:20 - Haversine: (31.333427, 73.0645016) → (31.3477999, 73.0603287) = 1646.6 m
2026-03-13 12:33:47.313 | DEBUG    | utils.geo_utils:haversine_distance:20 - Haversine: (31.333427, 73.0645016) → (31.3779513, 73.1223503) = 7394.9 m
2026-03-13 12:33:47.313 | DEBUG    | utils.geo_utils:haversine_distance:20 - Haversine: (31.333427, 73.0645016) → (31.3276625, 73.1236586) = 5655.2 m
2026-03-13 12:33:47.313 | DEBUG    | utils.geo_utils:haversine_distance:20 - Haversine: (31.333427, 73.0645016) → (31.4913127, 73.0160084) = 18149.2 m
2026-03-13 12:33:47.313 | DEBUG    | utils.geo_utils:haversine_distance:20 - Haversine: (31.333427, 73.0645016) → (31.5500271, 73.1353422) = 25004.9 m
2026-03-13 12:33:47.313 | DEBUG    | utils.geo_utils:haversine_distance:20 - Haversine: (31.333427, 73.0645016) → (31.4453195, 73.0674257) = 12445.0 m
2026-03-13 12:33:47.313 | DEBUG    | utils.geo_utils:haversine_distance:20 - Haversine: (31.333427, 73.0645016) → (31.4697711, 73.0596326) = 15167.8 m
2026-03-13 12:33:47.313 | DEBUG    | utils.geo_utils:haversine_distance:20 - Haversine: (31.333427, 73.0645016) → (31.4857257, 73.1770598) = 20022.3 m
2026-03-13 12:33:47.313 | DEBUG    | utils.geo_utils:haversine_distance:20 - Haversine: (31.333427, 73.0645016) → (31.5346891, 73.1818098) = 24994.1 m
2026-03-13 12:33:47.313 | DEBUG    | utils.geo_utils:haversine_distance:20 - Haversine: (31.466307, 73.1034818) → (31.4741405, 73.0215448) = 7819.5 m
2026-03-13 12:33:47.313 | DEBUG    | utils.geo_utils:haversine_distance:20 - Haversine: (31.466307, 73.1034818) → (31.3947802, 73.0496437) = 9452.5 m
2026-03-13 12:33:47.313 | DEBUG    | utils.geo_utils:haversine_distance:20 - Haversine: (31.466307, 73.1034818) → (31.512935, 73.0381981) = 8074.7 m
2026-03-13 12:33:47.320 | DEBUG    | utils.geo_utils:haversine_distance:20 - Haversine: (31.466307, 73.1034818) → (31.3477999, 73.0603287) = 13799.1 m
2026-03-13 12:33:47.321 | DEBUG    | utils.geo_utils:haversine_distance:20 - Haversine: (31.466307, 73.1034818) → (31.3779513, 73.1223503) = 9986.5 m
2026-03-13 12:33:47.321 | DEBUG    | utils.geo_utils:haversine_distance:20 - Haversine: (31.466307, 73.1034818) → (31.3276625, 73.1236586) = 15535.1 m
2026-03-13 12:33:47.321 | DEBUG    | utils.geo_utils:haversine_distance:20 - Haversine: (31.466307, 73.1034818) → (31.4913127, 73.0160084) = 8748.8 m
2026-03-13 12:33:47.321 | DEBUG    | utils.geo_utils:haversine_distance:20 - Haversine: (31.466307, 73.1034818) → (31.5500271, 73.1353422) = 9787.0 m
2026-03-13 12:33:47.321 | DEBUG    | utils.geo_utils:haversine_distance:20 - Haversine: (31.466307, 73.1034818) → (31.4453195, 73.0674257) = 4140.4 m
2026-03-13 12:33:47.321 | DEBUG    | utils.geo_utils:haversine_distance:20 - Haversine: (31.466307, 73.1034818) → (31.4697711, 73.0596326) = 4176.5 m
2026-03-13 12:33:47.321 | DEBUG    | utils.geo_utils:haversine_distance:20 - Haversine: (31.466307, 73.1034818) → (31.4857257, 73.1770598) = 7304.1 m
2026-03-13 12:33:47.322 | DEBUG    | utils.geo_utils:haversine_distance:20 - Haversine: (31.466307, 73.1034818) → (31.5346891, 73.1818098) = 10628.5 m
2026-03-13 12:33:47.322 | DEBUG    | utils.geo_utils:haversine_distance:20 - Haversine: (31.466307, 73.1034818) → (31.333427, 73.0645016) = 15231.7 m
2026-03-13 12:33:47.323 | DEBUG    | utils.geo_utils:haversine_distance:20 - Haversine: (31.3792544, 73.0618071) → (31.4741405, 73.0215448) = 11221.2 m
2026-03-13 12:33:47.323 | DEBUG    | utils.geo_utils:haversine_distance:20 - Haversine: (31.3792544, 73.0618071) → (31.3947802, 73.0496437) = 2076.9 m
2026-03-13 12:33:47.323 | DEBUG    | utils.geo_utils:haversine_distance:20 - Haversine: (31.3792544, 73.0618071) → (31.512935, 73.0381981) = 15032.4 m
2026-03-13 12:33:47.323 | DEBUG    | utils.geo_utils:haversine_distance:20 - Haversine: (31.3792544, 73.0618071) → (31.3477999, 73.0603287) = 3500.4 m
2026-03-13 12:33:47.323 | DEBUG    | utils.geo_utils:haversine_distance:20 - Haversine: (31.3792544, 73.0618071) → (31.3779513, 73.1223503) = 5749.3 m
2026-03-13 12:33:47.323 | DEBUG    | utils.geo_utils:haversine_distance:20 - Haversine: (31.3792544, 73.0618071) → (31.3276625, 73.1236586) = 8210.1 m
2026-03-13 12:33:47.324 | DEBUG    | utils.geo_utils:haversine_distance:20 - Haversine: (31.3792544, 73.0618071) → (31.4913127, 73.0160084) = 13196.2 m
2026-03-13 12:33:47.324 | DEBUG    | utils.geo_utils:haversine_distance:20 - Haversine: (31.3792544, 73.0618071) → (31.5500271, 73.1353422) = 20229.4 m
2026-03-13 12:33:47.324 | DEBUG    | utils.geo_utils:haversine_distance:20 - Haversine: (31.3792544, 73.0618071) → (31.4453195, 73.0674257) = 7365.4 m
2026-03-13 12:33:47.324 | DEBUG    | utils.geo_utils:haversine_distance:20 - Haversine: (31.3792544, 73.0618071) → (31.4697711, 73.0596326) = 10067.1 m
2026-03-13 12:33:47.324 | DEBUG    | utils.geo_utils:haversine_distance:20 - Haversine: (31.3792544, 73.0618071) → (31.4857257, 73.1770598) = 16116.3 m
2026-03-13 12:33:47.324 | DEBUG    | utils.geo_utils:haversine_distance:20 - Haversine: (31.3792544, 73.0618071) → (31.5346891, 73.1818098) = 20695.0 m
2026-03-13 12:33:47.324 | DEBUG    | utils.geo_utils:haversine_distance:20 - Haversine: (31.3792544, 73.0618071) → (31.333427, 73.0645016) = 5102.2 m
2026-03-13 12:33:47.324 | DEBUG    | utils.geo_utils:haversine_distance:20 - Haversine: (31.3792544, 73.0618071) → (31.466307, 73.1034818) = 10456.4 m
2026-03-13 12:33:47.324 | DEBUG    | utils.geo_utils:haversine_distance:20 - Haversine: (31.3589417, 73.0841457) → (31.4741405, 73.0215448) = 14119.9 m
2026-03-13 12:33:47.324 | DEBUG    | utils.geo_utils:haversine_distance:20 - Haversine: (31.3589417, 73.0841457) → (31.3947802, 73.0496437) = 5158.4 m
2026-03-13 12:33:47.324 | DEBUG    | utils.geo_utils:haversine_distance:20 - Haversine: (31.3589417, 73.0841457) → (31.512935, 73.0381981) = 17669.4 m
2026-03-13 12:33:47.325 | DEBUG    | utils.geo_utils:haversine_distance:20 - Haversine: (31.3589417, 73.0841457) → (31.3477999, 73.0603287) = 2578.7 m
2026-03-13 12:33:47.325 | DEBUG    | utils.geo_utils:haversine_distance:20 - Haversine: (31.3589417, 73.0841457) → (31.3779513, 73.1223503) = 4198.2 m
2026-03-13 12:33:47.325 | DEBUG    | utils.geo_utils:haversine_distance:20 - Haversine: (31.3589417, 73.0841457) → (31.3276625, 73.1236586) = 5116.4 m
2026-03-13 12:33:47.325 | DEBUG    | utils.geo_utils:haversine_distance:20 - Haversine: (31.3589417, 73.0841457) → (31.4913127, 73.0160084) = 16076.3 m
2026-03-13 12:33:47.325 | DEBUG    | utils.geo_utils:haversine_distance:20 - Haversine: (31.3589417, 73.0841457) → (31.5500271, 73.1353422) = 21795.6 m
2026-03-13 12:33:47.325 | DEBUG    | utils.geo_utils:haversine_distance:20 - Haversine: (31.3589417, 73.0841457) → (31.4453195, 73.0674257) = 9735.0 m
2026-03-13 12:33:47.325 | DEBUG    | utils.geo_utils:haversine_distance:20 - Haversine: (31.3589417, 73.0841457) → (31.4697711, 73.0596326) = 12541.3 m
2026-03-13 12:33:47.325 | DEBUG    | utils.geo_utils:haversine_distance:20 - Haversine: (31.3589417, 73.0841457) → (31.4857257, 73.1770598) = 16627.6 m
2026-03-13 12:33:47.325 | DEBUG    | utils.geo_utils:haversine_distance:20 - Haversine: (31.3589417, 73.0841457) → (31.5346891, 73.1818098) = 21627.1 m
2026-03-13 12:33:47.325 | DEBUG    | utils.geo_utils:haversine_distance:20 - Haversine: (31.3589417, 73.0841457) → (31.333427, 73.0645016) = 3395.5 m
2026-03-13 12:33:47.326 | DEBUG    | utils.geo_utils:haversine_distance:20 - Haversine: (31.3589417, 73.0841457) → (31.466307, 73.1034818) = 12078.7 m
2026-03-13 12:33:47.326 | DEBUG    | utils.geo_utils:haversine_distance:20 - Haversine: (31.3589417, 73.0841457) → (31.3792544, 73.0618071) = 3098.3 m
2026-03-13 12:33:47.326 | DEBUG    | utils.geo_utils:haversine_distance:20 - Haversine: (31.3933848, 73.0742595) → (31.4741405, 73.0215448) = 10278.5 m
2026-03-13 12:33:47.326 | DEBUG    | utils.geo_utils:haversine_distance:20 - Haversine: (31.3933848, 73.0742595) → (31.3947802, 73.0496437) = 2341.6 m
2026-03-13 12:33:47.326 | DEBUG    | utils.geo_utils:haversine_distance:20 - Haversine: (31.3933848, 73.0742595) → (31.512935, 73.0381981) = 13726.4 m
2026-03-13 12:33:47.326 | DEBUG    | utils.geo_utils:haversine_distance:20 - Haversine: (31.3933848, 73.0742595) → (31.3477999, 73.0603287) = 5238.5 m
2026-03-13 12:33:47.326 | DEBUG    | utils.geo_utils:haversine_distance:20 - Haversine: (31.3933848, 73.0742595) → (31.3779513, 73.1223503) = 4876.9 m
2026-03-13 12:33:47.326 | DEBUG    | utils.geo_utils:haversine_distance:20 - Haversine: (31.3933848, 73.0742595) → (31.3276625, 73.1236586) = 8683.7 m
2026-03-13 12:33:47.326 | DEBUG    | utils.geo_utils:haversine_distance:20 - Haversine: (31.3933848, 73.0742595) → (31.4913127, 73.0160084) = 12211.1 m
2026-03-13 12:33:47.326 | DEBUG    | utils.geo_utils:haversine_distance:20 - Haversine: (31.3933848, 73.0742595) → (31.5500271, 73.1353422) = 18355.9 m
2026-03-13 12:33:47.327 | DEBUG    | utils.geo_utils:haversine_distance:20 - Haversine: (31.3933848, 73.0742595) → (31.4453195, 73.0674257) = 5811.2 m
2026-03-13 12:33:47.327 | DEBUG    | utils.geo_utils:haversine_distance:20 - Haversine: (31.3933848, 73.0742595) → (31.4697711, 73.0596326) = 8606.4 m
2026-03-13 12:33:47.327 | DEBUG    | utils.geo_utils:haversine_distance:20 - Haversine: (31.3933848, 73.0742595) → (31.4857257, 73.1770598) = 14161.4 m
2026-03-13 12:33:47.327 | DEBUG    | utils.geo_utils:haversine_distance:20 - Haversine: (31.3933848, 73.0742595) → (31.5346891, 73.1818098) = 18733.1 m
2026-03-13 12:33:47.327 | DEBUG    | utils.geo_utils:haversine_distance:20 - Haversine: (31.3933848, 73.0742595) → (31.333427, 73.0645016) = 6731.1 m
2026-03-13 12:33:47.327 | DEBUG    | utils.geo_utils:haversine_distance:20 - Haversine: (31.3933848, 73.0742595) → (31.466307, 73.1034818) = 8569.5 m
2026-03-13 12:33:47.327 | DEBUG    | utils.geo_utils:haversine_distance:20 - Haversine: (31.3933848, 73.0742595) → (31.3792544, 73.0618071) = 1966.2 m
2026-03-13 12:33:47.327 | DEBUG    | utils.geo_utils:haversine_distance:20 - Haversine: (31.3933848, 73.0742595) → (31.3589417, 73.0841457) = 3943.2 m
2026-03-13 12:33:47.327 | INFO     | data_pipeline.stop_builder:merge_nearby_stops:91 - Merged stops:
2026-03-13 12:33:47.328 | INFO     | data_pipeline.stop_builder:merge_nearby_stops:92 -   Before merge: 17 stops
2026-03-13 12:33:47.328 | INFO     | data_pipeline.stop_builder:merge_nearby_stops:93 -   After merge : 17 stops (merged 0 pairs/groups)
2026-03-13 12:33:47.329 | DEBUG    | data_pipeline.stop_builder:merge_nearby_stops:95 - First few merged stops: [{'student_id': 'test_001', 'name': 'Test Student 1', 'roll_no': 'TEST-7277', 'lat': 31.4741405, 'lng': 73.0215448, 'student_count': 1, 'contact': '03351205345', 'semester': 'Spring 2026', 'fee_status': 'unpaid', 'registration_status': 'pending', 'original_lat': 31.4741405, 'original_lng': 73.0215448, 'snap_distance_m': 0.0, 'merged_student_ids': ['test_001']}, {'student_id': 'test_002', 'name': 'Test Student 2', 'roll_no': 'TEST-2113', 'lat': 31.3947802, 'lng': 73.0496437, 'student_count': 1, 'contact': '03290191261', 'semester': 'Spring 2026', 'fee_status': 'unpaid', 'registration_status': 'pending', 'original_lat': 31.3947802, 'original_lng': 73.0496437, 'snap_distance_m': 0.0, 'merged_student_ids': ['test_002']}, {'student_id': 'test_003', 'name': 'Test Student 3', 'roll_no': 'TEST-1468', 'lat': 31.512935, 'lng': 73.0381981, 'student_count': 1, 'contact': '03636076608', 'semester': 'Spring 2026', 'fee_status': 'unpaid', 'registration_status': 'pending', 'original_lat': 31.512935, 'original_lng': 73.0381981, 'snap_distance_m': 0.0, 'merged_student_ids': ['test_003']}]
2026-03-13 12:33:48.036 | INFO     | database.firebase:update_document:35 - Updated document test_001 in students
2026-03-13 12:33:50.319 | INFO     | database.firebase:update_document:35 - Updated document test_002 in students
2026-03-13 12:33:51.219 | INFO     | database.firebase:update_document:35 - Updated document test_003 in students
2026-03-13 12:33:53.246 | INFO     | database.firebase:update_document:35 - Updated document test_004 in students
2026-03-13 12:33:54.496 | INFO     | database.firebase:update_document:35 - Updated document test_005 in students
2026-03-13 12:33:56.276 | INFO     | database.firebase:update_document:35 - Updated document test_006 in students
2026-03-13 12:33:57.563 | INFO     | database.firebase:update_document:35 - Updated document test_007 in students
2026-03-13 12:33:59.449 | INFO     | database.firebase:update_document:35 - Updated document test_008 in students
2026-03-13 12:34:00.571 | INFO     | database.firebase:update_document:35 - Updated document test_009 in students
2026-03-13 12:34:02.325 | INFO     | database.firebase:update_document:35 - Updated document test_010 in students
2026-03-13 12:34:02.936 | INFO     | database.firebase:update_document:35 - Updated document test_013 in students
2026-03-13 12:34:03.712 | INFO     | database.firebase:update_document:35 - Updated document test_014 in students
2026-03-13 12:34:04.326 | INFO     | database.firebase:update_document:35 - Updated document test_015 in students
2026-03-13 12:34:05.043 | INFO     | database.firebase:update_document:35 - Updated document test_016 in students
2026-03-13 12:34:05.761 | INFO     | database.firebase:update_document:35 - Updated document test_017 in students
2026-03-13 12:34:06.295 | INFO     | database.firebase:update_document:35 - Updated document test_019 in students
2026-03-13 12:34:06.832 | INFO     | database.firebase:update_document:35 - Updated document test_020 in students
2026-03-13 12:34:06.833 | INFO     | data_pipeline.stop_builder:update_student_stops:128 - Updated 17 students in Firestore with final snapped/merged coordinates
2026-03-13 12:34:06.848 | INFO     | clustering.stop_clustering:cluster_stops:30 - Clustered into 1 buses (capacity 30):
2026-03-13 12:34:06.849 | INFO     | clustering.stop_clustering:cluster_stops:33 -   Bus 0: 17 stops, 17 students
2026-03-13 12:34:08.283 | INFO     | optimization.tsp_solver:get_road_distance_matrix:38 - ORS matrix computed: 18x18
2026-03-13 12:34:23.290 | INFO     | optimization.tsp_solver:solve_tsp:123 - TSP solved: 17 stops, distance 112498 m, objective 112498
2026-03-13 12:34:23.297 | DEBUG    | optimization.tsp_solver:solve_tsp:124 - Order: ['unknown', 'unknown', 'unknown', 'unknown', 'unknown', 'unknown', 'unknown', 'unknown', 'unknown', 'unknown', 'unknown', 'unknown', 'unknown', 'unknown', 'unknown', 'unknown', 'unknown']
2026-03-13 12:34:23.298 | DEBUG    | optimization.route_generator:generate_route_path:57 - Requesting ORS route with 18 waypoints
2026-03-13 12:34:26.176 | INFO     | optimization.route_generator:generate_route_path:74 - ORS route generated successfully (bug-free)
2026-03-13 12:34:26.184 | INFO     | optimization.route_generator:generate_route_path:75 -   Waypoints: 17 stops → University
2026-03-13 12:34:26.185 | INFO     | optimization.route_generator:generate_route_path:76 -   Distance: 124.15 km
2026-03-13 12:34:26.188 | INFO     | optimization.route_generator:generate_route_path:77 -   Duration: 2.66 h (159 min)
2026-03-13 12:34:26.188 | DEBUG    | optimization.route_generator:generate_route_path:78 - Geometry sample (first 3 & last 3): [[73.021545, 31.474141], [73.021678, 31.474553], [73.021706, 31.474639]] ... [[73.03447, 31.602425], [73.034742, 31.602694], [73.034832, 31.602523]]
2026-03-13 12:34:26.226 | INFO     | optimization.store_routes:store_optimized_routes:250 - Cluster 0: TSP solved | 17 stops | 124.15 km | 2.66 h
2026-03-13 12:34:29.808 | DEBUG    | optimization.store_routes:reverse_geocode_stop_name:102 - Geocoded (31.47414, 73.02154) → تحصیل فیصل آباد صدر, ضلع فیصل آباد
2026-03-13 12:34:33.409 | DEBUG    | optimization.store_routes:compute_fee_for_stop:183 - Fee: 82599 PKR/student | dist=17.21 km | students=1
2026-03-13 12:34:34.233 | DEBUG    | optimization.store_routes:store_optimized_routes:296 - Stop stored: id=FmyodIw9Q7mqwYqg134x | name=تحصیل فیصل آباد صدر, ضلع فیصل آباد | dist=17.208 km | fee=82599.0 PKR
2026-03-13 12:34:36.454 | DEBUG    | optimization.store_routes:reverse_geocode_stop_name:102 - Geocoded (31.49131, 73.01601) → تحصیل فیصل آباد صدر, ضلع فیصل آباد
2026-03-13 12:34:38.909 | DEBUG    | optimization.store_routes:compute_fee_for_stop:183 - Fee: 81413 PKR/student | dist=16.96 km | students=1
2026-03-13 12:34:39.469 | DEBUG    | optimization.store_routes:store_optimized_routes:296 - Stop stored: id=osj0eN9GDb4FN7Mhr2AI | name=تحصیل فیصل آباد صدر, ضلع فیصل آباد | dist=16.961 km | fee=81413.0 PKR
2026-03-13 12:34:40.575 | DEBUG    | optimization.store_routes:reverse_geocode_stop_name:102 - Geocoded (31.51293, 73.03820) → Borewal Road, بوڑے وال
2026-03-13 12:34:42.605 | DEBUG    | optimization.store_routes:compute_fee_for_stop:183 - Fee: 63610 PKR/student | dist=13.25 km | students=1
2026-03-13 12:34:43.154 | DEBUG    | optimization.store_routes:store_optimized_routes:296 - Stop stored: id=9OW1QoYcPBCpXQMHZj7w | name=Borewal Road, بوڑے وال | dist=13.252 km | fee=63610.0 PKR
2026-03-13 12:34:44.375 | DEBUG    | optimization.store_routes:reverse_geocode_stop_name:102 - Geocoded (31.55003, 73.13534) → Kirari
2026-03-13 12:34:47.023 | DEBUG    | optimization.store_routes:compute_fee_for_stop:183 - Fee: 75879 PKR/student | dist=15.81 km | students=1
2026-03-13 12:34:47.575 | DEBUG    | optimization.store_routes:store_optimized_routes:296 - Stop stored: id=3dNt1qDxNUurhcZB75PG | name=Kirari | dist=15.808 km | fee=75879.0 PKR
2026-03-13 12:34:49.581 | DEBUG    | optimization.store_routes:reverse_geocode_stop_name:102 - Geocoded (31.53469, 73.18181) → تحصیل فیصل آباد صدر, ضلع فیصل آباد
2026-03-13 12:34:52.204 | DEBUG    | optimization.store_routes:compute_fee_for_stop:183 - Fee: 104516 PKR/student | dist=21.77 km | students=1
2026-03-13 12:34:52.866 | DEBUG    | optimization.store_routes:store_optimized_routes:296 - Stop stored: id=uabEIBei9AYRxPxLLaAN | name=تحصیل فیصل آباد صدر, ضلع فیصل آباد | dist=21.774 km | fee=104516.0 PKR
2026-03-13 12:34:54.154 | DEBUG    | optimization.store_routes:reverse_geocode_stop_name:102 - Geocoded (31.48573, 73.17706) → تحصیل فیصل آباد صدر, ضلع فیصل آباد
2026-03-13 12:34:56.654 | DEBUG    | optimization.store_routes:compute_fee_for_stop:183 - Fee: 148772 PKR/student | dist=30.99 km | students=1
2026-03-13 12:34:57.244 | DEBUG    | optimization.store_routes:store_optimized_routes:296 - Stop stored: id=1V1YUvpECSeUbNH2qnzs | name=تحصیل فیصل آباد صدر, ضلع فیصل آباد | dist=30.994 km | fee=148772.0 PKR
2026-03-13 12:34:58.486 | DEBUG    | optimization.store_routes:reverse_geocode_stop_name:102 - Geocoded (31.46631, 73.10348) → Millat Road
2026-03-13 12:35:00.689 | DEBUG    | optimization.store_routes:compute_fee_for_stop:183 - Fee: 103455 PKR/student | dist=21.55 km | students=1
2026-03-13 12:35:01.247 | DEBUG    | optimization.store_routes:store_optimized_routes:296 - Stop stored: id=zg1lBAr0vGXuh48lALk1 | name=Millat Road | dist=21.553 km | fee=103455.0 PKR
2026-03-13 12:35:02.689 | DEBUG    | optimization.store_routes:reverse_geocode_stop_name:102 - Geocoded (31.39338, 73.07426) → سمن آباد روڈ, سمن آباد
2026-03-13 12:35:05.322 | DEBUG    | optimization.store_routes:compute_fee_for_stop:183 - Fee: 123068 PKR/student | dist=25.64 km | students=1
2026-03-13 12:35:07.939 | DEBUG    | optimization.store_routes:store_optimized_routes:296 - Stop stored: id=cgkZppJaZ74nOx1xu7GS | name=سمن آباد روڈ, سمن آباد | dist=25.639 km | fee=123068.0 PKR
2026-03-13 12:35:09.881 | DEBUG    | optimization.store_routes:reverse_geocode_stop_name:102 - Geocoded (31.39478, 73.04964) → تحصیل فیصل آباد شہر, ضلع فیصل آباد
2026-03-13 12:35:13.524 | DEBUG    | optimization.store_routes:compute_fee_for_stop:183 - Fee: 131516 PKR/student | dist=27.40 km | students=1
2026-03-13 12:35:14.092 | DEBUG    | optimization.store_routes:store_optimized_routes:296 - Stop stored: id=p1bORMWoiVOb5kI6stTw | name=تحصیل فیصل آباد شہر, ضلع فیصل آباد | dist=27.399 km | fee=131516.0 PKR
2026-03-13 12:35:16.141 | DEBUG    | optimization.store_routes:reverse_geocode_stop_name:102 - Geocoded (31.37925, 73.06181) → اسٹریٹ 20, نثار کالونی
2026-03-13 12:35:23.355 | DEBUG    | optimization.store_routes:compute_fee_for_stop:183 - Fee: 135471 PKR/student | dist=28.22 km | students=1
2026-03-13 12:35:23.915 | DEBUG    | optimization.store_routes:store_optimized_routes:296 - Stop stored: id=FEs0mX2Abbxaqh73DTDC | name=اسٹریٹ 20, نثار کالونی | dist=28.223 km | fee=135471.0 PKR
2026-03-13 12:35:25.389 | DEBUG    | optimization.store_routes:reverse_geocode_stop_name:102 - Geocoded (31.34780, 73.06033) → Four Seasons Housing
2026-03-13 12:35:29.821 | DEBUG    | optimization.store_routes:compute_fee_for_stop:183 - Fee: 153480 PKR/student | dist=31.98 km | students=1
2026-03-13 12:35:30.380 | DEBUG    | optimization.store_routes:store_optimized_routes:296 - Stop stored: id=B7dtPEfdKkmWlZGp55Bj | name=Four Seasons Housing | dist=31.975 km | fee=153480.0 PKR
2026-03-13 12:35:32.172 | DEBUG    | optimization.store_routes:reverse_geocode_stop_name:102 - Geocoded (31.33343, 73.06450) → Four Seasons Housing
2026-03-13 12:35:34.563 | DEBUG    | optimization.store_routes:compute_fee_for_stop:183 - Fee: 161084 PKR/student | dist=33.56 km | students=1
2026-03-13 12:35:35.171 | DEBUG    | optimization.store_routes:store_optimized_routes:296 - Stop stored: id=juNON1EFvkS1VseiZIKy | name=Four Seasons Housing | dist=33.559 km | fee=161084.0 PKR
2026-03-13 12:35:36.804 | DEBUG    | optimization.store_routes:reverse_geocode_stop_name:102 - Geocoded (31.32766, 73.12366) → تحصیل فیصل آباد صدر, ضلع فیصل آباد
2026-03-13 12:35:39.342 | DEBUG    | optimization.store_routes:compute_fee_for_stop:183 - Fee: 188396 PKR/student | dist=39.25 km | students=1
2026-03-13 12:35:39.917 | DEBUG    | optimization.store_routes:store_optimized_routes:296 - Stop stored: id=QTkqvgve6SDhMx9FWfhp | name=تحصیل فیصل آباد صدر, ضلع فیصل آباد | dist=39.249 km | fee=188396.0 PKR
2026-03-13 12:35:41.880 | DEBUG    | optimization.store_routes:reverse_geocode_stop_name:102 - Geocoded (31.35894, 73.08415) → Chenab Gardens
2026-03-13 12:35:44.170 | DEBUG    | optimization.store_routes:compute_fee_for_stop:183 - Fee: 150264 PKR/student | dist=31.30 km | students=1
2026-03-13 12:35:44.724 | DEBUG    | optimization.store_routes:store_optimized_routes:296 - Stop stored: id=HZFcopT09iFbLqfbMUYx | name=Chenab Gardens | dist=31.305 km | fee=150264.0 PKR
2026-03-13 12:35:46.881 | DEBUG    | optimization.store_routes:reverse_geocode_stop_name:102 - Geocoded (31.37795, 73.12235) → Niamuana Malkhanwala Road
2026-03-13 12:35:49.172 | DEBUG    | optimization.store_routes:compute_fee_for_stop:183 - Fee: 141178 PKR/student | dist=29.41 km | students=1
2026-03-13 12:35:49.726 | DEBUG    | optimization.store_routes:store_optimized_routes:296 - Stop stored: id=PPfr6VKoRLhlTOfQVGEg | name=Niamuana Malkhanwala Road | dist=29.412 km | fee=141178.0 PKR
2026-03-13 12:35:50.859 | DEBUG    | optimization.store_routes:reverse_geocode_stop_name:102 - Geocoded (31.44532, 73.06743) → تحصیل فیصل آباد شہر, ضلع فیصل آباد
2026-03-13 12:35:53.405 | DEBUG    | optimization.store_routes:compute_fee_for_stop:183 - Fee: 92281 PKR/student | dist=19.23 km | students=1
2026-03-13 12:35:53.981 | DEBUG    | optimization.store_routes:store_optimized_routes:296 - Stop stored: id=n7rIjtaTE5ifxTy3tqf6 | name=تحصیل فیصل آباد شہر, ضلع فیصل آباد | dist=19.225 km | fee=92281.0 PKR
2026-03-13 12:35:55.671 | DEBUG    | optimization.store_routes:reverse_geocode_stop_name:102 - Geocoded (31.46977, 73.05963) → تحصیل فیصل آباد شہر, تحصیل فیصل آباد صدر
2026-03-13 12:35:57.719 | DEBUG    | optimization.store_routes:compute_fee_for_stop:183 - Fee: 79541 PKR/student | dist=16.57 km | students=1
2026-03-13 12:35:58.288 | DEBUG    | optimization.store_routes:store_optimized_routes:296 - Stop stored: id=WbVsKSJiGOESgyYxKDRJ | name=تحصیل فیصل آباد شہر, تحصیل فیصل آباد صدر | dist=16.571 km | fee=79541.0 PKR
2026-03-13 12:36:00.152 | INFO     | optimization.store_routes:store_optimized_routes:324 - Route stored: id=ZEPYS8E2IzPMEGfLpCA7 | 17 stops | 124.15 km
2026-03-13 12:36:00.153 | INFO     | optimization.store_routes:store_optimized_routes:331 - Phase 2: back-filling route_id on 17 stop documents…
2026-03-13 12:36:00.737 | DEBUG    | optimization.store_routes:store_optimized_routes:356 - Final batch committed: 17 writes
2026-03-13 12:36:00.737 | INFO     | optimization.store_routes:store_optimized_routes:358 - Done. Routes stored: 1 | Stops stored: 17
2026-03-13 12:36:00.738 | INFO     | api.main:run_optimization:64 - Pipeline completed successfully | 1 buses processed
2026-03-13 16:03:51.290 | INFO     | api.main:run_optimization:29 - Starting full route optimization pipeline
2026-03-13 16:03:57.584 | INFO     | data_pipeline.student_loader:load_student_stops:42 - Loaded 20 student stops from Firestore
2026-03-13 16:03:57.585 | DEBUG    | data_pipeline.student_loader:load_student_stops:43 - First 3 stops (sample): [{'student_id': 'test_001', 'name': 'Test Student 1', 'roll_no': 'TEST-7277', 'lat': 31.4741405, 'lng': 73.0215448, 'student_count': 1, 'contact': '03351205345', 'semester': 'Spring 2026', 'fee_status': 'unpaid', 'registration_status': 'pending'}, {'student_id': 'test_002', 'name': 'Test Student 2', 'roll_no': 'TEST-2113', 'lat': 31.3947802, 'lng': 73.0496437, 'student_count': 1, 'contact': '03290191261', 'semester': 'Spring 2026', 'fee_status': 'unpaid', 'registration_status': 'pending'}, {'student_id': 'test_003', 'name': 'Test Student 3', 'roll_no': 'TEST-1468', 'lat': 31.512935, 'lng': 73.0381981, 'student_count': 1, 'contact': '03636076608', 'semester': 'Spring 2026', 'fee_status': 'unpaid', 'registration_status': 'pending'}]
2026-03-13 16:03:57.587 | INFO     | osm.fetch_roads:fetch_or_load_road_graph:19 - Loading cached Faisalabad road graph...
2026-03-13 16:04:11.402 | INFO     | osm.fetch_roads:fetch_or_load_road_graph:21 - Loaded graph with 50872 nodes and 144715 edges
2026-03-13 16:04:11.603 | INFO     | osm.road_filter:filter_main_roads:38 - Filtered graph:
2026-03-13 16:04:11.645 | INFO     | osm.road_filter:filter_main_roads:39 -   Original: 50872 nodes, 144715 edges
2026-03-13 16:04:11.817 | INFO     | osm.road_filter:filter_main_roads:40 -   After filter (main roads only): 7460 nodes, 12863 edges
2026-03-13 16:04:12.190 | DEBUG    | utils.distance_utils:build_node_balltree:29 - Built BallTree with 7460 nodes
2026-03-13 16:04:12.194 | DEBUG    | utils.geo_utils:haversine_distance:20 - Haversine: (31.4741405, 73.0215448) → (31.4741405, 73.0215448) = 0.0 m
2026-03-13 16:04:12.194 | DEBUG    | utils.distance_utils:find_nearest_road_point:56 - Nearest road node to (31.4741405, 73.0215448): (31.474141, 73.021545) — 0.0m
2026-03-13 16:04:12.195 | DEBUG    | utils.geo_utils:haversine_distance:20 - Haversine: (31.4741405, 73.0215448) → (31.4741405, 73.0215448) = 0.0 m
2026-03-13 16:04:12.195 | DEBUG    | data_pipeline.stop_builder:snap_stops_to_roads:38 - Snapped Test Student 1 (TEST-7277): 0.0m
2026-03-13 16:04:12.224 | DEBUG    | utils.distance_utils:build_node_balltree:29 - Built BallTree with 7460 nodes
2026-03-13 16:04:12.225 | DEBUG    | utils.geo_utils:haversine_distance:20 - Haversine: (31.3947802, 73.0496437) → (31.3947802, 73.0496437) = 0.0 m
2026-03-13 16:04:12.225 | DEBUG    | utils.distance_utils:find_nearest_road_point:56 - Nearest road node to (31.3947802, 73.0496437): (31.394780, 73.049644) — 0.0m
2026-03-13 16:04:12.226 | DEBUG    | utils.geo_utils:haversine_distance:20 - Haversine: (31.3947802, 73.0496437) → (31.3947802, 73.0496437) = 0.0 m
2026-03-13 16:04:12.226 | DEBUG    | data_pipeline.stop_builder:snap_stops_to_roads:38 - Snapped Test Student 2 (TEST-2113): 0.0m
2026-03-13 16:04:12.253 | DEBUG    | utils.distance_utils:build_node_balltree:29 - Built BallTree with 7460 nodes
2026-03-13 16:04:12.254 | DEBUG    | utils.geo_utils:haversine_distance:20 - Haversine: (31.512935, 73.0381981) → (31.512935, 73.0381981) = 0.0 m
2026-03-13 16:04:12.254 | DEBUG    | utils.distance_utils:find_nearest_road_point:56 - Nearest road node to (31.512935, 73.0381981): (31.512935, 73.038198) — 0.0m
2026-03-13 16:04:12.255 | DEBUG    | utils.geo_utils:haversine_distance:20 - Haversine: (31.512935, 73.0381981) → (31.512935, 73.0381981) = 0.0 m
2026-03-13 16:04:12.255 | DEBUG    | data_pipeline.stop_builder:snap_stops_to_roads:38 - Snapped Test Student 3 (TEST-1468): 0.0m
2026-03-13 16:04:12.285 | DEBUG    | utils.distance_utils:build_node_balltree:29 - Built BallTree with 7460 nodes
2026-03-13 16:04:12.286 | DEBUG    | utils.geo_utils:haversine_distance:20 - Haversine: (31.3477999, 73.0603287) → (31.3477999, 73.0603287) = 0.0 m
2026-03-13 16:04:12.287 | DEBUG    | utils.distance_utils:find_nearest_road_point:56 - Nearest road node to (31.3477999, 73.0603287): (31.347800, 73.060329) — 0.0m
2026-03-13 16:04:12.288 | DEBUG    | utils.geo_utils:haversine_distance:20 - Haversine: (31.3477999, 73.0603287) → (31.3477999, 73.0603287) = 0.0 m
2026-03-13 16:04:12.288 | DEBUG    | data_pipeline.stop_builder:snap_stops_to_roads:38 - Snapped Test Student 4 (TEST-5494): 0.0m
2026-03-13 16:04:12.312 | DEBUG    | utils.distance_utils:build_node_balltree:29 - Built BallTree with 7460 nodes
2026-03-13 16:04:12.314 | DEBUG    | utils.geo_utils:haversine_distance:20 - Haversine: (31.3779513, 73.1223503) → (31.3779513, 73.1223503) = 0.0 m
2026-03-13 16:04:12.314 | DEBUG    | utils.distance_utils:find_nearest_road_point:56 - Nearest road node to (31.3779513, 73.1223503): (31.377951, 73.122350) — 0.0m
2026-03-13 16:04:12.315 | DEBUG    | utils.geo_utils:haversine_distance:20 - Haversine: (31.3779513, 73.1223503) → (31.3779513, 73.1223503) = 0.0 m
2026-03-13 16:04:12.315 | DEBUG    | data_pipeline.stop_builder:snap_stops_to_roads:38 - Snapped Test Student 5 (TEST-6897): 0.0m
2026-03-13 16:04:12.340 | DEBUG    | utils.distance_utils:build_node_balltree:29 - Built BallTree with 7460 nodes
2026-03-13 16:04:12.342 | DEBUG    | utils.geo_utils:haversine_distance:20 - Haversine: (31.3276625, 73.1236586) → (31.3276625, 73.1236586) = 0.0 m
2026-03-13 16:04:12.342 | DEBUG    | utils.distance_utils:find_nearest_road_point:56 - Nearest road node to (31.3276625, 73.1236586): (31.327662, 73.123659) — 0.0m
2026-03-13 16:04:12.342 | DEBUG    | utils.geo_utils:haversine_distance:20 - Haversine: (31.3276625, 73.1236586) → (31.3276625, 73.1236586) = 0.0 m
2026-03-13 16:04:12.342 | DEBUG    | data_pipeline.stop_builder:snap_stops_to_roads:38 - Snapped Test Student 6 (TEST-8925): 0.0m
2026-03-13 16:04:12.377 | DEBUG    | utils.distance_utils:build_node_balltree:29 - Built BallTree with 7460 nodes
2026-03-13 16:04:12.379 | DEBUG    | utils.geo_utils:haversine_distance:20 - Haversine: (31.4913127, 73.0160084) → (31.4913127, 73.0160084) = 0.0 m
2026-03-13 16:04:12.379 | DEBUG    | utils.distance_utils:find_nearest_road_point:56 - Nearest road node to (31.4913127, 73.0160084): (31.491313, 73.016008) — 0.0m
2026-03-13 16:04:12.379 | DEBUG    | utils.geo_utils:haversine_distance:20 - Haversine: (31.4913127, 73.0160084) → (31.4913127, 73.0160084) = 0.0 m
2026-03-13 16:04:12.379 | DEBUG    | data_pipeline.stop_builder:snap_stops_to_roads:38 - Snapped Test Student 7 (TEST-3079): 0.0m
2026-03-13 16:04:12.406 | DEBUG    | utils.distance_utils:build_node_balltree:29 - Built BallTree with 7460 nodes
2026-03-13 16:04:12.409 | DEBUG    | utils.geo_utils:haversine_distance:20 - Haversine: (31.5500271, 73.1353422) → (31.5500271, 73.1353422) = 0.0 m
2026-03-13 16:04:12.409 | DEBUG    | utils.distance_utils:find_nearest_road_point:56 - Nearest road node to (31.5500271, 73.1353422): (31.550027, 73.135342) — 0.0m
2026-03-13 16:04:12.410 | DEBUG    | utils.geo_utils:haversine_distance:20 - Haversine: (31.5500271, 73.1353422) → (31.5500271, 73.1353422) = 0.0 m
2026-03-13 16:04:12.410 | DEBUG    | data_pipeline.stop_builder:snap_stops_to_roads:38 - Snapped Test Student 8 (TEST-7822): 0.0m
2026-03-13 16:04:12.437 | DEBUG    | utils.distance_utils:build_node_balltree:29 - Built BallTree with 7460 nodes
2026-03-13 16:04:12.439 | DEBUG    | utils.geo_utils:haversine_distance:20 - Haversine: (31.4453195, 73.0674257) → (31.4453195, 73.0674257) = 0.0 m
2026-03-13 16:04:12.440 | DEBUG    | utils.distance_utils:find_nearest_road_point:56 - Nearest road node to (31.4453195, 73.0674257): (31.445320, 73.067426) — 0.0m
2026-03-13 16:04:12.440 | DEBUG    | utils.geo_utils:haversine_distance:20 - Haversine: (31.4453195, 73.0674257) → (31.4453195, 73.0674257) = 0.0 m
2026-03-13 16:04:12.440 | DEBUG    | data_pipeline.stop_builder:snap_stops_to_roads:38 - Snapped Test Student 9 (TEST-5087): 0.0m
2026-03-13 16:04:12.471 | DEBUG    | utils.distance_utils:build_node_balltree:29 - Built BallTree with 7460 nodes
2026-03-13 16:04:12.472 | DEBUG    | utils.geo_utils:haversine_distance:20 - Haversine: (31.4697711, 73.0596326) → (31.4697711, 73.0596326) = 0.0 m
2026-03-13 16:04:12.472 | DEBUG    | utils.distance_utils:find_nearest_road_point:56 - Nearest road node to (31.4697711, 73.0596326): (31.469771, 73.059633) — 0.0m
2026-03-13 16:04:12.473 | DEBUG    | utils.geo_utils:haversine_distance:20 - Haversine: (31.4697711, 73.0596326) → (31.4697711, 73.0596326) = 0.0 m
2026-03-13 16:04:12.473 | DEBUG    | data_pipeline.stop_builder:snap_stops_to_roads:38 - Snapped Test Student 10 (TEST-9270): 0.0m
2026-03-13 16:04:12.509 | DEBUG    | utils.distance_utils:build_node_balltree:29 - Built BallTree with 7460 nodes
2026-03-13 16:04:12.512 | DEBUG    | utils.geo_utils:haversine_distance:20 - Haversine: (31.35814771739733, 73.19797994220208) → (31.3636092, 73.1880587) = 1120.8 m
2026-03-13 16:04:12.512 | DEBUG    | utils.distance_utils:find_nearest_road_point:56 - Nearest road node to (31.35814771739733, 73.19797994220208): (31.363609, 73.188059) — 1120.8m
2026-03-13 16:04:12.512 | DEBUG    | utils.geo_utils:haversine_distance:20 - Haversine: (31.35814771739733, 73.19797994220208) → (31.3636092, 73.1880587) = 1120.8 m
2026-03-13 16:04:12.512 | WARNING  | data_pipeline.stop_builder:snap_stops_to_roads:40 - Stop Test Student 11 too far from main road (1120.8m) → skipped
2026-03-13 16:04:12.547 | DEBUG    | utils.distance_utils:build_node_balltree:29 - Built BallTree with 7460 nodes
2026-03-13 16:04:12.550 | DEBUG    | utils.geo_utils:haversine_distance:20 - Haversine: (31.458963501324437, 73.00280007215052) → (31.4470459, 72.9992853) = 1366.5 m
2026-03-13 16:04:12.550 | DEBUG    | utils.distance_utils:find_nearest_road_point:56 - Nearest road node to (31.458963501324437, 73.00280007215052): (31.447046, 72.999285) — 1366.5m
2026-03-13 16:04:12.550 | DEBUG    | utils.geo_utils:haversine_distance:20 - Haversine: (31.458963501324437, 73.00280007215052) → (31.4470459, 72.9992853) = 1366.5 m
2026-03-13 16:04:12.550 | WARNING  | data_pipeline.stop_builder:snap_stops_to_roads:40 - Stop Test Student 12 too far from main road (1366.5m) → skipped
2026-03-13 16:04:12.587 | DEBUG    | utils.distance_utils:build_node_balltree:29 - Built BallTree with 7460 nodes
2026-03-13 16:04:12.589 | DEBUG    | utils.geo_utils:haversine_distance:20 - Haversine: (31.4857257, 73.1770598) → (31.4857257, 73.1770598) = 0.0 m
2026-03-13 16:04:12.590 | DEBUG    | utils.distance_utils:find_nearest_road_point:56 - Nearest road node to (31.4857257, 73.1770598): (31.485726, 73.177060) — 0.0m
2026-03-13 16:04:12.592 | DEBUG    | utils.geo_utils:haversine_distance:20 - Haversine: (31.4857257, 73.1770598) → (31.4857257, 73.1770598) = 0.0 m
2026-03-13 16:04:12.592 | DEBUG    | data_pipeline.stop_builder:snap_stops_to_roads:38 - Snapped Test Student 13 (TEST-4969): 0.0m
2026-03-13 16:04:12.627 | DEBUG    | utils.distance_utils:build_node_balltree:29 - Built BallTree with 7460 nodes
2026-03-13 16:04:12.629 | DEBUG    | utils.geo_utils:haversine_distance:20 - Haversine: (31.5346891, 73.1818098) → (31.5346891, 73.1818098) = 0.0 m
2026-03-13 16:04:12.630 | DEBUG    | utils.distance_utils:find_nearest_road_point:56 - Nearest road node to (31.5346891, 73.1818098): (31.534689, 73.181810) — 0.0m
2026-03-13 16:04:12.630 | DEBUG    | utils.geo_utils:haversine_distance:20 - Haversine: (31.5346891, 73.1818098) → (31.5346891, 73.1818098) = 0.0 m
2026-03-13 16:04:12.630 | DEBUG    | data_pipeline.stop_builder:snap_stops_to_roads:38 - Snapped Test Student 14 (TEST-2794): 0.0m
2026-03-13 16:04:12.658 | DEBUG    | utils.distance_utils:build_node_balltree:29 - Built BallTree with 7460 nodes
2026-03-13 16:04:12.660 | DEBUG    | utils.geo_utils:haversine_distance:20 - Haversine: (31.333427, 73.0645016) → (31.333427, 73.0645016) = 0.0 m
2026-03-13 16:04:12.660 | DEBUG    | utils.distance_utils:find_nearest_road_point:56 - Nearest road node to (31.333427, 73.0645016): (31.333427, 73.064502) — 0.0m
2026-03-13 16:04:12.660 | DEBUG    | utils.geo_utils:haversine_distance:20 - Haversine: (31.333427, 73.0645016) → (31.333427, 73.0645016) = 0.0 m
2026-03-13 16:04:12.660 | DEBUG    | data_pipeline.stop_builder:snap_stops_to_roads:38 - Snapped Test Student 15 (TEST-6292): 0.0m
2026-03-13 16:04:12.686 | DEBUG    | utils.distance_utils:build_node_balltree:29 - Built BallTree with 7460 nodes
2026-03-13 16:04:12.688 | DEBUG    | utils.geo_utils:haversine_distance:20 - Haversine: (31.466307, 73.1034818) → (31.466307, 73.1034818) = 0.0 m
2026-03-13 16:04:12.688 | DEBUG    | utils.distance_utils:find_nearest_road_point:56 - Nearest road node to (31.466307, 73.1034818): (31.466307, 73.103482) — 0.0m
2026-03-13 16:04:12.688 | DEBUG    | utils.geo_utils:haversine_distance:20 - Haversine: (31.466307, 73.1034818) → (31.466307, 73.1034818) = 0.0 m
2026-03-13 16:04:12.689 | DEBUG    | data_pipeline.stop_builder:snap_stops_to_roads:38 - Snapped Test Student 16 (TEST-3855): 0.0m
2026-03-13 16:04:12.714 | DEBUG    | utils.distance_utils:build_node_balltree:29 - Built BallTree with 7460 nodes
2026-03-13 16:04:12.717 | DEBUG    | utils.geo_utils:haversine_distance:20 - Haversine: (31.3792544, 73.0618071) → (31.3792544, 73.0618071) = 0.0 m
2026-03-13 16:04:12.717 | DEBUG    | utils.distance_utils:find_nearest_road_point:56 - Nearest road node to (31.3792544, 73.0618071): (31.379254, 73.061807) — 0.0m
2026-03-13 16:04:12.717 | DEBUG    | utils.geo_utils:haversine_distance:20 - Haversine: (31.3792544, 73.0618071) → (31.3792544, 73.0618071) = 0.0 m
2026-03-13 16:04:12.717 | DEBUG    | data_pipeline.stop_builder:snap_stops_to_roads:38 - Snapped Test Student 17 (TEST-1915): 0.0m
2026-03-13 16:04:12.743 | DEBUG    | utils.distance_utils:build_node_balltree:29 - Built BallTree with 7460 nodes
2026-03-13 16:04:12.746 | DEBUG    | utils.geo_utils:haversine_distance:20 - Haversine: (31.35190948529881, 73.02203898223841) → (31.3643888, 73.012393) = 1662.7 m
2026-03-13 16:04:12.746 | DEBUG    | utils.distance_utils:find_nearest_road_point:56 - Nearest road node to (31.35190948529881, 73.02203898223841): (31.364389, 73.012393) — 1662.7m
2026-03-13 16:04:12.747 | DEBUG    | utils.geo_utils:haversine_distance:20 - Haversine: (31.35190948529881, 73.02203898223841) → (31.3643888, 73.012393) = 1662.7 m
2026-03-13 16:04:12.747 | WARNING  | data_pipeline.stop_builder:snap_stops_to_roads:40 - Stop Test Student 18 too far from main road (1662.7m) → skipped
2026-03-13 16:04:12.772 | DEBUG    | utils.distance_utils:build_node_balltree:29 - Built BallTree with 7460 nodes
2026-03-13 16:04:12.777 | DEBUG    | utils.geo_utils:haversine_distance:20 - Haversine: (31.3589417, 73.0841457) → (31.3589417, 73.0841457) = 0.0 m
2026-03-13 16:04:12.777 | DEBUG    | utils.distance_utils:find_nearest_road_point:56 - Nearest road node to (31.3589417, 73.0841457): (31.358942, 73.084146) — 0.0m
2026-03-13 16:04:12.777 | DEBUG    | utils.geo_utils:haversine_distance:20 - Haversine: (31.3589417, 73.0841457) → (31.3589417, 73.0841457) = 0.0 m
2026-03-13 16:04:12.777 | DEBUG    | data_pipeline.stop_builder:snap_stops_to_roads:38 - Snapped Test Student 19 (TEST-9501): 0.0m
2026-03-13 16:04:12.811 | DEBUG    | utils.distance_utils:build_node_balltree:29 - Built BallTree with 7460 nodes
2026-03-13 16:04:12.813 | DEBUG    | utils.geo_utils:haversine_distance:20 - Haversine: (31.3933848, 73.0742595) → (31.3933848, 73.0742595) = 0.0 m
2026-03-13 16:04:12.813 | DEBUG    | utils.distance_utils:find_nearest_road_point:56 - Nearest road node to (31.3933848, 73.0742595): (31.393385, 73.074259) — 0.0m
2026-03-13 16:04:12.814 | DEBUG    | utils.geo_utils:haversine_distance:20 - Haversine: (31.3933848, 73.0742595) → (31.3933848, 73.0742595) = 0.0 m
2026-03-13 16:04:12.814 | DEBUG    | data_pipeline.stop_builder:snap_stops_to_roads:38 - Snapped Test Student 20 (TEST-6324): 0.0m
2026-03-13 16:04:12.814 | INFO     | data_pipeline.stop_builder:snap_stops_to_roads:47 - Snapping complete:
2026-03-13 16:04:12.815 | INFO     | data_pipeline.stop_builder:snap_stops_to_roads:48 -   Input stops: 20
2026-03-13 16:04:12.815 | INFO     | data_pipeline.stop_builder:snap_stops_to_roads:49 -   Snapped successfully: 17
2026-03-13 16:04:12.815 | INFO     | data_pipeline.stop_builder:snap_stops_to_roads:50 -   Skipped (too far): 3
2026-03-13 16:04:12.816 | DEBUG    | data_pipeline.stop_builder:snap_stops_to_roads:53 - First snapped stop example: {'student_id': 'test_001', 'name': 'Test Student 1', 'roll_no': 'TEST-7277', 'lat': 31.4741405, 'lng': 73.0215448, 'student_count': 1, 'contact': '03351205345', 'semester': 'Spring 2026', 'fee_status': 'unpaid', 'registration_status': 'pending', 'original_lat': 31.4741405, 'original_lng': 73.0215448, 'snap_distance_m': 0.0}
2026-03-13 16:04:12.816 | DEBUG    | utils.geo_utils:haversine_distance:20 - Haversine: (31.3947802, 73.0496437) → (31.4741405, 73.0215448) = 9218.4 m
2026-03-13 16:04:12.816 | DEBUG    | utils.geo_utils:haversine_distance:20 - Haversine: (31.512935, 73.0381981) → (31.4741405, 73.0215448) = 4593.7 m
2026-03-13 16:04:12.817 | DEBUG    | utils.geo_utils:haversine_distance:20 - Haversine: (31.512935, 73.0381981) → (31.3947802, 73.0496437) = 13183.0 m
2026-03-13 16:04:12.817 | DEBUG    | utils.geo_utils:haversine_distance:20 - Haversine: (31.3477999, 73.0603287) → (31.4741405, 73.0215448) = 14522.6 m
2026-03-13 16:04:12.817 | DEBUG    | utils.geo_utils:haversine_distance:20 - Haversine: (31.3477999, 73.0603287) → (31.3947802, 73.0496437) = 5321.6 m
2026-03-13 16:04:12.817 | DEBUG    | utils.geo_utils:haversine_distance:20 - Haversine: (31.3477999, 73.0603287) → (31.512935, 73.0381981) = 18481.9 m
2026-03-13 16:04:12.817 | DEBUG    | utils.geo_utils:haversine_distance:20 - Haversine: (31.3779513, 73.1223503) → (31.4741405, 73.0215448) = 14348.7 m
2026-03-13 16:04:12.817 | DEBUG    | utils.geo_utils:haversine_distance:20 - Haversine: (31.3779513, 73.1223503) → (31.3947802, 73.0496437) = 7150.8 m
2026-03-13 16:04:12.817 | DEBUG    | utils.geo_utils:haversine_distance:20 - Haversine: (31.3779513, 73.1223503) → (31.512935, 73.0381981) = 17000.4 m
2026-03-13 16:04:12.817 | DEBUG    | utils.geo_utils:haversine_distance:20 - Haversine: (31.3779513, 73.1223503) → (31.3477999, 73.0603287) = 6776.3 m
2026-03-13 16:04:12.817 | DEBUG    | utils.geo_utils:haversine_distance:20 - Haversine: (31.3276625, 73.1236586) → (31.4741405, 73.0215448) = 18952.9 m
2026-03-13 16:04:12.817 | DEBUG    | utils.geo_utils:haversine_distance:20 - Haversine: (31.3276625, 73.1236586) → (31.3947802, 73.0496437) = 10251.2 m
2026-03-13 16:04:12.818 | DEBUG    | utils.geo_utils:haversine_distance:20 - Haversine: (31.3276625, 73.1236586) → (31.512935, 73.0381981) = 22140.0 m
2026-03-13 16:04:12.818 | DEBUG    | utils.geo_utils:haversine_distance:20 - Haversine: (31.3276625, 73.1236586) → (31.3477999, 73.0603287) = 6417.9 m
2026-03-13 16:04:12.818 | DEBUG    | utils.geo_utils:haversine_distance:20 - Haversine: (31.3276625, 73.1236586) → (31.3779513, 73.1223503) = 5593.2 m
2026-03-13 16:04:12.818 | DEBUG    | utils.geo_utils:haversine_distance:20 - Haversine: (31.4913127, 73.0160084) → (31.4741405, 73.0215448) = 1980.3 m
2026-03-13 16:04:12.818 | DEBUG    | utils.geo_utils:haversine_distance:20 - Haversine: (31.4913127, 73.0160084) → (31.3947802, 73.0496437) = 11198.2 m
2026-03-13 16:04:12.818 | DEBUG    | utils.geo_utils:haversine_distance:20 - Haversine: (31.4913127, 73.0160084) → (31.512935, 73.0381981) = 3194.7 m
2026-03-13 16:04:12.818 | DEBUG    | utils.geo_utils:haversine_distance:20 - Haversine: (31.4913127, 73.0160084) → (31.3477999, 73.0603287) = 16502.8 m
2026-03-13 16:04:12.818 | DEBUG    | utils.geo_utils:haversine_distance:20 - Haversine: (31.4913127, 73.0160084) → (31.3779513, 73.1223503) = 16145.7 m
2026-03-13 16:04:12.818 | DEBUG    | utils.geo_utils:haversine_distance:20 - Haversine: (31.4913127, 73.0160084) → (31.3276625, 73.1236586) = 20868.7 m
2026-03-13 16:04:12.818 | DEBUG    | utils.geo_utils:haversine_distance:20 - Haversine: (31.5500271, 73.1353422) → (31.4741405, 73.0215448) = 13695.9 m
2026-03-13 16:04:12.818 | DEBUG    | utils.geo_utils:haversine_distance:20 - Haversine: (31.5500271, 73.1353422) → (31.3947802, 73.0496437) = 19080.2 m
2026-03-13 16:04:12.819 | DEBUG    | utils.geo_utils:haversine_distance:20 - Haversine: (31.5500271, 73.1353422) → (31.512935, 73.0381981) = 10088.7 m
2026-03-13 16:04:12.819 | DEBUG    | utils.geo_utils:haversine_distance:20 - Haversine: (31.5500271, 73.1353422) → (31.3477999, 73.0603287) = 23585.7 m
2026-03-13 16:04:12.819 | DEBUG    | utils.geo_utils:haversine_distance:20 - Haversine: (31.5500271, 73.1353422) → (31.3779513, 73.1223503) = 19173.6 m
2026-03-13 16:04:12.819 | DEBUG    | utils.geo_utils:haversine_distance:20 - Haversine: (31.5500271, 73.1353422) → (31.3276625, 73.1236586) = 24750.6 m
2026-03-13 16:04:12.819 | DEBUG    | utils.geo_utils:haversine_distance:20 - Haversine: (31.5500271, 73.1353422) → (31.4913127, 73.0160084) = 13060.4 m
2026-03-13 16:04:12.819 | DEBUG    | utils.geo_utils:haversine_distance:20 - Haversine: (31.4453195, 73.0674257) → (31.4741405, 73.0215448) = 5404.5 m
2026-03-13 16:04:12.819 | DEBUG    | utils.geo_utils:haversine_distance:20 - Haversine: (31.4453195, 73.0674257) → (31.3947802, 73.0496437) = 5867.6 m
2026-03-13 16:04:12.819 | DEBUG    | utils.geo_utils:haversine_distance:20 - Haversine: (31.4453195, 73.0674257) → (31.512935, 73.0381981) = 8013.1 m
2026-03-13 16:04:12.819 | DEBUG    | utils.geo_utils:haversine_distance:20 - Haversine: (31.4453195, 73.0674257) → (31.3477999, 73.0603287) = 10864.6 m
2026-03-13 16:04:12.819 | DEBUG    | utils.geo_utils:haversine_distance:20 - Haversine: (31.4453195, 73.0674257) → (31.3779513, 73.1223503) = 9125.9 m
2026-03-13 16:04:12.820 | DEBUG    | utils.geo_utils:haversine_distance:20 - Haversine: (31.4453195, 73.0674257) → (31.3276625, 73.1236586) = 14129.9 m
2026-03-13 16:04:12.820 | DEBUG    | utils.geo_utils:haversine_distance:20 - Haversine: (31.4453195, 73.0674257) → (31.4913127, 73.0160084) = 7066.5 m
2026-03-13 16:04:12.820 | DEBUG    | utils.geo_utils:haversine_distance:20 - Haversine: (31.4453195, 73.0674257) → (31.5500271, 73.1353422) = 13305.0 m
2026-03-13 16:04:12.820 | DEBUG    | utils.geo_utils:haversine_distance:20 - Haversine: (31.4697711, 73.0596326) → (31.4741405, 73.0215448) = 3644.7 m
2026-03-13 16:04:12.820 | DEBUG    | utils.geo_utils:haversine_distance:20 - Haversine: (31.4697711, 73.0596326) → (31.3947802, 73.0496437) = 8392.3 m
2026-03-13 16:04:12.820 | DEBUG    | utils.geo_utils:haversine_distance:20 - Haversine: (31.4697711, 73.0596326) → (31.512935, 73.0381981) = 5212.2 m
2026-03-13 16:04:12.820 | DEBUG    | utils.geo_utils:haversine_distance:20 - Haversine: (31.4697711, 73.0596326) → (31.3477999, 73.0603287) = 13562.7 m
2026-03-13 16:04:12.820 | DEBUG    | utils.geo_utils:haversine_distance:20 - Haversine: (31.4697711, 73.0596326) → (31.3779513, 73.1223503) = 11817.7 m
2026-03-13 16:04:12.820 | DEBUG    | utils.geo_utils:haversine_distance:20 - Haversine: (31.4697711, 73.0596326) → (31.3276625, 73.1236586) = 16930.0 m
2026-03-13 16:04:12.820 | DEBUG    | utils.geo_utils:haversine_distance:20 - Haversine: (31.4697711, 73.0596326) → (31.4913127, 73.0160084) = 4780.3 m
2026-03-13 16:04:12.820 | DEBUG    | utils.geo_utils:haversine_distance:20 - Haversine: (31.4697711, 73.0596326) → (31.5500271, 73.1353422) = 11452.1 m
2026-03-13 16:04:12.821 | DEBUG    | utils.geo_utils:haversine_distance:20 - Haversine: (31.4697711, 73.0596326) → (31.4453195, 73.0674257) = 2817.6 m
2026-03-13 16:04:12.821 | DEBUG    | utils.geo_utils:haversine_distance:20 - Haversine: (31.4857257, 73.1770598) → (31.4741405, 73.0215448) = 14803.6 m
2026-03-13 16:04:12.821 | DEBUG    | utils.geo_utils:haversine_distance:20 - Haversine: (31.4857257, 73.1770598) → (31.3947802, 73.0496437) = 15760.2 m
2026-03-13 16:04:12.821 | DEBUG    | utils.geo_utils:haversine_distance:20 - Haversine: (31.4857257, 73.1770598) → (31.512935, 73.0381981) = 13508.6 m
2026-03-13 16:04:12.821 | DEBUG    | utils.geo_utils:haversine_distance:20 - Haversine: (31.4857257, 73.1770598) → (31.3477999, 73.0603287) = 18918.6 m
2026-03-13 16:04:12.821 | DEBUG    | utils.geo_utils:haversine_distance:20 - Haversine: (31.4857257, 73.1770598) → (31.3779513, 73.1223503) = 13059.8 m
2026-03-13 16:04:12.821 | DEBUG    | utils.geo_utils:haversine_distance:20 - Haversine: (31.4857257, 73.1770598) → (31.3276625, 73.1236586) = 18291.9 m
2026-03-13 16:04:12.821 | DEBUG    | utils.geo_utils:haversine_distance:20 - Haversine: (31.4857257, 73.1770598) → (31.4913127, 73.0160084) = 15283.7 m
2026-03-13 16:04:12.821 | DEBUG    | utils.geo_utils:haversine_distance:20 - Haversine: (31.4857257, 73.1770598) → (31.5500271, 73.1353422) = 8170.7 m
2026-03-13 16:04:12.821 | DEBUG    | utils.geo_utils:haversine_distance:20 - Haversine: (31.4857257, 73.1770598) → (31.4453195, 73.0674257) = 11327.3 m
2026-03-13 16:04:12.821 | DEBUG    | utils.geo_utils:haversine_distance:20 - Haversine: (31.4857257, 73.1770598) → (31.4697711, 73.0596326) = 11276.3 m
2026-03-13 16:04:12.822 | DEBUG    | utils.geo_utils:haversine_distance:20 - Haversine: (31.5346891, 73.1818098) → (31.4741405, 73.0215448) = 16618.8 m
2026-03-13 16:04:12.822 | DEBUG    | utils.geo_utils:haversine_distance:20 - Haversine: (31.5346891, 73.1818098) → (31.3947802, 73.0496437) = 19979.0 m
2026-03-13 16:04:12.822 | DEBUG    | utils.geo_utils:haversine_distance:20 - Haversine: (31.5346891, 73.1818098) → (31.512935, 73.0381981) = 13825.5 m
2026-03-13 16:04:12.822 | DEBUG    | utils.geo_utils:haversine_distance:20 - Haversine: (31.5346891, 73.1818098) → (31.3477999, 73.0603287) = 23762.9 m
2026-03-13 16:04:12.822 | DEBUG    | utils.geo_utils:haversine_distance:20 - Haversine: (31.5346891, 73.1818098) → (31.3779513, 73.1223503) = 18318.3 m
2026-03-13 16:04:12.823 | DEBUG    | utils.geo_utils:haversine_distance:20 - Haversine: (31.5346891, 73.1818098) → (31.3276625, 73.1236586) = 23672.2 m
2026-03-13 16:04:12.823 | DEBUG    | utils.geo_utils:haversine_distance:20 - Haversine: (31.5346891, 73.1818098) → (31.4913127, 73.0160084) = 16440.7 m
2026-03-13 16:04:12.823 | DEBUG    | utils.geo_utils:haversine_distance:20 - Haversine: (31.5346891, 73.1818098) → (31.5500271, 73.1353422) = 4722.3 m
2026-03-13 16:04:12.823 | DEBUG    | utils.geo_utils:haversine_distance:20 - Haversine: (31.5346891, 73.1818098) → (31.4453195, 73.0674257) = 14710.0 m
2026-03-13 16:04:12.824 | DEBUG    | utils.geo_utils:haversine_distance:20 - Haversine: (31.5346891, 73.1818098) → (31.4697711, 73.0596326) = 13648.4 m
2026-03-13 16:04:12.824 | DEBUG    | utils.geo_utils:haversine_distance:20 - Haversine: (31.5346891, 73.1818098) → (31.4857257, 73.1770598) = 5463.1 m
2026-03-13 16:04:12.824 | DEBUG    | utils.geo_utils:haversine_distance:20 - Haversine: (31.333427, 73.0645016) → (31.4741405, 73.0215448) = 16169.0 m
2026-03-13 16:04:12.824 | DEBUG    | utils.geo_utils:haversine_distance:20 - Haversine: (31.333427, 73.0645016) → (31.3947802, 73.0496437) = 6966.5 m
2026-03-13 16:04:12.824 | DEBUG    | utils.geo_utils:haversine_distance:20 - Haversine: (31.333427, 73.0645016) → (31.512935, 73.0381981) = 20115.8 m
2026-03-13 16:04:12.824 | DEBUG    | utils.geo_utils:haversine_distance:20 - Haversine: (31.333427, 73.0645016) → (31.3477999, 73.0603287) = 1646.6 m
2026-03-13 16:04:12.825 | DEBUG    | utils.geo_utils:haversine_distance:20 - Haversine: (31.333427, 73.0645016) → (31.3779513, 73.1223503) = 7394.9 m
2026-03-13 16:04:12.825 | DEBUG    | utils.geo_utils:haversine_distance:20 - Haversine: (31.333427, 73.0645016) → (31.3276625, 73.1236586) = 5655.2 m
2026-03-13 16:04:12.825 | DEBUG    | utils.geo_utils:haversine_distance:20 - Haversine: (31.333427, 73.0645016) → (31.4913127, 73.0160084) = 18149.2 m
2026-03-13 16:04:12.825 | DEBUG    | utils.geo_utils:haversine_distance:20 - Haversine: (31.333427, 73.0645016) → (31.5500271, 73.1353422) = 25004.9 m
2026-03-13 16:04:12.825 | DEBUG    | utils.geo_utils:haversine_distance:20 - Haversine: (31.333427, 73.0645016) → (31.4453195, 73.0674257) = 12445.0 m
2026-03-13 16:04:12.825 | DEBUG    | utils.geo_utils:haversine_distance:20 - Haversine: (31.333427, 73.0645016) → (31.4697711, 73.0596326) = 15167.8 m
2026-03-13 16:04:12.825 | DEBUG    | utils.geo_utils:haversine_distance:20 - Haversine: (31.333427, 73.0645016) → (31.4857257, 73.1770598) = 20022.3 m
2026-03-13 16:04:12.825 | DEBUG    | utils.geo_utils:haversine_distance:20 - Haversine: (31.333427, 73.0645016) → (31.5346891, 73.1818098) = 24994.1 m
2026-03-13 16:04:12.825 | DEBUG    | utils.geo_utils:haversine_distance:20 - Haversine: (31.466307, 73.1034818) → (31.4741405, 73.0215448) = 7819.5 m
2026-03-13 16:04:12.825 | DEBUG    | utils.geo_utils:haversine_distance:20 - Haversine: (31.466307, 73.1034818) → (31.3947802, 73.0496437) = 9452.5 m
2026-03-13 16:04:12.825 | DEBUG    | utils.geo_utils:haversine_distance:20 - Haversine: (31.466307, 73.1034818) → (31.512935, 73.0381981) = 8074.7 m
2026-03-13 16:04:12.825 | DEBUG    | utils.geo_utils:haversine_distance:20 - Haversine: (31.466307, 73.1034818) → (31.3477999, 73.0603287) = 13799.1 m
2026-03-13 16:04:12.825 | DEBUG    | utils.geo_utils:haversine_distance:20 - Haversine: (31.466307, 73.1034818) → (31.3779513, 73.1223503) = 9986.5 m
2026-03-13 16:04:12.825 | DEBUG    | utils.geo_utils:haversine_distance:20 - Haversine: (31.466307, 73.1034818) → (31.3276625, 73.1236586) = 15535.1 m
2026-03-13 16:04:12.825 | DEBUG    | utils.geo_utils:haversine_distance:20 - Haversine: (31.466307, 73.1034818) → (31.4913127, 73.0160084) = 8748.8 m
2026-03-13 16:04:12.825 | DEBUG    | utils.geo_utils:haversine_distance:20 - Haversine: (31.466307, 73.1034818) → (31.5500271, 73.1353422) = 9787.0 m
2026-03-13 16:04:12.826 | DEBUG    | utils.geo_utils:haversine_distance:20 - Haversine: (31.466307, 73.1034818) → (31.4453195, 73.0674257) = 4140.4 m
2026-03-13 16:04:12.826 | DEBUG    | utils.geo_utils:haversine_distance:20 - Haversine: (31.466307, 73.1034818) → (31.4697711, 73.0596326) = 4176.5 m
2026-03-13 16:04:12.826 | DEBUG    | utils.geo_utils:haversine_distance:20 - Haversine: (31.466307, 73.1034818) → (31.4857257, 73.1770598) = 7304.1 m
2026-03-13 16:04:12.826 | DEBUG    | utils.geo_utils:haversine_distance:20 - Haversine: (31.466307, 73.1034818) → (31.5346891, 73.1818098) = 10628.5 m
2026-03-13 16:04:12.826 | DEBUG    | utils.geo_utils:haversine_distance:20 - Haversine: (31.466307, 73.1034818) → (31.333427, 73.0645016) = 15231.7 m
2026-03-13 16:04:12.826 | DEBUG    | utils.geo_utils:haversine_distance:20 - Haversine: (31.3792544, 73.0618071) → (31.4741405, 73.0215448) = 11221.2 m
2026-03-13 16:04:12.826 | DEBUG    | utils.geo_utils:haversine_distance:20 - Haversine: (31.3792544, 73.0618071) → (31.3947802, 73.0496437) = 2076.9 m
2026-03-13 16:04:12.826 | DEBUG    | utils.geo_utils:haversine_distance:20 - Haversine: (31.3792544, 73.0618071) → (31.512935, 73.0381981) = 15032.4 m
2026-03-13 16:04:12.826 | DEBUG    | utils.geo_utils:haversine_distance:20 - Haversine: (31.3792544, 73.0618071) → (31.3477999, 73.0603287) = 3500.4 m
2026-03-13 16:04:12.826 | DEBUG    | utils.geo_utils:haversine_distance:20 - Haversine: (31.3792544, 73.0618071) → (31.3779513, 73.1223503) = 5749.3 m
2026-03-13 16:04:12.826 | DEBUG    | utils.geo_utils:haversine_distance:20 - Haversine: (31.3792544, 73.0618071) → (31.3276625, 73.1236586) = 8210.1 m
2026-03-13 16:04:12.826 | DEBUG    | utils.geo_utils:haversine_distance:20 - Haversine: (31.3792544, 73.0618071) → (31.4913127, 73.0160084) = 13196.2 m
2026-03-13 16:04:12.826 | DEBUG    | utils.geo_utils:haversine_distance:20 - Haversine: (31.3792544, 73.0618071) → (31.5500271, 73.1353422) = 20229.4 m
2026-03-13 16:04:12.826 | DEBUG    | utils.geo_utils:haversine_distance:20 - Haversine: (31.3792544, 73.0618071) → (31.4453195, 73.0674257) = 7365.4 m
2026-03-13 16:04:12.827 | DEBUG    | utils.geo_utils:haversine_distance:20 - Haversine: (31.3792544, 73.0618071) → (31.4697711, 73.0596326) = 10067.1 m
2026-03-13 16:04:12.827 | DEBUG    | utils.geo_utils:haversine_distance:20 - Haversine: (31.3792544, 73.0618071) → (31.4857257, 73.1770598) = 16116.3 m
2026-03-13 16:04:12.827 | DEBUG    | utils.geo_utils:haversine_distance:20 - Haversine: (31.3792544, 73.0618071) → (31.5346891, 73.1818098) = 20695.0 m
2026-03-13 16:04:12.827 | DEBUG    | utils.geo_utils:haversine_distance:20 - Haversine: (31.3792544, 73.0618071) → (31.333427, 73.0645016) = 5102.2 m
2026-03-13 16:04:12.827 | DEBUG    | utils.geo_utils:haversine_distance:20 - Haversine: (31.3792544, 73.0618071) → (31.466307, 73.1034818) = 10456.4 m
2026-03-13 16:04:12.827 | DEBUG    | utils.geo_utils:haversine_distance:20 - Haversine: (31.3589417, 73.0841457) → (31.4741405, 73.0215448) = 14119.9 m
2026-03-13 16:04:12.827 | DEBUG    | utils.geo_utils:haversine_distance:20 - Haversine: (31.3589417, 73.0841457) → (31.3947802, 73.0496437) = 5158.4 m
2026-03-13 16:04:12.827 | DEBUG    | utils.geo_utils:haversine_distance:20 - Haversine: (31.3589417, 73.0841457) → (31.512935, 73.0381981) = 17669.4 m
2026-03-13 16:04:12.827 | DEBUG    | utils.geo_utils:haversine_distance:20 - Haversine: (31.3589417, 73.0841457) → (31.3477999, 73.0603287) = 2578.7 m
2026-03-13 16:04:12.827 | DEBUG    | utils.geo_utils:haversine_distance:20 - Haversine: (31.3589417, 73.0841457) → (31.3779513, 73.1223503) = 4198.2 m
2026-03-13 16:04:12.827 | DEBUG    | utils.geo_utils:haversine_distance:20 - Haversine: (31.3589417, 73.0841457) → (31.3276625, 73.1236586) = 5116.4 m
2026-03-13 16:04:12.830 | DEBUG    | utils.geo_utils:haversine_distance:20 - Haversine: (31.3589417, 73.0841457) → (31.4913127, 73.0160084) = 16076.3 m
2026-03-13 16:04:12.830 | DEBUG    | utils.geo_utils:haversine_distance:20 - Haversine: (31.3589417, 73.0841457) → (31.5500271, 73.1353422) = 21795.6 m
2026-03-13 16:04:12.830 | DEBUG    | utils.geo_utils:haversine_distance:20 - Haversine: (31.3589417, 73.0841457) → (31.4453195, 73.0674257) = 9735.0 m
2026-03-13 16:04:12.830 | DEBUG    | utils.geo_utils:haversine_distance:20 - Haversine: (31.3589417, 73.0841457) → (31.4697711, 73.0596326) = 12541.3 m
2026-03-13 16:04:12.830 | DEBUG    | utils.geo_utils:haversine_distance:20 - Haversine: (31.3589417, 73.0841457) → (31.4857257, 73.1770598) = 16627.6 m
2026-03-13 16:04:12.831 | DEBUG    | utils.geo_utils:haversine_distance:20 - Haversine: (31.3589417, 73.0841457) → (31.5346891, 73.1818098) = 21627.1 m
2026-03-13 16:04:12.831 | DEBUG    | utils.geo_utils:haversine_distance:20 - Haversine: (31.3589417, 73.0841457) → (31.333427, 73.0645016) = 3395.5 m
2026-03-13 16:04:12.831 | DEBUG    | utils.geo_utils:haversine_distance:20 - Haversine: (31.3589417, 73.0841457) → (31.466307, 73.1034818) = 12078.7 m
2026-03-13 16:04:12.831 | DEBUG    | utils.geo_utils:haversine_distance:20 - Haversine: (31.3589417, 73.0841457) → (31.3792544, 73.0618071) = 3098.3 m
2026-03-13 16:04:12.831 | DEBUG    | utils.geo_utils:haversine_distance:20 - Haversine: (31.3933848, 73.0742595) → (31.4741405, 73.0215448) = 10278.5 m
2026-03-13 16:04:12.831 | DEBUG    | utils.geo_utils:haversine_distance:20 - Haversine: (31.3933848, 73.0742595) → (31.3947802, 73.0496437) = 2341.6 m
2026-03-13 16:04:12.831 | DEBUG    | utils.geo_utils:haversine_distance:20 - Haversine: (31.3933848, 73.0742595) → (31.512935, 73.0381981) = 13726.4 m
2026-03-13 16:04:12.832 | DEBUG    | utils.geo_utils:haversine_distance:20 - Haversine: (31.3933848, 73.0742595) → (31.3477999, 73.0603287) = 5238.5 m
2026-03-13 16:04:12.832 | DEBUG    | utils.geo_utils:haversine_distance:20 - Haversine: (31.3933848, 73.0742595) → (31.3779513, 73.1223503) = 4876.9 m
2026-03-13 16:04:12.832 | DEBUG    | utils.geo_utils:haversine_distance:20 - Haversine: (31.3933848, 73.0742595) → (31.3276625, 73.1236586) = 8683.7 m
2026-03-13 16:04:12.832 | DEBUG    | utils.geo_utils:haversine_distance:20 - Haversine: (31.3933848, 73.0742595) → (31.4913127, 73.0160084) = 12211.1 m
2026-03-13 16:04:12.832 | DEBUG    | utils.geo_utils:haversine_distance:20 - Haversine: (31.3933848, 73.0742595) → (31.5500271, 73.1353422) = 18355.9 m
2026-03-13 16:04:12.832 | DEBUG    | utils.geo_utils:haversine_distance:20 - Haversine: (31.3933848, 73.0742595) → (31.4453195, 73.0674257) = 5811.2 m
2026-03-13 16:04:12.832 | DEBUG    | utils.geo_utils:haversine_distance:20 - Haversine: (31.3933848, 73.0742595) → (31.4697711, 73.0596326) = 8606.4 m
2026-03-13 16:04:12.833 | DEBUG    | utils.geo_utils:haversine_distance:20 - Haversine: (31.3933848, 73.0742595) → (31.4857257, 73.1770598) = 14161.4 m
2026-03-13 16:04:12.833 | DEBUG    | utils.geo_utils:haversine_distance:20 - Haversine: (31.3933848, 73.0742595) → (31.5346891, 73.1818098) = 18733.1 m
2026-03-13 16:04:12.833 | DEBUG    | utils.geo_utils:haversine_distance:20 - Haversine: (31.3933848, 73.0742595) → (31.333427, 73.0645016) = 6731.1 m
2026-03-13 16:04:12.833 | DEBUG    | utils.geo_utils:haversine_distance:20 - Haversine: (31.3933848, 73.0742595) → (31.466307, 73.1034818) = 8569.5 m
2026-03-13 16:04:12.833 | DEBUG    | utils.geo_utils:haversine_distance:20 - Haversine: (31.3933848, 73.0742595) → (31.3792544, 73.0618071) = 1966.2 m
2026-03-13 16:04:12.834 | DEBUG    | utils.geo_utils:haversine_distance:20 - Haversine: (31.3933848, 73.0742595) → (31.3589417, 73.0841457) = 3943.2 m
2026-03-13 16:04:12.834 | INFO     | data_pipeline.stop_builder:merge_nearby_stops:91 - Merged stops:
2026-03-13 16:04:12.834 | INFO     | data_pipeline.stop_builder:merge_nearby_stops:92 -   Before merge: 17 stops
2026-03-13 16:04:12.834 | INFO     | data_pipeline.stop_builder:merge_nearby_stops:93 -   After merge : 17 stops (merged 0 pairs/groups)
2026-03-13 16:04:12.834 | DEBUG    | data_pipeline.stop_builder:merge_nearby_stops:95 - First few merged stops: [{'student_id': 'test_001', 'name': 'Test Student 1', 'roll_no': 'TEST-7277', 'lat': 31.4741405, 'lng': 73.0215448, 'student_count': 1, 'contact': '03351205345', 'semester': 'Spring 2026', 'fee_status': 'unpaid', 'registration_status': 'pending', 'original_lat': 31.4741405, 'original_lng': 73.0215448, 'snap_distance_m': 0.0, 'merged_student_ids': ['test_001']}, {'student_id': 'test_002', 'name': 'Test Student 2', 'roll_no': 'TEST-2113', 'lat': 31.3947802, 'lng': 73.0496437, 'student_count': 1, 'contact': '03290191261', 'semester': 'Spring 2026', 'fee_status': 'unpaid', 'registration_status': 'pending', 'original_lat': 31.3947802, 'original_lng': 73.0496437, 'snap_distance_m': 0.0, 'merged_student_ids': ['test_002']}, {'student_id': 'test_003', 'name': 'Test Student 3', 'roll_no': 'TEST-1468', 'lat': 31.512935, 'lng': 73.0381981, 'student_count': 1, 'contact': '03636076608', 'semester': 'Spring 2026', 'fee_status': 'unpaid', 'registration_status': 'pending', 'original_lat': 31.512935, 'original_lng': 73.0381981, 'snap_distance_m': 0.0, 'merged_student_ids': ['test_003']}]
2026-03-13 16:04:13.464 | INFO     | database.firebase:update_document:35 - Updated document test_001 in students
2026-03-13 16:04:15.932 | INFO     | database.firebase:update_document:35 - Updated document test_002 in students
2026-03-13 16:04:16.596 | INFO     | database.firebase:update_document:35 - Updated document test_003 in students
2026-03-13 16:04:18.916 | INFO     | database.firebase:update_document:35 - Updated document test_004 in students
2026-03-13 16:04:19.532 | INFO     | database.firebase:update_document:35 - Updated document test_005 in students
2026-03-13 16:04:21.858 | INFO     | database.firebase:update_document:35 - Updated document test_006 in students
2026-03-13 16:04:22.518 | INFO     | database.firebase:update_document:35 - Updated document test_007 in students
2026-03-13 16:04:24.809 | INFO     | database.firebase:update_document:35 - Updated document test_008 in students
2026-03-13 16:04:25.467 | INFO     | database.firebase:update_document:35 - Updated document test_009 in students
2026-03-13 16:04:27.759 | INFO     | database.firebase:update_document:35 - Updated document test_010 in students
2026-03-13 16:04:28.404 | INFO     | database.firebase:update_document:35 - Updated document test_013 in students
2026-03-13 16:04:29.655 | INFO     | database.firebase:update_document:35 - Updated document test_014 in students
2026-03-13 16:04:30.664 | INFO     | database.firebase:update_document:35 - Updated document test_015 in students
2026-03-13 16:04:31.236 | INFO     | database.firebase:update_document:35 - Updated document test_016 in students
2026-03-13 16:04:31.777 | INFO     | database.firebase:update_document:35 - Updated document test_017 in students
2026-03-13 16:04:32.333 | INFO     | database.firebase:update_document:35 - Updated document test_019 in students
2026-03-13 16:04:32.871 | INFO     | database.firebase:update_document:35 - Updated document test_020 in students
2026-03-13 16:04:32.872 | INFO     | data_pipeline.stop_builder:update_student_stops:128 - Updated 17 students in Firestore with final snapped/merged coordinates
2026-03-13 16:04:32.957 | INFO     | clustering.stop_clustering:cluster_stops:30 - Clustered into 1 buses (capacity 30):
2026-03-13 16:04:32.958 | INFO     | clustering.stop_clustering:cluster_stops:33 -   Bus 0: 17 stops, 17 students
2026-03-13 16:04:34.619 | INFO     | optimization.tsp_solver:get_road_distance_matrix:38 - ORS matrix computed: 18x18
2026-03-13 16:04:49.673 | INFO     | optimization.tsp_solver:solve_tsp:123 - TSP solved: 17 stops, distance 112498 m, objective 112498
2026-03-13 16:04:49.674 | DEBUG    | optimization.tsp_solver:solve_tsp:124 - Order: ['unknown', 'unknown', 'unknown', 'unknown', 'unknown', 'unknown', 'unknown', 'unknown', 'unknown', 'unknown', 'unknown', 'unknown', 'unknown', 'unknown', 'unknown', 'unknown', 'unknown']
2026-03-13 16:04:49.675 | DEBUG    | optimization.route_generator:generate_route_path:57 - Requesting ORS route with 18 waypoints
2026-03-13 16:04:51.616 | INFO     | optimization.route_generator:generate_route_path:74 - ORS route generated successfully (bug-free)
2026-03-13 16:04:51.617 | INFO     | optimization.route_generator:generate_route_path:75 -   Waypoints: 17 stops → University
2026-03-13 16:04:51.618 | INFO     | optimization.route_generator:generate_route_path:76 -   Distance: 124.15 km
2026-03-13 16:04:51.618 | INFO     | optimization.route_generator:generate_route_path:77 -   Duration: 2.66 h (159 min)
2026-03-13 16:04:51.622 | DEBUG    | optimization.route_generator:generate_route_path:78 - Geometry sample (first 3 & last 3): [[73.021545, 31.474141], [73.021678, 31.474553], [73.021706, 31.474639]] ... [[73.03447, 31.602425], [73.034742, 31.602694], [73.034832, 31.602523]]
2026-03-13 16:04:51.624 | INFO     | optimization.store_routes:store_optimized_routes:250 - Cluster 0: TSP solved | 17 stops | 124.15 km | 2.66 h
2026-03-13 16:04:53.374 | DEBUG    | optimization.store_routes:reverse_geocode_stop_name:102 - Geocoded (31.47414, 73.02154) → تحصیل فیصل آباد صدر, ضلع فیصل آباد
2026-03-13 16:04:55.786 | DEBUG    | optimization.store_routes:compute_fee_for_stop:183 - Fee: 82599 PKR/student | dist=17.21 km | students=1
2026-03-13 16:04:56.493 | DEBUG    | optimization.store_routes:store_optimized_routes:296 - Stop stored: id=6ZcWXOkoXdVdzrPmNgm3 | name=تحصیل فیصل آباد صدر, ضلع فیصل آباد | dist=17.208 km | fee=82599.0 PKR
2026-03-13 16:04:58.254 | DEBUG    | optimization.store_routes:reverse_geocode_stop_name:102 - Geocoded (31.49131, 73.01601) → تحصیل فیصل آباد صدر, ضلع فیصل آباد
2026-03-13 16:05:00.729 | DEBUG    | optimization.store_routes:compute_fee_for_stop:183 - Fee: 81413 PKR/student | dist=16.96 km | students=1
2026-03-13 16:05:01.294 | DEBUG    | optimization.store_routes:store_optimized_routes:296 - Stop stored: id=0JhD5X0fNNaPxyE846Wc | name=تحصیل فیصل آباد صدر, ضلع فیصل آباد | dist=16.961 km | fee=81413.0 PKR
2026-03-13 16:05:02.778 | DEBUG    | optimization.store_routes:reverse_geocode_stop_name:102 - Geocoded (31.51293, 73.03820) → تحصیل فیصل آباد صدر, ضلع فیصل آباد
2026-03-13 16:05:05.846 | DEBUG    | optimization.store_routes:compute_fee_for_stop:183 - Fee: 63610 PKR/student | dist=13.25 km | students=1
2026-03-13 16:05:06.414 | DEBUG    | optimization.store_routes:store_optimized_routes:296 - Stop stored: id=mECM6g7re4J7F08E6aEu | name=تحصیل فیصل آباد صدر, ضلع فیصل آباد | dist=13.252 km | fee=63610.0 PKR
2026-03-13 16:05:08.093 | DEBUG    | optimization.store_routes:reverse_geocode_stop_name:102 - Geocoded (31.55003, 73.13534) → Kirari
2026-03-13 16:05:10.403 | DEBUG    | optimization.store_routes:compute_fee_for_stop:183 - Fee: 75879 PKR/student | dist=15.81 km | students=1
2026-03-13 16:05:11.001 | DEBUG    | optimization.store_routes:store_optimized_routes:296 - Stop stored: id=FyDTG6NXPLjLutu3PK4z | name=Kirari | dist=15.808 km | fee=75879.0 PKR
2026-03-13 16:05:12.433 | DEBUG    | optimization.store_routes:reverse_geocode_stop_name:102 - Geocoded (31.53469, 73.18181) → تحصیل فیصل آباد صدر, ضلع فیصل آباد
2026-03-13 16:05:17.340 | DEBUG    | optimization.store_routes:compute_fee_for_stop:183 - Fee: 104516 PKR/student | dist=21.77 km | students=1
2026-03-13 16:05:18.155 | DEBUG    | optimization.store_routes:store_optimized_routes:296 - Stop stored: id=wXzCGnP7GBjXX357h328 | name=تحصیل فیصل آباد صدر, ضلع فیصل آباد | dist=21.774 km | fee=104516.0 PKR
2026-03-13 16:05:19.683 | DEBUG    | optimization.store_routes:reverse_geocode_stop_name:102 - Geocoded (31.48573, 73.17706) → Bagewal Road, Sabina Town
2026-03-13 16:05:21.947 | DEBUG    | optimization.store_routes:compute_fee_for_stop:183 - Fee: 148772 PKR/student | dist=30.99 km | students=1
2026-03-13 16:05:22.500 | DEBUG    | optimization.store_routes:store_optimized_routes:296 - Stop stored: id=Uh8jTOBFzLXEKq3o4mvc | name=Bagewal Road, Sabina Town | dist=30.994 km | fee=148772.0 PKR
2026-03-13 16:05:24.619 | DEBUG    | optimization.store_routes:reverse_geocode_stop_name:102 - Geocoded (31.46631, 73.10348) → Millat Road
2026-03-13 16:05:26.920 | DEBUG    | optimization.store_routes:compute_fee_for_stop:183 - Fee: 103455 PKR/student | dist=21.55 km | students=1
2026-03-13 16:05:27.897 | DEBUG    | optimization.store_routes:store_optimized_routes:296 - Stop stored: id=vqkXoqOkO24g8t99etBr | name=Millat Road | dist=21.553 km | fee=103455.0 PKR
2026-03-13 16:05:28.993 | DEBUG    | optimization.store_routes:reverse_geocode_stop_name:102 - Geocoded (31.39338, 73.07426) → سمن آباد
2026-03-13 16:05:31.081 | DEBUG    | optimization.store_routes:compute_fee_for_stop:183 - Fee: 123068 PKR/student | dist=25.64 km | students=1
2026-03-13 16:05:31.639 | DEBUG    | optimization.store_routes:store_optimized_routes:296 - Stop stored: id=wTET6J0h4Bg3FpaMMBC6 | name=سمن آباد | dist=25.639 km | fee=123068.0 PKR
2026-03-13 16:05:32.699 | DEBUG    | optimization.store_routes:reverse_geocode_stop_name:102 - Geocoded (31.39478, 73.04964) → تحصیل فیصل آباد شہر, ضلع فیصل آباد
2026-03-13 16:05:34.807 | DEBUG    | optimization.store_routes:compute_fee_for_stop:183 - Fee: 131516 PKR/student | dist=27.40 km | students=1
2026-03-13 16:05:35.374 | DEBUG    | optimization.store_routes:store_optimized_routes:296 - Stop stored: id=M5q6wZB0GFCuyDMdztEF | name=تحصیل فیصل آباد شہر, ضلع فیصل آباد | dist=27.399 km | fee=131516.0 PKR
2026-03-13 16:05:36.353 | DEBUG    | optimization.store_routes:reverse_geocode_stop_name:102 - Geocoded (31.37925, 73.06181) → اسٹریٹ 20, نثار کالونی
2026-03-13 16:05:38.620 | DEBUG    | optimization.store_routes:compute_fee_for_stop:183 - Fee: 135471 PKR/student | dist=28.22 km | students=1
2026-03-13 16:05:39.180 | DEBUG    | optimization.store_routes:store_optimized_routes:296 - Stop stored: id=xq8C1o8wAKEwFls7thM6 | name=اسٹریٹ 20, نثار کالونی | dist=28.223 km | fee=135471.0 PKR
2026-03-13 16:05:40.627 | DEBUG    | optimization.store_routes:reverse_geocode_stop_name:102 - Geocoded (31.34780, 73.06033) → Four Seasons Housing
2026-03-13 16:05:43.099 | DEBUG    | optimization.store_routes:compute_fee_for_stop:183 - Fee: 153480 PKR/student | dist=31.98 km | students=1
2026-03-13 16:05:43.659 | DEBUG    | optimization.store_routes:store_optimized_routes:296 - Stop stored: id=mEAZeDOQljjFmX3edCfa | name=Four Seasons Housing | dist=31.975 km | fee=153480.0 PKR
2026-03-13 16:05:45.240 | DEBUG    | optimization.store_routes:reverse_geocode_stop_name:102 - Geocoded (31.33343, 73.06450) → Four Seasons Housing
2026-03-13 16:05:50.155 | DEBUG    | optimization.store_routes:compute_fee_for_stop:183 - Fee: 161084 PKR/student | dist=33.56 km | students=1
2026-03-13 16:05:51.135 | DEBUG    | optimization.store_routes:store_optimized_routes:296 - Stop stored: id=1Sv7uqKnqovxb64kXYst | name=Four Seasons Housing | dist=33.559 km | fee=161084.0 PKR
2026-03-13 16:05:53.900 | DEBUG    | optimization.store_routes:reverse_geocode_stop_name:102 - Geocoded (31.32766, 73.12366) → Faisalabad ByPass, Harlan
2026-03-13 16:05:56.042 | DEBUG    | optimization.store_routes:compute_fee_for_stop:183 - Fee: 188396 PKR/student | dist=39.25 km | students=1
2026-03-13 16:05:56.674 | DEBUG    | optimization.store_routes:store_optimized_routes:296 - Stop stored: id=bJCA6hPKel2eJ5lG1IEW | name=Faisalabad ByPass, Harlan | dist=39.249 km | fee=188396.0 PKR
2026-03-13 16:05:57.974 | DEBUG    | optimization.store_routes:reverse_geocode_stop_name:102 - Geocoded (31.35894, 73.08415) → Chenab Gardens
2026-03-13 16:06:00.164 | DEBUG    | optimization.store_routes:compute_fee_for_stop:183 - Fee: 150264 PKR/student | dist=31.30 km | students=1
2026-03-13 16:06:00.774 | DEBUG    | optimization.store_routes:store_optimized_routes:296 - Stop stored: id=tTheeyuV3kDjhALIMWM5 | name=Chenab Gardens | dist=31.305 km | fee=150264.0 PKR
2026-03-13 16:06:01.941 | DEBUG    | optimization.store_routes:reverse_geocode_stop_name:102 - Geocoded (31.37795, 73.12235) → Niamuana Malkhanwala Road
2026-03-13 16:06:04.162 | DEBUG    | optimization.store_routes:compute_fee_for_stop:183 - Fee: 141178 PKR/student | dist=29.41 km | students=1
2026-03-13 16:06:05.218 | DEBUG    | optimization.store_routes:store_optimized_routes:296 - Stop stored: id=162xgCWvjO48xLmwk2VU | name=Niamuana Malkhanwala Road | dist=29.412 km | fee=141178.0 PKR
2026-03-13 16:06:07.213 | DEBUG    | optimization.store_routes:reverse_geocode_stop_name:102 - Geocoded (31.44532, 73.06743) → تحصیل فیصل آباد شہر, ضلع فیصل آباد
2026-03-13 16:06:09.683 | DEBUG    | optimization.store_routes:compute_fee_for_stop:183 - Fee: 92281 PKR/student | dist=19.23 km | students=1
2026-03-13 16:06:10.276 | DEBUG    | optimization.store_routes:store_optimized_routes:296 - Stop stored: id=o7iYEhtzOIf8zaz7SXe7 | name=تحصیل فیصل آباد شہر, ضلع فیصل آباد | dist=19.225 km | fee=92281.0 PKR
2026-03-13 16:06:12.101 | DEBUG    | optimization.store_routes:reverse_geocode_stop_name:102 - Geocoded (31.46977, 73.05963) → تحصیل فیصل آباد شہر, تحصیل فیصل آباد صدر
2026-03-13 16:06:14.405 | DEBUG    | optimization.store_routes:compute_fee_for_stop:183 - Fee: 79541 PKR/student | dist=16.57 km | students=1
2026-03-13 16:06:14.962 | DEBUG    | optimization.store_routes:store_optimized_routes:296 - Stop stored: id=8VchMVNnBpenlLWrbMFF | name=تحصیل فیصل آباد شہر, تحصیل فیصل آباد صدر | dist=16.571 km | fee=79541.0 PKR
2026-03-13 16:06:16.555 | INFO     | optimization.store_routes:store_optimized_routes:324 - Route stored: id=uqU5HR7xSepnszZ0q6ca | 17 stops | 124.15 km
2026-03-13 16:06:16.555 | INFO     | optimization.store_routes:store_optimized_routes:331 - Phase 2: back-filling route_id on 17 stop documents…
2026-03-13 16:06:17.206 | DEBUG    | optimization.store_routes:store_optimized_routes:356 - Final batch committed: 17 writes
2026-03-13 16:06:17.206 | INFO     | optimization.store_routes:store_optimized_routes:358 - Done. Routes stored: 1 | Stops stored: 17
2026-03-13 16:06:17.206 | INFO     | api.main:run_optimization:64 - Pipeline completed successfully | 1 buses processed
2026-03-13 16:13:54.200 | INFO     | api.main:run_optimization:29 - Starting full route optimization pipeline
2026-03-13 16:13:58.708 | INFO     | data_pipeline.student_loader:load_student_stops:42 - Loaded 20 student stops from Firestore
2026-03-13 16:13:58.708 | DEBUG    | data_pipeline.student_loader:load_student_stops:43 - First 3 stops (sample): [{'student_id': 'test_001', 'name': 'Test Student 1', 'roll_no': 'TEST-7277', 'lat': 31.4741405, 'lng': 73.0215448, 'student_count': 1, 'contact': '03351205345', 'semester': 'Spring 2026', 'fee_status': 'unpaid', 'registration_status': 'pending'}, {'student_id': 'test_002', 'name': 'Test Student 2', 'roll_no': 'TEST-2113', 'lat': 31.3947802, 'lng': 73.0496437, 'student_count': 1, 'contact': '03290191261', 'semester': 'Spring 2026', 'fee_status': 'unpaid', 'registration_status': 'pending'}, {'student_id': 'test_003', 'name': 'Test Student 3', 'roll_no': 'TEST-1468', 'lat': 31.512935, 'lng': 73.0381981, 'student_count': 1, 'contact': '03636076608', 'semester': 'Spring 2026', 'fee_status': 'unpaid', 'registration_status': 'pending'}]
2026-03-13 16:13:58.708 | INFO     | osm.fetch_roads:fetch_or_load_road_graph:19 - Loading cached Faisalabad road graph...
2026-03-13 16:14:04.470 | INFO     | osm.fetch_roads:fetch_or_load_road_graph:21 - Loaded graph with 50872 nodes and 144715 edges
2026-03-13 16:14:04.561 | INFO     | osm.road_filter:filter_main_roads:38 - Filtered graph:
2026-03-13 16:14:04.578 | INFO     | osm.road_filter:filter_main_roads:39 -   Original: 50872 nodes, 144715 edges
2026-03-13 16:14:04.656 | INFO     | osm.road_filter:filter_main_roads:40 -   After filter (main roads only): 7460 nodes, 12863 edges
2026-03-13 16:14:04.799 | DEBUG    | utils.distance_utils:build_node_balltree:29 - Built BallTree with 7460 nodes
2026-03-13 16:14:04.800 | DEBUG    | utils.geo_utils:haversine_distance:20 - Haversine: (31.4741405, 73.0215448) → (31.4741405, 73.0215448) = 0.0 m
2026-03-13 16:14:04.800 | DEBUG    | utils.distance_utils:find_nearest_road_point:56 - Nearest road node to (31.4741405, 73.0215448): (31.474141, 73.021545) — 0.0m
2026-03-13 16:14:04.800 | DEBUG    | utils.geo_utils:haversine_distance:20 - Haversine: (31.4741405, 73.0215448) → (31.4741405, 73.0215448) = 0.0 m
2026-03-13 16:14:04.800 | DEBUG    | data_pipeline.stop_builder:snap_stops_to_roads:38 - Snapped Test Student 1 (TEST-7277): 0.0m
2026-03-13 16:14:04.812 | DEBUG    | utils.distance_utils:build_node_balltree:29 - Built BallTree with 7460 nodes
2026-03-13 16:14:04.813 | DEBUG    | utils.geo_utils:haversine_distance:20 - Haversine: (31.3947802, 73.0496437) → (31.3947802, 73.0496437) = 0.0 m
2026-03-13 16:14:04.813 | DEBUG    | utils.distance_utils:find_nearest_road_point:56 - Nearest road node to (31.3947802, 73.0496437): (31.394780, 73.049644) — 0.0m
2026-03-13 16:14:04.814 | DEBUG    | utils.geo_utils:haversine_distance:20 - Haversine: (31.3947802, 73.0496437) → (31.3947802, 73.0496437) = 0.0 m
2026-03-13 16:14:04.814 | DEBUG    | data_pipeline.stop_builder:snap_stops_to_roads:38 - Snapped Test Student 2 (TEST-2113): 0.0m
2026-03-13 16:14:04.827 | DEBUG    | utils.distance_utils:build_node_balltree:29 - Built BallTree with 7460 nodes
2026-03-13 16:14:04.828 | DEBUG    | utils.geo_utils:haversine_distance:20 - Haversine: (31.512935, 73.0381981) → (31.512935, 73.0381981) = 0.0 m
2026-03-13 16:14:04.828 | DEBUG    | utils.distance_utils:find_nearest_road_point:56 - Nearest road node to (31.512935, 73.0381981): (31.512935, 73.038198) — 0.0m
2026-03-13 16:14:04.829 | DEBUG    | utils.geo_utils:haversine_distance:20 - Haversine: (31.512935, 73.0381981) → (31.512935, 73.0381981) = 0.0 m
2026-03-13 16:14:04.829 | DEBUG    | data_pipeline.stop_builder:snap_stops_to_roads:38 - Snapped Test Student 3 (TEST-1468): 0.0m
2026-03-13 16:14:04.847 | DEBUG    | utils.distance_utils:build_node_balltree:29 - Built BallTree with 7460 nodes
2026-03-13 16:14:04.848 | DEBUG    | utils.geo_utils:haversine_distance:20 - Haversine: (31.3477999, 73.0603287) → (31.3477999, 73.0603287) = 0.0 m
2026-03-13 16:14:04.848 | DEBUG    | utils.distance_utils:find_nearest_road_point:56 - Nearest road node to (31.3477999, 73.0603287): (31.347800, 73.060329) — 0.0m
2026-03-13 16:14:04.848 | DEBUG    | utils.geo_utils:haversine_distance:20 - Haversine: (31.3477999, 73.0603287) → (31.3477999, 73.0603287) = 0.0 m
2026-03-13 16:14:04.848 | DEBUG    | data_pipeline.stop_builder:snap_stops_to_roads:38 - Snapped Test Student 4 (TEST-5494): 0.0m
2026-03-13 16:14:04.864 | DEBUG    | utils.distance_utils:build_node_balltree:29 - Built BallTree with 7460 nodes
2026-03-13 16:14:04.865 | DEBUG    | utils.geo_utils:haversine_distance:20 - Haversine: (31.3779513, 73.1223503) → (31.3779513, 73.1223503) = 0.0 m
2026-03-13 16:14:04.865 | DEBUG    | utils.distance_utils:find_nearest_road_point:56 - Nearest road node to (31.3779513, 73.1223503): (31.377951, 73.122350) — 0.0m
2026-03-13 16:14:04.865 | DEBUG    | utils.geo_utils:haversine_distance:20 - Haversine: (31.3779513, 73.1223503) → (31.3779513, 73.1223503) = 0.0 m
2026-03-13 16:14:04.865 | DEBUG    | data_pipeline.stop_builder:snap_stops_to_roads:38 - Snapped Test Student 5 (TEST-6897): 0.0m
2026-03-13 16:14:04.877 | DEBUG    | utils.distance_utils:build_node_balltree:29 - Built BallTree with 7460 nodes
2026-03-13 16:14:04.877 | DEBUG    | utils.geo_utils:haversine_distance:20 - Haversine: (31.3276625, 73.1236586) → (31.3276625, 73.1236586) = 0.0 m
2026-03-13 16:14:04.877 | DEBUG    | utils.distance_utils:find_nearest_road_point:56 - Nearest road node to (31.3276625, 73.1236586): (31.327662, 73.123659) — 0.0m
2026-03-13 16:14:04.878 | DEBUG    | utils.geo_utils:haversine_distance:20 - Haversine: (31.3276625, 73.1236586) → (31.3276625, 73.1236586) = 0.0 m
2026-03-13 16:14:04.878 | DEBUG    | data_pipeline.stop_builder:snap_stops_to_roads:38 - Snapped Test Student 6 (TEST-8925): 0.0m
2026-03-13 16:14:04.892 | DEBUG    | utils.distance_utils:build_node_balltree:29 - Built BallTree with 7460 nodes
2026-03-13 16:14:04.892 | DEBUG    | utils.geo_utils:haversine_distance:20 - Haversine: (31.4913127, 73.0160084) → (31.4913127, 73.0160084) = 0.0 m
2026-03-13 16:14:04.893 | DEBUG    | utils.distance_utils:find_nearest_road_point:56 - Nearest road node to (31.4913127, 73.0160084): (31.491313, 73.016008) — 0.0m
2026-03-13 16:14:04.893 | DEBUG    | utils.geo_utils:haversine_distance:20 - Haversine: (31.4913127, 73.0160084) → (31.4913127, 73.0160084) = 0.0 m
2026-03-13 16:14:04.893 | DEBUG    | data_pipeline.stop_builder:snap_stops_to_roads:38 - Snapped Test Student 7 (TEST-3079): 0.0m
2026-03-13 16:14:04.907 | DEBUG    | utils.distance_utils:build_node_balltree:29 - Built BallTree with 7460 nodes
2026-03-13 16:14:04.908 | DEBUG    | utils.geo_utils:haversine_distance:20 - Haversine: (31.5500271, 73.1353422) → (31.5500271, 73.1353422) = 0.0 m
2026-03-13 16:14:04.908 | DEBUG    | utils.distance_utils:find_nearest_road_point:56 - Nearest road node to (31.5500271, 73.1353422): (31.550027, 73.135342) — 0.0m
2026-03-13 16:14:04.909 | DEBUG    | utils.geo_utils:haversine_distance:20 - Haversine: (31.5500271, 73.1353422) → (31.5500271, 73.1353422) = 0.0 m
2026-03-13 16:14:04.909 | DEBUG    | data_pipeline.stop_builder:snap_stops_to_roads:38 - Snapped Test Student 8 (TEST-7822): 0.0m
2026-03-13 16:14:04.923 | DEBUG    | utils.distance_utils:build_node_balltree:29 - Built BallTree with 7460 nodes
2026-03-13 16:14:04.924 | DEBUG    | utils.geo_utils:haversine_distance:20 - Haversine: (31.4453195, 73.0674257) → (31.4453195, 73.0674257) = 0.0 m
2026-03-13 16:14:04.924 | DEBUG    | utils.distance_utils:find_nearest_road_point:56 - Nearest road node to (31.4453195, 73.0674257): (31.445320, 73.067426) — 0.0m
2026-03-13 16:14:04.924 | DEBUG    | utils.geo_utils:haversine_distance:20 - Haversine: (31.4453195, 73.0674257) → (31.4453195, 73.0674257) = 0.0 m
2026-03-13 16:14:04.924 | DEBUG    | data_pipeline.stop_builder:snap_stops_to_roads:38 - Snapped Test Student 9 (TEST-5087): 0.0m
2026-03-13 16:14:04.936 | DEBUG    | utils.distance_utils:build_node_balltree:29 - Built BallTree with 7460 nodes
2026-03-13 16:14:04.936 | DEBUG    | utils.geo_utils:haversine_distance:20 - Haversine: (31.4697711, 73.0596326) → (31.4697711, 73.0596326) = 0.0 m
2026-03-13 16:14:04.936 | DEBUG    | utils.distance_utils:find_nearest_road_point:56 - Nearest road node to (31.4697711, 73.0596326): (31.469771, 73.059633) — 0.0m
2026-03-13 16:14:04.937 | DEBUG    | utils.geo_utils:haversine_distance:20 - Haversine: (31.4697711, 73.0596326) → (31.4697711, 73.0596326) = 0.0 m
2026-03-13 16:14:04.937 | DEBUG    | data_pipeline.stop_builder:snap_stops_to_roads:38 - Snapped Test Student 10 (TEST-9270): 0.0m
2026-03-13 16:14:04.947 | DEBUG    | utils.distance_utils:build_node_balltree:29 - Built BallTree with 7460 nodes
2026-03-13 16:14:04.948 | DEBUG    | utils.geo_utils:haversine_distance:20 - Haversine: (31.35814771739733, 73.19797994220208) → (31.3636092, 73.1880587) = 1120.8 m
2026-03-13 16:14:04.948 | DEBUG    | utils.distance_utils:find_nearest_road_point:56 - Nearest road node to (31.35814771739733, 73.19797994220208): (31.363609, 73.188059) — 1120.8m
2026-03-13 16:14:04.948 | DEBUG    | utils.geo_utils:haversine_distance:20 - Haversine: (31.35814771739733, 73.19797994220208) → (31.3636092, 73.1880587) = 1120.8 m
2026-03-13 16:14:04.948 | WARNING  | data_pipeline.stop_builder:snap_stops_to_roads:40 - Stop Test Student 11 too far from main road (1120.8m) → skipped
2026-03-13 16:14:04.963 | DEBUG    | utils.distance_utils:build_node_balltree:29 - Built BallTree with 7460 nodes
2026-03-13 16:14:04.963 | DEBUG    | utils.geo_utils:haversine_distance:20 - Haversine: (31.458963501324437, 73.00280007215052) → (31.4470459, 72.9992853) = 1366.5 m
2026-03-13 16:14:04.963 | DEBUG    | utils.distance_utils:find_nearest_road_point:56 - Nearest road node to (31.458963501324437, 73.00280007215052): (31.447046, 72.999285) — 1366.5m
2026-03-13 16:14:04.963 | DEBUG    | utils.geo_utils:haversine_distance:20 - Haversine: (31.458963501324437, 73.00280007215052) → (31.4470459, 72.9992853) = 1366.5 m
2026-03-13 16:14:04.963 | WARNING  | data_pipeline.stop_builder:snap_stops_to_roads:40 - Stop Test Student 12 too far from main road (1366.5m) → skipped
2026-03-13 16:14:04.980 | DEBUG    | utils.distance_utils:build_node_balltree:29 - Built BallTree with 7460 nodes
2026-03-13 16:14:04.982 | DEBUG    | utils.geo_utils:haversine_distance:20 - Haversine: (31.4857257, 73.1770598) → (31.4857257, 73.1770598) = 0.0 m
2026-03-13 16:14:04.982 | DEBUG    | utils.distance_utils:find_nearest_road_point:56 - Nearest road node to (31.4857257, 73.1770598): (31.485726, 73.177060) — 0.0m
2026-03-13 16:14:04.982 | DEBUG    | utils.geo_utils:haversine_distance:20 - Haversine: (31.4857257, 73.1770598) → (31.4857257, 73.1770598) = 0.0 m
2026-03-13 16:14:04.982 | DEBUG    | data_pipeline.stop_builder:snap_stops_to_roads:38 - Snapped Test Student 13 (TEST-4969): 0.0m
2026-03-13 16:14:04.993 | DEBUG    | utils.distance_utils:build_node_balltree:29 - Built BallTree with 7460 nodes
2026-03-13 16:14:04.995 | DEBUG    | utils.geo_utils:haversine_distance:20 - Haversine: (31.5346891, 73.1818098) → (31.5346891, 73.1818098) = 0.0 m
2026-03-13 16:14:04.995 | DEBUG    | utils.distance_utils:find_nearest_road_point:56 - Nearest road node to (31.5346891, 73.1818098): (31.534689, 73.181810) — 0.0m
2026-03-13 16:14:04.995 | DEBUG    | utils.geo_utils:haversine_distance:20 - Haversine: (31.5346891, 73.1818098) → (31.5346891, 73.1818098) = 0.0 m
2026-03-13 16:14:04.996 | DEBUG    | data_pipeline.stop_builder:snap_stops_to_roads:38 - Snapped Test Student 14 (TEST-2794): 0.0m
2026-03-13 16:14:05.014 | DEBUG    | utils.distance_utils:build_node_balltree:29 - Built BallTree with 7460 nodes
2026-03-13 16:14:05.015 | DEBUG    | utils.geo_utils:haversine_distance:20 - Haversine: (31.333427, 73.0645016) → (31.333427, 73.0645016) = 0.0 m
2026-03-13 16:14:05.015 | DEBUG    | utils.distance_utils:find_nearest_road_point:56 - Nearest road node to (31.333427, 73.0645016): (31.333427, 73.064502) — 0.0m
2026-03-13 16:14:05.015 | DEBUG    | utils.geo_utils:haversine_distance:20 - Haversine: (31.333427, 73.0645016) → (31.333427, 73.0645016) = 0.0 m
2026-03-13 16:14:05.015 | DEBUG    | data_pipeline.stop_builder:snap_stops_to_roads:38 - Snapped Test Student 15 (TEST-6292): 0.0m
2026-03-13 16:14:05.027 | DEBUG    | utils.distance_utils:build_node_balltree:29 - Built BallTree with 7460 nodes
2026-03-13 16:14:05.028 | DEBUG    | utils.geo_utils:haversine_distance:20 - Haversine: (31.466307, 73.1034818) → (31.466307, 73.1034818) = 0.0 m
2026-03-13 16:14:05.029 | DEBUG    | utils.distance_utils:find_nearest_road_point:56 - Nearest road node to (31.466307, 73.1034818): (31.466307, 73.103482) — 0.0m
2026-03-13 16:14:05.029 | DEBUG    | utils.geo_utils:haversine_distance:20 - Haversine: (31.466307, 73.1034818) → (31.466307, 73.1034818) = 0.0 m
2026-03-13 16:14:05.029 | DEBUG    | data_pipeline.stop_builder:snap_stops_to_roads:38 - Snapped Test Student 16 (TEST-3855): 0.0m
2026-03-13 16:14:05.040 | DEBUG    | utils.distance_utils:build_node_balltree:29 - Built BallTree with 7460 nodes
2026-03-13 16:14:05.041 | DEBUG    | utils.geo_utils:haversine_distance:20 - Haversine: (31.3792544, 73.0618071) → (31.3792544, 73.0618071) = 0.0 m
2026-03-13 16:14:05.041 | DEBUG    | utils.distance_utils:find_nearest_road_point:56 - Nearest road node to (31.3792544, 73.0618071): (31.379254, 73.061807) — 0.0m
2026-03-13 16:14:05.041 | DEBUG    | utils.geo_utils:haversine_distance:20 - Haversine: (31.3792544, 73.0618071) → (31.3792544, 73.0618071) = 0.0 m
2026-03-13 16:14:05.042 | DEBUG    | data_pipeline.stop_builder:snap_stops_to_roads:38 - Snapped Test Student 17 (TEST-1915): 0.0m
2026-03-13 16:14:05.053 | DEBUG    | utils.distance_utils:build_node_balltree:29 - Built BallTree with 7460 nodes
2026-03-13 16:14:05.054 | DEBUG    | utils.geo_utils:haversine_distance:20 - Haversine: (31.35190948529881, 73.02203898223841) → (31.3643888, 73.012393) = 1662.7 m
2026-03-13 16:14:05.054 | DEBUG    | utils.distance_utils:find_nearest_road_point:56 - Nearest road node to (31.35190948529881, 73.02203898223841): (31.364389, 73.012393) — 1662.7m
2026-03-13 16:14:05.054 | DEBUG    | utils.geo_utils:haversine_distance:20 - Haversine: (31.35190948529881, 73.02203898223841) → (31.3643888, 73.012393) = 1662.7 m
2026-03-13 16:14:05.054 | WARNING  | data_pipeline.stop_builder:snap_stops_to_roads:40 - Stop Test Student 18 too far from main road (1662.7m) → skipped
2026-03-13 16:14:05.069 | DEBUG    | utils.distance_utils:build_node_balltree:29 - Built BallTree with 7460 nodes
2026-03-13 16:14:05.070 | DEBUG    | utils.geo_utils:haversine_distance:20 - Haversine: (31.3589417, 73.0841457) → (31.3589417, 73.0841457) = 0.0 m
2026-03-13 16:14:05.070 | DEBUG    | utils.distance_utils:find_nearest_road_point:56 - Nearest road node to (31.3589417, 73.0841457): (31.358942, 73.084146) — 0.0m
2026-03-13 16:14:05.071 | DEBUG    | utils.geo_utils:haversine_distance:20 - Haversine: (31.3589417, 73.0841457) → (31.3589417, 73.0841457) = 0.0 m
2026-03-13 16:14:05.071 | DEBUG    | data_pipeline.stop_builder:snap_stops_to_roads:38 - Snapped Test Student 19 (TEST-9501): 0.0m
2026-03-13 16:14:05.088 | DEBUG    | utils.distance_utils:build_node_balltree:29 - Built BallTree with 7460 nodes
2026-03-13 16:14:05.088 | DEBUG    | utils.geo_utils:haversine_distance:20 - Haversine: (31.3933848, 73.0742595) → (31.3933848, 73.0742595) = 0.0 m
2026-03-13 16:14:05.088 | DEBUG    | utils.distance_utils:find_nearest_road_point:56 - Nearest road node to (31.3933848, 73.0742595): (31.393385, 73.074259) — 0.0m
2026-03-13 16:14:05.089 | DEBUG    | utils.geo_utils:haversine_distance:20 - Haversine: (31.3933848, 73.0742595) → (31.3933848, 73.0742595) = 0.0 m
2026-03-13 16:14:05.089 | DEBUG    | data_pipeline.stop_builder:snap_stops_to_roads:38 - Snapped Test Student 20 (TEST-6324): 0.0m
2026-03-13 16:14:05.089 | INFO     | data_pipeline.stop_builder:snap_stops_to_roads:47 - Snapping complete:
2026-03-13 16:14:05.089 | INFO     | data_pipeline.stop_builder:snap_stops_to_roads:48 -   Input stops: 20
2026-03-13 16:14:05.089 | INFO     | data_pipeline.stop_builder:snap_stops_to_roads:49 -   Snapped successfully: 17
2026-03-13 16:14:05.089 | INFO     | data_pipeline.stop_builder:snap_stops_to_roads:50 -   Skipped (too far): 3
2026-03-13 16:14:05.090 | DEBUG    | data_pipeline.stop_builder:snap_stops_to_roads:53 - First snapped stop example: {'student_id': 'test_001', 'name': 'Test Student 1', 'roll_no': 'TEST-7277', 'lat': 31.4741405, 'lng': 73.0215448, 'student_count': 1, 'contact': '03351205345', 'semester': 'Spring 2026', 'fee_status': 'unpaid', 'registration_status': 'pending', 'original_lat': 31.4741405, 'original_lng': 73.0215448, 'snap_distance_m': 0.0}
2026-03-13 16:14:05.090 | DEBUG    | utils.geo_utils:haversine_distance:20 - Haversine: (31.3947802, 73.0496437) → (31.4741405, 73.0215448) = 9218.4 m
2026-03-13 16:14:05.090 | DEBUG    | utils.geo_utils:haversine_distance:20 - Haversine: (31.512935, 73.0381981) → (31.4741405, 73.0215448) = 4593.7 m
2026-03-13 16:14:05.090 | DEBUG    | utils.geo_utils:haversine_distance:20 - Haversine: (31.512935, 73.0381981) → (31.3947802, 73.0496437) = 13183.0 m
2026-03-13 16:14:05.090 | DEBUG    | utils.geo_utils:haversine_distance:20 - Haversine: (31.3477999, 73.0603287) → (31.4741405, 73.0215448) = 14522.6 m
2026-03-13 16:14:05.090 | DEBUG    | utils.geo_utils:haversine_distance:20 - Haversine: (31.3477999, 73.0603287) → (31.3947802, 73.0496437) = 5321.6 m
2026-03-13 16:14:05.090 | DEBUG    | utils.geo_utils:haversine_distance:20 - Haversine: (31.3477999, 73.0603287) → (31.512935, 73.0381981) = 18481.9 m
2026-03-13 16:14:05.090 | DEBUG    | utils.geo_utils:haversine_distance:20 - Haversine: (31.3779513, 73.1223503) → (31.4741405, 73.0215448) = 14348.7 m
2026-03-13 16:14:05.090 | DEBUG    | utils.geo_utils:haversine_distance:20 - Haversine: (31.3779513, 73.1223503) → (31.3947802, 73.0496437) = 7150.8 m
2026-03-13 16:14:05.090 | DEBUG    | utils.geo_utils:haversine_distance:20 - Haversine: (31.3779513, 73.1223503) → (31.512935, 73.0381981) = 17000.4 m
2026-03-13 16:14:05.090 | DEBUG    | utils.geo_utils:haversine_distance:20 - Haversine: (31.3779513, 73.1223503) → (31.3477999, 73.0603287) = 6776.3 m
2026-03-13 16:14:05.090 | DEBUG    | utils.geo_utils:haversine_distance:20 - Haversine: (31.3276625, 73.1236586) → (31.4741405, 73.0215448) = 18952.9 m
2026-03-13 16:14:05.090 | DEBUG    | utils.geo_utils:haversine_distance:20 - Haversine: (31.3276625, 73.1236586) → (31.3947802, 73.0496437) = 10251.2 m
2026-03-13 16:14:05.090 | DEBUG    | utils.geo_utils:haversine_distance:20 - Haversine: (31.3276625, 73.1236586) → (31.512935, 73.0381981) = 22140.0 m
2026-03-13 16:14:05.090 | DEBUG    | utils.geo_utils:haversine_distance:20 - Haversine: (31.3276625, 73.1236586) → (31.3477999, 73.0603287) = 6417.9 m
2026-03-13 16:14:05.090 | DEBUG    | utils.geo_utils:haversine_distance:20 - Haversine: (31.3276625, 73.1236586) → (31.3779513, 73.1223503) = 5593.2 m
2026-03-13 16:14:05.090 | DEBUG    | utils.geo_utils:haversine_distance:20 - Haversine: (31.4913127, 73.0160084) → (31.4741405, 73.0215448) = 1980.3 m
2026-03-13 16:14:05.090 | DEBUG    | utils.geo_utils:haversine_distance:20 - Haversine: (31.4913127, 73.0160084) → (31.3947802, 73.0496437) = 11198.2 m
2026-03-13 16:14:05.090 | DEBUG    | utils.geo_utils:haversine_distance:20 - Haversine: (31.4913127, 73.0160084) → (31.512935, 73.0381981) = 3194.7 m
2026-03-13 16:14:05.090 | DEBUG    | utils.geo_utils:haversine_distance:20 - Haversine: (31.4913127, 73.0160084) → (31.3477999, 73.0603287) = 16502.8 m
2026-03-13 16:14:05.090 | DEBUG    | utils.geo_utils:haversine_distance:20 - Haversine: (31.4913127, 73.0160084) → (31.3779513, 73.1223503) = 16145.7 m
2026-03-13 16:14:05.090 | DEBUG    | utils.geo_utils:haversine_distance:20 - Haversine: (31.4913127, 73.0160084) → (31.3276625, 73.1236586) = 20868.7 m
2026-03-13 16:14:05.090 | DEBUG    | utils.geo_utils:haversine_distance:20 - Haversine: (31.5500271, 73.1353422) → (31.4741405, 73.0215448) = 13695.9 m
2026-03-13 16:14:05.090 | DEBUG    | utils.geo_utils:haversine_distance:20 - Haversine: (31.5500271, 73.1353422) → (31.3947802, 73.0496437) = 19080.2 m
2026-03-13 16:14:05.090 | DEBUG    | utils.geo_utils:haversine_distance:20 - Haversine: (31.5500271, 73.1353422) → (31.512935, 73.0381981) = 10088.7 m
2026-03-13 16:14:05.090 | DEBUG    | utils.geo_utils:haversine_distance:20 - Haversine: (31.5500271, 73.1353422) → (31.3477999, 73.0603287) = 23585.7 m
2026-03-13 16:14:05.090 | DEBUG    | utils.geo_utils:haversine_distance:20 - Haversine: (31.5500271, 73.1353422) → (31.3779513, 73.1223503) = 19173.6 m
2026-03-13 16:14:05.090 | DEBUG    | utils.geo_utils:haversine_distance:20 - Haversine: (31.5500271, 73.1353422) → (31.3276625, 73.1236586) = 24750.6 m
2026-03-13 16:14:05.091 | DEBUG    | utils.geo_utils:haversine_distance:20 - Haversine: (31.5500271, 73.1353422) → (31.4913127, 73.0160084) = 13060.4 m
2026-03-13 16:14:05.091 | DEBUG    | utils.geo_utils:haversine_distance:20 - Haversine: (31.4453195, 73.0674257) → (31.4741405, 73.0215448) = 5404.5 m
2026-03-13 16:14:05.091 | DEBUG    | utils.geo_utils:haversine_distance:20 - Haversine: (31.4453195, 73.0674257) → (31.3947802, 73.0496437) = 5867.6 m
2026-03-13 16:14:05.091 | DEBUG    | utils.geo_utils:haversine_distance:20 - Haversine: (31.4453195, 73.0674257) → (31.512935, 73.0381981) = 8013.1 m
2026-03-13 16:14:05.091 | DEBUG    | utils.geo_utils:haversine_distance:20 - Haversine: (31.4453195, 73.0674257) → (31.3477999, 73.0603287) = 10864.6 m
2026-03-13 16:14:05.091 | DEBUG    | utils.geo_utils:haversine_distance:20 - Haversine: (31.4453195, 73.0674257) → (31.3779513, 73.1223503) = 9125.9 m
2026-03-13 16:14:05.091 | DEBUG    | utils.geo_utils:haversine_distance:20 - Haversine: (31.4453195, 73.0674257) → (31.3276625, 73.1236586) = 14129.9 m
2026-03-13 16:14:05.091 | DEBUG    | utils.geo_utils:haversine_distance:20 - Haversine: (31.4453195, 73.0674257) → (31.4913127, 73.0160084) = 7066.5 m
2026-03-13 16:14:05.091 | DEBUG    | utils.geo_utils:haversine_distance:20 - Haversine: (31.4453195, 73.0674257) → (31.5500271, 73.1353422) = 13305.0 m
2026-03-13 16:14:05.091 | DEBUG    | utils.geo_utils:haversine_distance:20 - Haversine: (31.4697711, 73.0596326) → (31.4741405, 73.0215448) = 3644.7 m
2026-03-13 16:14:05.091 | DEBUG    | utils.geo_utils:haversine_distance:20 - Haversine: (31.4697711, 73.0596326) → (31.3947802, 73.0496437) = 8392.3 m
2026-03-13 16:14:05.091 | DEBUG    | utils.geo_utils:haversine_distance:20 - Haversine: (31.4697711, 73.0596326) → (31.512935, 73.0381981) = 5212.2 m
2026-03-13 16:14:05.091 | DEBUG    | utils.geo_utils:haversine_distance:20 - Haversine: (31.4697711, 73.0596326) → (31.3477999, 73.0603287) = 13562.7 m
2026-03-13 16:14:05.091 | DEBUG    | utils.geo_utils:haversine_distance:20 - Haversine: (31.4697711, 73.0596326) → (31.3779513, 73.1223503) = 11817.7 m
2026-03-13 16:14:05.091 | DEBUG    | utils.geo_utils:haversine_distance:20 - Haversine: (31.4697711, 73.0596326) → (31.3276625, 73.1236586) = 16930.0 m
2026-03-13 16:14:05.091 | DEBUG    | utils.geo_utils:haversine_distance:20 - Haversine: (31.4697711, 73.0596326) → (31.4913127, 73.0160084) = 4780.3 m
2026-03-13 16:14:05.091 | DEBUG    | utils.geo_utils:haversine_distance:20 - Haversine: (31.4697711, 73.0596326) → (31.5500271, 73.1353422) = 11452.1 m
2026-03-13 16:14:05.091 | DEBUG    | utils.geo_utils:haversine_distance:20 - Haversine: (31.4697711, 73.0596326) → (31.4453195, 73.0674257) = 2817.6 m
2026-03-13 16:14:05.091 | DEBUG    | utils.geo_utils:haversine_distance:20 - Haversine: (31.4857257, 73.1770598) → (31.4741405, 73.0215448) = 14803.6 m
2026-03-13 16:14:05.092 | DEBUG    | utils.geo_utils:haversine_distance:20 - Haversine: (31.4857257, 73.1770598) → (31.3947802, 73.0496437) = 15760.2 m
2026-03-13 16:14:05.092 | DEBUG    | utils.geo_utils:haversine_distance:20 - Haversine: (31.4857257, 73.1770598) → (31.512935, 73.0381981) = 13508.6 m
2026-03-13 16:14:05.092 | DEBUG    | utils.geo_utils:haversine_distance:20 - Haversine: (31.4857257, 73.1770598) → (31.3477999, 73.0603287) = 18918.6 m
2026-03-13 16:14:05.092 | DEBUG    | utils.geo_utils:haversine_distance:20 - Haversine: (31.4857257, 73.1770598) → (31.3779513, 73.1223503) = 13059.8 m
2026-03-13 16:14:05.093 | DEBUG    | utils.geo_utils:haversine_distance:20 - Haversine: (31.4857257, 73.1770598) → (31.3276625, 73.1236586) = 18291.9 m
2026-03-13 16:14:05.093 | DEBUG    | utils.geo_utils:haversine_distance:20 - Haversine: (31.4857257, 73.1770598) → (31.4913127, 73.0160084) = 15283.7 m
2026-03-13 16:14:05.093 | DEBUG    | utils.geo_utils:haversine_distance:20 - Haversine: (31.4857257, 73.1770598) → (31.5500271, 73.1353422) = 8170.7 m
2026-03-13 16:14:05.093 | DEBUG    | utils.geo_utils:haversine_distance:20 - Haversine: (31.4857257, 73.1770598) → (31.4453195, 73.0674257) = 11327.3 m
2026-03-13 16:14:05.093 | DEBUG    | utils.geo_utils:haversine_distance:20 - Haversine: (31.4857257, 73.1770598) → (31.4697711, 73.0596326) = 11276.3 m
2026-03-13 16:14:05.093 | DEBUG    | utils.geo_utils:haversine_distance:20 - Haversine: (31.5346891, 73.1818098) → (31.4741405, 73.0215448) = 16618.8 m
2026-03-13 16:14:05.093 | DEBUG    | utils.geo_utils:haversine_distance:20 - Haversine: (31.5346891, 73.1818098) → (31.3947802, 73.0496437) = 19979.0 m
2026-03-13 16:14:05.093 | DEBUG    | utils.geo_utils:haversine_distance:20 - Haversine: (31.5346891, 73.1818098) → (31.512935, 73.0381981) = 13825.5 m
2026-03-13 16:14:05.093 | DEBUG    | utils.geo_utils:haversine_distance:20 - Haversine: (31.5346891, 73.1818098) → (31.3477999, 73.0603287) = 23762.9 m
2026-03-13 16:14:05.093 | DEBUG    | utils.geo_utils:haversine_distance:20 - Haversine: (31.5346891, 73.1818098) → (31.3779513, 73.1223503) = 18318.3 m
2026-03-13 16:14:05.093 | DEBUG    | utils.geo_utils:haversine_distance:20 - Haversine: (31.5346891, 73.1818098) → (31.3276625, 73.1236586) = 23672.2 m
2026-03-13 16:14:05.093 | DEBUG    | utils.geo_utils:haversine_distance:20 - Haversine: (31.5346891, 73.1818098) → (31.4913127, 73.0160084) = 16440.7 m
2026-03-13 16:14:05.093 | DEBUG    | utils.geo_utils:haversine_distance:20 - Haversine: (31.5346891, 73.1818098) → (31.5500271, 73.1353422) = 4722.3 m
2026-03-13 16:14:05.093 | DEBUG    | utils.geo_utils:haversine_distance:20 - Haversine: (31.5346891, 73.1818098) → (31.4453195, 73.0674257) = 14710.0 m
2026-03-13 16:14:05.093 | DEBUG    | utils.geo_utils:haversine_distance:20 - Haversine: (31.5346891, 73.1818098) → (31.4697711, 73.0596326) = 13648.4 m
2026-03-13 16:14:05.093 | DEBUG    | utils.geo_utils:haversine_distance:20 - Haversine: (31.5346891, 73.1818098) → (31.4857257, 73.1770598) = 5463.1 m
2026-03-13 16:14:05.093 | DEBUG    | utils.geo_utils:haversine_distance:20 - Haversine: (31.333427, 73.0645016) → (31.4741405, 73.0215448) = 16169.0 m
2026-03-13 16:14:05.093 | DEBUG    | utils.geo_utils:haversine_distance:20 - Haversine: (31.333427, 73.0645016) → (31.3947802, 73.0496437) = 6966.5 m
2026-03-13 16:14:05.093 | DEBUG    | utils.geo_utils:haversine_distance:20 - Haversine: (31.333427, 73.0645016) → (31.512935, 73.0381981) = 20115.8 m
2026-03-13 16:14:05.093 | DEBUG    | utils.geo_utils:haversine_distance:20 - Haversine: (31.333427, 73.0645016) → (31.3477999, 73.0603287) = 1646.6 m
2026-03-13 16:14:05.093 | DEBUG    | utils.geo_utils:haversine_distance:20 - Haversine: (31.333427, 73.0645016) → (31.3779513, 73.1223503) = 7394.9 m
2026-03-13 16:14:05.093 | DEBUG    | utils.geo_utils:haversine_distance:20 - Haversine: (31.333427, 73.0645016) → (31.3276625, 73.1236586) = 5655.2 m
2026-03-13 16:14:05.093 | DEBUG    | utils.geo_utils:haversine_distance:20 - Haversine: (31.333427, 73.0645016) → (31.4913127, 73.0160084) = 18149.2 m
2026-03-13 16:14:05.093 | DEBUG    | utils.geo_utils:haversine_distance:20 - Haversine: (31.333427, 73.0645016) → (31.5500271, 73.1353422) = 25004.9 m
2026-03-13 16:14:05.093 | DEBUG    | utils.geo_utils:haversine_distance:20 - Haversine: (31.333427, 73.0645016) → (31.4453195, 73.0674257) = 12445.0 m
2026-03-13 16:14:05.093 | DEBUG    | utils.geo_utils:haversine_distance:20 - Haversine: (31.333427, 73.0645016) → (31.4697711, 73.0596326) = 15167.8 m
2026-03-13 16:14:05.093 | DEBUG    | utils.geo_utils:haversine_distance:20 - Haversine: (31.333427, 73.0645016) → (31.4857257, 73.1770598) = 20022.3 m
2026-03-13 16:14:05.093 | DEBUG    | utils.geo_utils:haversine_distance:20 - Haversine: (31.333427, 73.0645016) → (31.5346891, 73.1818098) = 24994.1 m
2026-03-13 16:14:05.093 | DEBUG    | utils.geo_utils:haversine_distance:20 - Haversine: (31.466307, 73.1034818) → (31.4741405, 73.0215448) = 7819.5 m
2026-03-13 16:14:05.093 | DEBUG    | utils.geo_utils:haversine_distance:20 - Haversine: (31.466307, 73.1034818) → (31.3947802, 73.0496437) = 9452.5 m
2026-03-13 16:14:05.093 | DEBUG    | utils.geo_utils:haversine_distance:20 - Haversine: (31.466307, 73.1034818) → (31.512935, 73.0381981) = 8074.7 m
2026-03-13 16:14:05.094 | DEBUG    | utils.geo_utils:haversine_distance:20 - Haversine: (31.466307, 73.1034818) → (31.3477999, 73.0603287) = 13799.1 m
2026-03-13 16:14:05.094 | DEBUG    | utils.geo_utils:haversine_distance:20 - Haversine: (31.466307, 73.1034818) → (31.3779513, 73.1223503) = 9986.5 m
2026-03-13 16:14:05.094 | DEBUG    | utils.geo_utils:haversine_distance:20 - Haversine: (31.466307, 73.1034818) → (31.3276625, 73.1236586) = 15535.1 m
2026-03-13 16:14:05.094 | DEBUG    | utils.geo_utils:haversine_distance:20 - Haversine: (31.466307, 73.1034818) → (31.4913127, 73.0160084) = 8748.8 m
2026-03-13 16:14:05.094 | DEBUG    | utils.geo_utils:haversine_distance:20 - Haversine: (31.466307, 73.1034818) → (31.5500271, 73.1353422) = 9787.0 m
2026-03-13 16:14:05.094 | DEBUG    | utils.geo_utils:haversine_distance:20 - Haversine: (31.466307, 73.1034818) → (31.4453195, 73.0674257) = 4140.4 m
2026-03-13 16:14:05.094 | DEBUG    | utils.geo_utils:haversine_distance:20 - Haversine: (31.466307, 73.1034818) → (31.4697711, 73.0596326) = 4176.5 m
2026-03-13 16:14:05.094 | DEBUG    | utils.geo_utils:haversine_distance:20 - Haversine: (31.466307, 73.1034818) → (31.4857257, 73.1770598) = 7304.1 m
2026-03-13 16:14:05.094 | DEBUG    | utils.geo_utils:haversine_distance:20 - Haversine: (31.466307, 73.1034818) → (31.5346891, 73.1818098) = 10628.5 m
2026-03-13 16:14:05.094 | DEBUG    | utils.geo_utils:haversine_distance:20 - Haversine: (31.466307, 73.1034818) → (31.333427, 73.0645016) = 15231.7 m
2026-03-13 16:14:05.094 | DEBUG    | utils.geo_utils:haversine_distance:20 - Haversine: (31.3792544, 73.0618071) → (31.4741405, 73.0215448) = 11221.2 m
2026-03-13 16:14:05.094 | DEBUG    | utils.geo_utils:haversine_distance:20 - Haversine: (31.3792544, 73.0618071) → (31.3947802, 73.0496437) = 2076.9 m
2026-03-13 16:14:05.094 | DEBUG    | utils.geo_utils:haversine_distance:20 - Haversine: (31.3792544, 73.0618071) → (31.512935, 73.0381981) = 15032.4 m
2026-03-13 16:14:05.094 | DEBUG    | utils.geo_utils:haversine_distance:20 - Haversine: (31.3792544, 73.0618071) → (31.3477999, 73.0603287) = 3500.4 m
2026-03-13 16:14:05.094 | DEBUG    | utils.geo_utils:haversine_distance:20 - Haversine: (31.3792544, 73.0618071) → (31.3779513, 73.1223503) = 5749.3 m
2026-03-13 16:14:05.094 | DEBUG    | utils.geo_utils:haversine_distance:20 - Haversine: (31.3792544, 73.0618071) → (31.3276625, 73.1236586) = 8210.1 m
2026-03-13 16:14:05.094 | DEBUG    | utils.geo_utils:haversine_distance:20 - Haversine: (31.3792544, 73.0618071) → (31.4913127, 73.0160084) = 13196.2 m
2026-03-13 16:14:05.094 | DEBUG    | utils.geo_utils:haversine_distance:20 - Haversine: (31.3792544, 73.0618071) → (31.5500271, 73.1353422) = 20229.4 m
2026-03-13 16:14:05.094 | DEBUG    | utils.geo_utils:haversine_distance:20 - Haversine: (31.3792544, 73.0618071) → (31.4453195, 73.0674257) = 7365.4 m
2026-03-13 16:14:05.094 | DEBUG    | utils.geo_utils:haversine_distance:20 - Haversine: (31.3792544, 73.0618071) → (31.4697711, 73.0596326) = 10067.1 m
2026-03-13 16:14:05.094 | DEBUG    | utils.geo_utils:haversine_distance:20 - Haversine: (31.3792544, 73.0618071) → (31.4857257, 73.1770598) = 16116.3 m
2026-03-13 16:14:05.094 | DEBUG    | utils.geo_utils:haversine_distance:20 - Haversine: (31.3792544, 73.0618071) → (31.5346891, 73.1818098) = 20695.0 m
2026-03-13 16:14:05.094 | DEBUG    | utils.geo_utils:haversine_distance:20 - Haversine: (31.3792544, 73.0618071) → (31.333427, 73.0645016) = 5102.2 m
2026-03-13 16:14:05.095 | DEBUG    | utils.geo_utils:haversine_distance:20 - Haversine: (31.3792544, 73.0618071) → (31.466307, 73.1034818) = 10456.4 m
2026-03-13 16:14:05.095 | DEBUG    | utils.geo_utils:haversine_distance:20 - Haversine: (31.3589417, 73.0841457) → (31.4741405, 73.0215448) = 14119.9 m
2026-03-13 16:14:05.095 | DEBUG    | utils.geo_utils:haversine_distance:20 - Haversine: (31.3589417, 73.0841457) → (31.3947802, 73.0496437) = 5158.4 m
2026-03-13 16:14:05.095 | DEBUG    | utils.geo_utils:haversine_distance:20 - Haversine: (31.3589417, 73.0841457) → (31.512935, 73.0381981) = 17669.4 m
2026-03-13 16:14:05.095 | DEBUG    | utils.geo_utils:haversine_distance:20 - Haversine: (31.3589417, 73.0841457) → (31.3477999, 73.0603287) = 2578.7 m
2026-03-13 16:14:05.095 | DEBUG    | utils.geo_utils:haversine_distance:20 - Haversine: (31.3589417, 73.0841457) → (31.3779513, 73.1223503) = 4198.2 m
2026-03-13 16:14:05.095 | DEBUG    | utils.geo_utils:haversine_distance:20 - Haversine: (31.3589417, 73.0841457) → (31.3276625, 73.1236586) = 5116.4 m
2026-03-13 16:14:05.095 | DEBUG    | utils.geo_utils:haversine_distance:20 - Haversine: (31.3589417, 73.0841457) → (31.4913127, 73.0160084) = 16076.3 m
2026-03-13 16:14:05.095 | DEBUG    | utils.geo_utils:haversine_distance:20 - Haversine: (31.3589417, 73.0841457) → (31.5500271, 73.1353422) = 21795.6 m
2026-03-13 16:14:05.095 | DEBUG    | utils.geo_utils:haversine_distance:20 - Haversine: (31.3589417, 73.0841457) → (31.4453195, 73.0674257) = 9735.0 m
2026-03-13 16:14:05.095 | DEBUG    | utils.geo_utils:haversine_distance:20 - Haversine: (31.3589417, 73.0841457) → (31.4697711, 73.0596326) = 12541.3 m
2026-03-13 16:14:05.095 | DEBUG    | utils.geo_utils:haversine_distance:20 - Haversine: (31.3589417, 73.0841457) → (31.4857257, 73.1770598) = 16627.6 m
2026-03-13 16:14:05.095 | DEBUG    | utils.geo_utils:haversine_distance:20 - Haversine: (31.3589417, 73.0841457) → (31.5346891, 73.1818098) = 21627.1 m
2026-03-13 16:14:05.095 | DEBUG    | utils.geo_utils:haversine_distance:20 - Haversine: (31.3589417, 73.0841457) → (31.333427, 73.0645016) = 3395.5 m
2026-03-13 16:14:05.095 | DEBUG    | utils.geo_utils:haversine_distance:20 - Haversine: (31.3589417, 73.0841457) → (31.466307, 73.1034818) = 12078.7 m
2026-03-13 16:14:05.095 | DEBUG    | utils.geo_utils:haversine_distance:20 - Haversine: (31.3589417, 73.0841457) → (31.3792544, 73.0618071) = 3098.3 m
2026-03-13 16:14:05.095 | DEBUG    | utils.geo_utils:haversine_distance:20 - Haversine: (31.3933848, 73.0742595) → (31.4741405, 73.0215448) = 10278.5 m
2026-03-13 16:14:05.095 | DEBUG    | utils.geo_utils:haversine_distance:20 - Haversine: (31.3933848, 73.0742595) → (31.3947802, 73.0496437) = 2341.6 m
2026-03-13 16:14:05.095 | DEBUG    | utils.geo_utils:haversine_distance:20 - Haversine: (31.3933848, 73.0742595) → (31.512935, 73.0381981) = 13726.4 m
2026-03-13 16:14:05.095 | DEBUG    | utils.geo_utils:haversine_distance:20 - Haversine: (31.3933848, 73.0742595) → (31.3477999, 73.0603287) = 5238.5 m
2026-03-13 16:14:05.095 | DEBUG    | utils.geo_utils:haversine_distance:20 - Haversine: (31.3933848, 73.0742595) → (31.3779513, 73.1223503) = 4876.9 m
2026-03-13 16:14:05.095 | DEBUG    | utils.geo_utils:haversine_distance:20 - Haversine: (31.3933848, 73.0742595) → (31.3276625, 73.1236586) = 8683.7 m
2026-03-13 16:14:05.095 | DEBUG    | utils.geo_utils:haversine_distance:20 - Haversine: (31.3933848, 73.0742595) → (31.4913127, 73.0160084) = 12211.1 m
2026-03-13 16:14:05.095 | DEBUG    | utils.geo_utils:haversine_distance:20 - Haversine: (31.3933848, 73.0742595) → (31.5500271, 73.1353422) = 18355.9 m
2026-03-13 16:14:05.095 | DEBUG    | utils.geo_utils:haversine_distance:20 - Haversine: (31.3933848, 73.0742595) → (31.4453195, 73.0674257) = 5811.2 m
2026-03-13 16:14:05.095 | DEBUG    | utils.geo_utils:haversine_distance:20 - Haversine: (31.3933848, 73.0742595) → (31.4697711, 73.0596326) = 8606.4 m
2026-03-13 16:14:05.095 | DEBUG    | utils.geo_utils:haversine_distance:20 - Haversine: (31.3933848, 73.0742595) → (31.4857257, 73.1770598) = 14161.4 m
2026-03-13 16:14:05.095 | DEBUG    | utils.geo_utils:haversine_distance:20 - Haversine: (31.3933848, 73.0742595) → (31.5346891, 73.1818098) = 18733.1 m
2026-03-13 16:14:05.095 | DEBUG    | utils.geo_utils:haversine_distance:20 - Haversine: (31.3933848, 73.0742595) → (31.333427, 73.0645016) = 6731.1 m
2026-03-13 16:14:05.095 | DEBUG    | utils.geo_utils:haversine_distance:20 - Haversine: (31.3933848, 73.0742595) → (31.466307, 73.1034818) = 8569.5 m
2026-03-13 16:14:05.095 | DEBUG    | utils.geo_utils:haversine_distance:20 - Haversine: (31.3933848, 73.0742595) → (31.3792544, 73.0618071) = 1966.2 m
2026-03-13 16:14:05.096 | DEBUG    | utils.geo_utils:haversine_distance:20 - Haversine: (31.3933848, 73.0742595) → (31.3589417, 73.0841457) = 3943.2 m
2026-03-13 16:14:05.096 | INFO     | data_pipeline.stop_builder:merge_nearby_stops:91 - Merged stops:
2026-03-13 16:14:05.096 | INFO     | data_pipeline.stop_builder:merge_nearby_stops:92 -   Before merge: 17 stops
2026-03-13 16:14:05.096 | INFO     | data_pipeline.stop_builder:merge_nearby_stops:93 -   After merge : 17 stops (merged 0 pairs/groups)
2026-03-13 16:14:05.096 | DEBUG    | data_pipeline.stop_builder:merge_nearby_stops:95 - First few merged stops: [{'student_id': 'test_001', 'name': 'Test Student 1', 'roll_no': 'TEST-7277', 'lat': 31.4741405, 'lng': 73.0215448, 'student_count': 1, 'contact': '03351205345', 'semester': 'Spring 2026', 'fee_status': 'unpaid', 'registration_status': 'pending', 'original_lat': 31.4741405, 'original_lng': 73.0215448, 'snap_distance_m': 0.0, 'merged_student_ids': ['test_001']}, {'student_id': 'test_002', 'name': 'Test Student 2', 'roll_no': 'TEST-2113', 'lat': 31.3947802, 'lng': 73.0496437, 'student_count': 1, 'contact': '03290191261', 'semester': 'Spring 2026', 'fee_status': 'unpaid', 'registration_status': 'pending', 'original_lat': 31.3947802, 'original_lng': 73.0496437, 'snap_distance_m': 0.0, 'merged_student_ids': ['test_002']}, {'student_id': 'test_003', 'name': 'Test Student 3', 'roll_no': 'TEST-1468', 'lat': 31.512935, 'lng': 73.0381981, 'student_count': 1, 'contact': '03636076608', 'semester': 'Spring 2026', 'fee_status': 'unpaid', 'registration_status': 'pending', 'original_lat': 31.512935, 'original_lng': 73.0381981, 'snap_distance_m': 0.0, 'merged_student_ids': ['test_003']}]
2026-03-13 16:14:05.809 | INFO     | database.firebase:update_document:35 - Updated document test_001 in students
2026-03-13 16:14:08.112 | INFO     | database.firebase:update_document:35 - Updated document test_002 in students
2026-03-13 16:14:08.908 | INFO     | database.firebase:update_document:35 - Updated document test_003 in students
2026-03-13 16:14:11.399 | INFO     | database.firebase:update_document:35 - Updated document test_004 in students
2026-03-13 16:14:12.025 | INFO     | database.firebase:update_document:35 - Updated document test_005 in students
2026-03-13 16:14:14.473 | INFO     | database.firebase:update_document:35 - Updated document test_006 in students
2026-03-13 16:14:15.034 | INFO     | database.firebase:update_document:35 - Updated document test_007 in students
2026-03-13 16:14:17.483 | INFO     | database.firebase:update_document:35 - Updated document test_008 in students
2026-03-13 16:14:20.005 | INFO     | database.firebase:update_document:35 - Updated document test_009 in students
2026-03-13 16:14:20.824 | INFO     | database.firebase:update_document:35 - Updated document test_010 in students
2026-03-13 16:14:23.485 | INFO     | database.firebase:update_document:35 - Updated document test_013 in students
2026-03-13 16:14:24.810 | INFO     | database.firebase:update_document:35 - Updated document test_014 in students
2026-03-13 16:14:25.438 | INFO     | database.firebase:update_document:35 - Updated document test_015 in students
2026-03-13 16:14:26.082 | INFO     | database.firebase:update_document:35 - Updated document test_016 in students
2026-03-13 16:14:26.761 | INFO     | database.firebase:update_document:35 - Updated document test_017 in students
2026-03-13 16:14:27.301 | INFO     | database.firebase:update_document:35 - Updated document test_019 in students
2026-03-13 16:14:27.896 | INFO     | database.firebase:update_document:35 - Updated document test_020 in students
2026-03-13 16:14:27.897 | INFO     | data_pipeline.stop_builder:update_student_stops:128 - Updated 17 students in Firestore with final snapped/merged coordinates
2026-03-13 16:14:27.915 | INFO     | clustering.stop_clustering:cluster_stops:30 - Clustered into 1 buses (capacity 30):
2026-03-13 16:14:27.916 | INFO     | clustering.stop_clustering:cluster_stops:33 -   Bus 0: 17 stops, 17 students
2026-03-13 16:14:29.131 | INFO     | optimization.tsp_solver:get_road_distance_matrix:38 - ORS matrix computed: 18x18
2026-03-13 16:14:44.136 | INFO     | optimization.tsp_solver:solve_tsp:123 - TSP solved: 17 stops, distance 112498 m, objective 112498
2026-03-13 16:14:44.136 | DEBUG    | optimization.tsp_solver:solve_tsp:124 - Order: ['unknown', 'unknown', 'unknown', 'unknown', 'unknown', 'unknown', 'unknown', 'unknown', 'unknown', 'unknown', 'unknown', 'unknown', 'unknown', 'unknown', 'unknown', 'unknown', 'unknown']
2026-03-13 16:14:44.137 | DEBUG    | optimization.route_generator:generate_route_path:57 - Requesting ORS route with 18 waypoints
2026-03-13 16:14:45.962 | INFO     | optimization.route_generator:generate_route_path:74 - ORS route generated successfully (bug-free)
2026-03-13 16:14:45.963 | INFO     | optimization.route_generator:generate_route_path:75 -   Waypoints: 17 stops → University
2026-03-13 16:14:45.963 | INFO     | optimization.route_generator:generate_route_path:76 -   Distance: 124.15 km
2026-03-13 16:14:45.964 | INFO     | optimization.route_generator:generate_route_path:77 -   Duration: 2.66 h (159 min)
2026-03-13 16:14:45.964 | DEBUG    | optimization.route_generator:generate_route_path:78 - Geometry sample (first 3 & last 3): [[73.021545, 31.474141], [73.021678, 31.474553], [73.021706, 31.474639]] ... [[73.03447, 31.602425], [73.034742, 31.602694], [73.034832, 31.602523]]
2026-03-13 16:14:45.966 | INFO     | optimization.store_routes:store_optimized_routes:250 - Cluster 0: TSP solved | 17 stops | 124.15 km | 2.66 h
2026-03-13 16:14:46.834 | DEBUG    | optimization.store_routes:reverse_geocode_stop_name:102 - Geocoded (31.47414, 73.02154) → تحصیل فیصل آباد صدر, ضلع فیصل آباد
2026-03-13 16:14:49.059 | DEBUG    | optimization.store_routes:compute_fee_for_stop:183 - Fee: 82599 PKR/student | dist=17.21 km | students=1
2026-03-13 16:14:49.677 | DEBUG    | optimization.store_routes:store_optimized_routes:296 - Stop stored: id=qbIdzCikOu24ulW5XO5f | name=تحصیل فیصل آباد صدر, ضلع فیصل آباد | dist=17.208 km | fee=82599.0 PKR
2026-03-13 16:14:50.544 | DEBUG    | optimization.store_routes:reverse_geocode_stop_name:102 - Geocoded (31.49131, 73.01601) → تحصیل فیصل آباد صدر, ضلع فیصل آباد
2026-03-13 16:14:52.962 | DEBUG    | optimization.store_routes:compute_fee_for_stop:183 - Fee: 81413 PKR/student | dist=16.96 km | students=1
2026-03-13 16:14:53.694 | DEBUG    | optimization.store_routes:store_optimized_routes:296 - Stop stored: id=e2vZe8Eo21ls6kXkHOqS | name=تحصیل فیصل آباد صدر, ضلع فیصل آباد | dist=16.961 km | fee=81413.0 PKR
2026-03-13 16:14:54.913 | DEBUG    | optimization.store_routes:reverse_geocode_stop_name:102 - Geocoded (31.51293, 73.03820) → تحصیل فیصل آباد صدر, ضلع فیصل آباد
2026-03-13 16:14:57.097 | DEBUG    | optimization.store_routes:compute_fee_for_stop:183 - Fee: 63610 PKR/student | dist=13.25 km | students=1
2026-03-13 16:14:57.644 | DEBUG    | optimization.store_routes:store_optimized_routes:296 - Stop stored: id=MUXgV7QF4w60BF0iQIlH | name=تحصیل فیصل آباد صدر, ضلع فیصل آباد | dist=13.252 km | fee=63610.0 PKR
2026-03-13 16:14:58.373 | DEBUG    | optimization.store_routes:reverse_geocode_stop_name:102 - Geocoded (31.55003, 73.13534) → Kirari
2026-03-13 16:15:00.776 | DEBUG    | optimization.store_routes:compute_fee_for_stop:183 - Fee: 75879 PKR/student | dist=15.81 km | students=1
2026-03-13 16:15:01.520 | DEBUG    | optimization.store_routes:store_optimized_routes:296 - Stop stored: id=RtKwsgfosXmsVFU2ENYO | name=Kirari | dist=15.808 km | fee=75879.0 PKR
2026-03-13 16:15:02.393 | DEBUG    | optimization.store_routes:reverse_geocode_stop_name:102 - Geocoded (31.53469, 73.18181) → تحصیل فیصل آباد صدر, ضلع فیصل آباد
2026-03-13 16:15:04.687 | DEBUG    | optimization.store_routes:compute_fee_for_stop:183 - Fee: 104516 PKR/student | dist=21.77 km | students=1
2026-03-13 16:15:05.295 | DEBUG    | optimization.store_routes:store_optimized_routes:296 - Stop stored: id=Ka9Hj8o4dJqS7hnwoLSy | name=تحصیل فیصل آباد صدر, ضلع فیصل آباد | dist=21.774 km | fee=104516.0 PKR
2026-03-13 16:15:06.099 | DEBUG    | optimization.store_routes:reverse_geocode_stop_name:102 - Geocoded (31.48573, 73.17706) → Bagewal Road, Sabina Town
2026-03-13 16:15:08.483 | DEBUG    | optimization.store_routes:compute_fee_for_stop:183 - Fee: 148772 PKR/student | dist=30.99 km | students=1
2026-03-13 16:15:09.090 | DEBUG    | optimization.store_routes:store_optimized_routes:296 - Stop stored: id=2MErVmRTV5W2OxHCQw49 | name=Bagewal Road, Sabina Town | dist=30.994 km | fee=148772.0 PKR
2026-03-13 16:15:10.081 | DEBUG    | optimization.store_routes:reverse_geocode_stop_name:102 - Geocoded (31.46631, 73.10348) → Millat Road
2026-03-13 16:15:12.282 | DEBUG    | optimization.store_routes:compute_fee_for_stop:183 - Fee: 103455 PKR/student | dist=21.55 km | students=1
2026-03-13 16:15:12.893 | DEBUG    | optimization.store_routes:store_optimized_routes:296 - Stop stored: id=EaouCtQhGyUoxbaC60PH | name=Millat Road | dist=21.553 km | fee=103455.0 PKR
2026-03-13 16:15:13.627 | DEBUG    | optimization.store_routes:reverse_geocode_stop_name:102 - Geocoded (31.39338, 73.07426) → سمن آباد
2026-03-13 16:15:15.925 | DEBUG    | optimization.store_routes:compute_fee_for_stop:183 - Fee: 123068 PKR/student | dist=25.64 km | students=1
2026-03-13 16:15:16.530 | DEBUG    | optimization.store_routes:store_optimized_routes:296 - Stop stored: id=CPLWRR5a7Oa8t8pOOmJX | name=سمن آباد | dist=25.639 km | fee=123068.0 PKR
2026-03-13 16:15:17.482 | DEBUG    | optimization.store_routes:reverse_geocode_stop_name:102 - Geocoded (31.39478, 73.04964) → تحصیل فیصل آباد شہر, ضلع فیصل آباد
2026-03-13 16:15:20.622 | DEBUG    | optimization.store_routes:compute_fee_for_stop:183 - Fee: 131516 PKR/student | dist=27.40 km | students=1
2026-03-13 16:15:21.534 | DEBUG    | optimization.store_routes:store_optimized_routes:296 - Stop stored: id=GuPdXgqisFtt53bgSsH6 | name=تحصیل فیصل آباد شہر, ضلع فیصل آباد | dist=27.399 km | fee=131516.0 PKR
2026-03-13 16:15:22.911 | DEBUG    | optimization.store_routes:reverse_geocode_stop_name:102 - Geocoded (31.37925, 73.06181) → اسٹریٹ 20, نثار کالونی
2026-03-13 16:15:24.976 | DEBUG    | optimization.store_routes:compute_fee_for_stop:183 - Fee: 135471 PKR/student | dist=28.22 km | students=1
2026-03-13 16:15:25.582 | DEBUG    | optimization.store_routes:store_optimized_routes:296 - Stop stored: id=bWE60A3vC8ZktAX6SotO | name=اسٹریٹ 20, نثار کالونی | dist=28.223 km | fee=135471.0 PKR
2026-03-13 16:15:26.293 | DEBUG    | optimization.store_routes:reverse_geocode_stop_name:102 - Geocoded (31.34780, 73.06033) → Four Seasons Housing
2026-03-13 16:15:28.848 | DEBUG    | optimization.store_routes:compute_fee_for_stop:183 - Fee: 153480 PKR/student | dist=31.98 km | students=1
2026-03-13 16:15:29.686 | DEBUG    | optimization.store_routes:store_optimized_routes:296 - Stop stored: id=zf34L3I3Gv5uzkm5SAei | name=Four Seasons Housing | dist=31.975 km | fee=153480.0 PKR
2026-03-13 16:15:30.999 | DEBUG    | optimization.store_routes:reverse_geocode_stop_name:102 - Geocoded (31.33343, 73.06450) → Four Seasons Housing
2026-03-13 16:15:33.837 | DEBUG    | optimization.store_routes:compute_fee_for_stop:183 - Fee: 161084 PKR/student | dist=33.56 km | students=1
2026-03-13 16:15:34.611 | DEBUG    | optimization.store_routes:store_optimized_routes:296 - Stop stored: id=xQ6cv1vqZcE4JpSbt1GY | name=Four Seasons Housing | dist=33.559 km | fee=161084.0 PKR
2026-03-13 16:15:35.937 | DEBUG    | optimization.store_routes:reverse_geocode_stop_name:102 - Geocoded (31.32766, 73.12366) → Faisalabad ByPass, Harlan
2026-03-13 16:15:38.524 | DEBUG    | optimization.store_routes:compute_fee_for_stop:183 - Fee: 188396 PKR/student | dist=39.25 km | students=1
2026-03-13 16:15:39.141 | DEBUG    | optimization.store_routes:store_optimized_routes:296 - Stop stored: id=UU9mTRNK1MHr3uAfihP9 | name=Faisalabad ByPass, Harlan | dist=39.249 km | fee=188396.0 PKR
2026-03-13 16:15:40.717 | DEBUG    | optimization.store_routes:reverse_geocode_stop_name:102 - Geocoded (31.35894, 73.08415) → Chenab Gardens
2026-03-13 16:15:42.971 | DEBUG    | optimization.store_routes:compute_fee_for_stop:183 - Fee: 150264 PKR/student | dist=31.30 km | students=1
2026-03-13 16:15:43.587 | DEBUG    | optimization.store_routes:store_optimized_routes:296 - Stop stored: id=3p1KuWl5OFMzV7VWirOT | name=Chenab Gardens | dist=31.305 km | fee=150264.0 PKR
2026-03-13 16:15:44.498 | DEBUG    | optimization.store_routes:reverse_geocode_stop_name:102 - Geocoded (31.37795, 73.12235) → Niamuana Malkhanwala Road
2026-03-13 16:15:46.690 | DEBUG    | optimization.store_routes:compute_fee_for_stop:183 - Fee: 141178 PKR/student | dist=29.41 km | students=1
2026-03-13 16:15:47.304 | DEBUG    | optimization.store_routes:store_optimized_routes:296 - Stop stored: id=C05xnDghbCseZ2UcEtCm | name=Niamuana Malkhanwala Road | dist=29.412 km | fee=141178.0 PKR
2026-03-13 16:15:48.246 | DEBUG    | optimization.store_routes:reverse_geocode_stop_name:102 - Geocoded (31.44532, 73.06743) → تحصیل فیصل آباد شہر, ضلع فیصل آباد
2026-03-13 16:15:50.477 | DEBUG    | optimization.store_routes:compute_fee_for_stop:183 - Fee: 92281 PKR/student | dist=19.23 km | students=1
2026-03-13 16:15:51.162 | DEBUG    | optimization.store_routes:store_optimized_routes:296 - Stop stored: id=BFHSIQy5iKFtgON0boUm | name=تحصیل فیصل آباد شہر, ضلع فیصل آباد | dist=19.225 km | fee=92281.0 PKR
2026-03-13 16:15:51.983 | DEBUG    | optimization.store_routes:reverse_geocode_stop_name:102 - Geocoded (31.46977, 73.05963) → تحصیل فیصل آباد شہر, تحصیل فیصل آباد صدر
2026-03-13 16:15:54.357 | DEBUG    | optimization.store_routes:compute_fee_for_stop:183 - Fee: 79541 PKR/student | dist=16.57 km | students=1
2026-03-13 16:15:54.966 | DEBUG    | optimization.store_routes:store_optimized_routes:296 - Stop stored: id=JN3gfpj0qNJXGDUG78R6 | name=تحصیل فیصل آباد شہر, تحصیل فیصل آباد صدر | dist=16.571 km | fee=79541.0 PKR
2026-03-13 16:15:56.662 | INFO     | optimization.store_routes:store_optimized_routes:324 - Route stored: id=vh6WtnsQsalbA0sPk9Zb | 17 stops | 124.15 km
2026-03-13 16:15:56.663 | INFO     | optimization.store_routes:store_optimized_routes:331 - Phase 2: back-filling route_id on 17 stop documents…
2026-03-13 16:15:57.323 | DEBUG    | optimization.store_routes:store_optimized_routes:356 - Final batch committed: 17 writes
2026-03-13 16:15:57.323 | INFO     | optimization.store_routes:store_optimized_routes:358 - Done. Routes stored: 1 | Stops stored: 17
2026-03-13 16:15:57.325 | INFO     | api.main:run_optimization:64 - Pipeline completed successfully | 1 buses processed
2026-03-13 16:20:33.264 | INFO     | api.main:run_optimization:29 - Starting full route optimization pipeline
2026-03-13 16:20:37.489 | INFO     | data_pipeline.student_loader:load_student_stops:42 - Loaded 20 student stops from Firestore
2026-03-13 16:20:37.489 | DEBUG    | data_pipeline.student_loader:load_student_stops:43 - First 3 stops (sample): [{'student_id': 'test_001', 'name': 'Test Student 1', 'roll_no': 'TEST-7277', 'lat': 31.4741405, 'lng': 73.0215448, 'student_count': 1, 'contact': '03351205345', 'semester': 'Spring 2026', 'fee_status': 'unpaid', 'registration_status': 'pending'}, {'student_id': 'test_002', 'name': 'Test Student 2', 'roll_no': 'TEST-2113', 'lat': 31.3947802, 'lng': 73.0496437, 'student_count': 1, 'contact': '03290191261', 'semester': 'Spring 2026', 'fee_status': 'unpaid', 'registration_status': 'pending'}, {'student_id': 'test_003', 'name': 'Test Student 3', 'roll_no': 'TEST-1468', 'lat': 31.512935, 'lng': 73.0381981, 'student_count': 1, 'contact': '03636076608', 'semester': 'Spring 2026', 'fee_status': 'unpaid', 'registration_status': 'pending'}]
2026-03-13 16:20:37.489 | INFO     | osm.fetch_roads:fetch_or_load_road_graph:19 - Loading cached Faisalabad road graph...
2026-03-13 16:20:47.141 | INFO     | osm.fetch_roads:fetch_or_load_road_graph:21 - Loaded graph with 50872 nodes and 144715 edges
2026-03-13 16:20:47.427 | INFO     | osm.road_filter:filter_main_roads:38 - Filtered graph:
2026-03-13 16:20:47.475 | INFO     | osm.road_filter:filter_main_roads:39 -   Original: 50872 nodes, 144715 edges
2026-03-13 16:20:47.669 | INFO     | osm.road_filter:filter_main_roads:40 -   After filter (main roads only): 7460 nodes, 12863 edges
2026-03-13 16:20:47.939 | DEBUG    | utils.distance_utils:build_node_balltree:29 - Built BallTree with 7460 nodes
2026-03-13 16:20:47.940 | DEBUG    | utils.geo_utils:haversine_distance:20 - Haversine: (31.4741405, 73.0215448) → (31.4741405, 73.0215448) = 0.0 m
2026-03-13 16:20:47.940 | DEBUG    | utils.distance_utils:find_nearest_road_point:56 - Nearest road node to (31.4741405, 73.0215448): (31.474141, 73.021545) — 0.0m
2026-03-13 16:20:47.940 | DEBUG    | utils.geo_utils:haversine_distance:20 - Haversine: (31.4741405, 73.0215448) → (31.4741405, 73.0215448) = 0.0 m
2026-03-13 16:20:47.940 | DEBUG    | data_pipeline.stop_builder:snap_stops_to_roads:38 - Snapped Test Student 1 (TEST-7277): 0.0m
2026-03-13 16:20:47.961 | DEBUG    | utils.distance_utils:build_node_balltree:29 - Built BallTree with 7460 nodes
2026-03-13 16:20:47.962 | DEBUG    | utils.geo_utils:haversine_distance:20 - Haversine: (31.3947802, 73.0496437) → (31.3947802, 73.0496437) = 0.0 m
2026-03-13 16:20:47.962 | DEBUG    | utils.distance_utils:find_nearest_road_point:56 - Nearest road node to (31.3947802, 73.0496437): (31.394780, 73.049644) — 0.0m
2026-03-13 16:20:47.962 | DEBUG    | utils.geo_utils:haversine_distance:20 - Haversine: (31.3947802, 73.0496437) → (31.3947802, 73.0496437) = 0.0 m
2026-03-13 16:20:47.963 | DEBUG    | data_pipeline.stop_builder:snap_stops_to_roads:38 - Snapped Test Student 2 (TEST-2113): 0.0m
2026-03-13 16:20:47.981 | DEBUG    | utils.distance_utils:build_node_balltree:29 - Built BallTree with 7460 nodes
2026-03-13 16:20:47.981 | DEBUG    | utils.geo_utils:haversine_distance:20 - Haversine: (31.512935, 73.0381981) → (31.512935, 73.0381981) = 0.0 m
2026-03-13 16:20:47.982 | DEBUG    | utils.distance_utils:find_nearest_road_point:56 - Nearest road node to (31.512935, 73.0381981): (31.512935, 73.038198) — 0.0m
2026-03-13 16:20:47.982 | DEBUG    | utils.geo_utils:haversine_distance:20 - Haversine: (31.512935, 73.0381981) → (31.512935, 73.0381981) = 0.0 m
2026-03-13 16:20:47.982 | DEBUG    | data_pipeline.stop_builder:snap_stops_to_roads:38 - Snapped Test Student 3 (TEST-1468): 0.0m
2026-03-13 16:20:48.003 | DEBUG    | utils.distance_utils:build_node_balltree:29 - Built BallTree with 7460 nodes
2026-03-13 16:20:48.004 | DEBUG    | utils.geo_utils:haversine_distance:20 - Haversine: (31.3477999, 73.0603287) → (31.3477999, 73.0603287) = 0.0 m
2026-03-13 16:20:48.004 | DEBUG    | utils.distance_utils:find_nearest_road_point:56 - Nearest road node to (31.3477999, 73.0603287): (31.347800, 73.060329) — 0.0m
2026-03-13 16:20:48.004 | DEBUG    | utils.geo_utils:haversine_distance:20 - Haversine: (31.3477999, 73.0603287) → (31.3477999, 73.0603287) = 0.0 m
2026-03-13 16:20:48.004 | DEBUG    | data_pipeline.stop_builder:snap_stops_to_roads:38 - Snapped Test Student 4 (TEST-5494): 0.0m
2026-03-13 16:20:48.020 | DEBUG    | utils.distance_utils:build_node_balltree:29 - Built BallTree with 7460 nodes
2026-03-13 16:20:48.021 | DEBUG    | utils.geo_utils:haversine_distance:20 - Haversine: (31.3779513, 73.1223503) → (31.3779513, 73.1223503) = 0.0 m
2026-03-13 16:20:48.021 | DEBUG    | utils.distance_utils:find_nearest_road_point:56 - Nearest road node to (31.3779513, 73.1223503): (31.377951, 73.122350) — 0.0m
2026-03-13 16:20:48.021 | DEBUG    | utils.geo_utils:haversine_distance:20 - Haversine: (31.3779513, 73.1223503) → (31.3779513, 73.1223503) = 0.0 m
2026-03-13 16:20:48.022 | DEBUG    | data_pipeline.stop_builder:snap_stops_to_roads:38 - Snapped Test Student 5 (TEST-6897): 0.0m
2026-03-13 16:20:48.034 | DEBUG    | utils.distance_utils:build_node_balltree:29 - Built BallTree with 7460 nodes
2026-03-13 16:20:48.036 | DEBUG    | utils.geo_utils:haversine_distance:20 - Haversine: (31.3276625, 73.1236586) → (31.3276625, 73.1236586) = 0.0 m
2026-03-13 16:20:48.037 | DEBUG    | utils.distance_utils:find_nearest_road_point:56 - Nearest road node to (31.3276625, 73.1236586): (31.327662, 73.123659) — 0.0m
2026-03-13 16:20:48.037 | DEBUG    | utils.geo_utils:haversine_distance:20 - Haversine: (31.3276625, 73.1236586) → (31.3276625, 73.1236586) = 0.0 m
2026-03-13 16:20:48.037 | DEBUG    | data_pipeline.stop_builder:snap_stops_to_roads:38 - Snapped Test Student 6 (TEST-8925): 0.0m
2026-03-13 16:20:48.049 | DEBUG    | utils.distance_utils:build_node_balltree:29 - Built BallTree with 7460 nodes
2026-03-13 16:20:48.050 | DEBUG    | utils.geo_utils:haversine_distance:20 - Haversine: (31.4913127, 73.0160084) → (31.4913127, 73.0160084) = 0.0 m
2026-03-13 16:20:48.051 | DEBUG    | utils.distance_utils:find_nearest_road_point:56 - Nearest road node to (31.4913127, 73.0160084): (31.491313, 73.016008) — 0.0m
2026-03-13 16:20:48.051 | DEBUG    | utils.geo_utils:haversine_distance:20 - Haversine: (31.4913127, 73.0160084) → (31.4913127, 73.0160084) = 0.0 m
2026-03-13 16:20:48.051 | DEBUG    | data_pipeline.stop_builder:snap_stops_to_roads:38 - Snapped Test Student 7 (TEST-3079): 0.0m
2026-03-13 16:20:48.065 | DEBUG    | utils.distance_utils:build_node_balltree:29 - Built BallTree with 7460 nodes
2026-03-13 16:20:48.066 | DEBUG    | utils.geo_utils:haversine_distance:20 - Haversine: (31.5500271, 73.1353422) → (31.5500271, 73.1353422) = 0.0 m
2026-03-13 16:20:48.066 | DEBUG    | utils.distance_utils:find_nearest_road_point:56 - Nearest road node to (31.5500271, 73.1353422): (31.550027, 73.135342) — 0.0m
2026-03-13 16:20:48.066 | DEBUG    | utils.geo_utils:haversine_distance:20 - Haversine: (31.5500271, 73.1353422) → (31.5500271, 73.1353422) = 0.0 m
2026-03-13 16:20:48.066 | DEBUG    | data_pipeline.stop_builder:snap_stops_to_roads:38 - Snapped Test Student 8 (TEST-7822): 0.0m
2026-03-13 16:20:48.084 | DEBUG    | utils.distance_utils:build_node_balltree:29 - Built BallTree with 7460 nodes
2026-03-13 16:20:48.085 | DEBUG    | utils.geo_utils:haversine_distance:20 - Haversine: (31.4453195, 73.0674257) → (31.4453195, 73.0674257) = 0.0 m
2026-03-13 16:20:48.086 | DEBUG    | utils.distance_utils:find_nearest_road_point:56 - Nearest road node to (31.4453195, 73.0674257): (31.445320, 73.067426) — 0.0m
2026-03-13 16:20:48.086 | DEBUG    | utils.geo_utils:haversine_distance:20 - Haversine: (31.4453195, 73.0674257) → (31.4453195, 73.0674257) = 0.0 m
2026-03-13 16:20:48.086 | DEBUG    | data_pipeline.stop_builder:snap_stops_to_roads:38 - Snapped Test Student 9 (TEST-5087): 0.0m
2026-03-13 16:20:48.100 | DEBUG    | utils.distance_utils:build_node_balltree:29 - Built BallTree with 7460 nodes
2026-03-13 16:20:48.103 | DEBUG    | utils.geo_utils:haversine_distance:20 - Haversine: (31.4697711, 73.0596326) → (31.4697711, 73.0596326) = 0.0 m
2026-03-13 16:20:48.104 | DEBUG    | utils.distance_utils:find_nearest_road_point:56 - Nearest road node to (31.4697711, 73.0596326): (31.469771, 73.059633) — 0.0m
2026-03-13 16:20:48.104 | DEBUG    | utils.geo_utils:haversine_distance:20 - Haversine: (31.4697711, 73.0596326) → (31.4697711, 73.0596326) = 0.0 m
2026-03-13 16:20:48.104 | DEBUG    | data_pipeline.stop_builder:snap_stops_to_roads:38 - Snapped Test Student 10 (TEST-9270): 0.0m
2026-03-13 16:20:48.118 | DEBUG    | utils.distance_utils:build_node_balltree:29 - Built BallTree with 7460 nodes
2026-03-13 16:20:48.120 | DEBUG    | utils.geo_utils:haversine_distance:20 - Haversine: (31.35814771739733, 73.19797994220208) → (31.3636092, 73.1880587) = 1120.8 m
2026-03-13 16:20:48.120 | DEBUG    | utils.distance_utils:find_nearest_road_point:56 - Nearest road node to (31.35814771739733, 73.19797994220208): (31.363609, 73.188059) — 1120.8m
2026-03-13 16:20:48.120 | DEBUG    | utils.geo_utils:haversine_distance:20 - Haversine: (31.35814771739733, 73.19797994220208) → (31.3636092, 73.1880587) = 1120.8 m
2026-03-13 16:20:48.120 | WARNING  | data_pipeline.stop_builder:snap_stops_to_roads:40 - Stop Test Student 11 too far from main road (1120.8m) → skipped
2026-03-13 16:20:48.141 | DEBUG    | utils.distance_utils:build_node_balltree:29 - Built BallTree with 7460 nodes
2026-03-13 16:20:48.142 | DEBUG    | utils.geo_utils:haversine_distance:20 - Haversine: (31.458963501324437, 73.00280007215052) → (31.4470459, 72.9992853) = 1366.5 m
2026-03-13 16:20:48.142 | DEBUG    | utils.distance_utils:find_nearest_road_point:56 - Nearest road node to (31.458963501324437, 73.00280007215052): (31.447046, 72.999285) — 1366.5m
2026-03-13 16:20:48.142 | DEBUG    | utils.geo_utils:haversine_distance:20 - Haversine: (31.458963501324437, 73.00280007215052) → (31.4470459, 72.9992853) = 1366.5 m
2026-03-13 16:20:48.142 | WARNING  | data_pipeline.stop_builder:snap_stops_to_roads:40 - Stop Test Student 12 too far from main road (1366.5m) → skipped
2026-03-13 16:20:48.170 | DEBUG    | utils.distance_utils:build_node_balltree:29 - Built BallTree with 7460 nodes
2026-03-13 16:20:48.172 | DEBUG    | utils.geo_utils:haversine_distance:20 - Haversine: (31.4857257, 73.1770598) → (31.4857257, 73.1770598) = 0.0 m
2026-03-13 16:20:48.172 | DEBUG    | utils.distance_utils:find_nearest_road_point:56 - Nearest road node to (31.4857257, 73.1770598): (31.485726, 73.177060) — 0.0m
2026-03-13 16:20:48.172 | DEBUG    | utils.geo_utils:haversine_distance:20 - Haversine: (31.4857257, 73.1770598) → (31.4857257, 73.1770598) = 0.0 m
2026-03-13 16:20:48.172 | DEBUG    | data_pipeline.stop_builder:snap_stops_to_roads:38 - Snapped Test Student 13 (TEST-4969): 0.0m
2026-03-13 16:20:48.195 | DEBUG    | utils.distance_utils:build_node_balltree:29 - Built BallTree with 7460 nodes
2026-03-13 16:20:48.196 | DEBUG    | utils.geo_utils:haversine_distance:20 - Haversine: (31.5346891, 73.1818098) → (31.5346891, 73.1818098) = 0.0 m
2026-03-13 16:20:48.196 | DEBUG    | utils.distance_utils:find_nearest_road_point:56 - Nearest road node to (31.5346891, 73.1818098): (31.534689, 73.181810) — 0.0m
2026-03-13 16:20:48.197 | DEBUG    | utils.geo_utils:haversine_distance:20 - Haversine: (31.5346891, 73.1818098) → (31.5346891, 73.1818098) = 0.0 m
2026-03-13 16:20:48.197 | DEBUG    | data_pipeline.stop_builder:snap_stops_to_roads:38 - Snapped Test Student 14 (TEST-2794): 0.0m
2026-03-13 16:20:48.213 | DEBUG    | utils.distance_utils:build_node_balltree:29 - Built BallTree with 7460 nodes
2026-03-13 16:20:48.214 | DEBUG    | utils.geo_utils:haversine_distance:20 - Haversine: (31.333427, 73.0645016) → (31.333427, 73.0645016) = 0.0 m
2026-03-13 16:20:48.214 | DEBUG    | utils.distance_utils:find_nearest_road_point:56 - Nearest road node to (31.333427, 73.0645016): (31.333427, 73.064502) — 0.0m
2026-03-13 16:20:48.214 | DEBUG    | utils.geo_utils:haversine_distance:20 - Haversine: (31.333427, 73.0645016) → (31.333427, 73.0645016) = 0.0 m
2026-03-13 16:20:48.214 | DEBUG    | data_pipeline.stop_builder:snap_stops_to_roads:38 - Snapped Test Student 15 (TEST-6292): 0.0m
2026-03-13 16:20:48.229 | DEBUG    | utils.distance_utils:build_node_balltree:29 - Built BallTree with 7460 nodes
2026-03-13 16:20:48.230 | DEBUG    | utils.geo_utils:haversine_distance:20 - Haversine: (31.466307, 73.1034818) → (31.466307, 73.1034818) = 0.0 m
2026-03-13 16:20:48.230 | DEBUG    | utils.distance_utils:find_nearest_road_point:56 - Nearest road node to (31.466307, 73.1034818): (31.466307, 73.103482) — 0.0m
2026-03-13 16:20:48.230 | DEBUG    | utils.geo_utils:haversine_distance:20 - Haversine: (31.466307, 73.1034818) → (31.466307, 73.1034818) = 0.0 m
2026-03-13 16:20:48.230 | DEBUG    | data_pipeline.stop_builder:snap_stops_to_roads:38 - Snapped Test Student 16 (TEST-3855): 0.0m
2026-03-13 16:20:48.248 | DEBUG    | utils.distance_utils:build_node_balltree:29 - Built BallTree with 7460 nodes
2026-03-13 16:20:48.249 | DEBUG    | utils.geo_utils:haversine_distance:20 - Haversine: (31.3792544, 73.0618071) → (31.3792544, 73.0618071) = 0.0 m
2026-03-13 16:20:48.249 | DEBUG    | utils.distance_utils:find_nearest_road_point:56 - Nearest road node to (31.3792544, 73.0618071): (31.379254, 73.061807) — 0.0m
2026-03-13 16:20:48.250 | DEBUG    | utils.geo_utils:haversine_distance:20 - Haversine: (31.3792544, 73.0618071) → (31.3792544, 73.0618071) = 0.0 m
2026-03-13 16:20:48.250 | DEBUG    | data_pipeline.stop_builder:snap_stops_to_roads:38 - Snapped Test Student 17 (TEST-1915): 0.0m
2026-03-13 16:20:48.271 | DEBUG    | utils.distance_utils:build_node_balltree:29 - Built BallTree with 7460 nodes
2026-03-13 16:20:48.272 | DEBUG    | utils.geo_utils:haversine_distance:20 - Haversine: (31.35190948529881, 73.02203898223841) → (31.3643888, 73.012393) = 1662.7 m
2026-03-13 16:20:48.272 | DEBUG    | utils.distance_utils:find_nearest_road_point:56 - Nearest road node to (31.35190948529881, 73.02203898223841): (31.364389, 73.012393) — 1662.7m
2026-03-13 16:20:48.272 | DEBUG    | utils.geo_utils:haversine_distance:20 - Haversine: (31.35190948529881, 73.02203898223841) → (31.3643888, 73.012393) = 1662.7 m
2026-03-13 16:20:48.272 | WARNING  | data_pipeline.stop_builder:snap_stops_to_roads:40 - Stop Test Student 18 too far from main road (1662.7m) → skipped
2026-03-13 16:20:48.296 | DEBUG    | utils.distance_utils:build_node_balltree:29 - Built BallTree with 7460 nodes
2026-03-13 16:20:48.298 | DEBUG    | utils.geo_utils:haversine_distance:20 - Haversine: (31.3589417, 73.0841457) → (31.3589417, 73.0841457) = 0.0 m
2026-03-13 16:20:48.298 | DEBUG    | utils.distance_utils:find_nearest_road_point:56 - Nearest road node to (31.3589417, 73.0841457): (31.358942, 73.084146) — 0.0m
2026-03-13 16:20:48.299 | DEBUG    | utils.geo_utils:haversine_distance:20 - Haversine: (31.3589417, 73.0841457) → (31.3589417, 73.0841457) = 0.0 m
2026-03-13 16:20:48.299 | DEBUG    | data_pipeline.stop_builder:snap_stops_to_roads:38 - Snapped Test Student 19 (TEST-9501): 0.0m
2026-03-13 16:20:48.323 | DEBUG    | utils.distance_utils:build_node_balltree:29 - Built BallTree with 7460 nodes
2026-03-13 16:20:48.324 | DEBUG    | utils.geo_utils:haversine_distance:20 - Haversine: (31.3933848, 73.0742595) → (31.3933848, 73.0742595) = 0.0 m
2026-03-13 16:20:48.324 | DEBUG    | utils.distance_utils:find_nearest_road_point:56 - Nearest road node to (31.3933848, 73.0742595): (31.393385, 73.074259) — 0.0m
2026-03-13 16:20:48.324 | DEBUG    | utils.geo_utils:haversine_distance:20 - Haversine: (31.3933848, 73.0742595) → (31.3933848, 73.0742595) = 0.0 m
2026-03-13 16:20:48.324 | DEBUG    | data_pipeline.stop_builder:snap_stops_to_roads:38 - Snapped Test Student 20 (TEST-6324): 0.0m
2026-03-13 16:20:48.324 | INFO     | data_pipeline.stop_builder:snap_stops_to_roads:47 - Snapping complete:
2026-03-13 16:20:48.325 | INFO     | data_pipeline.stop_builder:snap_stops_to_roads:48 -   Input stops: 20
2026-03-13 16:20:48.325 | INFO     | data_pipeline.stop_builder:snap_stops_to_roads:49 -   Snapped successfully: 17
2026-03-13 16:20:48.325 | INFO     | data_pipeline.stop_builder:snap_stops_to_roads:50 -   Skipped (too far): 3
2026-03-13 16:20:48.326 | DEBUG    | data_pipeline.stop_builder:snap_stops_to_roads:53 - First snapped stop example: {'student_id': 'test_001', 'name': 'Test Student 1', 'roll_no': 'TEST-7277', 'lat': 31.4741405, 'lng': 73.0215448, 'student_count': 1, 'contact': '03351205345', 'semester': 'Spring 2026', 'fee_status': 'unpaid', 'registration_status': 'pending', 'original_lat': 31.4741405, 'original_lng': 73.0215448, 'snap_distance_m': 0.0}
2026-03-13 16:20:48.326 | DEBUG    | utils.geo_utils:haversine_distance:20 - Haversine: (31.3947802, 73.0496437) → (31.4741405, 73.0215448) = 9218.4 m
2026-03-13 16:20:48.326 | DEBUG    | utils.geo_utils:haversine_distance:20 - Haversine: (31.512935, 73.0381981) → (31.4741405, 73.0215448) = 4593.7 m
2026-03-13 16:20:48.326 | DEBUG    | utils.geo_utils:haversine_distance:20 - Haversine: (31.512935, 73.0381981) → (31.3947802, 73.0496437) = 13183.0 m
2026-03-13 16:20:48.326 | DEBUG    | utils.geo_utils:haversine_distance:20 - Haversine: (31.3477999, 73.0603287) → (31.4741405, 73.0215448) = 14522.6 m
2026-03-13 16:20:48.326 | DEBUG    | utils.geo_utils:haversine_distance:20 - Haversine: (31.3477999, 73.0603287) → (31.3947802, 73.0496437) = 5321.6 m
2026-03-13 16:20:48.326 | DEBUG    | utils.geo_utils:haversine_distance:20 - Haversine: (31.3477999, 73.0603287) → (31.512935, 73.0381981) = 18481.9 m
2026-03-13 16:20:48.326 | DEBUG    | utils.geo_utils:haversine_distance:20 - Haversine: (31.3779513, 73.1223503) → (31.4741405, 73.0215448) = 14348.7 m
2026-03-13 16:20:48.326 | DEBUG    | utils.geo_utils:haversine_distance:20 - Haversine: (31.3779513, 73.1223503) → (31.3947802, 73.0496437) = 7150.8 m
2026-03-13 16:20:48.326 | DEBUG    | utils.geo_utils:haversine_distance:20 - Haversine: (31.3779513, 73.1223503) → (31.512935, 73.0381981) = 17000.4 m
2026-03-13 16:20:48.326 | DEBUG    | utils.geo_utils:haversine_distance:20 - Haversine: (31.3779513, 73.1223503) → (31.3477999, 73.0603287) = 6776.3 m
2026-03-13 16:20:48.326 | DEBUG    | utils.geo_utils:haversine_distance:20 - Haversine: (31.3276625, 73.1236586) → (31.4741405, 73.0215448) = 18952.9 m
2026-03-13 16:20:48.326 | DEBUG    | utils.geo_utils:haversine_distance:20 - Haversine: (31.3276625, 73.1236586) → (31.3947802, 73.0496437) = 10251.2 m
2026-03-13 16:20:48.326 | DEBUG    | utils.geo_utils:haversine_distance:20 - Haversine: (31.3276625, 73.1236586) → (31.512935, 73.0381981) = 22140.0 m
2026-03-13 16:20:48.326 | DEBUG    | utils.geo_utils:haversine_distance:20 - Haversine: (31.3276625, 73.1236586) → (31.3477999, 73.0603287) = 6417.9 m
2026-03-13 16:20:48.326 | DEBUG    | utils.geo_utils:haversine_distance:20 - Haversine: (31.3276625, 73.1236586) → (31.3779513, 73.1223503) = 5593.2 m
2026-03-13 16:20:48.326 | DEBUG    | utils.geo_utils:haversine_distance:20 - Haversine: (31.4913127, 73.0160084) → (31.4741405, 73.0215448) = 1980.3 m
2026-03-13 16:20:48.326 | DEBUG    | utils.geo_utils:haversine_distance:20 - Haversine: (31.4913127, 73.0160084) → (31.3947802, 73.0496437) = 11198.2 m
2026-03-13 16:20:48.326 | DEBUG    | utils.geo_utils:haversine_distance:20 - Haversine: (31.4913127, 73.0160084) → (31.512935, 73.0381981) = 3194.7 m
2026-03-13 16:20:48.326 | DEBUG    | utils.geo_utils:haversine_distance:20 - Haversine: (31.4913127, 73.0160084) → (31.3477999, 73.0603287) = 16502.8 m
2026-03-13 16:20:48.326 | DEBUG    | utils.geo_utils:haversine_distance:20 - Haversine: (31.4913127, 73.0160084) → (31.3779513, 73.1223503) = 16145.7 m
2026-03-13 16:20:48.326 | DEBUG    | utils.geo_utils:haversine_distance:20 - Haversine: (31.4913127, 73.0160084) → (31.3276625, 73.1236586) = 20868.7 m
2026-03-13 16:20:48.326 | DEBUG    | utils.geo_utils:haversine_distance:20 - Haversine: (31.5500271, 73.1353422) → (31.4741405, 73.0215448) = 13695.9 m
2026-03-13 16:20:48.326 | DEBUG    | utils.geo_utils:haversine_distance:20 - Haversine: (31.5500271, 73.1353422) → (31.3947802, 73.0496437) = 19080.2 m
2026-03-13 16:20:48.327 | DEBUG    | utils.geo_utils:haversine_distance:20 - Haversine: (31.5500271, 73.1353422) → (31.512935, 73.0381981) = 10088.7 m
2026-03-13 16:20:48.327 | DEBUG    | utils.geo_utils:haversine_distance:20 - Haversine: (31.5500271, 73.1353422) → (31.3477999, 73.0603287) = 23585.7 m
2026-03-13 16:20:48.327 | DEBUG    | utils.geo_utils:haversine_distance:20 - Haversine: (31.5500271, 73.1353422) → (31.3779513, 73.1223503) = 19173.6 m
2026-03-13 16:20:48.327 | DEBUG    | utils.geo_utils:haversine_distance:20 - Haversine: (31.5500271, 73.1353422) → (31.3276625, 73.1236586) = 24750.6 m
2026-03-13 16:20:48.327 | DEBUG    | utils.geo_utils:haversine_distance:20 - Haversine: (31.5500271, 73.1353422) → (31.4913127, 73.0160084) = 13060.4 m
2026-03-13 16:20:48.327 | DEBUG    | utils.geo_utils:haversine_distance:20 - Haversine: (31.4453195, 73.0674257) → (31.4741405, 73.0215448) = 5404.5 m
2026-03-13 16:20:48.327 | DEBUG    | utils.geo_utils:haversine_distance:20 - Haversine: (31.4453195, 73.0674257) → (31.3947802, 73.0496437) = 5867.6 m
2026-03-13 16:20:48.327 | DEBUG    | utils.geo_utils:haversine_distance:20 - Haversine: (31.4453195, 73.0674257) → (31.512935, 73.0381981) = 8013.1 m
2026-03-13 16:20:48.327 | DEBUG    | utils.geo_utils:haversine_distance:20 - Haversine: (31.4453195, 73.0674257) → (31.3477999, 73.0603287) = 10864.6 m
2026-03-13 16:20:48.327 | DEBUG    | utils.geo_utils:haversine_distance:20 - Haversine: (31.4453195, 73.0674257) → (31.3779513, 73.1223503) = 9125.9 m
2026-03-13 16:20:48.327 | DEBUG    | utils.geo_utils:haversine_distance:20 - Haversine: (31.4453195, 73.0674257) → (31.3276625, 73.1236586) = 14129.9 m
2026-03-13 16:20:48.327 | DEBUG    | utils.geo_utils:haversine_distance:20 - Haversine: (31.4453195, 73.0674257) → (31.4913127, 73.0160084) = 7066.5 m
2026-03-13 16:20:48.327 | DEBUG    | utils.geo_utils:haversine_distance:20 - Haversine: (31.4453195, 73.0674257) → (31.5500271, 73.1353422) = 13305.0 m
2026-03-13 16:20:48.327 | DEBUG    | utils.geo_utils:haversine_distance:20 - Haversine: (31.4697711, 73.0596326) → (31.4741405, 73.0215448) = 3644.7 m
2026-03-13 16:20:48.327 | DEBUG    | utils.geo_utils:haversine_distance:20 - Haversine: (31.4697711, 73.0596326) → (31.3947802, 73.0496437) = 8392.3 m
2026-03-13 16:20:48.327 | DEBUG    | utils.geo_utils:haversine_distance:20 - Haversine: (31.4697711, 73.0596326) → (31.512935, 73.0381981) = 5212.2 m
2026-03-13 16:20:48.327 | DEBUG    | utils.geo_utils:haversine_distance:20 - Haversine: (31.4697711, 73.0596326) → (31.3477999, 73.0603287) = 13562.7 m
2026-03-13 16:20:48.327 | DEBUG    | utils.geo_utils:haversine_distance:20 - Haversine: (31.4697711, 73.0596326) → (31.3779513, 73.1223503) = 11817.7 m
2026-03-13 16:20:48.327 | DEBUG    | utils.geo_utils:haversine_distance:20 - Haversine: (31.4697711, 73.0596326) → (31.3276625, 73.1236586) = 16930.0 m
2026-03-13 16:20:48.327 | DEBUG    | utils.geo_utils:haversine_distance:20 - Haversine: (31.4697711, 73.0596326) → (31.4913127, 73.0160084) = 4780.3 m
2026-03-13 16:20:48.327 | DEBUG    | utils.geo_utils:haversine_distance:20 - Haversine: (31.4697711, 73.0596326) → (31.5500271, 73.1353422) = 11452.1 m
2026-03-13 16:20:48.327 | DEBUG    | utils.geo_utils:haversine_distance:20 - Haversine: (31.4697711, 73.0596326) → (31.4453195, 73.0674257) = 2817.6 m
2026-03-13 16:20:48.327 | DEBUG    | utils.geo_utils:haversine_distance:20 - Haversine: (31.4857257, 73.1770598) → (31.4741405, 73.0215448) = 14803.6 m
2026-03-13 16:20:48.327 | DEBUG    | utils.geo_utils:haversine_distance:20 - Haversine: (31.4857257, 73.1770598) → (31.3947802, 73.0496437) = 15760.2 m
2026-03-13 16:20:48.327 | DEBUG    | utils.geo_utils:haversine_distance:20 - Haversine: (31.4857257, 73.1770598) → (31.512935, 73.0381981) = 13508.6 m
2026-03-13 16:20:48.327 | DEBUG    | utils.geo_utils:haversine_distance:20 - Haversine: (31.4857257, 73.1770598) → (31.3477999, 73.0603287) = 18918.6 m
2026-03-13 16:20:48.327 | DEBUG    | utils.geo_utils:haversine_distance:20 - Haversine: (31.4857257, 73.1770598) → (31.3779513, 73.1223503) = 13059.8 m
2026-03-13 16:20:48.327 | DEBUG    | utils.geo_utils:haversine_distance:20 - Haversine: (31.4857257, 73.1770598) → (31.3276625, 73.1236586) = 18291.9 m
2026-03-13 16:20:48.327 | DEBUG    | utils.geo_utils:haversine_distance:20 - Haversine: (31.4857257, 73.1770598) → (31.4913127, 73.0160084) = 15283.7 m
2026-03-13 16:20:48.327 | DEBUG    | utils.geo_utils:haversine_distance:20 - Haversine: (31.4857257, 73.1770598) → (31.5500271, 73.1353422) = 8170.7 m
2026-03-13 16:20:48.327 | DEBUG    | utils.geo_utils:haversine_distance:20 - Haversine: (31.4857257, 73.1770598) → (31.4453195, 73.0674257) = 11327.3 m
2026-03-13 16:20:48.327 | DEBUG    | utils.geo_utils:haversine_distance:20 - Haversine: (31.4857257, 73.1770598) → (31.4697711, 73.0596326) = 11276.3 m
2026-03-13 16:20:48.328 | DEBUG    | utils.geo_utils:haversine_distance:20 - Haversine: (31.5346891, 73.1818098) → (31.4741405, 73.0215448) = 16618.8 m
2026-03-13 16:20:48.328 | DEBUG    | utils.geo_utils:haversine_distance:20 - Haversine: (31.5346891, 73.1818098) → (31.3947802, 73.0496437) = 19979.0 m
2026-03-13 16:20:48.328 | DEBUG    | utils.geo_utils:haversine_distance:20 - Haversine: (31.5346891, 73.1818098) → (31.512935, 73.0381981) = 13825.5 m
2026-03-13 16:20:48.328 | DEBUG    | utils.geo_utils:haversine_distance:20 - Haversine: (31.5346891, 73.1818098) → (31.3477999, 73.0603287) = 23762.9 m
2026-03-13 16:20:48.328 | DEBUG    | utils.geo_utils:haversine_distance:20 - Haversine: (31.5346891, 73.1818098) → (31.3779513, 73.1223503) = 18318.3 m
2026-03-13 16:20:48.328 | DEBUG    | utils.geo_utils:haversine_distance:20 - Haversine: (31.5346891, 73.1818098) → (31.3276625, 73.1236586) = 23672.2 m
2026-03-13 16:20:48.328 | DEBUG    | utils.geo_utils:haversine_distance:20 - Haversine: (31.5346891, 73.1818098) → (31.4913127, 73.0160084) = 16440.7 m
2026-03-13 16:20:48.328 | DEBUG    | utils.geo_utils:haversine_distance:20 - Haversine: (31.5346891, 73.1818098) → (31.5500271, 73.1353422) = 4722.3 m
2026-03-13 16:20:48.328 | DEBUG    | utils.geo_utils:haversine_distance:20 - Haversine: (31.5346891, 73.1818098) → (31.4453195, 73.0674257) = 14710.0 m
2026-03-13 16:20:48.328 | DEBUG    | utils.geo_utils:haversine_distance:20 - Haversine: (31.5346891, 73.1818098) → (31.4697711, 73.0596326) = 13648.4 m
2026-03-13 16:20:48.328 | DEBUG    | utils.geo_utils:haversine_distance:20 - Haversine: (31.5346891, 73.1818098) → (31.4857257, 73.1770598) = 5463.1 m
2026-03-13 16:20:48.328 | DEBUG    | utils.geo_utils:haversine_distance:20 - Haversine: (31.333427, 73.0645016) → (31.4741405, 73.0215448) = 16169.0 m
2026-03-13 16:20:48.328 | DEBUG    | utils.geo_utils:haversine_distance:20 - Haversine: (31.333427, 73.0645016) → (31.3947802, 73.0496437) = 6966.5 m
2026-03-13 16:20:48.328 | DEBUG    | utils.geo_utils:haversine_distance:20 - Haversine: (31.333427, 73.0645016) → (31.512935, 73.0381981) = 20115.8 m
2026-03-13 16:20:48.328 | DEBUG    | utils.geo_utils:haversine_distance:20 - Haversine: (31.333427, 73.0645016) → (31.3477999, 73.0603287) = 1646.6 m
2026-03-13 16:20:48.328 | DEBUG    | utils.geo_utils:haversine_distance:20 - Haversine: (31.333427, 73.0645016) → (31.3779513, 73.1223503) = 7394.9 m
2026-03-13 16:20:48.328 | DEBUG    | utils.geo_utils:haversine_distance:20 - Haversine: (31.333427, 73.0645016) → (31.3276625, 73.1236586) = 5655.2 m
2026-03-13 16:20:48.328 | DEBUG    | utils.geo_utils:haversine_distance:20 - Haversine: (31.333427, 73.0645016) → (31.4913127, 73.0160084) = 18149.2 m
2026-03-13 16:20:48.328 | DEBUG    | utils.geo_utils:haversine_distance:20 - Haversine: (31.333427, 73.0645016) → (31.5500271, 73.1353422) = 25004.9 m
2026-03-13 16:20:48.328 | DEBUG    | utils.geo_utils:haversine_distance:20 - Haversine: (31.333427, 73.0645016) → (31.4453195, 73.0674257) = 12445.0 m
2026-03-13 16:20:48.328 | DEBUG    | utils.geo_utils:haversine_distance:20 - Haversine: (31.333427, 73.0645016) → (31.4697711, 73.0596326) = 15167.8 m
2026-03-13 16:20:48.328 | DEBUG    | utils.geo_utils:haversine_distance:20 - Haversine: (31.333427, 73.0645016) → (31.4857257, 73.1770598) = 20022.3 m
2026-03-13 16:20:48.328 | DEBUG    | utils.geo_utils:haversine_distance:20 - Haversine: (31.333427, 73.0645016) → (31.5346891, 73.1818098) = 24994.1 m
2026-03-13 16:20:48.328 | DEBUG    | utils.geo_utils:haversine_distance:20 - Haversine: (31.466307, 73.1034818) → (31.4741405, 73.0215448) = 7819.5 m
2026-03-13 16:20:48.328 | DEBUG    | utils.geo_utils:haversine_distance:20 - Haversine: (31.466307, 73.1034818) → (31.3947802, 73.0496437) = 9452.5 m
2026-03-13 16:20:48.328 | DEBUG    | utils.geo_utils:haversine_distance:20 - Haversine: (31.466307, 73.1034818) → (31.512935, 73.0381981) = 8074.7 m
2026-03-13 16:20:48.328 | DEBUG    | utils.geo_utils:haversine_distance:20 - Haversine: (31.466307, 73.1034818) → (31.3477999, 73.0603287) = 13799.1 m
2026-03-13 16:20:48.328 | DEBUG    | utils.geo_utils:haversine_distance:20 - Haversine: (31.466307, 73.1034818) → (31.3779513, 73.1223503) = 9986.5 m
2026-03-13 16:20:48.328 | DEBUG    | utils.geo_utils:haversine_distance:20 - Haversine: (31.466307, 73.1034818) → (31.3276625, 73.1236586) = 15535.1 m
2026-03-13 16:20:48.328 | DEBUG    | utils.geo_utils:haversine_distance:20 - Haversine: (31.466307, 73.1034818) → (31.4913127, 73.0160084) = 8748.8 m
2026-03-13 16:20:48.328 | DEBUG    | utils.geo_utils:haversine_distance:20 - Haversine: (31.466307, 73.1034818) → (31.5500271, 73.1353422) = 9787.0 m
2026-03-13 16:20:48.328 | DEBUG    | utils.geo_utils:haversine_distance:20 - Haversine: (31.466307, 73.1034818) → (31.4453195, 73.0674257) = 4140.4 m
2026-03-13 16:20:48.329 | DEBUG    | utils.geo_utils:haversine_distance:20 - Haversine: (31.466307, 73.1034818) → (31.4697711, 73.0596326) = 4176.5 m
2026-03-13 16:20:48.329 | DEBUG    | utils.geo_utils:haversine_distance:20 - Haversine: (31.466307, 73.1034818) → (31.4857257, 73.1770598) = 7304.1 m
2026-03-13 16:20:48.329 | DEBUG    | utils.geo_utils:haversine_distance:20 - Haversine: (31.466307, 73.1034818) → (31.5346891, 73.1818098) = 10628.5 m
2026-03-13 16:20:48.329 | DEBUG    | utils.geo_utils:haversine_distance:20 - Haversine: (31.466307, 73.1034818) → (31.333427, 73.0645016) = 15231.7 m
2026-03-13 16:20:48.329 | DEBUG    | utils.geo_utils:haversine_distance:20 - Haversine: (31.3792544, 73.0618071) → (31.4741405, 73.0215448) = 11221.2 m
2026-03-13 16:20:48.329 | DEBUG    | utils.geo_utils:haversine_distance:20 - Haversine: (31.3792544, 73.0618071) → (31.3947802, 73.0496437) = 2076.9 m
2026-03-13 16:20:48.329 | DEBUG    | utils.geo_utils:haversine_distance:20 - Haversine: (31.3792544, 73.0618071) → (31.512935, 73.0381981) = 15032.4 m
2026-03-13 16:20:48.329 | DEBUG    | utils.geo_utils:haversine_distance:20 - Haversine: (31.3792544, 73.0618071) → (31.3477999, 73.0603287) = 3500.4 m
2026-03-13 16:20:48.329 | DEBUG    | utils.geo_utils:haversine_distance:20 - Haversine: (31.3792544, 73.0618071) → (31.3779513, 73.1223503) = 5749.3 m
2026-03-13 16:20:48.329 | DEBUG    | utils.geo_utils:haversine_distance:20 - Haversine: (31.3792544, 73.0618071) → (31.3276625, 73.1236586) = 8210.1 m
2026-03-13 16:20:48.329 | DEBUG    | utils.geo_utils:haversine_distance:20 - Haversine: (31.3792544, 73.0618071) → (31.4913127, 73.0160084) = 13196.2 m
2026-03-13 16:20:48.329 | DEBUG    | utils.geo_utils:haversine_distance:20 - Haversine: (31.3792544, 73.0618071) → (31.5500271, 73.1353422) = 20229.4 m
2026-03-13 16:20:48.329 | DEBUG    | utils.geo_utils:haversine_distance:20 - Haversine: (31.3792544, 73.0618071) → (31.4453195, 73.0674257) = 7365.4 m
2026-03-13 16:20:48.329 | DEBUG    | utils.geo_utils:haversine_distance:20 - Haversine: (31.3792544, 73.0618071) → (31.4697711, 73.0596326) = 10067.1 m
2026-03-13 16:20:48.329 | DEBUG    | utils.geo_utils:haversine_distance:20 - Haversine: (31.3792544, 73.0618071) → (31.4857257, 73.1770598) = 16116.3 m
2026-03-13 16:20:48.329 | DEBUG    | utils.geo_utils:haversine_distance:20 - Haversine: (31.3792544, 73.0618071) → (31.5346891, 73.1818098) = 20695.0 m
2026-03-13 16:20:48.329 | DEBUG    | utils.geo_utils:haversine_distance:20 - Haversine: (31.3792544, 73.0618071) → (31.333427, 73.0645016) = 5102.2 m
2026-03-13 16:20:48.329 | DEBUG    | utils.geo_utils:haversine_distance:20 - Haversine: (31.3792544, 73.0618071) → (31.466307, 73.1034818) = 10456.4 m
2026-03-13 16:20:48.329 | DEBUG    | utils.geo_utils:haversine_distance:20 - Haversine: (31.3589417, 73.0841457) → (31.4741405, 73.0215448) = 14119.9 m
2026-03-13 16:20:48.329 | DEBUG    | utils.geo_utils:haversine_distance:20 - Haversine: (31.3589417, 73.0841457) → (31.3947802, 73.0496437) = 5158.4 m
2026-03-13 16:20:48.329 | DEBUG    | utils.geo_utils:haversine_distance:20 - Haversine: (31.3589417, 73.0841457) → (31.512935, 73.0381981) = 17669.4 m
2026-03-13 16:20:48.329 | DEBUG    | utils.geo_utils:haversine_distance:20 - Haversine: (31.3589417, 73.0841457) → (31.3477999, 73.0603287) = 2578.7 m
2026-03-13 16:20:48.329 | DEBUG    | utils.geo_utils:haversine_distance:20 - Haversine: (31.3589417, 73.0841457) → (31.3779513, 73.1223503) = 4198.2 m
2026-03-13 16:20:48.329 | DEBUG    | utils.geo_utils:haversine_distance:20 - Haversine: (31.3589417, 73.0841457) → (31.3276625, 73.1236586) = 5116.4 m
2026-03-13 16:20:48.329 | DEBUG    | utils.geo_utils:haversine_distance:20 - Haversine: (31.3589417, 73.0841457) → (31.4913127, 73.0160084) = 16076.3 m
2026-03-13 16:20:48.329 | DEBUG    | utils.geo_utils:haversine_distance:20 - Haversine: (31.3589417, 73.0841457) → (31.5500271, 73.1353422) = 21795.6 m
2026-03-13 16:20:48.329 | DEBUG    | utils.geo_utils:haversine_distance:20 - Haversine: (31.3589417, 73.0841457) → (31.4453195, 73.0674257) = 9735.0 m
2026-03-13 16:20:48.329 | DEBUG    | utils.geo_utils:haversine_distance:20 - Haversine: (31.3589417, 73.0841457) → (31.4697711, 73.0596326) = 12541.3 m
2026-03-13 16:20:48.329 | DEBUG    | utils.geo_utils:haversine_distance:20 - Haversine: (31.3589417, 73.0841457) → (31.4857257, 73.1770598) = 16627.6 m
2026-03-13 16:20:48.329 | DEBUG    | utils.geo_utils:haversine_distance:20 - Haversine: (31.3589417, 73.0841457) → (31.5346891, 73.1818098) = 21627.1 m
2026-03-13 16:20:48.329 | DEBUG    | utils.geo_utils:haversine_distance:20 - Haversine: (31.3589417, 73.0841457) → (31.333427, 73.0645016) = 3395.5 m
2026-03-13 16:20:48.329 | DEBUG    | utils.geo_utils:haversine_distance:20 - Haversine: (31.3589417, 73.0841457) → (31.466307, 73.1034818) = 12078.7 m
2026-03-13 16:20:48.330 | DEBUG    | utils.geo_utils:haversine_distance:20 - Haversine: (31.3589417, 73.0841457) → (31.3792544, 73.0618071) = 3098.3 m
2026-03-13 16:20:48.330 | DEBUG    | utils.geo_utils:haversine_distance:20 - Haversine: (31.3933848, 73.0742595) → (31.4741405, 73.0215448) = 10278.5 m
2026-03-13 16:20:48.330 | DEBUG    | utils.geo_utils:haversine_distance:20 - Haversine: (31.3933848, 73.0742595) → (31.3947802, 73.0496437) = 2341.6 m
2026-03-13 16:20:48.330 | DEBUG    | utils.geo_utils:haversine_distance:20 - Haversine: (31.3933848, 73.0742595) → (31.512935, 73.0381981) = 13726.4 m
2026-03-13 16:20:48.330 | DEBUG    | utils.geo_utils:haversine_distance:20 - Haversine: (31.3933848, 73.0742595) → (31.3477999, 73.0603287) = 5238.5 m
2026-03-13 16:20:48.330 | DEBUG    | utils.geo_utils:haversine_distance:20 - Haversine: (31.3933848, 73.0742595) → (31.3779513, 73.1223503) = 4876.9 m
2026-03-13 16:20:48.330 | DEBUG    | utils.geo_utils:haversine_distance:20 - Haversine: (31.3933848, 73.0742595) → (31.3276625, 73.1236586) = 8683.7 m
2026-03-13 16:20:48.330 | DEBUG    | utils.geo_utils:haversine_distance:20 - Haversine: (31.3933848, 73.0742595) → (31.4913127, 73.0160084) = 12211.1 m
2026-03-13 16:20:48.330 | DEBUG    | utils.geo_utils:haversine_distance:20 - Haversine: (31.3933848, 73.0742595) → (31.5500271, 73.1353422) = 18355.9 m
2026-03-13 16:20:48.330 | DEBUG    | utils.geo_utils:haversine_distance:20 - Haversine: (31.3933848, 73.0742595) → (31.4453195, 73.0674257) = 5811.2 m
2026-03-13 16:20:48.330 | DEBUG    | utils.geo_utils:haversine_distance:20 - Haversine: (31.3933848, 73.0742595) → (31.4697711, 73.0596326) = 8606.4 m
2026-03-13 16:20:48.330 | DEBUG    | utils.geo_utils:haversine_distance:20 - Haversine: (31.3933848, 73.0742595) → (31.4857257, 73.1770598) = 14161.4 m
2026-03-13 16:20:48.330 | DEBUG    | utils.geo_utils:haversine_distance:20 - Haversine: (31.3933848, 73.0742595) → (31.5346891, 73.1818098) = 18733.1 m
2026-03-13 16:20:48.330 | DEBUG    | utils.geo_utils:haversine_distance:20 - Haversine: (31.3933848, 73.0742595) → (31.333427, 73.0645016) = 6731.1 m
2026-03-13 16:20:48.330 | DEBUG    | utils.geo_utils:haversine_distance:20 - Haversine: (31.3933848, 73.0742595) → (31.466307, 73.1034818) = 8569.5 m
2026-03-13 16:20:48.330 | DEBUG    | utils.geo_utils:haversine_distance:20 - Haversine: (31.3933848, 73.0742595) → (31.3792544, 73.0618071) = 1966.2 m
2026-03-13 16:20:48.330 | DEBUG    | utils.geo_utils:haversine_distance:20 - Haversine: (31.3933848, 73.0742595) → (31.3589417, 73.0841457) = 3943.2 m
2026-03-13 16:20:48.330 | INFO     | data_pipeline.stop_builder:merge_nearby_stops:91 - Merged stops:
2026-03-13 16:20:48.330 | INFO     | data_pipeline.stop_builder:merge_nearby_stops:92 -   Before merge: 17 stops
2026-03-13 16:20:48.331 | INFO     | data_pipeline.stop_builder:merge_nearby_stops:93 -   After merge : 17 stops (merged 0 pairs/groups)
2026-03-13 16:20:48.331 | DEBUG    | data_pipeline.stop_builder:merge_nearby_stops:95 - First few merged stops: [{'student_id': 'test_001', 'name': 'Test Student 1', 'roll_no': 'TEST-7277', 'lat': 31.4741405, 'lng': 73.0215448, 'student_count': 1, 'contact': '03351205345', 'semester': 'Spring 2026', 'fee_status': 'unpaid', 'registration_status': 'pending', 'original_lat': 31.4741405, 'original_lng': 73.0215448, 'snap_distance_m': 0.0, 'merged_student_ids': ['test_001']}, {'student_id': 'test_002', 'name': 'Test Student 2', 'roll_no': 'TEST-2113', 'lat': 31.3947802, 'lng': 73.0496437, 'student_count': 1, 'contact': '03290191261', 'semester': 'Spring 2026', 'fee_status': 'unpaid', 'registration_status': 'pending', 'original_lat': 31.3947802, 'original_lng': 73.0496437, 'snap_distance_m': 0.0, 'merged_student_ids': ['test_002']}, {'student_id': 'test_003', 'name': 'Test Student 3', 'roll_no': 'TEST-1468', 'lat': 31.512935, 'lng': 73.0381981, 'student_count': 1, 'contact': '03636076608', 'semester': 'Spring 2026', 'fee_status': 'unpaid', 'registration_status': 'pending', 'original_lat': 31.512935, 'original_lng': 73.0381981, 'snap_distance_m': 0.0, 'merged_student_ids': ['test_003']}]
2026-03-13 16:20:49.152 | INFO     | database.firebase:update_document:35 - Updated document test_001 in students
2026-03-13 16:20:51.699 | INFO     | database.firebase:update_document:35 - Updated document test_002 in students
2026-03-13 16:20:52.356 | INFO     | database.firebase:update_document:35 - Updated document test_003 in students
2026-03-13 16:20:54.589 | INFO     | database.firebase:update_document:35 - Updated document test_004 in students
2026-03-13 16:20:55.385 | INFO     | database.firebase:update_document:35 - Updated document test_005 in students
2026-03-13 16:20:57.511 | INFO     | database.firebase:update_document:35 - Updated document test_006 in students
2026-03-13 16:20:58.284 | INFO     | database.firebase:update_document:35 - Updated document test_007 in students
2026-03-13 16:21:00.559 | INFO     | database.firebase:update_document:35 - Updated document test_008 in students
2026-03-13 16:21:01.225 | INFO     | database.firebase:update_document:35 - Updated document test_009 in students
2026-03-13 16:21:03.473 | INFO     | database.firebase:update_document:35 - Updated document test_010 in students
2026-03-13 16:21:04.158 | INFO     | database.firebase:update_document:35 - Updated document test_013 in students
2026-03-13 16:21:05.181 | INFO     | database.firebase:update_document:35 - Updated document test_014 in students
2026-03-13 16:21:06.238 | INFO     | database.firebase:update_document:35 - Updated document test_015 in students
2026-03-13 16:21:06.780 | INFO     | database.firebase:update_document:35 - Updated document test_016 in students
2026-03-13 16:21:07.315 | INFO     | database.firebase:update_document:35 - Updated document test_017 in students
2026-03-13 16:21:07.910 | INFO     | database.firebase:update_document:35 - Updated document test_019 in students
2026-03-13 16:21:08.457 | INFO     | database.firebase:update_document:35 - Updated document test_020 in students
2026-03-13 16:21:08.458 | INFO     | data_pipeline.stop_builder:update_student_stops:128 - Updated 17 students in Firestore with final snapped/merged coordinates
2026-03-13 16:21:08.475 | INFO     | clustering.stop_clustering:cluster_stops:30 - Clustered into 1 buses (capacity 30):
2026-03-13 16:21:08.475 | INFO     | clustering.stop_clustering:cluster_stops:33 -   Bus 0: 17 stops, 17 students
2026-03-13 16:21:09.919 | INFO     | optimization.tsp_solver:get_road_distance_matrix:38 - ORS matrix computed: 18x18
2026-03-13 16:21:24.924 | INFO     | optimization.tsp_solver:solve_tsp:123 - TSP solved: 17 stops, distance 112498 m, objective 112498
2026-03-13 16:21:24.925 | DEBUG    | optimization.tsp_solver:solve_tsp:124 - Order: ['unknown', 'unknown', 'unknown', 'unknown', 'unknown', 'unknown', 'unknown', 'unknown', 'unknown', 'unknown', 'unknown', 'unknown', 'unknown', 'unknown', 'unknown', 'unknown', 'unknown']
2026-03-13 16:21:24.925 | DEBUG    | optimization.route_generator:generate_route_path:57 - Requesting ORS route with 18 waypoints
2026-03-13 16:21:27.426 | INFO     | optimization.route_generator:generate_route_path:74 - ORS route generated successfully (bug-free)
2026-03-13 16:21:27.427 | INFO     | optimization.route_generator:generate_route_path:75 -   Waypoints: 17 stops → University
2026-03-13 16:21:27.428 | INFO     | optimization.route_generator:generate_route_path:76 -   Distance: 124.15 km
2026-03-13 16:21:27.428 | INFO     | optimization.route_generator:generate_route_path:77 -   Duration: 2.66 h (159 min)
2026-03-13 16:21:27.429 | DEBUG    | optimization.route_generator:generate_route_path:78 - Geometry sample (first 3 & last 3): [[73.021545, 31.474141], [73.021678, 31.474553], [73.021706, 31.474639]] ... [[73.03447, 31.602425], [73.034742, 31.602694], [73.034832, 31.602523]]
2026-03-13 16:21:27.431 | INFO     | optimization.store_routes:store_optimized_routes:250 - Cluster 0: TSP solved | 17 stops | 124.15 km | 2.66 h
2026-03-13 16:21:29.041 | DEBUG    | optimization.store_routes:reverse_geocode_stop_name:102 - Geocoded (31.47414, 73.02154) → تحصیل فیصل آباد صدر, ضلع فیصل آباد
2026-03-13 16:21:31.925 | DEBUG    | optimization.store_routes:compute_fee_for_stop:183 - Fee: 82599 PKR/student | dist=17.21 km | students=1
2026-03-13 16:21:32.530 | DEBUG    | optimization.store_routes:store_optimized_routes:296 - Stop stored: id=CYrYmPGTFEHBc5IRDtLC | name=تحصیل فیصل آباد صدر, ضلع فیصل آباد | dist=17.208 km | fee=82599.0 PKR
2026-03-13 16:21:33.716 | DEBUG    | optimization.store_routes:reverse_geocode_stop_name:102 - Geocoded (31.49131, 73.01601) → تحصیل فیصل آباد صدر, ضلع فیصل آباد
2026-03-13 16:21:36.212 | DEBUG    | optimization.store_routes:compute_fee_for_stop:183 - Fee: 81413 PKR/student | dist=16.96 km | students=1
2026-03-13 16:21:36.760 | DEBUG    | optimization.store_routes:store_optimized_routes:296 - Stop stored: id=RYcXVwUDShvqkbuB9XG2 | name=تحصیل فیصل آباد صدر, ضلع فیصل آباد | dist=16.961 km | fee=81413.0 PKR
2026-03-13 16:21:37.641 | DEBUG    | optimization.store_routes:reverse_geocode_stop_name:102 - Geocoded (31.51293, 73.03820) → Borewal Road, بوڑے وال
2026-03-13 16:21:39.764 | DEBUG    | optimization.store_routes:compute_fee_for_stop:183 - Fee: 63610 PKR/student | dist=13.25 km | students=1
2026-03-13 16:21:40.303 | DEBUG    | optimization.store_routes:store_optimized_routes:296 - Stop stored: id=QZIBPN2JRj6ceRIyO8M5 | name=Borewal Road, بوڑے وال | dist=13.252 km | fee=63610.0 PKR
2026-03-13 16:21:41.348 | DEBUG    | optimization.store_routes:reverse_geocode_stop_name:102 - Geocoded (31.55003, 73.13534) → Kirari
2026-03-13 16:21:43.909 | DEBUG    | optimization.store_routes:compute_fee_for_stop:183 - Fee: 75879 PKR/student | dist=15.81 km | students=1
2026-03-13 16:21:44.470 | DEBUG    | optimization.store_routes:store_optimized_routes:296 - Stop stored: id=rU8qatGAMojU9854NfcN | name=Kirari | dist=15.808 km | fee=75879.0 PKR
2026-03-13 16:21:45.297 | DEBUG    | optimization.store_routes:reverse_geocode_stop_name:102 - Geocoded (31.53469, 73.18181) → تحصیل فیصل آباد صدر, ضلع فیصل آباد
2026-03-13 16:21:48.317 | DEBUG    | optimization.store_routes:compute_fee_for_stop:183 - Fee: 104516 PKR/student | dist=21.77 km | students=1
2026-03-13 16:21:49.069 | DEBUG    | optimization.store_routes:store_optimized_routes:296 - Stop stored: id=QTOeDtkMot9RLLmq9QpH | name=تحصیل فیصل آباد صدر, ضلع فیصل آباد | dist=21.774 km | fee=104516.0 PKR
2026-03-13 16:21:50.528 | DEBUG    | optimization.store_routes:reverse_geocode_stop_name:102 - Geocoded (31.48573, 73.17706) → Bagewal Road, Sabina Town
2026-03-13 16:21:54.379 | DEBUG    | optimization.store_routes:compute_fee_for_stop:183 - Fee: 148772 PKR/student | dist=30.99 km | students=1
2026-03-13 16:21:54.941 | DEBUG    | optimization.store_routes:store_optimized_routes:296 - Stop stored: id=SBKLeqZR56tbrWv9Yeg9 | name=Bagewal Road, Sabina Town | dist=30.994 km | fee=148772.0 PKR
2026-03-13 16:21:56.115 | DEBUG    | optimization.store_routes:reverse_geocode_stop_name:102 - Geocoded (31.46631, 73.10348) → Millat Road
2026-03-13 16:21:58.500 | DEBUG    | optimization.store_routes:compute_fee_for_stop:183 - Fee: 103455 PKR/student | dist=21.55 km | students=1
2026-03-13 16:21:59.055 | DEBUG    | optimization.store_routes:store_optimized_routes:296 - Stop stored: id=JqPgq0riCjKL93Eqy5nT | name=Millat Road | dist=21.553 km | fee=103455.0 PKR
2026-03-13 16:22:00.061 | DEBUG    | optimization.store_routes:reverse_geocode_stop_name:102 - Geocoded (31.39338, 73.07426) → سمن آباد
2026-03-13 16:22:02.288 | DEBUG    | optimization.store_routes:compute_fee_for_stop:183 - Fee: 123068 PKR/student | dist=25.64 km | students=1
2026-03-13 16:22:02.852 | DEBUG    | optimization.store_routes:store_optimized_routes:296 - Stop stored: id=LpnIxPzTNopkO8HVDyWl | name=سمن آباد | dist=25.639 km | fee=123068.0 PKR
2026-03-13 16:22:03.956 | DEBUG    | optimization.store_routes:reverse_geocode_stop_name:102 - Geocoded (31.39478, 73.04964) → تحصیل فیصل آباد شہر, ضلع فیصل آباد
2026-03-13 16:22:06.183 | DEBUG    | optimization.store_routes:compute_fee_for_stop:183 - Fee: 131516 PKR/student | dist=27.40 km | students=1
2026-03-13 16:22:06.754 | DEBUG    | optimization.store_routes:store_optimized_routes:296 - Stop stored: id=tteECzVQS7vLfZhw0JlU | name=تحصیل فیصل آباد شہر, ضلع فیصل آباد | dist=27.399 km | fee=131516.0 PKR
2026-03-13 16:22:07.631 | DEBUG    | optimization.store_routes:reverse_geocode_stop_name:102 - Geocoded (31.37925, 73.06181) → تحصیل فیصل آباد شہر, ضلع فیصل آباد
2026-03-13 16:22:09.886 | DEBUG    | optimization.store_routes:compute_fee_for_stop:183 - Fee: 135471 PKR/student | dist=28.22 km | students=1
2026-03-13 16:22:10.445 | DEBUG    | optimization.store_routes:store_optimized_routes:296 - Stop stored: id=v3kjh8zuw12Lq6cjFZPV | name=تحصیل فیصل آباد شہر, ضلع فیصل آباد | dist=28.223 km | fee=135471.0 PKR
2026-03-13 16:22:11.405 | DEBUG    | optimization.store_routes:reverse_geocode_stop_name:102 - Geocoded (31.34780, 73.06033) → Four Seasons Housing
2026-03-13 16:22:13.653 | DEBUG    | optimization.store_routes:compute_fee_for_stop:183 - Fee: 153480 PKR/student | dist=31.98 km | students=1
2026-03-13 16:22:14.227 | DEBUG    | optimization.store_routes:store_optimized_routes:296 - Stop stored: id=ORJsGHMbvROdhGGXMqyx | name=Four Seasons Housing | dist=31.975 km | fee=153480.0 PKR
2026-03-13 16:22:15.107 | DEBUG    | optimization.store_routes:reverse_geocode_stop_name:102 - Geocoded (31.33343, 73.06450) → Four Seasons Housing
2026-03-13 16:22:17.360 | DEBUG    | optimization.store_routes:compute_fee_for_stop:183 - Fee: 161084 PKR/student | dist=33.56 km | students=1
2026-03-13 16:22:17.949 | DEBUG    | optimization.store_routes:store_optimized_routes:296 - Stop stored: id=TWucZlKsaEPOcmlCMxVI | name=Four Seasons Housing | dist=33.559 km | fee=161084.0 PKR
2026-03-13 16:22:19.359 | DEBUG    | optimization.store_routes:reverse_geocode_stop_name:102 - Geocoded (31.32766, 73.12366) → تحصیل فیصل آباد صدر, ضلع فیصل آباد
2026-03-13 16:22:21.647 | DEBUG    | optimization.store_routes:compute_fee_for_stop:183 - Fee: 188396 PKR/student | dist=39.25 km | students=1
2026-03-13 16:22:22.414 | DEBUG    | optimization.store_routes:store_optimized_routes:296 - Stop stored: id=vPea16IIRdeauLlada6R | name=تحصیل فیصل آباد صدر, ضلع فیصل آباد | dist=39.249 km | fee=188396.0 PKR
2026-03-13 16:22:24.451 | DEBUG    | optimization.store_routes:reverse_geocode_stop_name:102 - Geocoded (31.35894, 73.08415) → Chenab Gardens
2026-03-13 16:22:26.757 | DEBUG    | optimization.store_routes:compute_fee_for_stop:183 - Fee: 150264 PKR/student | dist=31.30 km | students=1
2026-03-13 16:22:27.312 | DEBUG    | optimization.store_routes:store_optimized_routes:296 - Stop stored: id=LttUcYlOegTH8wKsYQDA | name=Chenab Gardens | dist=31.305 km | fee=150264.0 PKR
2026-03-13 16:22:28.900 | DEBUG    | optimization.store_routes:reverse_geocode_stop_name:102 - Geocoded (31.37795, 73.12235) → Niamuana Malkhanwala Road
2026-03-13 16:22:31.157 | DEBUG    | optimization.store_routes:compute_fee_for_stop:183 - Fee: 141178 PKR/student | dist=29.41 km | students=1
2026-03-13 16:22:31.744 | DEBUG    | optimization.store_routes:store_optimized_routes:296 - Stop stored: id=KUHXWa44zaQb0R7vE1o1 | name=Niamuana Malkhanwala Road | dist=29.412 km | fee=141178.0 PKR
2026-03-13 16:22:32.931 | DEBUG    | optimization.store_routes:reverse_geocode_stop_name:102 - Geocoded (31.44532, 73.06743) → تحصیل فیصل آباد شہر, ضلع فیصل آباد
2026-03-13 16:22:35.391 | DEBUG    | optimization.store_routes:compute_fee_for_stop:183 - Fee: 92281 PKR/student | dist=19.23 km | students=1
2026-03-13 16:22:35.934 | DEBUG    | optimization.store_routes:store_optimized_routes:296 - Stop stored: id=ndPevVuTjTviwndQ2nmr | name=تحصیل فیصل آباد شہر, ضلع فیصل آباد | dist=19.225 km | fee=92281.0 PKR
2026-03-13 16:22:36.671 | DEBUG    | optimization.store_routes:reverse_geocode_stop_name:102 - Geocoded (31.46977, 73.05963) → تحصیل فیصل آباد شہر, تحصیل فیصل آباد صدر
2026-03-13 16:22:38.873 | DEBUG    | optimization.store_routes:compute_fee_for_stop:183 - Fee: 79541 PKR/student | dist=16.57 km | students=1
2026-03-13 16:22:39.435 | DEBUG    | optimization.store_routes:store_optimized_routes:296 - Stop stored: id=ldffwnvTnE4QnAOpDZaM | name=تحصیل فیصل آباد شہر, تحصیل فیصل آباد صدر | dist=16.571 km | fee=79541.0 PKR
2026-03-13 16:22:41.088 | INFO     | optimization.store_routes:store_optimized_routes:324 - Route stored: id=R3mRs6KB3oYGW9qBSFQx | 17 stops | 124.15 km
2026-03-13 16:22:41.091 | INFO     | optimization.store_routes:store_optimized_routes:331 - Phase 2: back-filling route_id on 17 stop documents…
2026-03-13 16:22:41.684 | DEBUG    | optimization.store_routes:store_optimized_routes:356 - Final batch committed: 17 writes
2026-03-13 16:22:41.684 | INFO     | optimization.store_routes:store_optimized_routes:358 - Done. Routes stored: 1 | Stops stored: 17
2026-03-13 16:22:41.685 | INFO     | api.main:run_optimization:64 - Pipeline completed successfully | 1 buses processed
2026-03-13 16:35:30.387 | INFO     | api.main:run_optimization:29 - Starting full route optimization pipeline
2026-03-13 16:35:34.345 | INFO     | data_pipeline.student_loader:load_student_stops:42 - Loaded 20 student stops from Firestore
2026-03-13 16:35:34.345 | DEBUG    | data_pipeline.student_loader:load_student_stops:43 - First 3 stops (sample): [{'student_id': 'test_001', 'name': 'Test Student 1', 'roll_no': 'TEST-7277', 'lat': 31.4741405, 'lng': 73.0215448, 'student_count': 1, 'contact': '03351205345', 'semester': 'Spring 2026', 'fee_status': 'unpaid', 'registration_status': 'pending'}, {'student_id': 'test_002', 'name': 'Test Student 2', 'roll_no': 'TEST-2113', 'lat': 31.3947802, 'lng': 73.0496437, 'student_count': 1, 'contact': '03290191261', 'semester': 'Spring 2026', 'fee_status': 'unpaid', 'registration_status': 'pending'}, {'student_id': 'test_003', 'name': 'Test Student 3', 'roll_no': 'TEST-1468', 'lat': 31.512935, 'lng': 73.0381981, 'student_count': 1, 'contact': '03636076608', 'semester': 'Spring 2026', 'fee_status': 'unpaid', 'registration_status': 'pending'}]
2026-03-13 16:35:34.345 | INFO     | osm.fetch_roads:fetch_or_load_road_graph:19 - Loading cached Faisalabad road graph...
2026-03-13 16:35:41.167 | INFO     | osm.fetch_roads:fetch_or_load_road_graph:21 - Loaded graph with 50872 nodes and 144715 edges
2026-03-13 16:35:41.274 | INFO     | osm.road_filter:filter_main_roads:38 - Filtered graph:
2026-03-13 16:35:41.292 | INFO     | osm.road_filter:filter_main_roads:39 -   Original: 50872 nodes, 144715 edges
2026-03-13 16:35:41.369 | INFO     | osm.road_filter:filter_main_roads:40 -   After filter (main roads only): 7460 nodes, 12863 edges
2026-03-13 16:35:41.520 | DEBUG    | utils.distance_utils:build_node_balltree:29 - Built BallTree with 7460 nodes
2026-03-13 16:35:41.521 | DEBUG    | utils.geo_utils:haversine_distance:20 - Haversine: (31.4741405, 73.0215448) → (31.4741405, 73.0215448) = 0.0 m
2026-03-13 16:35:41.521 | DEBUG    | utils.distance_utils:find_nearest_road_point:56 - Nearest road node to (31.4741405, 73.0215448): (31.474141, 73.021545) — 0.0m
2026-03-13 16:35:41.521 | DEBUG    | utils.geo_utils:haversine_distance:20 - Haversine: (31.4741405, 73.0215448) → (31.4741405, 73.0215448) = 0.0 m
2026-03-13 16:35:41.522 | DEBUG    | data_pipeline.stop_builder:snap_stops_to_roads:38 - Snapped Test Student 1 (TEST-7277): 0.0m
2026-03-13 16:35:41.535 | DEBUG    | utils.distance_utils:build_node_balltree:29 - Built BallTree with 7460 nodes
2026-03-13 16:35:41.535 | DEBUG    | utils.geo_utils:haversine_distance:20 - Haversine: (31.3947802, 73.0496437) → (31.3947802, 73.0496437) = 0.0 m
2026-03-13 16:35:41.535 | DEBUG    | utils.distance_utils:find_nearest_road_point:56 - Nearest road node to (31.3947802, 73.0496437): (31.394780, 73.049644) — 0.0m
2026-03-13 16:35:41.535 | DEBUG    | utils.geo_utils:haversine_distance:20 - Haversine: (31.3947802, 73.0496437) → (31.3947802, 73.0496437) = 0.0 m
2026-03-13 16:35:41.536 | DEBUG    | data_pipeline.stop_builder:snap_stops_to_roads:38 - Snapped Test Student 2 (TEST-2113): 0.0m
2026-03-13 16:35:41.549 | DEBUG    | utils.distance_utils:build_node_balltree:29 - Built BallTree with 7460 nodes
2026-03-13 16:35:41.549 | DEBUG    | utils.geo_utils:haversine_distance:20 - Haversine: (31.512935, 73.0381981) → (31.512935, 73.0381981) = 0.0 m
2026-03-13 16:35:41.550 | DEBUG    | utils.distance_utils:find_nearest_road_point:56 - Nearest road node to (31.512935, 73.0381981): (31.512935, 73.038198) — 0.0m
2026-03-13 16:35:41.550 | DEBUG    | utils.geo_utils:haversine_distance:20 - Haversine: (31.512935, 73.0381981) → (31.512935, 73.0381981) = 0.0 m
2026-03-13 16:35:41.550 | DEBUG    | data_pipeline.stop_builder:snap_stops_to_roads:38 - Snapped Test Student 3 (TEST-1468): 0.0m
2026-03-13 16:35:41.565 | DEBUG    | utils.distance_utils:build_node_balltree:29 - Built BallTree with 7460 nodes
2026-03-13 16:35:41.566 | DEBUG    | utils.geo_utils:haversine_distance:20 - Haversine: (31.3477999, 73.0603287) → (31.3477999, 73.0603287) = 0.0 m
2026-03-13 16:35:41.566 | DEBUG    | utils.distance_utils:find_nearest_road_point:56 - Nearest road node to (31.3477999, 73.0603287): (31.347800, 73.060329) — 0.0m
2026-03-13 16:35:41.566 | DEBUG    | utils.geo_utils:haversine_distance:20 - Haversine: (31.3477999, 73.0603287) → (31.3477999, 73.0603287) = 0.0 m
2026-03-13 16:35:41.566 | DEBUG    | data_pipeline.stop_builder:snap_stops_to_roads:38 - Snapped Test Student 4 (TEST-5494): 0.0m
2026-03-13 16:35:41.579 | DEBUG    | utils.distance_utils:build_node_balltree:29 - Built BallTree with 7460 nodes
2026-03-13 16:35:41.580 | DEBUG    | utils.geo_utils:haversine_distance:20 - Haversine: (31.3779513, 73.1223503) → (31.3779513, 73.1223503) = 0.0 m
2026-03-13 16:35:41.580 | DEBUG    | utils.distance_utils:find_nearest_road_point:56 - Nearest road node to (31.3779513, 73.1223503): (31.377951, 73.122350) — 0.0m
2026-03-13 16:35:41.581 | DEBUG    | utils.geo_utils:haversine_distance:20 - Haversine: (31.3779513, 73.1223503) → (31.3779513, 73.1223503) = 0.0 m
2026-03-13 16:35:41.581 | DEBUG    | data_pipeline.stop_builder:snap_stops_to_roads:38 - Snapped Test Student 5 (TEST-6897): 0.0m
2026-03-13 16:35:41.593 | DEBUG    | utils.distance_utils:build_node_balltree:29 - Built BallTree with 7460 nodes
2026-03-13 16:35:41.594 | DEBUG    | utils.geo_utils:haversine_distance:20 - Haversine: (31.3276625, 73.1236586) → (31.3276625, 73.1236586) = 0.0 m
2026-03-13 16:35:41.594 | DEBUG    | utils.distance_utils:find_nearest_road_point:56 - Nearest road node to (31.3276625, 73.1236586): (31.327662, 73.123659) — 0.0m
2026-03-13 16:35:41.594 | DEBUG    | utils.geo_utils:haversine_distance:20 - Haversine: (31.3276625, 73.1236586) → (31.3276625, 73.1236586) = 0.0 m
2026-03-13 16:35:41.594 | DEBUG    | data_pipeline.stop_builder:snap_stops_to_roads:38 - Snapped Test Student 6 (TEST-8925): 0.0m
2026-03-13 16:35:41.609 | DEBUG    | utils.distance_utils:build_node_balltree:29 - Built BallTree with 7460 nodes
2026-03-13 16:35:41.611 | DEBUG    | utils.geo_utils:haversine_distance:20 - Haversine: (31.4913127, 73.0160084) → (31.4913127, 73.0160084) = 0.0 m
2026-03-13 16:35:41.611 | DEBUG    | utils.distance_utils:find_nearest_road_point:56 - Nearest road node to (31.4913127, 73.0160084): (31.491313, 73.016008) — 0.0m
2026-03-13 16:35:41.611 | DEBUG    | utils.geo_utils:haversine_distance:20 - Haversine: (31.4913127, 73.0160084) → (31.4913127, 73.0160084) = 0.0 m
2026-03-13 16:35:41.611 | DEBUG    | data_pipeline.stop_builder:snap_stops_to_roads:38 - Snapped Test Student 7 (TEST-3079): 0.0m
2026-03-13 16:35:41.622 | DEBUG    | utils.distance_utils:build_node_balltree:29 - Built BallTree with 7460 nodes
2026-03-13 16:35:41.622 | DEBUG    | utils.geo_utils:haversine_distance:20 - Haversine: (31.5500271, 73.1353422) → (31.5500271, 73.1353422) = 0.0 m
2026-03-13 16:35:41.622 | DEBUG    | utils.distance_utils:find_nearest_road_point:56 - Nearest road node to (31.5500271, 73.1353422): (31.550027, 73.135342) — 0.0m
2026-03-13 16:35:41.623 | DEBUG    | utils.geo_utils:haversine_distance:20 - Haversine: (31.5500271, 73.1353422) → (31.5500271, 73.1353422) = 0.0 m
2026-03-13 16:35:41.623 | DEBUG    | data_pipeline.stop_builder:snap_stops_to_roads:38 - Snapped Test Student 8 (TEST-7822): 0.0m
2026-03-13 16:35:41.636 | DEBUG    | utils.distance_utils:build_node_balltree:29 - Built BallTree with 7460 nodes
2026-03-13 16:35:41.636 | DEBUG    | utils.geo_utils:haversine_distance:20 - Haversine: (31.4453195, 73.0674257) → (31.4453195, 73.0674257) = 0.0 m
2026-03-13 16:35:41.636 | DEBUG    | utils.distance_utils:find_nearest_road_point:56 - Nearest road node to (31.4453195, 73.0674257): (31.445320, 73.067426) — 0.0m
2026-03-13 16:35:41.637 | DEBUG    | utils.geo_utils:haversine_distance:20 - Haversine: (31.4453195, 73.0674257) → (31.4453195, 73.0674257) = 0.0 m
2026-03-13 16:35:41.637 | DEBUG    | data_pipeline.stop_builder:snap_stops_to_roads:38 - Snapped Test Student 9 (TEST-5087): 0.0m
2026-03-13 16:35:41.651 | DEBUG    | utils.distance_utils:build_node_balltree:29 - Built BallTree with 7460 nodes
2026-03-13 16:35:41.652 | DEBUG    | utils.geo_utils:haversine_distance:20 - Haversine: (31.4697711, 73.0596326) → (31.4697711, 73.0596326) = 0.0 m
2026-03-13 16:35:41.652 | DEBUG    | utils.distance_utils:find_nearest_road_point:56 - Nearest road node to (31.4697711, 73.0596326): (31.469771, 73.059633) — 0.0m
2026-03-13 16:35:41.652 | DEBUG    | utils.geo_utils:haversine_distance:20 - Haversine: (31.4697711, 73.0596326) → (31.4697711, 73.0596326) = 0.0 m
2026-03-13 16:35:41.652 | DEBUG    | data_pipeline.stop_builder:snap_stops_to_roads:38 - Snapped Test Student 10 (TEST-9270): 0.0m
2026-03-13 16:35:41.665 | DEBUG    | utils.distance_utils:build_node_balltree:29 - Built BallTree with 7460 nodes
2026-03-13 16:35:41.666 | DEBUG    | utils.geo_utils:haversine_distance:20 - Haversine: (31.35814771739733, 73.19797994220208) → (31.3636092, 73.1880587) = 1120.8 m
2026-03-13 16:35:41.666 | DEBUG    | utils.distance_utils:find_nearest_road_point:56 - Nearest road node to (31.35814771739733, 73.19797994220208): (31.363609, 73.188059) — 1120.8m
2026-03-13 16:35:41.667 | DEBUG    | utils.geo_utils:haversine_distance:20 - Haversine: (31.35814771739733, 73.19797994220208) → (31.3636092, 73.1880587) = 1120.8 m
2026-03-13 16:35:41.667 | WARNING  | data_pipeline.stop_builder:snap_stops_to_roads:40 - Stop Test Student 11 too far from main road (1120.8m) → skipped
2026-03-13 16:35:41.684 | DEBUG    | utils.distance_utils:build_node_balltree:29 - Built BallTree with 7460 nodes
2026-03-13 16:35:41.685 | DEBUG    | utils.geo_utils:haversine_distance:20 - Haversine: (31.458963501324437, 73.00280007215052) → (31.4470459, 72.9992853) = 1366.5 m
2026-03-13 16:35:41.685 | DEBUG    | utils.distance_utils:find_nearest_road_point:56 - Nearest road node to (31.458963501324437, 73.00280007215052): (31.447046, 72.999285) — 1366.5m
2026-03-13 16:35:41.685 | DEBUG    | utils.geo_utils:haversine_distance:20 - Haversine: (31.458963501324437, 73.00280007215052) → (31.4470459, 72.9992853) = 1366.5 m
2026-03-13 16:35:41.685 | WARNING  | data_pipeline.stop_builder:snap_stops_to_roads:40 - Stop Test Student 12 too far from main road (1366.5m) → skipped
2026-03-13 16:35:41.701 | DEBUG    | utils.distance_utils:build_node_balltree:29 - Built BallTree with 7460 nodes
2026-03-13 16:35:41.703 | DEBUG    | utils.geo_utils:haversine_distance:20 - Haversine: (31.4857257, 73.1770598) → (31.4857257, 73.1770598) = 0.0 m
2026-03-13 16:35:41.703 | DEBUG    | utils.distance_utils:find_nearest_road_point:56 - Nearest road node to (31.4857257, 73.1770598): (31.485726, 73.177060) — 0.0m
2026-03-13 16:35:41.703 | DEBUG    | utils.geo_utils:haversine_distance:20 - Haversine: (31.4857257, 73.1770598) → (31.4857257, 73.1770598) = 0.0 m
2026-03-13 16:35:41.703 | DEBUG    | data_pipeline.stop_builder:snap_stops_to_roads:38 - Snapped Test Student 13 (TEST-4969): 0.0m
2026-03-13 16:35:41.718 | DEBUG    | utils.distance_utils:build_node_balltree:29 - Built BallTree with 7460 nodes
2026-03-13 16:35:41.719 | DEBUG    | utils.geo_utils:haversine_distance:20 - Haversine: (31.5346891, 73.1818098) → (31.5346891, 73.1818098) = 0.0 m
2026-03-13 16:35:41.719 | DEBUG    | utils.distance_utils:find_nearest_road_point:56 - Nearest road node to (31.5346891, 73.1818098): (31.534689, 73.181810) — 0.0m
2026-03-13 16:35:41.719 | DEBUG    | utils.geo_utils:haversine_distance:20 - Haversine: (31.5346891, 73.1818098) → (31.5346891, 73.1818098) = 0.0 m
2026-03-13 16:35:41.719 | DEBUG    | data_pipeline.stop_builder:snap_stops_to_roads:38 - Snapped Test Student 14 (TEST-2794): 0.0m
2026-03-13 16:35:41.733 | DEBUG    | utils.distance_utils:build_node_balltree:29 - Built BallTree with 7460 nodes
2026-03-13 16:35:41.733 | DEBUG    | utils.geo_utils:haversine_distance:20 - Haversine: (31.333427, 73.0645016) → (31.333427, 73.0645016) = 0.0 m
2026-03-13 16:35:41.734 | DEBUG    | utils.distance_utils:find_nearest_road_point:56 - Nearest road node to (31.333427, 73.0645016): (31.333427, 73.064502) — 0.0m
2026-03-13 16:35:41.734 | DEBUG    | utils.geo_utils:haversine_distance:20 - Haversine: (31.333427, 73.0645016) → (31.333427, 73.0645016) = 0.0 m
2026-03-13 16:35:41.734 | DEBUG    | data_pipeline.stop_builder:snap_stops_to_roads:38 - Snapped Test Student 15 (TEST-6292): 0.0m
2026-03-13 16:35:41.747 | DEBUG    | utils.distance_utils:build_node_balltree:29 - Built BallTree with 7460 nodes
2026-03-13 16:35:41.748 | DEBUG    | utils.geo_utils:haversine_distance:20 - Haversine: (31.466307, 73.1034818) → (31.466307, 73.1034818) = 0.0 m
2026-03-13 16:35:41.748 | DEBUG    | utils.distance_utils:find_nearest_road_point:56 - Nearest road node to (31.466307, 73.1034818): (31.466307, 73.103482) — 0.0m
2026-03-13 16:35:41.748 | DEBUG    | utils.geo_utils:haversine_distance:20 - Haversine: (31.466307, 73.1034818) → (31.466307, 73.1034818) = 0.0 m
2026-03-13 16:35:41.748 | DEBUG    | data_pipeline.stop_builder:snap_stops_to_roads:38 - Snapped Test Student 16 (TEST-3855): 0.0m
2026-03-13 16:35:41.761 | DEBUG    | utils.distance_utils:build_node_balltree:29 - Built BallTree with 7460 nodes
2026-03-13 16:35:41.762 | DEBUG    | utils.geo_utils:haversine_distance:20 - Haversine: (31.3792544, 73.0618071) → (31.3792544, 73.0618071) = 0.0 m
2026-03-13 16:35:41.762 | DEBUG    | utils.distance_utils:find_nearest_road_point:56 - Nearest road node to (31.3792544, 73.0618071): (31.379254, 73.061807) — 0.0m
2026-03-13 16:35:41.762 | DEBUG    | utils.geo_utils:haversine_distance:20 - Haversine: (31.3792544, 73.0618071) → (31.3792544, 73.0618071) = 0.0 m
2026-03-13 16:35:41.762 | DEBUG    | data_pipeline.stop_builder:snap_stops_to_roads:38 - Snapped Test Student 17 (TEST-1915): 0.0m
2026-03-13 16:35:41.776 | DEBUG    | utils.distance_utils:build_node_balltree:29 - Built BallTree with 7460 nodes
2026-03-13 16:35:41.777 | DEBUG    | utils.geo_utils:haversine_distance:20 - Haversine: (31.35190948529881, 73.02203898223841) → (31.3643888, 73.012393) = 1662.7 m
2026-03-13 16:35:41.777 | DEBUG    | utils.distance_utils:find_nearest_road_point:56 - Nearest road node to (31.35190948529881, 73.02203898223841): (31.364389, 73.012393) — 1662.7m
2026-03-13 16:35:41.777 | DEBUG    | utils.geo_utils:haversine_distance:20 - Haversine: (31.35190948529881, 73.02203898223841) → (31.3643888, 73.012393) = 1662.7 m
2026-03-13 16:35:41.778 | WARNING  | data_pipeline.stop_builder:snap_stops_to_roads:40 - Stop Test Student 18 too far from main road (1662.7m) → skipped
2026-03-13 16:35:41.793 | DEBUG    | utils.distance_utils:build_node_balltree:29 - Built BallTree with 7460 nodes
2026-03-13 16:35:41.795 | DEBUG    | utils.geo_utils:haversine_distance:20 - Haversine: (31.3589417, 73.0841457) → (31.3589417, 73.0841457) = 0.0 m
2026-03-13 16:35:41.795 | DEBUG    | utils.distance_utils:find_nearest_road_point:56 - Nearest road node to (31.3589417, 73.0841457): (31.358942, 73.084146) — 0.0m
2026-03-13 16:35:41.795 | DEBUG    | utils.geo_utils:haversine_distance:20 - Haversine: (31.3589417, 73.0841457) → (31.3589417, 73.0841457) = 0.0 m
2026-03-13 16:35:41.796 | DEBUG    | data_pipeline.stop_builder:snap_stops_to_roads:38 - Snapped Test Student 19 (TEST-9501): 0.0m
2026-03-13 16:35:41.811 | DEBUG    | utils.distance_utils:build_node_balltree:29 - Built BallTree with 7460 nodes
2026-03-13 16:35:41.813 | DEBUG    | utils.geo_utils:haversine_distance:20 - Haversine: (31.3933848, 73.0742595) → (31.3933848, 73.0742595) = 0.0 m
2026-03-13 16:35:41.813 | DEBUG    | utils.distance_utils:find_nearest_road_point:56 - Nearest road node to (31.3933848, 73.0742595): (31.393385, 73.074259) — 0.0m
2026-03-13 16:35:41.813 | DEBUG    | utils.geo_utils:haversine_distance:20 - Haversine: (31.3933848, 73.0742595) → (31.3933848, 73.0742595) = 0.0 m
2026-03-13 16:35:41.813 | DEBUG    | data_pipeline.stop_builder:snap_stops_to_roads:38 - Snapped Test Student 20 (TEST-6324): 0.0m
2026-03-13 16:35:41.813 | INFO     | data_pipeline.stop_builder:snap_stops_to_roads:47 - Snapping complete:
2026-03-13 16:35:41.814 | INFO     | data_pipeline.stop_builder:snap_stops_to_roads:48 -   Input stops: 20
2026-03-13 16:35:41.814 | INFO     | data_pipeline.stop_builder:snap_stops_to_roads:49 -   Snapped successfully: 17
2026-03-13 16:35:41.814 | INFO     | data_pipeline.stop_builder:snap_stops_to_roads:50 -   Skipped (too far): 3
2026-03-13 16:35:41.814 | DEBUG    | data_pipeline.stop_builder:snap_stops_to_roads:53 - First snapped stop example: {'student_id': 'test_001', 'name': 'Test Student 1', 'roll_no': 'TEST-7277', 'lat': 31.4741405, 'lng': 73.0215448, 'student_count': 1, 'contact': '03351205345', 'semester': 'Spring 2026', 'fee_status': 'unpaid', 'registration_status': 'pending', 'original_lat': 31.4741405, 'original_lng': 73.0215448, 'snap_distance_m': 0.0}
2026-03-13 16:35:41.815 | DEBUG    | utils.geo_utils:haversine_distance:20 - Haversine: (31.3947802, 73.0496437) → (31.4741405, 73.0215448) = 9218.4 m
2026-03-13 16:35:41.815 | DEBUG    | utils.geo_utils:haversine_distance:20 - Haversine: (31.512935, 73.0381981) → (31.4741405, 73.0215448) = 4593.7 m
2026-03-13 16:35:41.815 | DEBUG    | utils.geo_utils:haversine_distance:20 - Haversine: (31.512935, 73.0381981) → (31.3947802, 73.0496437) = 13183.0 m
2026-03-13 16:35:41.815 | DEBUG    | utils.geo_utils:haversine_distance:20 - Haversine: (31.3477999, 73.0603287) → (31.4741405, 73.0215448) = 14522.6 m
2026-03-13 16:35:41.815 | DEBUG    | utils.geo_utils:haversine_distance:20 - Haversine: (31.3477999, 73.0603287) → (31.3947802, 73.0496437) = 5321.6 m
2026-03-13 16:35:41.815 | DEBUG    | utils.geo_utils:haversine_distance:20 - Haversine: (31.3477999, 73.0603287) → (31.512935, 73.0381981) = 18481.9 m
2026-03-13 16:35:41.815 | DEBUG    | utils.geo_utils:haversine_distance:20 - Haversine: (31.3779513, 73.1223503) → (31.4741405, 73.0215448) = 14348.7 m
2026-03-13 16:35:41.815 | DEBUG    | utils.geo_utils:haversine_distance:20 - Haversine: (31.3779513, 73.1223503) → (31.3947802, 73.0496437) = 7150.8 m
2026-03-13 16:35:41.815 | DEBUG    | utils.geo_utils:haversine_distance:20 - Haversine: (31.3779513, 73.1223503) → (31.512935, 73.0381981) = 17000.4 m
2026-03-13 16:35:41.815 | DEBUG    | utils.geo_utils:haversine_distance:20 - Haversine: (31.3779513, 73.1223503) → (31.3477999, 73.0603287) = 6776.3 m
2026-03-13 16:35:41.815 | DEBUG    | utils.geo_utils:haversine_distance:20 - Haversine: (31.3276625, 73.1236586) → (31.4741405, 73.0215448) = 18952.9 m
2026-03-13 16:35:41.815 | DEBUG    | utils.geo_utils:haversine_distance:20 - Haversine: (31.3276625, 73.1236586) → (31.3947802, 73.0496437) = 10251.2 m
2026-03-13 16:35:41.815 | DEBUG    | utils.geo_utils:haversine_distance:20 - Haversine: (31.3276625, 73.1236586) → (31.512935, 73.0381981) = 22140.0 m
2026-03-13 16:35:41.815 | DEBUG    | utils.geo_utils:haversine_distance:20 - Haversine: (31.3276625, 73.1236586) → (31.3477999, 73.0603287) = 6417.9 m
2026-03-13 16:35:41.815 | DEBUG    | utils.geo_utils:haversine_distance:20 - Haversine: (31.3276625, 73.1236586) → (31.3779513, 73.1223503) = 5593.2 m
2026-03-13 16:35:41.815 | DEBUG    | utils.geo_utils:haversine_distance:20 - Haversine: (31.4913127, 73.0160084) → (31.4741405, 73.0215448) = 1980.3 m
2026-03-13 16:35:41.816 | DEBUG    | utils.geo_utils:haversine_distance:20 - Haversine: (31.4913127, 73.0160084) → (31.3947802, 73.0496437) = 11198.2 m
2026-03-13 16:35:41.816 | DEBUG    | utils.geo_utils:haversine_distance:20 - Haversine: (31.4913127, 73.0160084) → (31.512935, 73.0381981) = 3194.7 m
2026-03-13 16:35:41.816 | DEBUG    | utils.geo_utils:haversine_distance:20 - Haversine: (31.4913127, 73.0160084) → (31.3477999, 73.0603287) = 16502.8 m
2026-03-13 16:35:41.816 | DEBUG    | utils.geo_utils:haversine_distance:20 - Haversine: (31.4913127, 73.0160084) → (31.3779513, 73.1223503) = 16145.7 m
2026-03-13 16:35:41.816 | DEBUG    | utils.geo_utils:haversine_distance:20 - Haversine: (31.4913127, 73.0160084) → (31.3276625, 73.1236586) = 20868.7 m
2026-03-13 16:35:41.816 | DEBUG    | utils.geo_utils:haversine_distance:20 - Haversine: (31.5500271, 73.1353422) → (31.4741405, 73.0215448) = 13695.9 m
2026-03-13 16:35:41.816 | DEBUG    | utils.geo_utils:haversine_distance:20 - Haversine: (31.5500271, 73.1353422) → (31.3947802, 73.0496437) = 19080.2 m
2026-03-13 16:35:41.816 | DEBUG    | utils.geo_utils:haversine_distance:20 - Haversine: (31.5500271, 73.1353422) → (31.512935, 73.0381981) = 10088.7 m
2026-03-13 16:35:41.816 | DEBUG    | utils.geo_utils:haversine_distance:20 - Haversine: (31.5500271, 73.1353422) → (31.3477999, 73.0603287) = 23585.7 m
2026-03-13 16:35:41.816 | DEBUG    | utils.geo_utils:haversine_distance:20 - Haversine: (31.5500271, 73.1353422) → (31.3779513, 73.1223503) = 19173.6 m
2026-03-13 16:35:41.816 | DEBUG    | utils.geo_utils:haversine_distance:20 - Haversine: (31.5500271, 73.1353422) → (31.3276625, 73.1236586) = 24750.6 m
2026-03-13 16:35:41.816 | DEBUG    | utils.geo_utils:haversine_distance:20 - Haversine: (31.5500271, 73.1353422) → (31.4913127, 73.0160084) = 13060.4 m
2026-03-13 16:35:41.816 | DEBUG    | utils.geo_utils:haversine_distance:20 - Haversine: (31.4453195, 73.0674257) → (31.4741405, 73.0215448) = 5404.5 m
2026-03-13 16:35:41.816 | DEBUG    | utils.geo_utils:haversine_distance:20 - Haversine: (31.4453195, 73.0674257) → (31.3947802, 73.0496437) = 5867.6 m
2026-03-13 16:35:41.816 | DEBUG    | utils.geo_utils:haversine_distance:20 - Haversine: (31.4453195, 73.0674257) → (31.512935, 73.0381981) = 8013.1 m
2026-03-13 16:35:41.816 | DEBUG    | utils.geo_utils:haversine_distance:20 - Haversine: (31.4453195, 73.0674257) → (31.3477999, 73.0603287) = 10864.6 m
2026-03-13 16:35:41.817 | DEBUG    | utils.geo_utils:haversine_distance:20 - Haversine: (31.4453195, 73.0674257) → (31.3779513, 73.1223503) = 9125.9 m
2026-03-13 16:35:41.817 | DEBUG    | utils.geo_utils:haversine_distance:20 - Haversine: (31.4453195, 73.0674257) → (31.3276625, 73.1236586) = 14129.9 m
2026-03-13 16:35:41.817 | DEBUG    | utils.geo_utils:haversine_distance:20 - Haversine: (31.4453195, 73.0674257) → (31.4913127, 73.0160084) = 7066.5 m
2026-03-13 16:35:41.817 | DEBUG    | utils.geo_utils:haversine_distance:20 - Haversine: (31.4453195, 73.0674257) → (31.5500271, 73.1353422) = 13305.0 m
2026-03-13 16:35:41.817 | DEBUG    | utils.geo_utils:haversine_distance:20 - Haversine: (31.4697711, 73.0596326) → (31.4741405, 73.0215448) = 3644.7 m
2026-03-13 16:35:41.817 | DEBUG    | utils.geo_utils:haversine_distance:20 - Haversine: (31.4697711, 73.0596326) → (31.3947802, 73.0496437) = 8392.3 m
2026-03-13 16:35:41.817 | DEBUG    | utils.geo_utils:haversine_distance:20 - Haversine: (31.4697711, 73.0596326) → (31.512935, 73.0381981) = 5212.2 m
2026-03-13 16:35:41.817 | DEBUG    | utils.geo_utils:haversine_distance:20 - Haversine: (31.4697711, 73.0596326) → (31.3477999, 73.0603287) = 13562.7 m
2026-03-13 16:35:41.817 | DEBUG    | utils.geo_utils:haversine_distance:20 - Haversine: (31.4697711, 73.0596326) → (31.3779513, 73.1223503) = 11817.7 m
2026-03-13 16:35:41.817 | DEBUG    | utils.geo_utils:haversine_distance:20 - Haversine: (31.4697711, 73.0596326) → (31.3276625, 73.1236586) = 16930.0 m
2026-03-13 16:35:41.817 | DEBUG    | utils.geo_utils:haversine_distance:20 - Haversine: (31.4697711, 73.0596326) → (31.4913127, 73.0160084) = 4780.3 m
2026-03-13 16:35:41.817 | DEBUG    | utils.geo_utils:haversine_distance:20 - Haversine: (31.4697711, 73.0596326) → (31.5500271, 73.1353422) = 11452.1 m
2026-03-13 16:35:41.817 | DEBUG    | utils.geo_utils:haversine_distance:20 - Haversine: (31.4697711, 73.0596326) → (31.4453195, 73.0674257) = 2817.6 m
2026-03-13 16:35:41.817 | DEBUG    | utils.geo_utils:haversine_distance:20 - Haversine: (31.4857257, 73.1770598) → (31.4741405, 73.0215448) = 14803.6 m
2026-03-13 16:35:41.817 | DEBUG    | utils.geo_utils:haversine_distance:20 - Haversine: (31.4857257, 73.1770598) → (31.3947802, 73.0496437) = 15760.2 m
2026-03-13 16:35:41.817 | DEBUG    | utils.geo_utils:haversine_distance:20 - Haversine: (31.4857257, 73.1770598) → (31.512935, 73.0381981) = 13508.6 m
2026-03-13 16:35:41.818 | DEBUG    | utils.geo_utils:haversine_distance:20 - Haversine: (31.4857257, 73.1770598) → (31.3477999, 73.0603287) = 18918.6 m
2026-03-13 16:35:41.818 | DEBUG    | utils.geo_utils:haversine_distance:20 - Haversine: (31.4857257, 73.1770598) → (31.3779513, 73.1223503) = 13059.8 m
2026-03-13 16:35:41.818 | DEBUG    | utils.geo_utils:haversine_distance:20 - Haversine: (31.4857257, 73.1770598) → (31.3276625, 73.1236586) = 18291.9 m
2026-03-13 16:35:41.818 | DEBUG    | utils.geo_utils:haversine_distance:20 - Haversine: (31.4857257, 73.1770598) → (31.4913127, 73.0160084) = 15283.7 m
2026-03-13 16:35:41.818 | DEBUG    | utils.geo_utils:haversine_distance:20 - Haversine: (31.4857257, 73.1770598) → (31.5500271, 73.1353422) = 8170.7 m
2026-03-13 16:35:41.818 | DEBUG    | utils.geo_utils:haversine_distance:20 - Haversine: (31.4857257, 73.1770598) → (31.4453195, 73.0674257) = 11327.3 m
2026-03-13 16:35:41.818 | DEBUG    | utils.geo_utils:haversine_distance:20 - Haversine: (31.4857257, 73.1770598) → (31.4697711, 73.0596326) = 11276.3 m
2026-03-13 16:35:41.818 | DEBUG    | utils.geo_utils:haversine_distance:20 - Haversine: (31.5346891, 73.1818098) → (31.4741405, 73.0215448) = 16618.8 m
2026-03-13 16:35:41.818 | DEBUG    | utils.geo_utils:haversine_distance:20 - Haversine: (31.5346891, 73.1818098) → (31.3947802, 73.0496437) = 19979.0 m
2026-03-13 16:35:41.818 | DEBUG    | utils.geo_utils:haversine_distance:20 - Haversine: (31.5346891, 73.1818098) → (31.512935, 73.0381981) = 13825.5 m
2026-03-13 16:35:41.818 | DEBUG    | utils.geo_utils:haversine_distance:20 - Haversine: (31.5346891, 73.1818098) → (31.3477999, 73.0603287) = 23762.9 m
2026-03-13 16:35:41.818 | DEBUG    | utils.geo_utils:haversine_distance:20 - Haversine: (31.5346891, 73.1818098) → (31.3779513, 73.1223503) = 18318.3 m
2026-03-13 16:35:41.818 | DEBUG    | utils.geo_utils:haversine_distance:20 - Haversine: (31.5346891, 73.1818098) → (31.3276625, 73.1236586) = 23672.2 m
2026-03-13 16:35:41.818 | DEBUG    | utils.geo_utils:haversine_distance:20 - Haversine: (31.5346891, 73.1818098) → (31.4913127, 73.0160084) = 16440.7 m
2026-03-13 16:35:41.818 | DEBUG    | utils.geo_utils:haversine_distance:20 - Haversine: (31.5346891, 73.1818098) → (31.5500271, 73.1353422) = 4722.3 m
2026-03-13 16:35:41.818 | DEBUG    | utils.geo_utils:haversine_distance:20 - Haversine: (31.5346891, 73.1818098) → (31.4453195, 73.0674257) = 14710.0 m
2026-03-13 16:35:41.818 | DEBUG    | utils.geo_utils:haversine_distance:20 - Haversine: (31.5346891, 73.1818098) → (31.4697711, 73.0596326) = 13648.4 m
2026-03-13 16:35:41.819 | DEBUG    | utils.geo_utils:haversine_distance:20 - Haversine: (31.5346891, 73.1818098) → (31.4857257, 73.1770598) = 5463.1 m
2026-03-13 16:35:41.819 | DEBUG    | utils.geo_utils:haversine_distance:20 - Haversine: (31.333427, 73.0645016) → (31.4741405, 73.0215448) = 16169.0 m
2026-03-13 16:35:41.819 | DEBUG    | utils.geo_utils:haversine_distance:20 - Haversine: (31.333427, 73.0645016) → (31.3947802, 73.0496437) = 6966.5 m
2026-03-13 16:35:41.819 | DEBUG    | utils.geo_utils:haversine_distance:20 - Haversine: (31.333427, 73.0645016) → (31.512935, 73.0381981) = 20115.8 m
2026-03-13 16:35:41.819 | DEBUG    | utils.geo_utils:haversine_distance:20 - Haversine: (31.333427, 73.0645016) → (31.3477999, 73.0603287) = 1646.6 m
2026-03-13 16:35:41.819 | DEBUG    | utils.geo_utils:haversine_distance:20 - Haversine: (31.333427, 73.0645016) → (31.3779513, 73.1223503) = 7394.9 m
2026-03-13 16:35:41.819 | DEBUG    | utils.geo_utils:haversine_distance:20 - Haversine: (31.333427, 73.0645016) → (31.3276625, 73.1236586) = 5655.2 m
2026-03-13 16:35:41.819 | DEBUG    | utils.geo_utils:haversine_distance:20 - Haversine: (31.333427, 73.0645016) → (31.4913127, 73.0160084) = 18149.2 m
2026-03-13 16:35:41.819 | DEBUG    | utils.geo_utils:haversine_distance:20 - Haversine: (31.333427, 73.0645016) → (31.5500271, 73.1353422) = 25004.9 m
2026-03-13 16:35:41.819 | DEBUG    | utils.geo_utils:haversine_distance:20 - Haversine: (31.333427, 73.0645016) → (31.4453195, 73.0674257) = 12445.0 m
2026-03-13 16:35:41.819 | DEBUG    | utils.geo_utils:haversine_distance:20 - Haversine: (31.333427, 73.0645016) → (31.4697711, 73.0596326) = 15167.8 m
2026-03-13 16:35:41.819 | DEBUG    | utils.geo_utils:haversine_distance:20 - Haversine: (31.333427, 73.0645016) → (31.4857257, 73.1770598) = 20022.3 m
2026-03-13 16:35:41.819 | DEBUG    | utils.geo_utils:haversine_distance:20 - Haversine: (31.333427, 73.0645016) → (31.5346891, 73.1818098) = 24994.1 m
2026-03-13 16:35:41.819 | DEBUG    | utils.geo_utils:haversine_distance:20 - Haversine: (31.466307, 73.1034818) → (31.4741405, 73.0215448) = 7819.5 m
2026-03-13 16:35:41.819 | DEBUG    | utils.geo_utils:haversine_distance:20 - Haversine: (31.466307, 73.1034818) → (31.3947802, 73.0496437) = 9452.5 m
2026-03-13 16:35:41.819 | DEBUG    | utils.geo_utils:haversine_distance:20 - Haversine: (31.466307, 73.1034818) → (31.512935, 73.0381981) = 8074.7 m
2026-03-13 16:35:41.819 | DEBUG    | utils.geo_utils:haversine_distance:20 - Haversine: (31.466307, 73.1034818) → (31.3477999, 73.0603287) = 13799.1 m
2026-03-13 16:35:41.820 | DEBUG    | utils.geo_utils:haversine_distance:20 - Haversine: (31.466307, 73.1034818) → (31.3779513, 73.1223503) = 9986.5 m
2026-03-13 16:35:41.820 | DEBUG    | utils.geo_utils:haversine_distance:20 - Haversine: (31.466307, 73.1034818) → (31.3276625, 73.1236586) = 15535.1 m
2026-03-13 16:35:41.820 | DEBUG    | utils.geo_utils:haversine_distance:20 - Haversine: (31.466307, 73.1034818) → (31.4913127, 73.0160084) = 8748.8 m
2026-03-13 16:35:41.820 | DEBUG    | utils.geo_utils:haversine_distance:20 - Haversine: (31.466307, 73.1034818) → (31.5500271, 73.1353422) = 9787.0 m
2026-03-13 16:35:41.820 | DEBUG    | utils.geo_utils:haversine_distance:20 - Haversine: (31.466307, 73.1034818) → (31.4453195, 73.0674257) = 4140.4 m
2026-03-13 16:35:41.820 | DEBUG    | utils.geo_utils:haversine_distance:20 - Haversine: (31.466307, 73.1034818) → (31.4697711, 73.0596326) = 4176.5 m
2026-03-13 16:35:41.820 | DEBUG    | utils.geo_utils:haversine_distance:20 - Haversine: (31.466307, 73.1034818) → (31.4857257, 73.1770598) = 7304.1 m
2026-03-13 16:35:41.820 | DEBUG    | utils.geo_utils:haversine_distance:20 - Haversine: (31.466307, 73.1034818) → (31.5346891, 73.1818098) = 10628.5 m
2026-03-13 16:35:41.820 | DEBUG    | utils.geo_utils:haversine_distance:20 - Haversine: (31.466307, 73.1034818) → (31.333427, 73.0645016) = 15231.7 m
2026-03-13 16:35:41.820 | DEBUG    | utils.geo_utils:haversine_distance:20 - Haversine: (31.3792544, 73.0618071) → (31.4741405, 73.0215448) = 11221.2 m
2026-03-13 16:35:41.820 | DEBUG    | utils.geo_utils:haversine_distance:20 - Haversine: (31.3792544, 73.0618071) → (31.3947802, 73.0496437) = 2076.9 m
2026-03-13 16:35:41.820 | DEBUG    | utils.geo_utils:haversine_distance:20 - Haversine: (31.3792544, 73.0618071) → (31.512935, 73.0381981) = 15032.4 m
2026-03-13 16:35:41.821 | DEBUG    | utils.geo_utils:haversine_distance:20 - Haversine: (31.3792544, 73.0618071) → (31.3477999, 73.0603287) = 3500.4 m
2026-03-13 16:35:41.821 | DEBUG    | utils.geo_utils:haversine_distance:20 - Haversine: (31.3792544, 73.0618071) → (31.3779513, 73.1223503) = 5749.3 m
2026-03-13 16:35:41.821 | DEBUG    | utils.geo_utils:haversine_distance:20 - Haversine: (31.3792544, 73.0618071) → (31.3276625, 73.1236586) = 8210.1 m
2026-03-13 16:35:41.821 | DEBUG    | utils.geo_utils:haversine_distance:20 - Haversine: (31.3792544, 73.0618071) → (31.4913127, 73.0160084) = 13196.2 m
2026-03-13 16:35:41.821 | DEBUG    | utils.geo_utils:haversine_distance:20 - Haversine: (31.3792544, 73.0618071) → (31.5500271, 73.1353422) = 20229.4 m
2026-03-13 16:35:41.821 | DEBUG    | utils.geo_utils:haversine_distance:20 - Haversine: (31.3792544, 73.0618071) → (31.4453195, 73.0674257) = 7365.4 m
2026-03-13 16:35:41.821 | DEBUG    | utils.geo_utils:haversine_distance:20 - Haversine: (31.3792544, 73.0618071) → (31.4697711, 73.0596326) = 10067.1 m
2026-03-13 16:35:41.821 | DEBUG    | utils.geo_utils:haversine_distance:20 - Haversine: (31.3792544, 73.0618071) → (31.4857257, 73.1770598) = 16116.3 m
2026-03-13 16:35:41.821 | DEBUG    | utils.geo_utils:haversine_distance:20 - Haversine: (31.3792544, 73.0618071) → (31.5346891, 73.1818098) = 20695.0 m
2026-03-13 16:35:41.821 | DEBUG    | utils.geo_utils:haversine_distance:20 - Haversine: (31.3792544, 73.0618071) → (31.333427, 73.0645016) = 5102.2 m
2026-03-13 16:35:41.821 | DEBUG    | utils.geo_utils:haversine_distance:20 - Haversine: (31.3792544, 73.0618071) → (31.466307, 73.1034818) = 10456.4 m
2026-03-13 16:35:41.821 | DEBUG    | utils.geo_utils:haversine_distance:20 - Haversine: (31.3589417, 73.0841457) → (31.4741405, 73.0215448) = 14119.9 m
2026-03-13 16:35:41.821 | DEBUG    | utils.geo_utils:haversine_distance:20 - Haversine: (31.3589417, 73.0841457) → (31.3947802, 73.0496437) = 5158.4 m
2026-03-13 16:35:41.821 | DEBUG    | utils.geo_utils:haversine_distance:20 - Haversine: (31.3589417, 73.0841457) → (31.512935, 73.0381981) = 17669.4 m
2026-03-13 16:35:41.821 | DEBUG    | utils.geo_utils:haversine_distance:20 - Haversine: (31.3589417, 73.0841457) → (31.3477999, 73.0603287) = 2578.7 m
2026-03-13 16:35:41.821 | DEBUG    | utils.geo_utils:haversine_distance:20 - Haversine: (31.3589417, 73.0841457) → (31.3779513, 73.1223503) = 4198.2 m
2026-03-13 16:35:41.822 | DEBUG    | utils.geo_utils:haversine_distance:20 - Haversine: (31.3589417, 73.0841457) → (31.3276625, 73.1236586) = 5116.4 m
2026-03-13 16:35:41.822 | DEBUG    | utils.geo_utils:haversine_distance:20 - Haversine: (31.3589417, 73.0841457) → (31.4913127, 73.0160084) = 16076.3 m
2026-03-13 16:35:41.822 | DEBUG    | utils.geo_utils:haversine_distance:20 - Haversine: (31.3589417, 73.0841457) → (31.5500271, 73.1353422) = 21795.6 m
2026-03-13 16:35:41.822 | DEBUG    | utils.geo_utils:haversine_distance:20 - Haversine: (31.3589417, 73.0841457) → (31.4453195, 73.0674257) = 9735.0 m
2026-03-13 16:35:41.822 | DEBUG    | utils.geo_utils:haversine_distance:20 - Haversine: (31.3589417, 73.0841457) → (31.4697711, 73.0596326) = 12541.3 m
2026-03-13 16:35:41.822 | DEBUG    | utils.geo_utils:haversine_distance:20 - Haversine: (31.3589417, 73.0841457) → (31.4857257, 73.1770598) = 16627.6 m
2026-03-13 16:35:41.822 | DEBUG    | utils.geo_utils:haversine_distance:20 - Haversine: (31.3589417, 73.0841457) → (31.5346891, 73.1818098) = 21627.1 m
2026-03-13 16:35:41.822 | DEBUG    | utils.geo_utils:haversine_distance:20 - Haversine: (31.3589417, 73.0841457) → (31.333427, 73.0645016) = 3395.5 m
2026-03-13 16:35:41.822 | DEBUG    | utils.geo_utils:haversine_distance:20 - Haversine: (31.3589417, 73.0841457) → (31.466307, 73.1034818) = 12078.7 m
2026-03-13 16:35:41.822 | DEBUG    | utils.geo_utils:haversine_distance:20 - Haversine: (31.3589417, 73.0841457) → (31.3792544, 73.0618071) = 3098.3 m
2026-03-13 16:35:41.822 | DEBUG    | utils.geo_utils:haversine_distance:20 - Haversine: (31.3933848, 73.0742595) → (31.4741405, 73.0215448) = 10278.5 m
2026-03-13 16:35:41.822 | DEBUG    | utils.geo_utils:haversine_distance:20 - Haversine: (31.3933848, 73.0742595) → (31.3947802, 73.0496437) = 2341.6 m
2026-03-13 16:35:41.822 | DEBUG    | utils.geo_utils:haversine_distance:20 - Haversine: (31.3933848, 73.0742595) → (31.512935, 73.0381981) = 13726.4 m
2026-03-13 16:35:41.822 | DEBUG    | utils.geo_utils:haversine_distance:20 - Haversine: (31.3933848, 73.0742595) → (31.3477999, 73.0603287) = 5238.5 m
2026-03-13 16:35:41.822 | DEBUG    | utils.geo_utils:haversine_distance:20 - Haversine: (31.3933848, 73.0742595) → (31.3779513, 73.1223503) = 4876.9 m
2026-03-13 16:35:41.823 | DEBUG    | utils.geo_utils:haversine_distance:20 - Haversine: (31.3933848, 73.0742595) → (31.3276625, 73.1236586) = 8683.7 m
2026-03-13 16:35:41.823 | DEBUG    | utils.geo_utils:haversine_distance:20 - Haversine: (31.3933848, 73.0742595) → (31.4913127, 73.0160084) = 12211.1 m
2026-03-13 16:35:41.823 | DEBUG    | utils.geo_utils:haversine_distance:20 - Haversine: (31.3933848, 73.0742595) → (31.5500271, 73.1353422) = 18355.9 m
2026-03-13 16:35:41.823 | DEBUG    | utils.geo_utils:haversine_distance:20 - Haversine: (31.3933848, 73.0742595) → (31.4453195, 73.0674257) = 5811.2 m
2026-03-13 16:35:41.823 | DEBUG    | utils.geo_utils:haversine_distance:20 - Haversine: (31.3933848, 73.0742595) → (31.4697711, 73.0596326) = 8606.4 m
2026-03-13 16:35:41.823 | DEBUG    | utils.geo_utils:haversine_distance:20 - Haversine: (31.3933848, 73.0742595) → (31.4857257, 73.1770598) = 14161.4 m
2026-03-13 16:35:41.823 | DEBUG    | utils.geo_utils:haversine_distance:20 - Haversine: (31.3933848, 73.0742595) → (31.5346891, 73.1818098) = 18733.1 m
2026-03-13 16:35:41.823 | DEBUG    | utils.geo_utils:haversine_distance:20 - Haversine: (31.3933848, 73.0742595) → (31.333427, 73.0645016) = 6731.1 m
2026-03-13 16:35:41.823 | DEBUG    | utils.geo_utils:haversine_distance:20 - Haversine: (31.3933848, 73.0742595) → (31.466307, 73.1034818) = 8569.5 m
2026-03-13 16:35:41.823 | DEBUG    | utils.geo_utils:haversine_distance:20 - Haversine: (31.3933848, 73.0742595) → (31.3792544, 73.0618071) = 1966.2 m
2026-03-13 16:35:41.823 | DEBUG    | utils.geo_utils:haversine_distance:20 - Haversine: (31.3933848, 73.0742595) → (31.3589417, 73.0841457) = 3943.2 m
2026-03-13 16:35:41.823 | INFO     | data_pipeline.stop_builder:merge_nearby_stops:91 - Merged stops:
2026-03-13 16:35:41.823 | INFO     | data_pipeline.stop_builder:merge_nearby_stops:92 -   Before merge: 17 stops
2026-03-13 16:35:41.824 | INFO     | data_pipeline.stop_builder:merge_nearby_stops:93 -   After merge : 17 stops (merged 0 pairs/groups)
2026-03-13 16:35:41.824 | DEBUG    | data_pipeline.stop_builder:merge_nearby_stops:95 - First few merged stops: [{'student_id': 'test_001', 'name': 'Test Student 1', 'roll_no': 'TEST-7277', 'lat': 31.4741405, 'lng': 73.0215448, 'student_count': 1, 'contact': '03351205345', 'semester': 'Spring 2026', 'fee_status': 'unpaid', 'registration_status': 'pending', 'original_lat': 31.4741405, 'original_lng': 73.0215448, 'snap_distance_m': 0.0, 'merged_student_ids': ['test_001']}, {'student_id': 'test_002', 'name': 'Test Student 2', 'roll_no': 'TEST-2113', 'lat': 31.3947802, 'lng': 73.0496437, 'student_count': 1, 'contact': '03290191261', 'semester': 'Spring 2026', 'fee_status': 'unpaid', 'registration_status': 'pending', 'original_lat': 31.3947802, 'original_lng': 73.0496437, 'snap_distance_m': 0.0, 'merged_student_ids': ['test_002']}, {'student_id': 'test_003', 'name': 'Test Student 3', 'roll_no': 'TEST-1468', 'lat': 31.512935, 'lng': 73.0381981, 'student_count': 1, 'contact': '03636076608', 'semester': 'Spring 2026', 'fee_status': 'unpaid', 'registration_status': 'pending', 'original_lat': 31.512935, 'original_lng': 73.0381981, 'snap_distance_m': 0.0, 'merged_student_ids': ['test_003']}]
2026-03-13 16:35:42.470 | INFO     | database.firebase:update_document:35 - Updated document test_001 in students
2026-03-13 16:35:44.830 | INFO     | database.firebase:update_document:35 - Updated document test_002 in students
2026-03-13 16:35:45.750 | INFO     | database.firebase:update_document:35 - Updated document test_003 in students
2026-03-13 16:35:47.894 | INFO     | database.firebase:update_document:35 - Updated document test_004 in students
2026-03-13 16:35:48.825 | INFO     | database.firebase:update_document:35 - Updated document test_005 in students
2026-03-13 16:35:51.064 | INFO     | database.firebase:update_document:35 - Updated document test_006 in students
2026-03-13 16:35:51.723 | INFO     | database.firebase:update_document:35 - Updated document test_007 in students
2026-03-13 16:35:53.969 | INFO     | database.firebase:update_document:35 - Updated document test_008 in students
2026-03-13 16:35:54.620 | INFO     | database.firebase:update_document:35 - Updated document test_009 in students
2026-03-13 16:35:56.912 | INFO     | database.firebase:update_document:35 - Updated document test_010 in students
2026-03-13 16:35:57.496 | INFO     | database.firebase:update_document:35 - Updated document test_013 in students
2026-03-13 16:35:58.901 | INFO     | database.firebase:update_document:35 - Updated document test_014 in students
2026-03-13 16:35:59.884 | INFO     | database.firebase:update_document:35 - Updated document test_015 in students
2026-03-13 16:36:00.543 | INFO     | database.firebase:update_document:35 - Updated document test_016 in students
2026-03-13 16:36:01.215 | INFO     | database.firebase:update_document:35 - Updated document test_017 in students
2026-03-13 16:36:02.033 | INFO     | database.firebase:update_document:35 - Updated document test_019 in students
2026-03-13 16:36:02.749 | INFO     | database.firebase:update_document:35 - Updated document test_020 in students
2026-03-13 16:36:02.750 | INFO     | data_pipeline.stop_builder:update_student_stops:128 - Updated 17 students in Firestore with final snapped/merged coordinates
2026-03-13 16:36:02.769 | INFO     | clustering.stop_clustering:cluster_stops:30 - Clustered into 1 buses (capacity 30):
2026-03-13 16:36:02.774 | INFO     | clustering.stop_clustering:cluster_stops:33 -   Bus 0: 17 stops, 17 students
2026-03-13 16:36:04.902 | INFO     | optimization.tsp_solver:get_road_distance_matrix:38 - ORS matrix computed: 18x18
2026-03-13 16:36:19.911 | INFO     | optimization.tsp_solver:solve_tsp:123 - TSP solved: 17 stops, distance 112498 m, objective 112498
2026-03-13 16:36:19.912 | DEBUG    | optimization.tsp_solver:solve_tsp:124 - Order: ['unknown', 'unknown', 'unknown', 'unknown', 'unknown', 'unknown', 'unknown', 'unknown', 'unknown', 'unknown', 'unknown', 'unknown', 'unknown', 'unknown', 'unknown', 'unknown', 'unknown']
2026-03-13 16:36:19.913 | DEBUG    | optimization.route_generator:generate_route_path:57 - Requesting ORS route with 18 waypoints
2026-03-13 16:36:21.601 | INFO     | optimization.route_generator:generate_route_path:74 - ORS route generated successfully (bug-free)
2026-03-13 16:36:21.614 | INFO     | optimization.route_generator:generate_route_path:75 -   Waypoints: 17 stops → University
2026-03-13 16:36:21.616 | INFO     | optimization.route_generator:generate_route_path:76 -   Distance: 124.15 km
2026-03-13 16:36:21.616 | INFO     | optimization.route_generator:generate_route_path:77 -   Duration: 2.66 h (159 min)
2026-03-13 16:36:21.617 | DEBUG    | optimization.route_generator:generate_route_path:78 - Geometry sample (first 3 & last 3): [[73.021545, 31.474141], [73.021678, 31.474553], [73.021706, 31.474639]] ... [[73.03447, 31.602425], [73.034742, 31.602694], [73.034832, 31.602523]]
2026-03-13 16:36:21.621 | INFO     | optimization.store_routes:store_optimized_routes:250 - Cluster 0: TSP solved | 17 stops | 124.15 km | 2.66 h
2026-03-13 16:36:22.728 | DEBUG    | optimization.store_routes:reverse_geocode_stop_name:102 - Geocoded (31.47414, 73.02154) → تحصیل فیصل آباد صدر, ضلع فیصل آباد
2026-03-13 16:36:24.935 | DEBUG    | optimization.store_routes:compute_fee_for_stop:183 - Fee: 82599 PKR/student | dist=17.21 km | students=1
2026-03-13 16:36:25.482 | DEBUG    | optimization.store_routes:store_optimized_routes:296 - Stop stored: id=NQX7YmEHFTmiWPVE8AWp | name=تحصیل فیصل آباد صدر, ضلع فیصل آباد | dist=17.208 km | fee=82599.0 PKR
2026-03-13 16:36:26.193 | DEBUG    | optimization.store_routes:reverse_geocode_stop_name:102 - Geocoded (31.49131, 73.01601) → تحصیل فیصل آباد صدر, ضلع فیصل آباد
2026-03-13 16:36:28.344 | DEBUG    | optimization.store_routes:compute_fee_for_stop:183 - Fee: 81413 PKR/student | dist=16.96 km | students=1
2026-03-13 16:36:28.902 | DEBUG    | optimization.store_routes:store_optimized_routes:296 - Stop stored: id=YjkVOpnFwaIjeI4YZIvJ | name=تحصیل فیصل آباد صدر, ضلع فیصل آباد | dist=16.961 km | fee=81413.0 PKR
2026-03-13 16:36:29.552 | DEBUG    | optimization.store_routes:reverse_geocode_stop_name:102 - Geocoded (31.51293, 73.03820) → Borewal Road, بوڑے وال
2026-03-13 16:36:31.849 | DEBUG    | optimization.store_routes:compute_fee_for_stop:183 - Fee: 63610 PKR/student | dist=13.25 km | students=1
2026-03-13 16:36:32.387 | DEBUG    | optimization.store_routes:store_optimized_routes:296 - Stop stored: id=KVxDx82zUYH3VXPN67OQ | name=Borewal Road, بوڑے وال | dist=13.252 km | fee=63610.0 PKR
2026-03-13 16:36:33.072 | DEBUG    | optimization.store_routes:reverse_geocode_stop_name:102 - Geocoded (31.55003, 73.13534) → Kirari
2026-03-13 16:36:35.432 | DEBUG    | optimization.store_routes:compute_fee_for_stop:183 - Fee: 75879 PKR/student | dist=15.81 km | students=1
2026-03-13 16:36:35.988 | DEBUG    | optimization.store_routes:store_optimized_routes:296 - Stop stored: id=V2DGmL9jOVcZblxgwyEs | name=Kirari | dist=15.808 km | fee=75879.0 PKR
2026-03-13 16:36:36.843 | DEBUG    | optimization.store_routes:reverse_geocode_stop_name:102 - Geocoded (31.53469, 73.18181) → تحصیل فیصل آباد صدر, ضلع فیصل آباد
2026-03-13 16:36:39.939 | DEBUG    | optimization.store_routes:compute_fee_for_stop:183 - Fee: 104516 PKR/student | dist=21.77 km | students=1
2026-03-13 16:36:40.586 | DEBUG    | optimization.store_routes:store_optimized_routes:296 - Stop stored: id=2glWcNbwF911lz0YTtHW | name=تحصیل فیصل آباد صدر, ضلع فیصل آباد | dist=21.774 km | fee=104516.0 PKR
2026-03-13 16:36:41.324 | DEBUG    | optimization.store_routes:reverse_geocode_stop_name:102 - Geocoded (31.48573, 73.17706) → Bagewal Road, Sabina Town
2026-03-13 16:36:43.740 | DEBUG    | optimization.store_routes:compute_fee_for_stop:183 - Fee: 148772 PKR/student | dist=30.99 km | students=1
2026-03-13 16:36:44.282 | DEBUG    | optimization.store_routes:store_optimized_routes:296 - Stop stored: id=bbe6Rue3Ic2EoB5pMI7K | name=Bagewal Road, Sabina Town | dist=30.994 km | fee=148772.0 PKR
2026-03-13 16:36:44.947 | DEBUG    | optimization.store_routes:reverse_geocode_stop_name:102 - Geocoded (31.46631, 73.10348) → Millat Road
2026-03-13 16:36:47.782 | DEBUG    | optimization.store_routes:compute_fee_for_stop:183 - Fee: 103455 PKR/student | dist=21.55 km | students=1
2026-03-13 16:36:48.480 | DEBUG    | optimization.store_routes:store_optimized_routes:296 - Stop stored: id=wHeve41aYcuKaEJzRFD4 | name=Millat Road | dist=21.553 km | fee=103455.0 PKR
2026-03-13 16:36:49.378 | DEBUG    | optimization.store_routes:reverse_geocode_stop_name:102 - Geocoded (31.39338, 73.07426) → سمن آباد
2026-03-13 16:36:51.687 | DEBUG    | optimization.store_routes:compute_fee_for_stop:183 - Fee: 123068 PKR/student | dist=25.64 km | students=1
2026-03-13 16:36:52.229 | DEBUG    | optimization.store_routes:store_optimized_routes:296 - Stop stored: id=fMiUCYpVPn7luETNT8vW | name=سمن آباد | dist=25.639 km | fee=123068.0 PKR
2026-03-13 16:36:52.832 | DEBUG    | optimization.store_routes:reverse_geocode_stop_name:102 - Geocoded (31.39478, 73.04964) → تحصیل فیصل آباد شہر, ضلع فیصل آباد
2026-03-13 16:36:55.106 | DEBUG    | optimization.store_routes:compute_fee_for_stop:183 - Fee: 131516 PKR/student | dist=27.40 km | students=1
2026-03-13 16:36:55.659 | DEBUG    | optimization.store_routes:store_optimized_routes:296 - Stop stored: id=2TOOE9ffc6XOjFQAQ75P | name=تحصیل فیصل آباد شہر, ضلع فیصل آباد | dist=27.399 km | fee=131516.0 PKR
2026-03-13 16:36:56.329 | DEBUG    | optimization.store_routes:reverse_geocode_stop_name:102 - Geocoded (31.37925, 73.06181) → تحصیل فیصل آباد شہر, ضلع فیصل آباد
2026-03-13 16:36:58.668 | DEBUG    | optimization.store_routes:compute_fee_for_stop:183 - Fee: 135471 PKR/student | dist=28.22 km | students=1
2026-03-13 16:36:59.237 | DEBUG    | optimization.store_routes:store_optimized_routes:296 - Stop stored: id=s5bk1FgKHIXbjoMhxxeW | name=تحصیل فیصل آباد شہر, ضلع فیصل آباد | dist=28.223 km | fee=135471.0 PKR
2026-03-13 16:36:59.940 | DEBUG    | optimization.store_routes:reverse_geocode_stop_name:102 - Geocoded (31.34780, 73.06033) → Four Seasons Housing
2026-03-13 16:37:02.165 | DEBUG    | optimization.store_routes:compute_fee_for_stop:183 - Fee: 153480 PKR/student | dist=31.98 km | students=1
2026-03-13 16:37:02.714 | DEBUG    | optimization.store_routes:store_optimized_routes:296 - Stop stored: id=XsTxXWkwyqDrZ9GcsCH3 | name=Four Seasons Housing | dist=31.975 km | fee=153480.0 PKR
2026-03-13 16:37:03.392 | DEBUG    | optimization.store_routes:reverse_geocode_stop_name:102 - Geocoded (31.33343, 73.06450) → Four Seasons Housing
2026-03-13 16:37:05.750 | DEBUG    | optimization.store_routes:compute_fee_for_stop:183 - Fee: 161084 PKR/student | dist=33.56 km | students=1
2026-03-13 16:37:06.298 | DEBUG    | optimization.store_routes:store_optimized_routes:296 - Stop stored: id=KsyW70FD95HezYq1ngx7 | name=Four Seasons Housing | dist=33.559 km | fee=161084.0 PKR
2026-03-13 16:37:07.073 | DEBUG    | optimization.store_routes:reverse_geocode_stop_name:102 - Geocoded (31.32766, 73.12366) → تحصیل فیصل آباد صدر, ضلع فیصل آباد
2026-03-13 16:37:09.306 | DEBUG    | optimization.store_routes:compute_fee_for_stop:183 - Fee: 188396 PKR/student | dist=39.25 km | students=1
2026-03-13 16:37:09.856 | DEBUG    | optimization.store_routes:store_optimized_routes:296 - Stop stored: id=Dha1LswNtMI8fgVtpt71 | name=تحصیل فیصل آباد صدر, ضلع فیصل آباد | dist=39.249 km | fee=188396.0 PKR
2026-03-13 16:37:10.492 | DEBUG    | optimization.store_routes:reverse_geocode_stop_name:102 - Geocoded (31.35894, 73.08415) → Chenab Gardens
2026-03-13 16:37:12.700 | DEBUG    | optimization.store_routes:compute_fee_for_stop:183 - Fee: 150264 PKR/student | dist=31.30 km | students=1
2026-03-13 16:37:13.339 | DEBUG    | optimization.store_routes:store_optimized_routes:296 - Stop stored: id=2NbW0rkxb1ukp7zwrCsW | name=Chenab Gardens | dist=31.305 km | fee=150264.0 PKR
2026-03-13 16:37:14.181 | DEBUG    | optimization.store_routes:reverse_geocode_stop_name:102 - Geocoded (31.37795, 73.12235) → Niamuana Malkhanwala Road
2026-03-13 16:37:16.789 | DEBUG    | optimization.store_routes:compute_fee_for_stop:183 - Fee: 141178 PKR/student | dist=29.41 km | students=1
2026-03-13 16:37:17.439 | DEBUG    | optimization.store_routes:store_optimized_routes:296 - Stop stored: id=ZlBpmGjer1BaxodzedxE | name=Niamuana Malkhanwala Road | dist=29.412 km | fee=141178.0 PKR
2026-03-13 16:37:18.172 | DEBUG    | optimization.store_routes:reverse_geocode_stop_name:102 - Geocoded (31.44532, 73.06743) → تحصیل فیصل آباد شہر, ضلع فیصل آباد
2026-03-13 16:37:20.501 | DEBUG    | optimization.store_routes:compute_fee_for_stop:183 - Fee: 92281 PKR/student | dist=19.23 km | students=1
2026-03-13 16:37:21.309 | DEBUG    | optimization.store_routes:store_optimized_routes:296 - Stop stored: id=JE0iTSseOYxW6Mojbthm | name=تحصیل فیصل آباد شہر, ضلع فیصل آباد | dist=19.225 km | fee=92281.0 PKR
2026-03-13 16:37:21.950 | DEBUG    | optimization.store_routes:reverse_geocode_stop_name:102 - Geocoded (31.46977, 73.05963) → تحصیل فیصل آباد شہر, تحصیل فیصل آباد صدر
2026-03-13 16:37:24.209 | DEBUG    | optimization.store_routes:compute_fee_for_stop:183 - Fee: 79541 PKR/student | dist=16.57 km | students=1
2026-03-13 16:37:24.775 | DEBUG    | optimization.store_routes:store_optimized_routes:296 - Stop stored: id=2ei4Q3Edw7RFjrMeEM0L | name=تحصیل فیصل آباد شہر, تحصیل فیصل آباد صدر | dist=16.571 km | fee=79541.0 PKR
2026-03-13 16:37:26.359 | INFO     | optimization.store_routes:store_optimized_routes:324 - Route stored: id=7Nf6fG57ksEXVyHe7ggT | 17 stops | 124.15 km
2026-03-13 16:37:26.362 | INFO     | optimization.store_routes:store_optimized_routes:331 - Phase 2: back-filling route_id on 17 stop documents…
2026-03-13 16:37:26.955 | DEBUG    | optimization.store_routes:store_optimized_routes:356 - Final batch committed: 17 writes
2026-03-13 16:37:26.955 | INFO     | optimization.store_routes:store_optimized_routes:358 - Done. Routes stored: 1 | Stops stored: 17
2026-03-13 16:37:26.956 | INFO     | api.main:run_optimization:64 - Pipeline completed successfully | 1 buses processed
2026-03-13 16:44:15.900 | INFO     | api.main:run_optimization:29 - Starting full route optimization pipeline
2026-03-13 16:44:20.365 | INFO     | data_pipeline.student_loader:load_student_stops:42 - Loaded 20 student stops from Firestore
2026-03-13 16:44:20.366 | DEBUG    | data_pipeline.student_loader:load_student_stops:43 - First 3 stops (sample): [{'student_id': 'test_001', 'name': 'Test Student 1', 'roll_no': 'TEST-7277', 'lat': 31.4741405, 'lng': 73.0215448, 'student_count': 1, 'contact': '03351205345', 'semester': 'Spring 2026', 'fee_status': 'unpaid', 'registration_status': 'pending'}, {'student_id': 'test_002', 'name': 'Test Student 2', 'roll_no': 'TEST-2113', 'lat': 31.3947802, 'lng': 73.0496437, 'student_count': 1, 'contact': '03290191261', 'semester': 'Spring 2026', 'fee_status': 'unpaid', 'registration_status': 'pending'}, {'student_id': 'test_003', 'name': 'Test Student 3', 'roll_no': 'TEST-1468', 'lat': 31.512935, 'lng': 73.0381981, 'student_count': 1, 'contact': '03636076608', 'semester': 'Spring 2026', 'fee_status': 'unpaid', 'registration_status': 'pending'}]
2026-03-13 16:44:20.366 | INFO     | osm.fetch_roads:fetch_or_load_road_graph:19 - Loading cached Faisalabad road graph...
2026-03-13 16:44:26.020 | INFO     | osm.fetch_roads:fetch_or_load_road_graph:21 - Loaded graph with 50872 nodes and 144715 edges
2026-03-13 16:44:26.113 | INFO     | osm.road_filter:filter_main_roads:38 - Filtered graph:
2026-03-13 16:44:26.137 | INFO     | osm.road_filter:filter_main_roads:39 -   Original: 50872 nodes, 144715 edges
2026-03-13 16:44:26.214 | INFO     | osm.road_filter:filter_main_roads:40 -   After filter (main roads only): 7460 nodes, 12863 edges
2026-03-13 16:44:26.365 | DEBUG    | utils.distance_utils:build_node_balltree:29 - Built BallTree with 7460 nodes
2026-03-13 16:44:26.365 | DEBUG    | utils.geo_utils:haversine_distance:20 - Haversine: (31.4741405, 73.0215448) → (31.4741405, 73.0215448) = 0.0 m
2026-03-13 16:44:26.365 | DEBUG    | utils.distance_utils:find_nearest_road_point:56 - Nearest road node to (31.4741405, 73.0215448): (31.474141, 73.021545) — 0.0m
2026-03-13 16:44:26.365 | DEBUG    | utils.geo_utils:haversine_distance:20 - Haversine: (31.4741405, 73.0215448) → (31.4741405, 73.0215448) = 0.0 m
2026-03-13 16:44:26.366 | DEBUG    | data_pipeline.stop_builder:snap_stops_to_roads:38 - Snapped Test Student 1 (TEST-7277): 0.0m
2026-03-13 16:44:26.378 | DEBUG    | utils.distance_utils:build_node_balltree:29 - Built BallTree with 7460 nodes
2026-03-13 16:44:26.379 | DEBUG    | utils.geo_utils:haversine_distance:20 - Haversine: (31.3947802, 73.0496437) → (31.3947802, 73.0496437) = 0.0 m
2026-03-13 16:44:26.379 | DEBUG    | utils.distance_utils:find_nearest_road_point:56 - Nearest road node to (31.3947802, 73.0496437): (31.394780, 73.049644) — 0.0m
2026-03-13 16:44:26.379 | DEBUG    | utils.geo_utils:haversine_distance:20 - Haversine: (31.3947802, 73.0496437) → (31.3947802, 73.0496437) = 0.0 m
2026-03-13 16:44:26.379 | DEBUG    | data_pipeline.stop_builder:snap_stops_to_roads:38 - Snapped Test Student 2 (TEST-2113): 0.0m
2026-03-13 16:44:26.392 | DEBUG    | utils.distance_utils:build_node_balltree:29 - Built BallTree with 7460 nodes
2026-03-13 16:44:26.392 | DEBUG    | utils.geo_utils:haversine_distance:20 - Haversine: (31.512935, 73.0381981) → (31.512935, 73.0381981) = 0.0 m
2026-03-13 16:44:26.392 | DEBUG    | utils.distance_utils:find_nearest_road_point:56 - Nearest road node to (31.512935, 73.0381981): (31.512935, 73.038198) — 0.0m
2026-03-13 16:44:26.392 | DEBUG    | utils.geo_utils:haversine_distance:20 - Haversine: (31.512935, 73.0381981) → (31.512935, 73.0381981) = 0.0 m
2026-03-13 16:44:26.393 | DEBUG    | data_pipeline.stop_builder:snap_stops_to_roads:38 - Snapped Test Student 3 (TEST-1468): 0.0m
2026-03-13 16:44:26.403 | DEBUG    | utils.distance_utils:build_node_balltree:29 - Built BallTree with 7460 nodes
2026-03-13 16:44:26.403 | DEBUG    | utils.geo_utils:haversine_distance:20 - Haversine: (31.3477999, 73.0603287) → (31.3477999, 73.0603287) = 0.0 m
2026-03-13 16:44:26.403 | DEBUG    | utils.distance_utils:find_nearest_road_point:56 - Nearest road node to (31.3477999, 73.0603287): (31.347800, 73.060329) — 0.0m
2026-03-13 16:44:26.404 | DEBUG    | utils.geo_utils:haversine_distance:20 - Haversine: (31.3477999, 73.0603287) → (31.3477999, 73.0603287) = 0.0 m
2026-03-13 16:44:26.404 | DEBUG    | data_pipeline.stop_builder:snap_stops_to_roads:38 - Snapped Test Student 4 (TEST-5494): 0.0m
2026-03-13 16:44:26.413 | DEBUG    | utils.distance_utils:build_node_balltree:29 - Built BallTree with 7460 nodes
2026-03-13 16:44:26.414 | DEBUG    | utils.geo_utils:haversine_distance:20 - Haversine: (31.3779513, 73.1223503) → (31.3779513, 73.1223503) = 0.0 m
2026-03-13 16:44:26.414 | DEBUG    | utils.distance_utils:find_nearest_road_point:56 - Nearest road node to (31.3779513, 73.1223503): (31.377951, 73.122350) — 0.0m
2026-03-13 16:44:26.414 | DEBUG    | utils.geo_utils:haversine_distance:20 - Haversine: (31.3779513, 73.1223503) → (31.3779513, 73.1223503) = 0.0 m
2026-03-13 16:44:26.415 | DEBUG    | data_pipeline.stop_builder:snap_stops_to_roads:38 - Snapped Test Student 5 (TEST-6897): 0.0m
2026-03-13 16:44:26.424 | DEBUG    | utils.distance_utils:build_node_balltree:29 - Built BallTree with 7460 nodes
2026-03-13 16:44:26.425 | DEBUG    | utils.geo_utils:haversine_distance:20 - Haversine: (31.3276625, 73.1236586) → (31.3276625, 73.1236586) = 0.0 m
2026-03-13 16:44:26.425 | DEBUG    | utils.distance_utils:find_nearest_road_point:56 - Nearest road node to (31.3276625, 73.1236586): (31.327662, 73.123659) — 0.0m
2026-03-13 16:44:26.425 | DEBUG    | utils.geo_utils:haversine_distance:20 - Haversine: (31.3276625, 73.1236586) → (31.3276625, 73.1236586) = 0.0 m
2026-03-13 16:44:26.425 | DEBUG    | data_pipeline.stop_builder:snap_stops_to_roads:38 - Snapped Test Student 6 (TEST-8925): 0.0m
2026-03-13 16:44:26.437 | DEBUG    | utils.distance_utils:build_node_balltree:29 - Built BallTree with 7460 nodes
2026-03-13 16:44:26.438 | DEBUG    | utils.geo_utils:haversine_distance:20 - Haversine: (31.4913127, 73.0160084) → (31.4913127, 73.0160084) = 0.0 m
2026-03-13 16:44:26.438 | DEBUG    | utils.distance_utils:find_nearest_road_point:56 - Nearest road node to (31.4913127, 73.0160084): (31.491313, 73.016008) — 0.0m
2026-03-13 16:44:26.438 | DEBUG    | utils.geo_utils:haversine_distance:20 - Haversine: (31.4913127, 73.0160084) → (31.4913127, 73.0160084) = 0.0 m
2026-03-13 16:44:26.438 | DEBUG    | data_pipeline.stop_builder:snap_stops_to_roads:38 - Snapped Test Student 7 (TEST-3079): 0.0m
2026-03-13 16:44:26.449 | DEBUG    | utils.distance_utils:build_node_balltree:29 - Built BallTree with 7460 nodes
2026-03-13 16:44:26.449 | DEBUG    | utils.geo_utils:haversine_distance:20 - Haversine: (31.5500271, 73.1353422) → (31.5500271, 73.1353422) = 0.0 m
2026-03-13 16:44:26.449 | DEBUG    | utils.distance_utils:find_nearest_road_point:56 - Nearest road node to (31.5500271, 73.1353422): (31.550027, 73.135342) — 0.0m
2026-03-13 16:44:26.450 | DEBUG    | utils.geo_utils:haversine_distance:20 - Haversine: (31.5500271, 73.1353422) → (31.5500271, 73.1353422) = 0.0 m
2026-03-13 16:44:26.450 | DEBUG    | data_pipeline.stop_builder:snap_stops_to_roads:38 - Snapped Test Student 8 (TEST-7822): 0.0m
2026-03-13 16:44:26.459 | DEBUG    | utils.distance_utils:build_node_balltree:29 - Built BallTree with 7460 nodes
2026-03-13 16:44:26.459 | DEBUG    | utils.geo_utils:haversine_distance:20 - Haversine: (31.4453195, 73.0674257) → (31.4453195, 73.0674257) = 0.0 m
2026-03-13 16:44:26.460 | DEBUG    | utils.distance_utils:find_nearest_road_point:56 - Nearest road node to (31.4453195, 73.0674257): (31.445320, 73.067426) — 0.0m
2026-03-13 16:44:26.460 | DEBUG    | utils.geo_utils:haversine_distance:20 - Haversine: (31.4453195, 73.0674257) → (31.4453195, 73.0674257) = 0.0 m
2026-03-13 16:44:26.460 | DEBUG    | data_pipeline.stop_builder:snap_stops_to_roads:38 - Snapped Test Student 9 (TEST-5087): 0.0m
2026-03-13 16:44:26.470 | DEBUG    | utils.distance_utils:build_node_balltree:29 - Built BallTree with 7460 nodes
2026-03-13 16:44:26.470 | DEBUG    | utils.geo_utils:haversine_distance:20 - Haversine: (31.4697711, 73.0596326) → (31.4697711, 73.0596326) = 0.0 m
2026-03-13 16:44:26.471 | DEBUG    | utils.distance_utils:find_nearest_road_point:56 - Nearest road node to (31.4697711, 73.0596326): (31.469771, 73.059633) — 0.0m
2026-03-13 16:44:26.471 | DEBUG    | utils.geo_utils:haversine_distance:20 - Haversine: (31.4697711, 73.0596326) → (31.4697711, 73.0596326) = 0.0 m
2026-03-13 16:44:26.471 | DEBUG    | data_pipeline.stop_builder:snap_stops_to_roads:38 - Snapped Test Student 10 (TEST-9270): 0.0m
2026-03-13 16:44:26.481 | DEBUG    | utils.distance_utils:build_node_balltree:29 - Built BallTree with 7460 nodes
2026-03-13 16:44:26.481 | DEBUG    | utils.geo_utils:haversine_distance:20 - Haversine: (31.35814771739733, 73.19797994220208) → (31.3636092, 73.1880587) = 1120.8 m
2026-03-13 16:44:26.481 | DEBUG    | utils.distance_utils:find_nearest_road_point:56 - Nearest road node to (31.35814771739733, 73.19797994220208): (31.363609, 73.188059) — 1120.8m
2026-03-13 16:44:26.481 | DEBUG    | utils.geo_utils:haversine_distance:20 - Haversine: (31.35814771739733, 73.19797994220208) → (31.3636092, 73.1880587) = 1120.8 m
2026-03-13 16:44:26.481 | WARNING  | data_pipeline.stop_builder:snap_stops_to_roads:40 - Stop Test Student 11 too far from main road (1120.8m) → skipped
2026-03-13 16:44:26.492 | DEBUG    | utils.distance_utils:build_node_balltree:29 - Built BallTree with 7460 nodes
2026-03-13 16:44:26.494 | DEBUG    | utils.geo_utils:haversine_distance:20 - Haversine: (31.458963501324437, 73.00280007215052) → (31.4470459, 72.9992853) = 1366.5 m
2026-03-13 16:44:26.494 | DEBUG    | utils.distance_utils:find_nearest_road_point:56 - Nearest road node to (31.458963501324437, 73.00280007215052): (31.447046, 72.999285) — 1366.5m
2026-03-13 16:44:26.494 | DEBUG    | utils.geo_utils:haversine_distance:20 - Haversine: (31.458963501324437, 73.00280007215052) → (31.4470459, 72.9992853) = 1366.5 m
2026-03-13 16:44:26.494 | WARNING  | data_pipeline.stop_builder:snap_stops_to_roads:40 - Stop Test Student 12 too far from main road (1366.5m) → skipped
2026-03-13 16:44:26.509 | DEBUG    | utils.distance_utils:build_node_balltree:29 - Built BallTree with 7460 nodes
2026-03-13 16:44:26.510 | DEBUG    | utils.geo_utils:haversine_distance:20 - Haversine: (31.4857257, 73.1770598) → (31.4857257, 73.1770598) = 0.0 m
2026-03-13 16:44:26.510 | DEBUG    | utils.distance_utils:find_nearest_road_point:56 - Nearest road node to (31.4857257, 73.1770598): (31.485726, 73.177060) — 0.0m
2026-03-13 16:44:26.510 | DEBUG    | utils.geo_utils:haversine_distance:20 - Haversine: (31.4857257, 73.1770598) → (31.4857257, 73.1770598) = 0.0 m
2026-03-13 16:44:26.510 | DEBUG    | data_pipeline.stop_builder:snap_stops_to_roads:38 - Snapped Test Student 13 (TEST-4969): 0.0m
2026-03-13 16:44:26.525 | DEBUG    | utils.distance_utils:build_node_balltree:29 - Built BallTree with 7460 nodes
2026-03-13 16:44:26.525 | DEBUG    | utils.geo_utils:haversine_distance:20 - Haversine: (31.5346891, 73.1818098) → (31.5346891, 73.1818098) = 0.0 m
2026-03-13 16:44:26.525 | DEBUG    | utils.distance_utils:find_nearest_road_point:56 - Nearest road node to (31.5346891, 73.1818098): (31.534689, 73.181810) — 0.0m
2026-03-13 16:44:26.525 | DEBUG    | utils.geo_utils:haversine_distance:20 - Haversine: (31.5346891, 73.1818098) → (31.5346891, 73.1818098) = 0.0 m
2026-03-13 16:44:26.525 | DEBUG    | data_pipeline.stop_builder:snap_stops_to_roads:38 - Snapped Test Student 14 (TEST-2794): 0.0m
2026-03-13 16:44:26.539 | DEBUG    | utils.distance_utils:build_node_balltree:29 - Built BallTree with 7460 nodes
2026-03-13 16:44:26.540 | DEBUG    | utils.geo_utils:haversine_distance:20 - Haversine: (31.333427, 73.0645016) → (31.333427, 73.0645016) = 0.0 m
2026-03-13 16:44:26.540 | DEBUG    | utils.distance_utils:find_nearest_road_point:56 - Nearest road node to (31.333427, 73.0645016): (31.333427, 73.064502) — 0.0m
2026-03-13 16:44:26.540 | DEBUG    | utils.geo_utils:haversine_distance:20 - Haversine: (31.333427, 73.0645016) → (31.333427, 73.0645016) = 0.0 m
2026-03-13 16:44:26.540 | DEBUG    | data_pipeline.stop_builder:snap_stops_to_roads:38 - Snapped Test Student 15 (TEST-6292): 0.0m
2026-03-13 16:44:26.554 | DEBUG    | utils.distance_utils:build_node_balltree:29 - Built BallTree with 7460 nodes
2026-03-13 16:44:26.555 | DEBUG    | utils.geo_utils:haversine_distance:20 - Haversine: (31.466307, 73.1034818) → (31.466307, 73.1034818) = 0.0 m
2026-03-13 16:44:26.555 | DEBUG    | utils.distance_utils:find_nearest_road_point:56 - Nearest road node to (31.466307, 73.1034818): (31.466307, 73.103482) — 0.0m
2026-03-13 16:44:26.555 | DEBUG    | utils.geo_utils:haversine_distance:20 - Haversine: (31.466307, 73.1034818) → (31.466307, 73.1034818) = 0.0 m
2026-03-13 16:44:26.555 | DEBUG    | data_pipeline.stop_builder:snap_stops_to_roads:38 - Snapped Test Student 16 (TEST-3855): 0.0m
2026-03-13 16:44:26.566 | DEBUG    | utils.distance_utils:build_node_balltree:29 - Built BallTree with 7460 nodes
2026-03-13 16:44:26.567 | DEBUG    | utils.geo_utils:haversine_distance:20 - Haversine: (31.3792544, 73.0618071) → (31.3792544, 73.0618071) = 0.0 m
2026-03-13 16:44:26.567 | DEBUG    | utils.distance_utils:find_nearest_road_point:56 - Nearest road node to (31.3792544, 73.0618071): (31.379254, 73.061807) — 0.0m
2026-03-13 16:44:26.567 | DEBUG    | utils.geo_utils:haversine_distance:20 - Haversine: (31.3792544, 73.0618071) → (31.3792544, 73.0618071) = 0.0 m
2026-03-13 16:44:26.567 | DEBUG    | data_pipeline.stop_builder:snap_stops_to_roads:38 - Snapped Test Student 17 (TEST-1915): 0.0m
2026-03-13 16:44:26.577 | DEBUG    | utils.distance_utils:build_node_balltree:29 - Built BallTree with 7460 nodes
2026-03-13 16:44:26.578 | DEBUG    | utils.geo_utils:haversine_distance:20 - Haversine: (31.35190948529881, 73.02203898223841) → (31.3643888, 73.012393) = 1662.7 m
2026-03-13 16:44:26.578 | DEBUG    | utils.distance_utils:find_nearest_road_point:56 - Nearest road node to (31.35190948529881, 73.02203898223841): (31.364389, 73.012393) — 1662.7m
2026-03-13 16:44:26.578 | DEBUG    | utils.geo_utils:haversine_distance:20 - Haversine: (31.35190948529881, 73.02203898223841) → (31.3643888, 73.012393) = 1662.7 m
2026-03-13 16:44:26.578 | WARNING  | data_pipeline.stop_builder:snap_stops_to_roads:40 - Stop Test Student 18 too far from main road (1662.7m) → skipped
2026-03-13 16:44:26.590 | DEBUG    | utils.distance_utils:build_node_balltree:29 - Built BallTree with 7460 nodes
2026-03-13 16:44:26.591 | DEBUG    | utils.geo_utils:haversine_distance:20 - Haversine: (31.3589417, 73.0841457) → (31.3589417, 73.0841457) = 0.0 m
2026-03-13 16:44:26.592 | DEBUG    | utils.distance_utils:find_nearest_road_point:56 - Nearest road node to (31.3589417, 73.0841457): (31.358942, 73.084146) — 0.0m
2026-03-13 16:44:26.592 | DEBUG    | utils.geo_utils:haversine_distance:20 - Haversine: (31.3589417, 73.0841457) → (31.3589417, 73.0841457) = 0.0 m
2026-03-13 16:44:26.592 | DEBUG    | data_pipeline.stop_builder:snap_stops_to_roads:38 - Snapped Test Student 19 (TEST-9501): 0.0m
2026-03-13 16:44:26.607 | DEBUG    | utils.distance_utils:build_node_balltree:29 - Built BallTree with 7460 nodes
2026-03-13 16:44:26.608 | DEBUG    | utils.geo_utils:haversine_distance:20 - Haversine: (31.3933848, 73.0742595) → (31.3933848, 73.0742595) = 0.0 m
2026-03-13 16:44:26.608 | DEBUG    | utils.distance_utils:find_nearest_road_point:56 - Nearest road node to (31.3933848, 73.0742595): (31.393385, 73.074259) — 0.0m
2026-03-13 16:44:26.609 | DEBUG    | utils.geo_utils:haversine_distance:20 - Haversine: (31.3933848, 73.0742595) → (31.3933848, 73.0742595) = 0.0 m
2026-03-13 16:44:26.609 | DEBUG    | data_pipeline.stop_builder:snap_stops_to_roads:38 - Snapped Test Student 20 (TEST-6324): 0.0m
2026-03-13 16:44:26.609 | INFO     | data_pipeline.stop_builder:snap_stops_to_roads:47 - Snapping complete:
2026-03-13 16:44:26.609 | INFO     | data_pipeline.stop_builder:snap_stops_to_roads:48 -   Input stops: 20
2026-03-13 16:44:26.609 | INFO     | data_pipeline.stop_builder:snap_stops_to_roads:49 -   Snapped successfully: 17
2026-03-13 16:44:26.610 | INFO     | data_pipeline.stop_builder:snap_stops_to_roads:50 -   Skipped (too far): 3
2026-03-13 16:44:26.610 | DEBUG    | data_pipeline.stop_builder:snap_stops_to_roads:53 - First snapped stop example: {'student_id': 'test_001', 'name': 'Test Student 1', 'roll_no': 'TEST-7277', 'lat': 31.4741405, 'lng': 73.0215448, 'student_count': 1, 'contact': '03351205345', 'semester': 'Spring 2026', 'fee_status': 'unpaid', 'registration_status': 'pending', 'original_lat': 31.4741405, 'original_lng': 73.0215448, 'snap_distance_m': 0.0}
2026-03-13 16:44:26.610 | DEBUG    | utils.geo_utils:haversine_distance:20 - Haversine: (31.3947802, 73.0496437) → (31.4741405, 73.0215448) = 9218.4 m
2026-03-13 16:44:26.610 | DEBUG    | utils.geo_utils:haversine_distance:20 - Haversine: (31.512935, 73.0381981) → (31.4741405, 73.0215448) = 4593.7 m
2026-03-13 16:44:26.610 | DEBUG    | utils.geo_utils:haversine_distance:20 - Haversine: (31.512935, 73.0381981) → (31.3947802, 73.0496437) = 13183.0 m
2026-03-13 16:44:26.610 | DEBUG    | utils.geo_utils:haversine_distance:20 - Haversine: (31.3477999, 73.0603287) → (31.4741405, 73.0215448) = 14522.6 m
2026-03-13 16:44:26.610 | DEBUG    | utils.geo_utils:haversine_distance:20 - Haversine: (31.3477999, 73.0603287) → (31.3947802, 73.0496437) = 5321.6 m
2026-03-13 16:44:26.610 | DEBUG    | utils.geo_utils:haversine_distance:20 - Haversine: (31.3477999, 73.0603287) → (31.512935, 73.0381981) = 18481.9 m
2026-03-13 16:44:26.610 | DEBUG    | utils.geo_utils:haversine_distance:20 - Haversine: (31.3779513, 73.1223503) → (31.4741405, 73.0215448) = 14348.7 m
2026-03-13 16:44:26.610 | DEBUG    | utils.geo_utils:haversine_distance:20 - Haversine: (31.3779513, 73.1223503) → (31.3947802, 73.0496437) = 7150.8 m
2026-03-13 16:44:26.610 | DEBUG    | utils.geo_utils:haversine_distance:20 - Haversine: (31.3779513, 73.1223503) → (31.512935, 73.0381981) = 17000.4 m
2026-03-13 16:44:26.610 | DEBUG    | utils.geo_utils:haversine_distance:20 - Haversine: (31.3779513, 73.1223503) → (31.3477999, 73.0603287) = 6776.3 m
2026-03-13 16:44:26.610 | DEBUG    | utils.geo_utils:haversine_distance:20 - Haversine: (31.3276625, 73.1236586) → (31.4741405, 73.0215448) = 18952.9 m
2026-03-13 16:44:26.610 | DEBUG    | utils.geo_utils:haversine_distance:20 - Haversine: (31.3276625, 73.1236586) → (31.3947802, 73.0496437) = 10251.2 m
2026-03-13 16:44:26.610 | DEBUG    | utils.geo_utils:haversine_distance:20 - Haversine: (31.3276625, 73.1236586) → (31.512935, 73.0381981) = 22140.0 m
2026-03-13 16:44:26.610 | DEBUG    | utils.geo_utils:haversine_distance:20 - Haversine: (31.3276625, 73.1236586) → (31.3477999, 73.0603287) = 6417.9 m
2026-03-13 16:44:26.611 | DEBUG    | utils.geo_utils:haversine_distance:20 - Haversine: (31.3276625, 73.1236586) → (31.3779513, 73.1223503) = 5593.2 m
2026-03-13 16:44:26.611 | DEBUG    | utils.geo_utils:haversine_distance:20 - Haversine: (31.4913127, 73.0160084) → (31.4741405, 73.0215448) = 1980.3 m
2026-03-13 16:44:26.611 | DEBUG    | utils.geo_utils:haversine_distance:20 - Haversine: (31.4913127, 73.0160084) → (31.3947802, 73.0496437) = 11198.2 m
2026-03-13 16:44:26.611 | DEBUG    | utils.geo_utils:haversine_distance:20 - Haversine: (31.4913127, 73.0160084) → (31.512935, 73.0381981) = 3194.7 m
2026-03-13 16:44:26.611 | DEBUG    | utils.geo_utils:haversine_distance:20 - Haversine: (31.4913127, 73.0160084) → (31.3477999, 73.0603287) = 16502.8 m
2026-03-13 16:44:26.611 | DEBUG    | utils.geo_utils:haversine_distance:20 - Haversine: (31.4913127, 73.0160084) → (31.3779513, 73.1223503) = 16145.7 m
2026-03-13 16:44:26.611 | DEBUG    | utils.geo_utils:haversine_distance:20 - Haversine: (31.4913127, 73.0160084) → (31.3276625, 73.1236586) = 20868.7 m
2026-03-13 16:44:26.611 | DEBUG    | utils.geo_utils:haversine_distance:20 - Haversine: (31.5500271, 73.1353422) → (31.4741405, 73.0215448) = 13695.9 m
2026-03-13 16:44:26.611 | DEBUG    | utils.geo_utils:haversine_distance:20 - Haversine: (31.5500271, 73.1353422) → (31.3947802, 73.0496437) = 19080.2 m
2026-03-13 16:44:26.611 | DEBUG    | utils.geo_utils:haversine_distance:20 - Haversine: (31.5500271, 73.1353422) → (31.512935, 73.0381981) = 10088.7 m
2026-03-13 16:44:26.611 | DEBUG    | utils.geo_utils:haversine_distance:20 - Haversine: (31.5500271, 73.1353422) → (31.3477999, 73.0603287) = 23585.7 m
2026-03-13 16:44:26.611 | DEBUG    | utils.geo_utils:haversine_distance:20 - Haversine: (31.5500271, 73.1353422) → (31.3779513, 73.1223503) = 19173.6 m
2026-03-13 16:44:26.611 | DEBUG    | utils.geo_utils:haversine_distance:20 - Haversine: (31.5500271, 73.1353422) → (31.3276625, 73.1236586) = 24750.6 m
2026-03-13 16:44:26.611 | DEBUG    | utils.geo_utils:haversine_distance:20 - Haversine: (31.5500271, 73.1353422) → (31.4913127, 73.0160084) = 13060.4 m
2026-03-13 16:44:26.611 | DEBUG    | utils.geo_utils:haversine_distance:20 - Haversine: (31.4453195, 73.0674257) → (31.4741405, 73.0215448) = 5404.5 m
2026-03-13 16:44:26.611 | DEBUG    | utils.geo_utils:haversine_distance:20 - Haversine: (31.4453195, 73.0674257) → (31.3947802, 73.0496437) = 5867.6 m
2026-03-13 16:44:26.611 | DEBUG    | utils.geo_utils:haversine_distance:20 - Haversine: (31.4453195, 73.0674257) → (31.512935, 73.0381981) = 8013.1 m
2026-03-13 16:44:26.611 | DEBUG    | utils.geo_utils:haversine_distance:20 - Haversine: (31.4453195, 73.0674257) → (31.3477999, 73.0603287) = 10864.6 m
2026-03-13 16:44:26.611 | DEBUG    | utils.geo_utils:haversine_distance:20 - Haversine: (31.4453195, 73.0674257) → (31.3779513, 73.1223503) = 9125.9 m
2026-03-13 16:44:26.611 | DEBUG    | utils.geo_utils:haversine_distance:20 - Haversine: (31.4453195, 73.0674257) → (31.3276625, 73.1236586) = 14129.9 m
2026-03-13 16:44:26.611 | DEBUG    | utils.geo_utils:haversine_distance:20 - Haversine: (31.4453195, 73.0674257) → (31.4913127, 73.0160084) = 7066.5 m
2026-03-13 16:44:26.611 | DEBUG    | utils.geo_utils:haversine_distance:20 - Haversine: (31.4453195, 73.0674257) → (31.5500271, 73.1353422) = 13305.0 m
2026-03-13 16:44:26.611 | DEBUG    | utils.geo_utils:haversine_distance:20 - Haversine: (31.4697711, 73.0596326) → (31.4741405, 73.0215448) = 3644.7 m
2026-03-13 16:44:26.611 | DEBUG    | utils.geo_utils:haversine_distance:20 - Haversine: (31.4697711, 73.0596326) → (31.3947802, 73.0496437) = 8392.3 m
2026-03-13 16:44:26.611 | DEBUG    | utils.geo_utils:haversine_distance:20 - Haversine: (31.4697711, 73.0596326) → (31.512935, 73.0381981) = 5212.2 m
2026-03-13 16:44:26.611 | DEBUG    | utils.geo_utils:haversine_distance:20 - Haversine: (31.4697711, 73.0596326) → (31.3477999, 73.0603287) = 13562.7 m
2026-03-13 16:44:26.611 | DEBUG    | utils.geo_utils:haversine_distance:20 - Haversine: (31.4697711, 73.0596326) → (31.3779513, 73.1223503) = 11817.7 m
2026-03-13 16:44:26.611 | DEBUG    | utils.geo_utils:haversine_distance:20 - Haversine: (31.4697711, 73.0596326) → (31.3276625, 73.1236586) = 16930.0 m
2026-03-13 16:44:26.611 | DEBUG    | utils.geo_utils:haversine_distance:20 - Haversine: (31.4697711, 73.0596326) → (31.4913127, 73.0160084) = 4780.3 m
2026-03-13 16:44:26.612 | DEBUG    | utils.geo_utils:haversine_distance:20 - Haversine: (31.4697711, 73.0596326) → (31.5500271, 73.1353422) = 11452.1 m
2026-03-13 16:44:26.612 | DEBUG    | utils.geo_utils:haversine_distance:20 - Haversine: (31.4697711, 73.0596326) → (31.4453195, 73.0674257) = 2817.6 m
2026-03-13 16:44:26.612 | DEBUG    | utils.geo_utils:haversine_distance:20 - Haversine: (31.4857257, 73.1770598) → (31.4741405, 73.0215448) = 14803.6 m
2026-03-13 16:44:26.612 | DEBUG    | utils.geo_utils:haversine_distance:20 - Haversine: (31.4857257, 73.1770598) → (31.3947802, 73.0496437) = 15760.2 m
2026-03-13 16:44:26.612 | DEBUG    | utils.geo_utils:haversine_distance:20 - Haversine: (31.4857257, 73.1770598) → (31.512935, 73.0381981) = 13508.6 m
2026-03-13 16:44:26.612 | DEBUG    | utils.geo_utils:haversine_distance:20 - Haversine: (31.4857257, 73.1770598) → (31.3477999, 73.0603287) = 18918.6 m
2026-03-13 16:44:26.612 | DEBUG    | utils.geo_utils:haversine_distance:20 - Haversine: (31.4857257, 73.1770598) → (31.3779513, 73.1223503) = 13059.8 m
2026-03-13 16:44:26.612 | DEBUG    | utils.geo_utils:haversine_distance:20 - Haversine: (31.4857257, 73.1770598) → (31.3276625, 73.1236586) = 18291.9 m
2026-03-13 16:44:26.612 | DEBUG    | utils.geo_utils:haversine_distance:20 - Haversine: (31.4857257, 73.1770598) → (31.4913127, 73.0160084) = 15283.7 m
2026-03-13 16:44:26.612 | DEBUG    | utils.geo_utils:haversine_distance:20 - Haversine: (31.4857257, 73.1770598) → (31.5500271, 73.1353422) = 8170.7 m
2026-03-13 16:44:26.612 | DEBUG    | utils.geo_utils:haversine_distance:20 - Haversine: (31.4857257, 73.1770598) → (31.4453195, 73.0674257) = 11327.3 m
2026-03-13 16:44:26.612 | DEBUG    | utils.geo_utils:haversine_distance:20 - Haversine: (31.4857257, 73.1770598) → (31.4697711, 73.0596326) = 11276.3 m
2026-03-13 16:44:26.612 | DEBUG    | utils.geo_utils:haversine_distance:20 - Haversine: (31.5346891, 73.1818098) → (31.4741405, 73.0215448) = 16618.8 m
2026-03-13 16:44:26.613 | DEBUG    | utils.geo_utils:haversine_distance:20 - Haversine: (31.5346891, 73.1818098) → (31.3947802, 73.0496437) = 19979.0 m
2026-03-13 16:44:26.613 | DEBUG    | utils.geo_utils:haversine_distance:20 - Haversine: (31.5346891, 73.1818098) → (31.512935, 73.0381981) = 13825.5 m
2026-03-13 16:44:26.613 | DEBUG    | utils.geo_utils:haversine_distance:20 - Haversine: (31.5346891, 73.1818098) → (31.3477999, 73.0603287) = 23762.9 m
2026-03-13 16:44:26.613 | DEBUG    | utils.geo_utils:haversine_distance:20 - Haversine: (31.5346891, 73.1818098) → (31.3779513, 73.1223503) = 18318.3 m
2026-03-13 16:44:26.613 | DEBUG    | utils.geo_utils:haversine_distance:20 - Haversine: (31.5346891, 73.1818098) → (31.3276625, 73.1236586) = 23672.2 m
2026-03-13 16:44:26.613 | DEBUG    | utils.geo_utils:haversine_distance:20 - Haversine: (31.5346891, 73.1818098) → (31.4913127, 73.0160084) = 16440.7 m
2026-03-13 16:44:26.613 | DEBUG    | utils.geo_utils:haversine_distance:20 - Haversine: (31.5346891, 73.1818098) → (31.5500271, 73.1353422) = 4722.3 m
2026-03-13 16:44:26.613 | DEBUG    | utils.geo_utils:haversine_distance:20 - Haversine: (31.5346891, 73.1818098) → (31.4453195, 73.0674257) = 14710.0 m
2026-03-13 16:44:26.613 | DEBUG    | utils.geo_utils:haversine_distance:20 - Haversine: (31.5346891, 73.1818098) → (31.4697711, 73.0596326) = 13648.4 m
2026-03-13 16:44:26.613 | DEBUG    | utils.geo_utils:haversine_distance:20 - Haversine: (31.5346891, 73.1818098) → (31.4857257, 73.1770598) = 5463.1 m
2026-03-13 16:44:26.613 | DEBUG    | utils.geo_utils:haversine_distance:20 - Haversine: (31.333427, 73.0645016) → (31.4741405, 73.0215448) = 16169.0 m
2026-03-13 16:44:26.613 | DEBUG    | utils.geo_utils:haversine_distance:20 - Haversine: (31.333427, 73.0645016) → (31.3947802, 73.0496437) = 6966.5 m
2026-03-13 16:44:26.613 | DEBUG    | utils.geo_utils:haversine_distance:20 - Haversine: (31.333427, 73.0645016) → (31.512935, 73.0381981) = 20115.8 m
2026-03-13 16:44:26.613 | DEBUG    | utils.geo_utils:haversine_distance:20 - Haversine: (31.333427, 73.0645016) → (31.3477999, 73.0603287) = 1646.6 m
2026-03-13 16:44:26.613 | DEBUG    | utils.geo_utils:haversine_distance:20 - Haversine: (31.333427, 73.0645016) → (31.3779513, 73.1223503) = 7394.9 m
2026-03-13 16:44:26.613 | DEBUG    | utils.geo_utils:haversine_distance:20 - Haversine: (31.333427, 73.0645016) → (31.3276625, 73.1236586) = 5655.2 m
2026-03-13 16:44:26.613 | DEBUG    | utils.geo_utils:haversine_distance:20 - Haversine: (31.333427, 73.0645016) → (31.4913127, 73.0160084) = 18149.2 m
2026-03-13 16:44:26.613 | DEBUG    | utils.geo_utils:haversine_distance:20 - Haversine: (31.333427, 73.0645016) → (31.5500271, 73.1353422) = 25004.9 m
2026-03-13 16:44:26.613 | DEBUG    | utils.geo_utils:haversine_distance:20 - Haversine: (31.333427, 73.0645016) → (31.4453195, 73.0674257) = 12445.0 m
2026-03-13 16:44:26.613 | DEBUG    | utils.geo_utils:haversine_distance:20 - Haversine: (31.333427, 73.0645016) → (31.4697711, 73.0596326) = 15167.8 m
2026-03-13 16:44:26.613 | DEBUG    | utils.geo_utils:haversine_distance:20 - Haversine: (31.333427, 73.0645016) → (31.4857257, 73.1770598) = 20022.3 m
2026-03-13 16:44:26.613 | DEBUG    | utils.geo_utils:haversine_distance:20 - Haversine: (31.333427, 73.0645016) → (31.5346891, 73.1818098) = 24994.1 m
2026-03-13 16:44:26.613 | DEBUG    | utils.geo_utils:haversine_distance:20 - Haversine: (31.466307, 73.1034818) → (31.4741405, 73.0215448) = 7819.5 m
2026-03-13 16:44:26.613 | DEBUG    | utils.geo_utils:haversine_distance:20 - Haversine: (31.466307, 73.1034818) → (31.3947802, 73.0496437) = 9452.5 m
2026-03-13 16:44:26.613 | DEBUG    | utils.geo_utils:haversine_distance:20 - Haversine: (31.466307, 73.1034818) → (31.512935, 73.0381981) = 8074.7 m
2026-03-13 16:44:26.613 | DEBUG    | utils.geo_utils:haversine_distance:20 - Haversine: (31.466307, 73.1034818) → (31.3477999, 73.0603287) = 13799.1 m
2026-03-13 16:44:26.613 | DEBUG    | utils.geo_utils:haversine_distance:20 - Haversine: (31.466307, 73.1034818) → (31.3779513, 73.1223503) = 9986.5 m
2026-03-13 16:44:26.613 | DEBUG    | utils.geo_utils:haversine_distance:20 - Haversine: (31.466307, 73.1034818) → (31.3276625, 73.1236586) = 15535.1 m
2026-03-13 16:44:26.613 | DEBUG    | utils.geo_utils:haversine_distance:20 - Haversine: (31.466307, 73.1034818) → (31.4913127, 73.0160084) = 8748.8 m
2026-03-13 16:44:26.613 | DEBUG    | utils.geo_utils:haversine_distance:20 - Haversine: (31.466307, 73.1034818) → (31.5500271, 73.1353422) = 9787.0 m
2026-03-13 16:44:26.614 | DEBUG    | utils.geo_utils:haversine_distance:20 - Haversine: (31.466307, 73.1034818) → (31.4453195, 73.0674257) = 4140.4 m
2026-03-13 16:44:26.614 | DEBUG    | utils.geo_utils:haversine_distance:20 - Haversine: (31.466307, 73.1034818) → (31.4697711, 73.0596326) = 4176.5 m
2026-03-13 16:44:26.614 | DEBUG    | utils.geo_utils:haversine_distance:20 - Haversine: (31.466307, 73.1034818) → (31.4857257, 73.1770598) = 7304.1 m
2026-03-13 16:44:26.614 | DEBUG    | utils.geo_utils:haversine_distance:20 - Haversine: (31.466307, 73.1034818) → (31.5346891, 73.1818098) = 10628.5 m
2026-03-13 16:44:26.614 | DEBUG    | utils.geo_utils:haversine_distance:20 - Haversine: (31.466307, 73.1034818) → (31.333427, 73.0645016) = 15231.7 m
2026-03-13 16:44:26.614 | DEBUG    | utils.geo_utils:haversine_distance:20 - Haversine: (31.3792544, 73.0618071) → (31.4741405, 73.0215448) = 11221.2 m
2026-03-13 16:44:26.614 | DEBUG    | utils.geo_utils:haversine_distance:20 - Haversine: (31.3792544, 73.0618071) → (31.3947802, 73.0496437) = 2076.9 m
2026-03-13 16:44:26.614 | DEBUG    | utils.geo_utils:haversine_distance:20 - Haversine: (31.3792544, 73.0618071) → (31.512935, 73.0381981) = 15032.4 m
2026-03-13 16:44:26.614 | DEBUG    | utils.geo_utils:haversine_distance:20 - Haversine: (31.3792544, 73.0618071) → (31.3477999, 73.0603287) = 3500.4 m
2026-03-13 16:44:26.614 | DEBUG    | utils.geo_utils:haversine_distance:20 - Haversine: (31.3792544, 73.0618071) → (31.3779513, 73.1223503) = 5749.3 m
2026-03-13 16:44:26.614 | DEBUG    | utils.geo_utils:haversine_distance:20 - Haversine: (31.3792544, 73.0618071) → (31.3276625, 73.1236586) = 8210.1 m
2026-03-13 16:44:26.614 | DEBUG    | utils.geo_utils:haversine_distance:20 - Haversine: (31.3792544, 73.0618071) → (31.4913127, 73.0160084) = 13196.2 m
2026-03-13 16:44:26.614 | DEBUG    | utils.geo_utils:haversine_distance:20 - Haversine: (31.3792544, 73.0618071) → (31.5500271, 73.1353422) = 20229.4 m
2026-03-13 16:44:26.614 | DEBUG    | utils.geo_utils:haversine_distance:20 - Haversine: (31.3792544, 73.0618071) → (31.4453195, 73.0674257) = 7365.4 m
2026-03-13 16:44:26.614 | DEBUG    | utils.geo_utils:haversine_distance:20 - Haversine: (31.3792544, 73.0618071) → (31.4697711, 73.0596326) = 10067.1 m
2026-03-13 16:44:26.614 | DEBUG    | utils.geo_utils:haversine_distance:20 - Haversine: (31.3792544, 73.0618071) → (31.4857257, 73.1770598) = 16116.3 m
2026-03-13 16:44:26.614 | DEBUG    | utils.geo_utils:haversine_distance:20 - Haversine: (31.3792544, 73.0618071) → (31.5346891, 73.1818098) = 20695.0 m
2026-03-13 16:44:26.614 | DEBUG    | utils.geo_utils:haversine_distance:20 - Haversine: (31.3792544, 73.0618071) → (31.333427, 73.0645016) = 5102.2 m
2026-03-13 16:44:26.614 | DEBUG    | utils.geo_utils:haversine_distance:20 - Haversine: (31.3792544, 73.0618071) → (31.466307, 73.1034818) = 10456.4 m
2026-03-13 16:44:26.614 | DEBUG    | utils.geo_utils:haversine_distance:20 - Haversine: (31.3589417, 73.0841457) → (31.4741405, 73.0215448) = 14119.9 m
2026-03-13 16:44:26.614 | DEBUG    | utils.geo_utils:haversine_distance:20 - Haversine: (31.3589417, 73.0841457) → (31.3947802, 73.0496437) = 5158.4 m
2026-03-13 16:44:26.614 | DEBUG    | utils.geo_utils:haversine_distance:20 - Haversine: (31.3589417, 73.0841457) → (31.512935, 73.0381981) = 17669.4 m
2026-03-13 16:44:26.614 | DEBUG    | utils.geo_utils:haversine_distance:20 - Haversine: (31.3589417, 73.0841457) → (31.3477999, 73.0603287) = 2578.7 m
2026-03-13 16:44:26.614 | DEBUG    | utils.geo_utils:haversine_distance:20 - Haversine: (31.3589417, 73.0841457) → (31.3779513, 73.1223503) = 4198.2 m
2026-03-13 16:44:26.614 | DEBUG    | utils.geo_utils:haversine_distance:20 - Haversine: (31.3589417, 73.0841457) → (31.3276625, 73.1236586) = 5116.4 m
2026-03-13 16:44:26.614 | DEBUG    | utils.geo_utils:haversine_distance:20 - Haversine: (31.3589417, 73.0841457) → (31.4913127, 73.0160084) = 16076.3 m
2026-03-13 16:44:26.614 | DEBUG    | utils.geo_utils:haversine_distance:20 - Haversine: (31.3589417, 73.0841457) → (31.5500271, 73.1353422) = 21795.6 m
2026-03-13 16:44:26.614 | DEBUG    | utils.geo_utils:haversine_distance:20 - Haversine: (31.3589417, 73.0841457) → (31.4453195, 73.0674257) = 9735.0 m
2026-03-13 16:44:26.614 | DEBUG    | utils.geo_utils:haversine_distance:20 - Haversine: (31.3589417, 73.0841457) → (31.4697711, 73.0596326) = 12541.3 m
2026-03-13 16:44:26.614 | DEBUG    | utils.geo_utils:haversine_distance:20 - Haversine: (31.3589417, 73.0841457) → (31.4857257, 73.1770598) = 16627.6 m
2026-03-13 16:44:26.614 | DEBUG    | utils.geo_utils:haversine_distance:20 - Haversine: (31.3589417, 73.0841457) → (31.5346891, 73.1818098) = 21627.1 m
2026-03-13 16:44:26.615 | DEBUG    | utils.geo_utils:haversine_distance:20 - Haversine: (31.3589417, 73.0841457) → (31.333427, 73.0645016) = 3395.5 m
2026-03-13 16:44:26.615 | DEBUG    | utils.geo_utils:haversine_distance:20 - Haversine: (31.3589417, 73.0841457) → (31.466307, 73.1034818) = 12078.7 m
2026-03-13 16:44:26.615 | DEBUG    | utils.geo_utils:haversine_distance:20 - Haversine: (31.3589417, 73.0841457) → (31.3792544, 73.0618071) = 3098.3 m
2026-03-13 16:44:26.615 | DEBUG    | utils.geo_utils:haversine_distance:20 - Haversine: (31.3933848, 73.0742595) → (31.4741405, 73.0215448) = 10278.5 m
2026-03-13 16:44:26.615 | DEBUG    | utils.geo_utils:haversine_distance:20 - Haversine: (31.3933848, 73.0742595) → (31.3947802, 73.0496437) = 2341.6 m
2026-03-13 16:44:26.615 | DEBUG    | utils.geo_utils:haversine_distance:20 - Haversine: (31.3933848, 73.0742595) → (31.512935, 73.0381981) = 13726.4 m
2026-03-13 16:44:26.615 | DEBUG    | utils.geo_utils:haversine_distance:20 - Haversine: (31.3933848, 73.0742595) → (31.3477999, 73.0603287) = 5238.5 m
2026-03-13 16:44:26.615 | DEBUG    | utils.geo_utils:haversine_distance:20 - Haversine: (31.3933848, 73.0742595) → (31.3779513, 73.1223503) = 4876.9 m
2026-03-13 16:44:26.615 | DEBUG    | utils.geo_utils:haversine_distance:20 - Haversine: (31.3933848, 73.0742595) → (31.3276625, 73.1236586) = 8683.7 m
2026-03-13 16:44:26.615 | DEBUG    | utils.geo_utils:haversine_distance:20 - Haversine: (31.3933848, 73.0742595) → (31.4913127, 73.0160084) = 12211.1 m
2026-03-13 16:44:26.615 | DEBUG    | utils.geo_utils:haversine_distance:20 - Haversine: (31.3933848, 73.0742595) → (31.5500271, 73.1353422) = 18355.9 m
2026-03-13 16:44:26.615 | DEBUG    | utils.geo_utils:haversine_distance:20 - Haversine: (31.3933848, 73.0742595) → (31.4453195, 73.0674257) = 5811.2 m
2026-03-13 16:44:26.615 | DEBUG    | utils.geo_utils:haversine_distance:20 - Haversine: (31.3933848, 73.0742595) → (31.4697711, 73.0596326) = 8606.4 m
2026-03-13 16:44:26.615 | DEBUG    | utils.geo_utils:haversine_distance:20 - Haversine: (31.3933848, 73.0742595) → (31.4857257, 73.1770598) = 14161.4 m
2026-03-13 16:44:26.615 | DEBUG    | utils.geo_utils:haversine_distance:20 - Haversine: (31.3933848, 73.0742595) → (31.5346891, 73.1818098) = 18733.1 m
2026-03-13 16:44:26.615 | DEBUG    | utils.geo_utils:haversine_distance:20 - Haversine: (31.3933848, 73.0742595) → (31.333427, 73.0645016) = 6731.1 m
2026-03-13 16:44:26.615 | DEBUG    | utils.geo_utils:haversine_distance:20 - Haversine: (31.3933848, 73.0742595) → (31.466307, 73.1034818) = 8569.5 m
2026-03-13 16:44:26.615 | DEBUG    | utils.geo_utils:haversine_distance:20 - Haversine: (31.3933848, 73.0742595) → (31.3792544, 73.0618071) = 1966.2 m
2026-03-13 16:44:26.615 | DEBUG    | utils.geo_utils:haversine_distance:20 - Haversine: (31.3933848, 73.0742595) → (31.3589417, 73.0841457) = 3943.2 m
2026-03-13 16:44:26.615 | INFO     | data_pipeline.stop_builder:merge_nearby_stops:91 - Merged stops:
2026-03-13 16:44:26.615 | INFO     | data_pipeline.stop_builder:merge_nearby_stops:92 -   Before merge: 17 stops
2026-03-13 16:44:26.616 | INFO     | data_pipeline.stop_builder:merge_nearby_stops:93 -   After merge : 17 stops (merged 0 pairs/groups)
2026-03-13 16:44:26.616 | DEBUG    | data_pipeline.stop_builder:merge_nearby_stops:95 - First few merged stops: [{'student_id': 'test_001', 'name': 'Test Student 1', 'roll_no': 'TEST-7277', 'lat': 31.4741405, 'lng': 73.0215448, 'student_count': 1, 'contact': '03351205345', 'semester': 'Spring 2026', 'fee_status': 'unpaid', 'registration_status': 'pending', 'original_lat': 31.4741405, 'original_lng': 73.0215448, 'snap_distance_m': 0.0, 'merged_student_ids': ['test_001']}, {'student_id': 'test_002', 'name': 'Test Student 2', 'roll_no': 'TEST-2113', 'lat': 31.3947802, 'lng': 73.0496437, 'student_count': 1, 'contact': '03290191261', 'semester': 'Spring 2026', 'fee_status': 'unpaid', 'registration_status': 'pending', 'original_lat': 31.3947802, 'original_lng': 73.0496437, 'snap_distance_m': 0.0, 'merged_student_ids': ['test_002']}, {'student_id': 'test_003', 'name': 'Test Student 3', 'roll_no': 'TEST-1468', 'lat': 31.512935, 'lng': 73.0381981, 'student_count': 1, 'contact': '03636076608', 'semester': 'Spring 2026', 'fee_status': 'unpaid', 'registration_status': 'pending', 'original_lat': 31.512935, 'original_lng': 73.0381981, 'snap_distance_m': 0.0, 'merged_student_ids': ['test_003']}]
2026-03-13 16:44:27.990 | INFO     | database.firebase:update_document:35 - Updated document test_001 in students
2026-03-13 16:44:29.993 | INFO     | database.firebase:update_document:35 - Updated document test_002 in students
2026-03-13 16:44:30.962 | INFO     | database.firebase:update_document:35 - Updated document test_003 in students
2026-03-13 16:44:33.218 | INFO     | database.firebase:update_document:35 - Updated document test_004 in students
2026-03-13 16:44:33.901 | INFO     | database.firebase:update_document:35 - Updated document test_005 in students
2026-03-13 16:44:36.194 | INFO     | database.firebase:update_document:35 - Updated document test_006 in students
2026-03-13 16:44:36.907 | INFO     | database.firebase:update_document:35 - Updated document test_007 in students
2026-03-13 16:44:39.362 | INFO     | database.firebase:update_document:35 - Updated document test_008 in students
2026-03-13 16:44:39.977 | INFO     | database.firebase:update_document:35 - Updated document test_009 in students
2026-03-13 16:44:42.535 | INFO     | database.firebase:update_document:35 - Updated document test_010 in students
2026-03-13 16:44:43.117 | INFO     | database.firebase:update_document:35 - Updated document test_013 in students
2026-03-13 16:44:44.339 | INFO     | database.firebase:update_document:35 - Updated document test_014 in students
2026-03-13 16:44:45.399 | INFO     | database.firebase:update_document:35 - Updated document test_015 in students
2026-03-13 16:44:46.080 | INFO     | database.firebase:update_document:35 - Updated document test_016 in students
2026-03-13 16:44:46.623 | INFO     | database.firebase:update_document:35 - Updated document test_017 in students
2026-03-13 16:44:47.174 | INFO     | database.firebase:update_document:35 - Updated document test_019 in students
2026-03-13 16:44:47.727 | INFO     | database.firebase:update_document:35 - Updated document test_020 in students
2026-03-13 16:44:47.729 | INFO     | data_pipeline.stop_builder:update_student_stops:128 - Updated 17 students in Firestore with final snapped/merged coordinates
2026-03-13 16:44:47.755 | INFO     | clustering.stop_clustering:cluster_stops:30 - Clustered into 1 buses (capacity 30):
2026-03-13 16:44:47.756 | INFO     | clustering.stop_clustering:cluster_stops:33 -   Bus 0: 17 stops, 17 students
2026-03-13 16:44:49.499 | INFO     | optimization.tsp_solver:get_road_distance_matrix:38 - ORS matrix computed: 18x18
2026-03-13 16:45:04.506 | INFO     | optimization.tsp_solver:solve_tsp:123 - TSP solved: 17 stops, distance 112498 m, objective 112498
2026-03-13 16:45:04.513 | DEBUG    | optimization.tsp_solver:solve_tsp:124 - Order: ['unknown', 'unknown', 'unknown', 'unknown', 'unknown', 'unknown', 'unknown', 'unknown', 'unknown', 'unknown', 'unknown', 'unknown', 'unknown', 'unknown', 'unknown', 'unknown', 'unknown']
2026-03-13 16:45:04.514 | DEBUG    | optimization.route_generator:generate_route_path:57 - Requesting ORS route with 18 waypoints
2026-03-13 16:45:08.030 | INFO     | optimization.route_generator:generate_route_path:74 - ORS route generated successfully (bug-free)
2026-03-13 16:45:08.030 | INFO     | optimization.route_generator:generate_route_path:75 -   Waypoints: 17 stops → University
2026-03-13 16:45:08.032 | INFO     | optimization.route_generator:generate_route_path:76 -   Distance: 124.15 km
2026-03-13 16:45:08.034 | INFO     | optimization.route_generator:generate_route_path:77 -   Duration: 2.66 h (159 min)
2026-03-13 16:45:08.034 | DEBUG    | optimization.route_generator:generate_route_path:78 - Geometry sample (first 3 & last 3): [[73.021545, 31.474141], [73.021678, 31.474553], [73.021706, 31.474639]] ... [[73.03447, 31.602425], [73.034742, 31.602694], [73.034832, 31.602523]]
2026-03-13 16:45:08.039 | INFO     | optimization.store_routes:store_optimized_routes:250 - Cluster 0: TSP solved | 17 stops | 124.15 km | 2.66 h
2026-03-13 16:45:08.947 | DEBUG    | optimization.store_routes:reverse_geocode_stop_name:102 - Geocoded (31.47414, 73.02154) → تحصیل فیصل آباد صدر, ضلع فیصل آباد
2026-03-13 16:45:11.409 | DEBUG    | optimization.store_routes:compute_fee_for_stop:183 - Fee: 82599 PKR/student | dist=17.21 km | students=1
2026-03-13 16:45:11.966 | DEBUG    | optimization.store_routes:store_optimized_routes:296 - Stop stored: id=Vzyk1gv0PIFVzKAtrsci | name=تحصیل فیصل آباد صدر, ضلع فیصل آباد | dist=17.208 km | fee=82599.0 PKR
2026-03-13 16:45:12.684 | DEBUG    | optimization.store_routes:reverse_geocode_stop_name:102 - Geocoded (31.49131, 73.01601) → تحصیل فیصل آباد صدر, ضلع فیصل آباد
2026-03-13 16:45:14.952 | DEBUG    | optimization.store_routes:compute_fee_for_stop:183 - Fee: 81413 PKR/student | dist=16.96 km | students=1
2026-03-13 16:45:15.498 | DEBUG    | optimization.store_routes:store_optimized_routes:296 - Stop stored: id=I3ALF3dP7l175qpuLfMs | name=تحصیل فیصل آباد صدر, ضلع فیصل آباد | dist=16.961 km | fee=81413.0 PKR
2026-03-13 16:45:16.076 | DEBUG    | optimization.store_routes:reverse_geocode_stop_name:102 - Geocoded (31.51293, 73.03820) → Borewal Road, بوڑے وال
2026-03-13 16:45:18.297 | DEBUG    | optimization.store_routes:compute_fee_for_stop:183 - Fee: 63610 PKR/student | dist=13.25 km | students=1
2026-03-13 16:45:18.851 | DEBUG    | optimization.store_routes:store_optimized_routes:296 - Stop stored: id=4O3MnCcTsjzPL6QUcjxp | name=Borewal Road, بوڑے وال | dist=13.252 km | fee=63610.0 PKR
2026-03-13 16:45:19.509 | DEBUG    | optimization.store_routes:reverse_geocode_stop_name:102 - Geocoded (31.55003, 73.13534) → Kirari
2026-03-13 16:45:21.779 | DEBUG    | optimization.store_routes:compute_fee_for_stop:183 - Fee: 75879 PKR/student | dist=15.81 km | students=1
2026-03-13 16:45:22.332 | DEBUG    | optimization.store_routes:store_optimized_routes:296 - Stop stored: id=DrS3vWW1GMnEsfgsrgfb | name=Kirari | dist=15.808 km | fee=75879.0 PKR
2026-03-13 16:45:22.987 | DEBUG    | optimization.store_routes:reverse_geocode_stop_name:102 - Geocoded (31.53469, 73.18181) → تحصیل فیصل آباد صدر, ضلع فیصل آباد
2026-03-13 16:45:25.350 | DEBUG    | optimization.store_routes:compute_fee_for_stop:183 - Fee: 104516 PKR/student | dist=21.77 km | students=1
2026-03-13 16:45:25.913 | DEBUG    | optimization.store_routes:store_optimized_routes:296 - Stop stored: id=tLd5VERrG2X0BQYwdoWI | name=تحصیل فیصل آباد صدر, ضلع فیصل آباد | dist=21.774 km | fee=104516.0 PKR
2026-03-13 16:45:26.446 | DEBUG    | optimization.store_routes:reverse_geocode_stop_name:102 - Geocoded (31.48573, 73.17706) → Bagewal Road, Sabina Town
2026-03-13 16:45:28.675 | DEBUG    | optimization.store_routes:compute_fee_for_stop:183 - Fee: 148772 PKR/student | dist=30.99 km | students=1
2026-03-13 16:45:29.246 | DEBUG    | optimization.store_routes:store_optimized_routes:296 - Stop stored: id=bzlXUfaxcXGVXHqib57j | name=Bagewal Road, Sabina Town | dist=30.994 km | fee=148772.0 PKR
2026-03-13 16:45:29.814 | DEBUG    | optimization.store_routes:reverse_geocode_stop_name:102 - Geocoded (31.46631, 73.10348) → Millat Road
2026-03-13 16:45:32.124 | DEBUG    | optimization.store_routes:compute_fee_for_stop:183 - Fee: 103455 PKR/student | dist=21.55 km | students=1
2026-03-13 16:45:32.675 | DEBUG    | optimization.store_routes:store_optimized_routes:296 - Stop stored: id=nxCqQJs2vUsTlZsNBG1m | name=Millat Road | dist=21.553 km | fee=103455.0 PKR
2026-03-13 16:45:33.207 | DEBUG    | optimization.store_routes:reverse_geocode_stop_name:102 - Geocoded (31.39338, 73.07426) → سمن آباد
2026-03-13 16:45:35.431 | DEBUG    | optimization.store_routes:compute_fee_for_stop:183 - Fee: 123068 PKR/student | dist=25.64 km | students=1
2026-03-13 16:45:35.982 | DEBUG    | optimization.store_routes:store_optimized_routes:296 - Stop stored: id=tx8l2MgusfbvXKGWSw8Q | name=سمن آباد | dist=25.639 km | fee=123068.0 PKR
2026-03-13 16:45:36.621 | DEBUG    | optimization.store_routes:reverse_geocode_stop_name:102 - Geocoded (31.39478, 73.04964) → تحصیل فیصل آباد شہر, ضلع فیصل آباد
2026-03-13 16:45:38.852 | DEBUG    | optimization.store_routes:compute_fee_for_stop:183 - Fee: 131516 PKR/student | dist=27.40 km | students=1
2026-03-13 16:45:39.491 | DEBUG    | optimization.store_routes:store_optimized_routes:296 - Stop stored: id=u5RUIUp7XKR10gmOZEjR | name=تحصیل فیصل آباد شہر, ضلع فیصل آباد | dist=27.399 km | fee=131516.0 PKR
2026-03-13 16:45:40.043 | DEBUG    | optimization.store_routes:reverse_geocode_stop_name:102 - Geocoded (31.37925, 73.06181) → تحصیل فیصل آباد شہر, ضلع فیصل آباد
2026-03-13 16:45:42.393 | DEBUG    | optimization.store_routes:compute_fee_for_stop:183 - Fee: 135471 PKR/student | dist=28.22 km | students=1
2026-03-13 16:45:42.942 | DEBUG    | optimization.store_routes:store_optimized_routes:296 - Stop stored: id=GgcN35dkxAfMbdcP6L3R | name=تحصیل فیصل آباد شہر, ضلع فیصل آباد | dist=28.223 km | fee=135471.0 PKR
2026-03-13 16:45:43.414 | DEBUG    | optimization.store_routes:reverse_geocode_stop_name:102 - Geocoded (31.34780, 73.06033) → Four Seasons Housing
2026-03-13 16:45:45.497 | DEBUG    | optimization.store_routes:compute_fee_for_stop:183 - Fee: 153480 PKR/student | dist=31.98 km | students=1
2026-03-13 16:45:46.055 | DEBUG    | optimization.store_routes:store_optimized_routes:296 - Stop stored: id=THWZGzgckvbvLlzGcc1o | name=Four Seasons Housing | dist=31.975 km | fee=153480.0 PKR
2026-03-13 16:45:46.663 | DEBUG    | optimization.store_routes:reverse_geocode_stop_name:102 - Geocoded (31.33343, 73.06450) → Four Seasons Housing
2026-03-13 16:45:48.856 | DEBUG    | optimization.store_routes:compute_fee_for_stop:183 - Fee: 161084 PKR/student | dist=33.56 km | students=1
2026-03-13 16:45:49.417 | DEBUG    | optimization.store_routes:store_optimized_routes:296 - Stop stored: id=kyWZXN43d0yLrh5WMjOd | name=Four Seasons Housing | dist=33.559 km | fee=161084.0 PKR
2026-03-13 16:45:50.035 | DEBUG    | optimization.store_routes:reverse_geocode_stop_name:102 - Geocoded (31.32766, 73.12366) → تحصیل فیصل آباد صدر, ضلع فیصل آباد
2026-03-13 16:45:52.257 | DEBUG    | optimization.store_routes:compute_fee_for_stop:183 - Fee: 188396 PKR/student | dist=39.25 km | students=1
2026-03-13 16:45:52.988 | DEBUG    | optimization.store_routes:store_optimized_routes:296 - Stop stored: id=Gsm87aSX7OEptgSMFZ9U | name=تحصیل فیصل آباد صدر, ضلع فیصل آباد | dist=39.249 km | fee=188396.0 PKR
2026-03-13 16:45:53.854 | DEBUG    | optimization.store_routes:reverse_geocode_stop_name:102 - Geocoded (31.35894, 73.08415) → Chenab Gardens
2026-03-13 16:45:56.191 | DEBUG    | optimization.store_routes:compute_fee_for_stop:183 - Fee: 150264 PKR/student | dist=31.30 km | students=1
2026-03-13 16:45:56.747 | DEBUG    | optimization.store_routes:store_optimized_routes:296 - Stop stored: id=S5gJ3Ni2hIW5fESwvPqo | name=Chenab Gardens | dist=31.305 km | fee=150264.0 PKR
2026-03-13 16:45:57.321 | DEBUG    | optimization.store_routes:reverse_geocode_stop_name:102 - Geocoded (31.37795, 73.12235) → Niamuana Malkhanwala Road
2026-03-13 16:45:59.798 | DEBUG    | optimization.store_routes:compute_fee_for_stop:183 - Fee: 141178 PKR/student | dist=29.41 km | students=1
2026-03-13 16:46:00.353 | DEBUG    | optimization.store_routes:store_optimized_routes:296 - Stop stored: id=m7amTfxshAA7QTZIKFhe | name=Niamuana Malkhanwala Road | dist=29.412 km | fee=141178.0 PKR
2026-03-13 16:46:00.950 | DEBUG    | optimization.store_routes:reverse_geocode_stop_name:102 - Geocoded (31.44532, 73.06743) → تحصیل فیصل آباد شہر, ضلع فیصل آباد
2026-03-13 16:46:03.251 | DEBUG    | optimization.store_routes:compute_fee_for_stop:183 - Fee: 92281 PKR/student | dist=19.23 km | students=1
2026-03-13 16:46:03.811 | DEBUG    | optimization.store_routes:store_optimized_routes:296 - Stop stored: id=nc7xGPUOUvdiMSfKGKrb | name=تحصیل فیصل آباد شہر, ضلع فیصل آباد | dist=19.225 km | fee=92281.0 PKR
2026-03-13 16:46:04.338 | DEBUG    | optimization.store_routes:reverse_geocode_stop_name:102 - Geocoded (31.46977, 73.05963) → تحصیل فیصل آباد شہر, تحصیل فیصل آباد صدر
2026-03-13 16:46:06.613 | DEBUG    | optimization.store_routes:compute_fee_for_stop:183 - Fee: 79541 PKR/student | dist=16.57 km | students=1
2026-03-13 16:46:07.188 | DEBUG    | optimization.store_routes:store_optimized_routes:296 - Stop stored: id=RNpMKkkCkU1NRiHuJ71F | name=تحصیل فیصل آباد شہر, تحصیل فیصل آباد صدر | dist=16.571 km | fee=79541.0 PKR
2026-03-13 16:46:08.786 | INFO     | optimization.store_routes:store_optimized_routes:324 - Route stored: id=5fThkmpHpqmSHV2KG1ME | 17 stops | 124.15 km
2026-03-13 16:46:08.788 | INFO     | optimization.store_routes:store_optimized_routes:331 - Phase 2: back-filling route_id on 17 stop documents…
2026-03-13 16:46:09.385 | DEBUG    | optimization.store_routes:store_optimized_routes:356 - Final batch committed: 17 writes
2026-03-13 16:46:09.385 | INFO     | optimization.store_routes:store_optimized_routes:358 - Done. Routes stored: 1 | Stops stored: 17
2026-03-13 16:46:09.387 | INFO     | api.main:run_optimization:64 - Pipeline completed successfully | 1 buses processed
2026-03-13 17:14:20.492 | INFO     | api.main:run_optimization:29 - Starting full route optimization pipeline
2026-03-13 17:14:24.976 | INFO     | data_pipeline.student_loader:load_student_stops:42 - Loaded 20 student stops from Firestore
2026-03-13 17:14:24.976 | DEBUG    | data_pipeline.student_loader:load_student_stops:43 - First 3 stops (sample): [{'student_id': 'test_001', 'name': 'Test Student 1', 'roll_no': 'TEST-7277', 'lat': 31.4741405, 'lng': 73.0215448, 'student_count': 1, 'contact': '03351205345', 'semester': 'Spring 2026', 'fee_status': 'unpaid', 'registration_status': 'pending'}, {'student_id': 'test_002', 'name': 'Test Student 2', 'roll_no': 'TEST-2113', 'lat': 31.3947802, 'lng': 73.0496437, 'student_count': 1, 'contact': '03290191261', 'semester': 'Spring 2026', 'fee_status': 'unpaid', 'registration_status': 'pending'}, {'student_id': 'test_003', 'name': 'Test Student 3', 'roll_no': 'TEST-1468', 'lat': 31.512935, 'lng': 73.0381981, 'student_count': 1, 'contact': '03636076608', 'semester': 'Spring 2026', 'fee_status': 'unpaid', 'registration_status': 'pending'}]
2026-03-13 17:14:24.977 | INFO     | osm.fetch_roads:fetch_or_load_road_graph:19 - Loading cached Faisalabad road graph...
2026-03-13 17:14:41.170 | INFO     | osm.fetch_roads:fetch_or_load_road_graph:21 - Loaded graph with 50872 nodes and 144715 edges
2026-03-13 17:14:41.337 | INFO     | osm.road_filter:filter_main_roads:38 - Filtered graph:
2026-03-13 17:14:41.398 | INFO     | osm.road_filter:filter_main_roads:39 -   Original: 50872 nodes, 144715 edges
2026-03-13 17:14:41.557 | INFO     | osm.road_filter:filter_main_roads:40 -   After filter (main roads only): 7460 nodes, 12863 edges
2026-03-13 17:14:41.793 | DEBUG    | utils.distance_utils:build_node_balltree:29 - Built BallTree with 7460 nodes
2026-03-13 17:14:41.795 | DEBUG    | utils.geo_utils:haversine_distance:20 - Haversine: (31.4741405, 73.0215448) → (31.4741405, 73.0215448) = 0.0 m
2026-03-13 17:14:41.795 | DEBUG    | utils.distance_utils:find_nearest_road_point:56 - Nearest road node to (31.4741405, 73.0215448): (31.474141, 73.021545) — 0.0m
2026-03-13 17:14:41.795 | DEBUG    | utils.geo_utils:haversine_distance:20 - Haversine: (31.4741405, 73.0215448) → (31.4741405, 73.0215448) = 0.0 m
2026-03-13 17:14:41.795 | DEBUG    | data_pipeline.stop_builder:snap_stops_to_roads:38 - Snapped Test Student 1 (TEST-7277): 0.0m
2026-03-13 17:14:41.814 | DEBUG    | utils.distance_utils:build_node_balltree:29 - Built BallTree with 7460 nodes
2026-03-13 17:14:41.815 | DEBUG    | utils.geo_utils:haversine_distance:20 - Haversine: (31.3947802, 73.0496437) → (31.3947802, 73.0496437) = 0.0 m
2026-03-13 17:14:41.815 | DEBUG    | utils.distance_utils:find_nearest_road_point:56 - Nearest road node to (31.3947802, 73.0496437): (31.394780, 73.049644) — 0.0m
2026-03-13 17:14:41.816 | DEBUG    | utils.geo_utils:haversine_distance:20 - Haversine: (31.3947802, 73.0496437) → (31.3947802, 73.0496437) = 0.0 m
2026-03-13 17:14:41.816 | DEBUG    | data_pipeline.stop_builder:snap_stops_to_roads:38 - Snapped Test Student 2 (TEST-2113): 0.0m
2026-03-13 17:14:41.831 | DEBUG    | utils.distance_utils:build_node_balltree:29 - Built BallTree with 7460 nodes
2026-03-13 17:14:41.832 | DEBUG    | utils.geo_utils:haversine_distance:20 - Haversine: (31.512935, 73.0381981) → (31.512935, 73.0381981) = 0.0 m
2026-03-13 17:14:41.832 | DEBUG    | utils.distance_utils:find_nearest_road_point:56 - Nearest road node to (31.512935, 73.0381981): (31.512935, 73.038198) — 0.0m
2026-03-13 17:14:41.833 | DEBUG    | utils.geo_utils:haversine_distance:20 - Haversine: (31.512935, 73.0381981) → (31.512935, 73.0381981) = 0.0 m
2026-03-13 17:14:41.833 | DEBUG    | data_pipeline.stop_builder:snap_stops_to_roads:38 - Snapped Test Student 3 (TEST-1468): 0.0m
2026-03-13 17:14:41.846 | DEBUG    | utils.distance_utils:build_node_balltree:29 - Built BallTree with 7460 nodes
2026-03-13 17:14:41.847 | DEBUG    | utils.geo_utils:haversine_distance:20 - Haversine: (31.3477999, 73.0603287) → (31.3477999, 73.0603287) = 0.0 m
2026-03-13 17:14:41.847 | DEBUG    | utils.distance_utils:find_nearest_road_point:56 - Nearest road node to (31.3477999, 73.0603287): (31.347800, 73.060329) — 0.0m
2026-03-13 17:14:41.848 | DEBUG    | utils.geo_utils:haversine_distance:20 - Haversine: (31.3477999, 73.0603287) → (31.3477999, 73.0603287) = 0.0 m
2026-03-13 17:14:41.848 | DEBUG    | data_pipeline.stop_builder:snap_stops_to_roads:38 - Snapped Test Student 4 (TEST-5494): 0.0m
2026-03-13 17:14:41.863 | DEBUG    | utils.distance_utils:build_node_balltree:29 - Built BallTree with 7460 nodes
2026-03-13 17:14:41.864 | DEBUG    | utils.geo_utils:haversine_distance:20 - Haversine: (31.3779513, 73.1223503) → (31.3779513, 73.1223503) = 0.0 m
2026-03-13 17:14:41.864 | DEBUG    | utils.distance_utils:find_nearest_road_point:56 - Nearest road node to (31.3779513, 73.1223503): (31.377951, 73.122350) — 0.0m
2026-03-13 17:14:41.864 | DEBUG    | utils.geo_utils:haversine_distance:20 - Haversine: (31.3779513, 73.1223503) → (31.3779513, 73.1223503) = 0.0 m
2026-03-13 17:14:41.864 | DEBUG    | data_pipeline.stop_builder:snap_stops_to_roads:38 - Snapped Test Student 5 (TEST-6897): 0.0m
2026-03-13 17:14:41.878 | DEBUG    | utils.distance_utils:build_node_balltree:29 - Built BallTree with 7460 nodes
2026-03-13 17:14:41.879 | DEBUG    | utils.geo_utils:haversine_distance:20 - Haversine: (31.3276625, 73.1236586) → (31.3276625, 73.1236586) = 0.0 m
2026-03-13 17:14:41.880 | DEBUG    | utils.distance_utils:find_nearest_road_point:56 - Nearest road node to (31.3276625, 73.1236586): (31.327662, 73.123659) — 0.0m
2026-03-13 17:14:41.880 | DEBUG    | utils.geo_utils:haversine_distance:20 - Haversine: (31.3276625, 73.1236586) → (31.3276625, 73.1236586) = 0.0 m
2026-03-13 17:14:41.880 | DEBUG    | data_pipeline.stop_builder:snap_stops_to_roads:38 - Snapped Test Student 6 (TEST-8925): 0.0m
2026-03-13 17:14:41.894 | DEBUG    | utils.distance_utils:build_node_balltree:29 - Built BallTree with 7460 nodes
2026-03-13 17:14:41.895 | DEBUG    | utils.geo_utils:haversine_distance:20 - Haversine: (31.4913127, 73.0160084) → (31.4913127, 73.0160084) = 0.0 m
2026-03-13 17:14:41.895 | DEBUG    | utils.distance_utils:find_nearest_road_point:56 - Nearest road node to (31.4913127, 73.0160084): (31.491313, 73.016008) — 0.0m
2026-03-13 17:14:41.895 | DEBUG    | utils.geo_utils:haversine_distance:20 - Haversine: (31.4913127, 73.0160084) → (31.4913127, 73.0160084) = 0.0 m
2026-03-13 17:14:41.895 | DEBUG    | data_pipeline.stop_builder:snap_stops_to_roads:38 - Snapped Test Student 7 (TEST-3079): 0.0m
2026-03-13 17:14:41.909 | DEBUG    | utils.distance_utils:build_node_balltree:29 - Built BallTree with 7460 nodes
2026-03-13 17:14:41.910 | DEBUG    | utils.geo_utils:haversine_distance:20 - Haversine: (31.5500271, 73.1353422) → (31.5500271, 73.1353422) = 0.0 m
2026-03-13 17:14:41.910 | DEBUG    | utils.distance_utils:find_nearest_road_point:56 - Nearest road node to (31.5500271, 73.1353422): (31.550027, 73.135342) — 0.0m
2026-03-13 17:14:41.910 | DEBUG    | utils.geo_utils:haversine_distance:20 - Haversine: (31.5500271, 73.1353422) → (31.5500271, 73.1353422) = 0.0 m
2026-03-13 17:14:41.910 | DEBUG    | data_pipeline.stop_builder:snap_stops_to_roads:38 - Snapped Test Student 8 (TEST-7822): 0.0m
2026-03-13 17:14:41.924 | DEBUG    | utils.distance_utils:build_node_balltree:29 - Built BallTree with 7460 nodes
2026-03-13 17:14:41.925 | DEBUG    | utils.geo_utils:haversine_distance:20 - Haversine: (31.4453195, 73.0674257) → (31.4453195, 73.0674257) = 0.0 m
2026-03-13 17:14:41.926 | DEBUG    | utils.distance_utils:find_nearest_road_point:56 - Nearest road node to (31.4453195, 73.0674257): (31.445320, 73.067426) — 0.0m
2026-03-13 17:14:41.926 | DEBUG    | utils.geo_utils:haversine_distance:20 - Haversine: (31.4453195, 73.0674257) → (31.4453195, 73.0674257) = 0.0 m
2026-03-13 17:14:41.926 | DEBUG    | data_pipeline.stop_builder:snap_stops_to_roads:38 - Snapped Test Student 9 (TEST-5087): 0.0m
2026-03-13 17:14:41.941 | DEBUG    | utils.distance_utils:build_node_balltree:29 - Built BallTree with 7460 nodes
2026-03-13 17:14:41.941 | DEBUG    | utils.geo_utils:haversine_distance:20 - Haversine: (31.4697711, 73.0596326) → (31.4697711, 73.0596326) = 0.0 m
2026-03-13 17:14:41.942 | DEBUG    | utils.distance_utils:find_nearest_road_point:56 - Nearest road node to (31.4697711, 73.0596326): (31.469771, 73.059633) — 0.0m
2026-03-13 17:14:41.942 | DEBUG    | utils.geo_utils:haversine_distance:20 - Haversine: (31.4697711, 73.0596326) → (31.4697711, 73.0596326) = 0.0 m
2026-03-13 17:14:41.942 | DEBUG    | data_pipeline.stop_builder:snap_stops_to_roads:38 - Snapped Test Student 10 (TEST-9270): 0.0m
2026-03-13 17:14:41.956 | DEBUG    | utils.distance_utils:build_node_balltree:29 - Built BallTree with 7460 nodes
2026-03-13 17:14:41.957 | DEBUG    | utils.geo_utils:haversine_distance:20 - Haversine: (31.35814771739733, 73.19797994220208) → (31.3636092, 73.1880587) = 1120.8 m
2026-03-13 17:14:41.957 | DEBUG    | utils.distance_utils:find_nearest_road_point:56 - Nearest road node to (31.35814771739733, 73.19797994220208): (31.363609, 73.188059) — 1120.8m
2026-03-13 17:14:41.957 | DEBUG    | utils.geo_utils:haversine_distance:20 - Haversine: (31.35814771739733, 73.19797994220208) → (31.3636092, 73.1880587) = 1120.8 m
2026-03-13 17:14:41.957 | WARNING  | data_pipeline.stop_builder:snap_stops_to_roads:40 - Stop Test Student 11 too far from main road (1120.8m) → skipped
2026-03-13 17:14:41.974 | DEBUG    | utils.distance_utils:build_node_balltree:29 - Built BallTree with 7460 nodes
2026-03-13 17:14:41.976 | DEBUG    | utils.geo_utils:haversine_distance:20 - Haversine: (31.458963501324437, 73.00280007215052) → (31.4470459, 72.9992853) = 1366.5 m
2026-03-13 17:14:41.976 | DEBUG    | utils.distance_utils:find_nearest_road_point:56 - Nearest road node to (31.458963501324437, 73.00280007215052): (31.447046, 72.999285) — 1366.5m
2026-03-13 17:14:41.976 | DEBUG    | utils.geo_utils:haversine_distance:20 - Haversine: (31.458963501324437, 73.00280007215052) → (31.4470459, 72.9992853) = 1366.5 m
2026-03-13 17:14:41.976 | WARNING  | data_pipeline.stop_builder:snap_stops_to_roads:40 - Stop Test Student 12 too far from main road (1366.5m) → skipped
2026-03-13 17:14:42.010 | DEBUG    | utils.distance_utils:build_node_balltree:29 - Built BallTree with 7460 nodes
2026-03-13 17:14:42.011 | DEBUG    | utils.geo_utils:haversine_distance:20 - Haversine: (31.4857257, 73.1770598) → (31.4857257, 73.1770598) = 0.0 m
2026-03-13 17:14:42.011 | DEBUG    | utils.distance_utils:find_nearest_road_point:56 - Nearest road node to (31.4857257, 73.1770598): (31.485726, 73.177060) — 0.0m
2026-03-13 17:14:42.012 | DEBUG    | utils.geo_utils:haversine_distance:20 - Haversine: (31.4857257, 73.1770598) → (31.4857257, 73.1770598) = 0.0 m
2026-03-13 17:14:42.012 | DEBUG    | data_pipeline.stop_builder:snap_stops_to_roads:38 - Snapped Test Student 13 (TEST-4969): 0.0m
2026-03-13 17:14:42.033 | DEBUG    | utils.distance_utils:build_node_balltree:29 - Built BallTree with 7460 nodes
2026-03-13 17:14:42.034 | DEBUG    | utils.geo_utils:haversine_distance:20 - Haversine: (31.5346891, 73.1818098) → (31.5346891, 73.1818098) = 0.0 m
2026-03-13 17:14:42.035 | DEBUG    | utils.distance_utils:find_nearest_road_point:56 - Nearest road node to (31.5346891, 73.1818098): (31.534689, 73.181810) — 0.0m
2026-03-13 17:14:42.035 | DEBUG    | utils.geo_utils:haversine_distance:20 - Haversine: (31.5346891, 73.1818098) → (31.5346891, 73.1818098) = 0.0 m
2026-03-13 17:14:42.035 | DEBUG    | data_pipeline.stop_builder:snap_stops_to_roads:38 - Snapped Test Student 14 (TEST-2794): 0.0m
2026-03-13 17:14:42.051 | DEBUG    | utils.distance_utils:build_node_balltree:29 - Built BallTree with 7460 nodes
2026-03-13 17:14:42.053 | DEBUG    | utils.geo_utils:haversine_distance:20 - Haversine: (31.333427, 73.0645016) → (31.333427, 73.0645016) = 0.0 m
2026-03-13 17:14:42.053 | DEBUG    | utils.distance_utils:find_nearest_road_point:56 - Nearest road node to (31.333427, 73.0645016): (31.333427, 73.064502) — 0.0m
2026-03-13 17:14:42.054 | DEBUG    | utils.geo_utils:haversine_distance:20 - Haversine: (31.333427, 73.0645016) → (31.333427, 73.0645016) = 0.0 m
2026-03-13 17:14:42.054 | DEBUG    | data_pipeline.stop_builder:snap_stops_to_roads:38 - Snapped Test Student 15 (TEST-6292): 0.0m
2026-03-13 17:14:42.070 | DEBUG    | utils.distance_utils:build_node_balltree:29 - Built BallTree with 7460 nodes
2026-03-13 17:14:42.071 | DEBUG    | utils.geo_utils:haversine_distance:20 - Haversine: (31.466307, 73.1034818) → (31.466307, 73.1034818) = 0.0 m
2026-03-13 17:14:42.071 | DEBUG    | utils.distance_utils:find_nearest_road_point:56 - Nearest road node to (31.466307, 73.1034818): (31.466307, 73.103482) — 0.0m
2026-03-13 17:14:42.071 | DEBUG    | utils.geo_utils:haversine_distance:20 - Haversine: (31.466307, 73.1034818) → (31.466307, 73.1034818) = 0.0 m
2026-03-13 17:14:42.071 | DEBUG    | data_pipeline.stop_builder:snap_stops_to_roads:38 - Snapped Test Student 16 (TEST-3855): 0.0m
2026-03-13 17:14:42.089 | DEBUG    | utils.distance_utils:build_node_balltree:29 - Built BallTree with 7460 nodes
2026-03-13 17:14:42.090 | DEBUG    | utils.geo_utils:haversine_distance:20 - Haversine: (31.3792544, 73.0618071) → (31.3792544, 73.0618071) = 0.0 m
2026-03-13 17:14:42.090 | DEBUG    | utils.distance_utils:find_nearest_road_point:56 - Nearest road node to (31.3792544, 73.0618071): (31.379254, 73.061807) — 0.0m
2026-03-13 17:14:42.090 | DEBUG    | utils.geo_utils:haversine_distance:20 - Haversine: (31.3792544, 73.0618071) → (31.3792544, 73.0618071) = 0.0 m
2026-03-13 17:14:42.090 | DEBUG    | data_pipeline.stop_builder:snap_stops_to_roads:38 - Snapped Test Student 17 (TEST-1915): 0.0m
2026-03-13 17:14:42.113 | DEBUG    | utils.distance_utils:build_node_balltree:29 - Built BallTree with 7460 nodes
2026-03-13 17:14:42.114 | DEBUG    | utils.geo_utils:haversine_distance:20 - Haversine: (31.35190948529881, 73.02203898223841) → (31.3643888, 73.012393) = 1662.7 m
2026-03-13 17:14:42.114 | DEBUG    | utils.distance_utils:find_nearest_road_point:56 - Nearest road node to (31.35190948529881, 73.02203898223841): (31.364389, 73.012393) — 1662.7m
2026-03-13 17:14:42.114 | DEBUG    | utils.geo_utils:haversine_distance:20 - Haversine: (31.35190948529881, 73.02203898223841) → (31.3643888, 73.012393) = 1662.7 m
2026-03-13 17:14:42.114 | WARNING  | data_pipeline.stop_builder:snap_stops_to_roads:40 - Stop Test Student 18 too far from main road (1662.7m) → skipped
2026-03-13 17:14:42.163 | DEBUG    | utils.distance_utils:build_node_balltree:29 - Built BallTree with 7460 nodes
2026-03-13 17:14:42.165 | DEBUG    | utils.geo_utils:haversine_distance:20 - Haversine: (31.3589417, 73.0841457) → (31.3589417, 73.0841457) = 0.0 m
2026-03-13 17:14:42.165 | DEBUG    | utils.distance_utils:find_nearest_road_point:56 - Nearest road node to (31.3589417, 73.0841457): (31.358942, 73.084146) — 0.0m
2026-03-13 17:14:42.166 | DEBUG    | utils.geo_utils:haversine_distance:20 - Haversine: (31.3589417, 73.0841457) → (31.3589417, 73.0841457) = 0.0 m
2026-03-13 17:14:42.166 | DEBUG    | data_pipeline.stop_builder:snap_stops_to_roads:38 - Snapped Test Student 19 (TEST-9501): 0.0m
2026-03-13 17:14:42.216 | DEBUG    | utils.distance_utils:build_node_balltree:29 - Built BallTree with 7460 nodes
2026-03-13 17:14:42.219 | DEBUG    | utils.geo_utils:haversine_distance:20 - Haversine: (31.3933848, 73.0742595) → (31.3933848, 73.0742595) = 0.0 m
2026-03-13 17:14:42.219 | DEBUG    | utils.distance_utils:find_nearest_road_point:56 - Nearest road node to (31.3933848, 73.0742595): (31.393385, 73.074259) — 0.0m
2026-03-13 17:14:42.219 | DEBUG    | utils.geo_utils:haversine_distance:20 - Haversine: (31.3933848, 73.0742595) → (31.3933848, 73.0742595) = 0.0 m
2026-03-13 17:14:42.220 | DEBUG    | data_pipeline.stop_builder:snap_stops_to_roads:38 - Snapped Test Student 20 (TEST-6324): 0.0m
2026-03-13 17:14:42.220 | INFO     | data_pipeline.stop_builder:snap_stops_to_roads:47 - Snapping complete:
2026-03-13 17:14:42.229 | INFO     | data_pipeline.stop_builder:snap_stops_to_roads:48 -   Input stops: 20
2026-03-13 17:14:42.233 | INFO     | data_pipeline.stop_builder:snap_stops_to_roads:49 -   Snapped successfully: 17
2026-03-13 17:14:42.250 | INFO     | data_pipeline.stop_builder:snap_stops_to_roads:50 -   Skipped (too far): 3
2026-03-13 17:14:42.262 | DEBUG    | data_pipeline.stop_builder:snap_stops_to_roads:53 - First snapped stop example: {'student_id': 'test_001', 'name': 'Test Student 1', 'roll_no': 'TEST-7277', 'lat': 31.4741405, 'lng': 73.0215448, 'student_count': 1, 'contact': '03351205345', 'semester': 'Spring 2026', 'fee_status': 'unpaid', 'registration_status': 'pending', 'original_lat': 31.4741405, 'original_lng': 73.0215448, 'snap_distance_m': 0.0}
2026-03-13 17:14:42.262 | DEBUG    | utils.geo_utils:haversine_distance:20 - Haversine: (31.3947802, 73.0496437) → (31.4741405, 73.0215448) = 9218.4 m
2026-03-13 17:14:42.262 | DEBUG    | utils.geo_utils:haversine_distance:20 - Haversine: (31.512935, 73.0381981) → (31.4741405, 73.0215448) = 4593.7 m
2026-03-13 17:14:42.262 | DEBUG    | utils.geo_utils:haversine_distance:20 - Haversine: (31.512935, 73.0381981) → (31.3947802, 73.0496437) = 13183.0 m
2026-03-13 17:14:42.262 | DEBUG    | utils.geo_utils:haversine_distance:20 - Haversine: (31.3477999, 73.0603287) → (31.4741405, 73.0215448) = 14522.6 m
2026-03-13 17:14:42.262 | DEBUG    | utils.geo_utils:haversine_distance:20 - Haversine: (31.3477999, 73.0603287) → (31.3947802, 73.0496437) = 5321.6 m
2026-03-13 17:14:42.262 | DEBUG    | utils.geo_utils:haversine_distance:20 - Haversine: (31.3477999, 73.0603287) → (31.512935, 73.0381981) = 18481.9 m
2026-03-13 17:14:42.263 | DEBUG    | utils.geo_utils:haversine_distance:20 - Haversine: (31.3779513, 73.1223503) → (31.4741405, 73.0215448) = 14348.7 m
2026-03-13 17:14:42.263 | DEBUG    | utils.geo_utils:haversine_distance:20 - Haversine: (31.3779513, 73.1223503) → (31.3947802, 73.0496437) = 7150.8 m
2026-03-13 17:14:42.263 | DEBUG    | utils.geo_utils:haversine_distance:20 - Haversine: (31.3779513, 73.1223503) → (31.512935, 73.0381981) = 17000.4 m
2026-03-13 17:14:42.263 | DEBUG    | utils.geo_utils:haversine_distance:20 - Haversine: (31.3779513, 73.1223503) → (31.3477999, 73.0603287) = 6776.3 m
2026-03-13 17:14:42.263 | DEBUG    | utils.geo_utils:haversine_distance:20 - Haversine: (31.3276625, 73.1236586) → (31.4741405, 73.0215448) = 18952.9 m
2026-03-13 17:14:42.263 | DEBUG    | utils.geo_utils:haversine_distance:20 - Haversine: (31.3276625, 73.1236586) → (31.3947802, 73.0496437) = 10251.2 m
2026-03-13 17:14:42.263 | DEBUG    | utils.geo_utils:haversine_distance:20 - Haversine: (31.3276625, 73.1236586) → (31.512935, 73.0381981) = 22140.0 m
2026-03-13 17:14:42.263 | DEBUG    | utils.geo_utils:haversine_distance:20 - Haversine: (31.3276625, 73.1236586) → (31.3477999, 73.0603287) = 6417.9 m
2026-03-13 17:14:42.263 | DEBUG    | utils.geo_utils:haversine_distance:20 - Haversine: (31.3276625, 73.1236586) → (31.3779513, 73.1223503) = 5593.2 m
2026-03-13 17:14:42.264 | DEBUG    | utils.geo_utils:haversine_distance:20 - Haversine: (31.4913127, 73.0160084) → (31.4741405, 73.0215448) = 1980.3 m
2026-03-13 17:14:42.264 | DEBUG    | utils.geo_utils:haversine_distance:20 - Haversine: (31.4913127, 73.0160084) → (31.3947802, 73.0496437) = 11198.2 m
2026-03-13 17:14:42.264 | DEBUG    | utils.geo_utils:haversine_distance:20 - Haversine: (31.4913127, 73.0160084) → (31.512935, 73.0381981) = 3194.7 m
2026-03-13 17:14:42.264 | DEBUG    | utils.geo_utils:haversine_distance:20 - Haversine: (31.4913127, 73.0160084) → (31.3477999, 73.0603287) = 16502.8 m
2026-03-13 17:14:42.264 | DEBUG    | utils.geo_utils:haversine_distance:20 - Haversine: (31.4913127, 73.0160084) → (31.3779513, 73.1223503) = 16145.7 m
2026-03-13 17:14:42.265 | DEBUG    | utils.geo_utils:haversine_distance:20 - Haversine: (31.4913127, 73.0160084) → (31.3276625, 73.1236586) = 20868.7 m
2026-03-13 17:14:42.265 | DEBUG    | utils.geo_utils:haversine_distance:20 - Haversine: (31.5500271, 73.1353422) → (31.4741405, 73.0215448) = 13695.9 m
2026-03-13 17:14:42.265 | DEBUG    | utils.geo_utils:haversine_distance:20 - Haversine: (31.5500271, 73.1353422) → (31.3947802, 73.0496437) = 19080.2 m
2026-03-13 17:14:42.265 | DEBUG    | utils.geo_utils:haversine_distance:20 - Haversine: (31.5500271, 73.1353422) → (31.512935, 73.0381981) = 10088.7 m
2026-03-13 17:14:42.265 | DEBUG    | utils.geo_utils:haversine_distance:20 - Haversine: (31.5500271, 73.1353422) → (31.3477999, 73.0603287) = 23585.7 m
2026-03-13 17:14:42.265 | DEBUG    | utils.geo_utils:haversine_distance:20 - Haversine: (31.5500271, 73.1353422) → (31.3779513, 73.1223503) = 19173.6 m
2026-03-13 17:14:42.266 | DEBUG    | utils.geo_utils:haversine_distance:20 - Haversine: (31.5500271, 73.1353422) → (31.3276625, 73.1236586) = 24750.6 m
2026-03-13 17:14:42.266 | DEBUG    | utils.geo_utils:haversine_distance:20 - Haversine: (31.5500271, 73.1353422) → (31.4913127, 73.0160084) = 13060.4 m
2026-03-13 17:14:42.266 | DEBUG    | utils.geo_utils:haversine_distance:20 - Haversine: (31.4453195, 73.0674257) → (31.4741405, 73.0215448) = 5404.5 m
2026-03-13 17:14:42.266 | DEBUG    | utils.geo_utils:haversine_distance:20 - Haversine: (31.4453195, 73.0674257) → (31.3947802, 73.0496437) = 5867.6 m
2026-03-13 17:14:42.267 | DEBUG    | utils.geo_utils:haversine_distance:20 - Haversine: (31.4453195, 73.0674257) → (31.512935, 73.0381981) = 8013.1 m
2026-03-13 17:14:42.267 | DEBUG    | utils.geo_utils:haversine_distance:20 - Haversine: (31.4453195, 73.0674257) → (31.3477999, 73.0603287) = 10864.6 m
2026-03-13 17:14:42.267 | DEBUG    | utils.geo_utils:haversine_distance:20 - Haversine: (31.4453195, 73.0674257) → (31.3779513, 73.1223503) = 9125.9 m
2026-03-13 17:14:42.267 | DEBUG    | utils.geo_utils:haversine_distance:20 - Haversine: (31.4453195, 73.0674257) → (31.3276625, 73.1236586) = 14129.9 m
2026-03-13 17:14:42.267 | DEBUG    | utils.geo_utils:haversine_distance:20 - Haversine: (31.4453195, 73.0674257) → (31.4913127, 73.0160084) = 7066.5 m
2026-03-13 17:14:42.267 | DEBUG    | utils.geo_utils:haversine_distance:20 - Haversine: (31.4453195, 73.0674257) → (31.5500271, 73.1353422) = 13305.0 m
2026-03-13 17:14:42.267 | DEBUG    | utils.geo_utils:haversine_distance:20 - Haversine: (31.4697711, 73.0596326) → (31.4741405, 73.0215448) = 3644.7 m
2026-03-13 17:14:42.267 | DEBUG    | utils.geo_utils:haversine_distance:20 - Haversine: (31.4697711, 73.0596326) → (31.3947802, 73.0496437) = 8392.3 m
2026-03-13 17:14:42.267 | DEBUG    | utils.geo_utils:haversine_distance:20 - Haversine: (31.4697711, 73.0596326) → (31.512935, 73.0381981) = 5212.2 m
2026-03-13 17:14:42.267 | DEBUG    | utils.geo_utils:haversine_distance:20 - Haversine: (31.4697711, 73.0596326) → (31.3477999, 73.0603287) = 13562.7 m
2026-03-13 17:14:42.268 | DEBUG    | utils.geo_utils:haversine_distance:20 - Haversine: (31.4697711, 73.0596326) → (31.3779513, 73.1223503) = 11817.7 m
2026-03-13 17:14:42.268 | DEBUG    | utils.geo_utils:haversine_distance:20 - Haversine: (31.4697711, 73.0596326) → (31.3276625, 73.1236586) = 16930.0 m
2026-03-13 17:14:42.268 | DEBUG    | utils.geo_utils:haversine_distance:20 - Haversine: (31.4697711, 73.0596326) → (31.4913127, 73.0160084) = 4780.3 m
2026-03-13 17:14:42.268 | DEBUG    | utils.geo_utils:haversine_distance:20 - Haversine: (31.4697711, 73.0596326) → (31.5500271, 73.1353422) = 11452.1 m
2026-03-13 17:14:42.268 | DEBUG    | utils.geo_utils:haversine_distance:20 - Haversine: (31.4697711, 73.0596326) → (31.4453195, 73.0674257) = 2817.6 m
2026-03-13 17:14:42.268 | DEBUG    | utils.geo_utils:haversine_distance:20 - Haversine: (31.4857257, 73.1770598) → (31.4741405, 73.0215448) = 14803.6 m
2026-03-13 17:14:42.268 | DEBUG    | utils.geo_utils:haversine_distance:20 - Haversine: (31.4857257, 73.1770598) → (31.3947802, 73.0496437) = 15760.2 m
2026-03-13 17:14:42.268 | DEBUG    | utils.geo_utils:haversine_distance:20 - Haversine: (31.4857257, 73.1770598) → (31.512935, 73.0381981) = 13508.6 m
2026-03-13 17:14:42.268 | DEBUG    | utils.geo_utils:haversine_distance:20 - Haversine: (31.4857257, 73.1770598) → (31.3477999, 73.0603287) = 18918.6 m
2026-03-13 17:14:42.268 | DEBUG    | utils.geo_utils:haversine_distance:20 - Haversine: (31.4857257, 73.1770598) → (31.3779513, 73.1223503) = 13059.8 m
2026-03-13 17:14:42.268 | DEBUG    | utils.geo_utils:haversine_distance:20 - Haversine: (31.4857257, 73.1770598) → (31.3276625, 73.1236586) = 18291.9 m
2026-03-13 17:14:42.269 | DEBUG    | utils.geo_utils:haversine_distance:20 - Haversine: (31.4857257, 73.1770598) → (31.4913127, 73.0160084) = 15283.7 m
2026-03-13 17:14:42.269 | DEBUG    | utils.geo_utils:haversine_distance:20 - Haversine: (31.4857257, 73.1770598) → (31.5500271, 73.1353422) = 8170.7 m
2026-03-13 17:14:42.269 | DEBUG    | utils.geo_utils:haversine_distance:20 - Haversine: (31.4857257, 73.1770598) → (31.4453195, 73.0674257) = 11327.3 m
2026-03-13 17:14:42.269 | DEBUG    | utils.geo_utils:haversine_distance:20 - Haversine: (31.4857257, 73.1770598) → (31.4697711, 73.0596326) = 11276.3 m
2026-03-13 17:14:42.271 | DEBUG    | utils.geo_utils:haversine_distance:20 - Haversine: (31.5346891, 73.1818098) → (31.4741405, 73.0215448) = 16618.8 m
2026-03-13 17:14:42.271 | DEBUG    | utils.geo_utils:haversine_distance:20 - Haversine: (31.5346891, 73.1818098) → (31.3947802, 73.0496437) = 19979.0 m
2026-03-13 17:14:42.271 | DEBUG    | utils.geo_utils:haversine_distance:20 - Haversine: (31.5346891, 73.1818098) → (31.512935, 73.0381981) = 13825.5 m
2026-03-13 17:14:42.272 | DEBUG    | utils.geo_utils:haversine_distance:20 - Haversine: (31.5346891, 73.1818098) → (31.3477999, 73.0603287) = 23762.9 m
2026-03-13 17:14:42.272 | DEBUG    | utils.geo_utils:haversine_distance:20 - Haversine: (31.5346891, 73.1818098) → (31.3779513, 73.1223503) = 18318.3 m
2026-03-13 17:14:42.272 | DEBUG    | utils.geo_utils:haversine_distance:20 - Haversine: (31.5346891, 73.1818098) → (31.3276625, 73.1236586) = 23672.2 m
2026-03-13 17:14:42.272 | DEBUG    | utils.geo_utils:haversine_distance:20 - Haversine: (31.5346891, 73.1818098) → (31.4913127, 73.0160084) = 16440.7 m
2026-03-13 17:14:42.272 | DEBUG    | utils.geo_utils:haversine_distance:20 - Haversine: (31.5346891, 73.1818098) → (31.5500271, 73.1353422) = 4722.3 m
2026-03-13 17:14:42.272 | DEBUG    | utils.geo_utils:haversine_distance:20 - Haversine: (31.5346891, 73.1818098) → (31.4453195, 73.0674257) = 14710.0 m
2026-03-13 17:14:42.272 | DEBUG    | utils.geo_utils:haversine_distance:20 - Haversine: (31.5346891, 73.1818098) → (31.4697711, 73.0596326) = 13648.4 m
2026-03-13 17:14:42.272 | DEBUG    | utils.geo_utils:haversine_distance:20 - Haversine: (31.5346891, 73.1818098) → (31.4857257, 73.1770598) = 5463.1 m
2026-03-13 17:14:42.272 | DEBUG    | utils.geo_utils:haversine_distance:20 - Haversine: (31.333427, 73.0645016) → (31.4741405, 73.0215448) = 16169.0 m
2026-03-13 17:14:42.272 | DEBUG    | utils.geo_utils:haversine_distance:20 - Haversine: (31.333427, 73.0645016) → (31.3947802, 73.0496437) = 6966.5 m
2026-03-13 17:14:42.272 | DEBUG    | utils.geo_utils:haversine_distance:20 - Haversine: (31.333427, 73.0645016) → (31.512935, 73.0381981) = 20115.8 m
2026-03-13 17:14:42.272 | DEBUG    | utils.geo_utils:haversine_distance:20 - Haversine: (31.333427, 73.0645016) → (31.3477999, 73.0603287) = 1646.6 m
2026-03-13 17:14:42.273 | DEBUG    | utils.geo_utils:haversine_distance:20 - Haversine: (31.333427, 73.0645016) → (31.3779513, 73.1223503) = 7394.9 m
2026-03-13 17:14:42.273 | DEBUG    | utils.geo_utils:haversine_distance:20 - Haversine: (31.333427, 73.0645016) → (31.3276625, 73.1236586) = 5655.2 m
2026-03-13 17:14:42.273 | DEBUG    | utils.geo_utils:haversine_distance:20 - Haversine: (31.333427, 73.0645016) → (31.4913127, 73.0160084) = 18149.2 m
2026-03-13 17:14:42.273 | DEBUG    | utils.geo_utils:haversine_distance:20 - Haversine: (31.333427, 73.0645016) → (31.5500271, 73.1353422) = 25004.9 m
2026-03-13 17:14:42.273 | DEBUG    | utils.geo_utils:haversine_distance:20 - Haversine: (31.333427, 73.0645016) → (31.4453195, 73.0674257) = 12445.0 m
2026-03-13 17:14:42.273 | DEBUG    | utils.geo_utils:haversine_distance:20 - Haversine: (31.333427, 73.0645016) → (31.4697711, 73.0596326) = 15167.8 m
2026-03-13 17:14:42.274 | DEBUG    | utils.geo_utils:haversine_distance:20 - Haversine: (31.333427, 73.0645016) → (31.4857257, 73.1770598) = 20022.3 m
2026-03-13 17:14:42.274 | DEBUG    | utils.geo_utils:haversine_distance:20 - Haversine: (31.333427, 73.0645016) → (31.5346891, 73.1818098) = 24994.1 m
2026-03-13 17:14:42.274 | DEBUG    | utils.geo_utils:haversine_distance:20 - Haversine: (31.466307, 73.1034818) → (31.4741405, 73.0215448) = 7819.5 m
2026-03-13 17:14:42.274 | DEBUG    | utils.geo_utils:haversine_distance:20 - Haversine: (31.466307, 73.1034818) → (31.3947802, 73.0496437) = 9452.5 m
2026-03-13 17:14:42.274 | DEBUG    | utils.geo_utils:haversine_distance:20 - Haversine: (31.466307, 73.1034818) → (31.512935, 73.0381981) = 8074.7 m
2026-03-13 17:14:42.275 | DEBUG    | utils.geo_utils:haversine_distance:20 - Haversine: (31.466307, 73.1034818) → (31.3477999, 73.0603287) = 13799.1 m
2026-03-13 17:14:42.275 | DEBUG    | utils.geo_utils:haversine_distance:20 - Haversine: (31.466307, 73.1034818) → (31.3779513, 73.1223503) = 9986.5 m
2026-03-13 17:14:42.275 | DEBUG    | utils.geo_utils:haversine_distance:20 - Haversine: (31.466307, 73.1034818) → (31.3276625, 73.1236586) = 15535.1 m
2026-03-13 17:14:42.275 | DEBUG    | utils.geo_utils:haversine_distance:20 - Haversine: (31.466307, 73.1034818) → (31.4913127, 73.0160084) = 8748.8 m
2026-03-13 17:14:42.275 | DEBUG    | utils.geo_utils:haversine_distance:20 - Haversine: (31.466307, 73.1034818) → (31.5500271, 73.1353422) = 9787.0 m
2026-03-13 17:14:42.275 | DEBUG    | utils.geo_utils:haversine_distance:20 - Haversine: (31.466307, 73.1034818) → (31.4453195, 73.0674257) = 4140.4 m
2026-03-13 17:14:42.275 | DEBUG    | utils.geo_utils:haversine_distance:20 - Haversine: (31.466307, 73.1034818) → (31.4697711, 73.0596326) = 4176.5 m
2026-03-13 17:14:42.275 | DEBUG    | utils.geo_utils:haversine_distance:20 - Haversine: (31.466307, 73.1034818) → (31.4857257, 73.1770598) = 7304.1 m
2026-03-13 17:14:42.275 | DEBUG    | utils.geo_utils:haversine_distance:20 - Haversine: (31.466307, 73.1034818) → (31.5346891, 73.1818098) = 10628.5 m
2026-03-13 17:14:42.275 | DEBUG    | utils.geo_utils:haversine_distance:20 - Haversine: (31.466307, 73.1034818) → (31.333427, 73.0645016) = 15231.7 m
2026-03-13 17:14:42.275 | DEBUG    | utils.geo_utils:haversine_distance:20 - Haversine: (31.3792544, 73.0618071) → (31.4741405, 73.0215448) = 11221.2 m
2026-03-13 17:14:42.275 | DEBUG    | utils.geo_utils:haversine_distance:20 - Haversine: (31.3792544, 73.0618071) → (31.3947802, 73.0496437) = 2076.9 m
2026-03-13 17:14:42.276 | DEBUG    | utils.geo_utils:haversine_distance:20 - Haversine: (31.3792544, 73.0618071) → (31.512935, 73.0381981) = 15032.4 m
2026-03-13 17:14:42.276 | DEBUG    | utils.geo_utils:haversine_distance:20 - Haversine: (31.3792544, 73.0618071) → (31.3477999, 73.0603287) = 3500.4 m
2026-03-13 17:14:42.276 | DEBUG    | utils.geo_utils:haversine_distance:20 - Haversine: (31.3792544, 73.0618071) → (31.3779513, 73.1223503) = 5749.3 m
2026-03-13 17:14:42.276 | DEBUG    | utils.geo_utils:haversine_distance:20 - Haversine: (31.3792544, 73.0618071) → (31.3276625, 73.1236586) = 8210.1 m
2026-03-13 17:14:42.276 | DEBUG    | utils.geo_utils:haversine_distance:20 - Haversine: (31.3792544, 73.0618071) → (31.4913127, 73.0160084) = 13196.2 m
2026-03-13 17:14:42.276 | DEBUG    | utils.geo_utils:haversine_distance:20 - Haversine: (31.3792544, 73.0618071) → (31.5500271, 73.1353422) = 20229.4 m
2026-03-13 17:14:42.276 | DEBUG    | utils.geo_utils:haversine_distance:20 - Haversine: (31.3792544, 73.0618071) → (31.4453195, 73.0674257) = 7365.4 m
2026-03-13 17:14:42.277 | DEBUG    | utils.geo_utils:haversine_distance:20 - Haversine: (31.3792544, 73.0618071) → (31.4697711, 73.0596326) = 10067.1 m
2026-03-13 17:14:42.277 | DEBUG    | utils.geo_utils:haversine_distance:20 - Haversine: (31.3792544, 73.0618071) → (31.4857257, 73.1770598) = 16116.3 m
2026-03-13 17:14:42.277 | DEBUG    | utils.geo_utils:haversine_distance:20 - Haversine: (31.3792544, 73.0618071) → (31.5346891, 73.1818098) = 20695.0 m
2026-03-13 17:14:42.277 | DEBUG    | utils.geo_utils:haversine_distance:20 - Haversine: (31.3792544, 73.0618071) → (31.333427, 73.0645016) = 5102.2 m
2026-03-13 17:14:42.277 | DEBUG    | utils.geo_utils:haversine_distance:20 - Haversine: (31.3792544, 73.0618071) → (31.466307, 73.1034818) = 10456.4 m
2026-03-13 17:14:42.278 | DEBUG    | utils.geo_utils:haversine_distance:20 - Haversine: (31.3589417, 73.0841457) → (31.4741405, 73.0215448) = 14119.9 m
2026-03-13 17:14:42.278 | DEBUG    | utils.geo_utils:haversine_distance:20 - Haversine: (31.3589417, 73.0841457) → (31.3947802, 73.0496437) = 5158.4 m
2026-03-13 17:14:42.278 | DEBUG    | utils.geo_utils:haversine_distance:20 - Haversine: (31.3589417, 73.0841457) → (31.512935, 73.0381981) = 17669.4 m
2026-03-13 17:14:42.278 | DEBUG    | utils.geo_utils:haversine_distance:20 - Haversine: (31.3589417, 73.0841457) → (31.3477999, 73.0603287) = 2578.7 m
2026-03-13 17:14:42.278 | DEBUG    | utils.geo_utils:haversine_distance:20 - Haversine: (31.3589417, 73.0841457) → (31.3779513, 73.1223503) = 4198.2 m
2026-03-13 17:14:42.278 | DEBUG    | utils.geo_utils:haversine_distance:20 - Haversine: (31.3589417, 73.0841457) → (31.3276625, 73.1236586) = 5116.4 m
2026-03-13 17:14:42.278 | DEBUG    | utils.geo_utils:haversine_distance:20 - Haversine: (31.3589417, 73.0841457) → (31.4913127, 73.0160084) = 16076.3 m
2026-03-13 17:14:42.278 | DEBUG    | utils.geo_utils:haversine_distance:20 - Haversine: (31.3589417, 73.0841457) → (31.5500271, 73.1353422) = 21795.6 m
2026-03-13 17:14:42.278 | DEBUG    | utils.geo_utils:haversine_distance:20 - Haversine: (31.3589417, 73.0841457) → (31.4453195, 73.0674257) = 9735.0 m
2026-03-13 17:14:42.278 | DEBUG    | utils.geo_utils:haversine_distance:20 - Haversine: (31.3589417, 73.0841457) → (31.4697711, 73.0596326) = 12541.3 m
2026-03-13 17:14:42.278 | DEBUG    | utils.geo_utils:haversine_distance:20 - Haversine: (31.3589417, 73.0841457) → (31.4857257, 73.1770598) = 16627.6 m
2026-03-13 17:14:42.278 | DEBUG    | utils.geo_utils:haversine_distance:20 - Haversine: (31.3589417, 73.0841457) → (31.5346891, 73.1818098) = 21627.1 m
2026-03-13 17:14:42.280 | DEBUG    | utils.geo_utils:haversine_distance:20 - Haversine: (31.3589417, 73.0841457) → (31.333427, 73.0645016) = 3395.5 m
2026-03-13 17:14:42.280 | DEBUG    | utils.geo_utils:haversine_distance:20 - Haversine: (31.3589417, 73.0841457) → (31.466307, 73.1034818) = 12078.7 m
2026-03-13 17:14:42.280 | DEBUG    | utils.geo_utils:haversine_distance:20 - Haversine: (31.3589417, 73.0841457) → (31.3792544, 73.0618071) = 3098.3 m
2026-03-13 17:14:42.280 | DEBUG    | utils.geo_utils:haversine_distance:20 - Haversine: (31.3933848, 73.0742595) → (31.4741405, 73.0215448) = 10278.5 m
2026-03-13 17:14:42.280 | DEBUG    | utils.geo_utils:haversine_distance:20 - Haversine: (31.3933848, 73.0742595) → (31.3947802, 73.0496437) = 2341.6 m
2026-03-13 17:14:42.280 | DEBUG    | utils.geo_utils:haversine_distance:20 - Haversine: (31.3933848, 73.0742595) → (31.512935, 73.0381981) = 13726.4 m
2026-03-13 17:14:42.280 | DEBUG    | utils.geo_utils:haversine_distance:20 - Haversine: (31.3933848, 73.0742595) → (31.3477999, 73.0603287) = 5238.5 m
2026-03-13 17:14:42.280 | DEBUG    | utils.geo_utils:haversine_distance:20 - Haversine: (31.3933848, 73.0742595) → (31.3779513, 73.1223503) = 4876.9 m
2026-03-13 17:14:42.281 | DEBUG    | utils.geo_utils:haversine_distance:20 - Haversine: (31.3933848, 73.0742595) → (31.3276625, 73.1236586) = 8683.7 m
2026-03-13 17:14:42.281 | DEBUG    | utils.geo_utils:haversine_distance:20 - Haversine: (31.3933848, 73.0742595) → (31.4913127, 73.0160084) = 12211.1 m
2026-03-13 17:14:42.281 | DEBUG    | utils.geo_utils:haversine_distance:20 - Haversine: (31.3933848, 73.0742595) → (31.5500271, 73.1353422) = 18355.9 m
2026-03-13 17:14:42.281 | DEBUG    | utils.geo_utils:haversine_distance:20 - Haversine: (31.3933848, 73.0742595) → (31.4453195, 73.0674257) = 5811.2 m
2026-03-13 17:14:42.281 | DEBUG    | utils.geo_utils:haversine_distance:20 - Haversine: (31.3933848, 73.0742595) → (31.4697711, 73.0596326) = 8606.4 m
2026-03-13 17:14:42.281 | DEBUG    | utils.geo_utils:haversine_distance:20 - Haversine: (31.3933848, 73.0742595) → (31.4857257, 73.1770598) = 14161.4 m
2026-03-13 17:14:42.281 | DEBUG    | utils.geo_utils:haversine_distance:20 - Haversine: (31.3933848, 73.0742595) → (31.5346891, 73.1818098) = 18733.1 m
2026-03-13 17:14:42.281 | DEBUG    | utils.geo_utils:haversine_distance:20 - Haversine: (31.3933848, 73.0742595) → (31.333427, 73.0645016) = 6731.1 m
2026-03-13 17:14:42.281 | DEBUG    | utils.geo_utils:haversine_distance:20 - Haversine: (31.3933848, 73.0742595) → (31.466307, 73.1034818) = 8569.5 m
2026-03-13 17:14:42.281 | DEBUG    | utils.geo_utils:haversine_distance:20 - Haversine: (31.3933848, 73.0742595) → (31.3792544, 73.0618071) = 1966.2 m
2026-03-13 17:14:42.281 | DEBUG    | utils.geo_utils:haversine_distance:20 - Haversine: (31.3933848, 73.0742595) → (31.3589417, 73.0841457) = 3943.2 m
2026-03-13 17:14:42.281 | INFO     | data_pipeline.stop_builder:merge_nearby_stops:91 - Merged stops:
2026-03-13 17:14:42.294 | INFO     | data_pipeline.stop_builder:merge_nearby_stops:92 -   Before merge: 17 stops
2026-03-13 17:14:42.296 | INFO     | data_pipeline.stop_builder:merge_nearby_stops:93 -   After merge : 17 stops (merged 0 pairs/groups)
2026-03-13 17:14:42.311 | DEBUG    | data_pipeline.stop_builder:merge_nearby_stops:95 - First few merged stops: [{'student_id': 'test_001', 'name': 'Test Student 1', 'roll_no': 'TEST-7277', 'lat': 31.4741405, 'lng': 73.0215448, 'student_count': 1, 'contact': '03351205345', 'semester': 'Spring 2026', 'fee_status': 'unpaid', 'registration_status': 'pending', 'original_lat': 31.4741405, 'original_lng': 73.0215448, 'snap_distance_m': 0.0, 'merged_student_ids': ['test_001']}, {'student_id': 'test_002', 'name': 'Test Student 2', 'roll_no': 'TEST-2113', 'lat': 31.3947802, 'lng': 73.0496437, 'student_count': 1, 'contact': '03290191261', 'semester': 'Spring 2026', 'fee_status': 'unpaid', 'registration_status': 'pending', 'original_lat': 31.3947802, 'original_lng': 73.0496437, 'snap_distance_m': 0.0, 'merged_student_ids': ['test_002']}, {'student_id': 'test_003', 'name': 'Test Student 3', 'roll_no': 'TEST-1468', 'lat': 31.512935, 'lng': 73.0381981, 'student_count': 1, 'contact': '03636076608', 'semester': 'Spring 2026', 'fee_status': 'unpaid', 'registration_status': 'pending', 'original_lat': 31.512935, 'original_lng': 73.0381981, 'snap_distance_m': 0.0, 'merged_student_ids': ['test_003']}]
2026-03-13 17:14:42.925 | INFO     | database.firebase:update_document:35 - Updated document test_001 in students
2026-03-13 17:14:45.289 | INFO     | database.firebase:update_document:35 - Updated document test_002 in students
2026-03-13 17:14:45.904 | INFO     | database.firebase:update_document:35 - Updated document test_003 in students
2026-03-13 17:14:48.233 | INFO     | database.firebase:update_document:35 - Updated document test_004 in students
2026-03-13 17:14:48.823 | INFO     | database.firebase:update_document:35 - Updated document test_005 in students
2026-03-13 17:14:51.176 | INFO     | database.firebase:update_document:35 - Updated document test_006 in students
2026-03-13 17:14:51.769 | INFO     | database.firebase:update_document:35 - Updated document test_007 in students
2026-03-13 17:14:54.116 | INFO     | database.firebase:update_document:35 - Updated document test_008 in students
2026-03-13 17:14:54.709 | INFO     | database.firebase:update_document:35 - Updated document test_009 in students
2026-03-13 17:14:57.025 | INFO     | database.firebase:update_document:35 - Updated document test_010 in students
2026-03-13 17:14:57.651 | INFO     | database.firebase:update_document:35 - Updated document test_013 in students
2026-03-13 17:14:58.699 | INFO     | database.firebase:update_document:35 - Updated document test_014 in students
2026-03-13 17:14:59.257 | INFO     | database.firebase:update_document:35 - Updated document test_015 in students
2026-03-13 17:14:59.927 | INFO     | database.firebase:update_document:35 - Updated document test_016 in students
2026-03-13 17:15:00.473 | INFO     | database.firebase:update_document:35 - Updated document test_017 in students
2026-03-13 17:15:01.021 | INFO     | database.firebase:update_document:35 - Updated document test_019 in students
2026-03-13 17:15:01.567 | INFO     | database.firebase:update_document:35 - Updated document test_020 in students
2026-03-13 17:15:01.570 | INFO     | data_pipeline.stop_builder:update_student_stops:128 - Updated 17 students in Firestore with final snapped/merged coordinates
2026-03-13 17:15:01.709 | INFO     | clustering.stop_clustering:cluster_stops:30 - Clustered into 1 buses (capacity 30):
2026-03-13 17:15:01.713 | INFO     | clustering.stop_clustering:cluster_stops:33 -   Bus 0: 17 stops, 17 students
2026-03-13 17:15:03.472 | INFO     | optimization.tsp_solver:get_road_distance_matrix:38 - ORS matrix computed: 18x18
2026-03-13 17:15:18.480 | INFO     | optimization.tsp_solver:solve_tsp:123 - TSP solved: 17 stops, distance 112498 m, objective 112498
2026-03-13 17:15:18.480 | DEBUG    | optimization.tsp_solver:solve_tsp:124 - Order: ['unknown', 'unknown', 'unknown', 'unknown', 'unknown', 'unknown', 'unknown', 'unknown', 'unknown', 'unknown', 'unknown', 'unknown', 'unknown', 'unknown', 'unknown', 'unknown', 'unknown']
2026-03-13 17:15:18.480 | DEBUG    | optimization.route_generator:generate_route_path:57 - Requesting ORS route with 18 waypoints
2026-03-13 17:15:20.363 | INFO     | optimization.route_generator:generate_route_path:74 - ORS route generated successfully (bug-free)
2026-03-13 17:15:20.365 | INFO     | optimization.route_generator:generate_route_path:75 -   Waypoints: 17 stops → University
2026-03-13 17:15:20.366 | INFO     | optimization.route_generator:generate_route_path:76 -   Distance: 124.15 km
2026-03-13 17:15:20.367 | INFO     | optimization.route_generator:generate_route_path:77 -   Duration: 2.66 h (159 min)
2026-03-13 17:15:20.368 | DEBUG    | optimization.route_generator:generate_route_path:78 - Geometry sample (first 3 & last 3): [[73.021545, 31.474141], [73.021678, 31.474553], [73.021706, 31.474639]] ... [[73.03447, 31.602425], [73.034742, 31.602694], [73.034832, 31.602523]]
2026-03-13 17:15:20.371 | INFO     | optimization.store_routes:store_optimized_routes:250 - Cluster 0: TSP solved | 17 stops | 124.15 km | 2.66 h
2026-03-13 17:15:20.969 | DEBUG    | optimization.store_routes:reverse_geocode_stop_name:102 - Geocoded (31.47414, 73.02154) → تحصیل فیصل آباد صدر, ضلع فیصل آباد
2026-03-13 17:15:23.019 | DEBUG    | optimization.store_routes:compute_fee_for_stop:183 - Fee: 82599 PKR/student | dist=17.21 km | students=1
2026-03-13 17:15:23.575 | DEBUG    | optimization.store_routes:store_optimized_routes:296 - Stop stored: id=TiZADXlFyGCVO1vnwast | name=تحصیل فیصل آباد صدر, ضلع فیصل آباد | dist=17.208 km | fee=82599.0 PKR
2026-03-13 17:15:24.417 | DEBUG    | optimization.store_routes:reverse_geocode_stop_name:102 - Geocoded (31.49131, 73.01601) → تحصیل فیصل آباد صدر, ضلع فیصل آباد
2026-03-13 17:15:26.437 | DEBUG    | optimization.store_routes:compute_fee_for_stop:183 - Fee: 81413 PKR/student | dist=16.96 km | students=1
2026-03-13 17:15:27.002 | DEBUG    | optimization.store_routes:store_optimized_routes:296 - Stop stored: id=6bmsQCEMD7M3pltyXsT5 | name=تحصیل فیصل آباد صدر, ضلع فیصل آباد | dist=16.961 km | fee=81413.0 PKR
2026-03-13 17:15:27.427 | DEBUG    | optimization.store_routes:reverse_geocode_stop_name:102 - Geocoded (31.51293, 73.03820) → Borewal Road, بوڑے وال
2026-03-13 17:15:29.479 | DEBUG    | optimization.store_routes:compute_fee_for_stop:183 - Fee: 63610 PKR/student | dist=13.25 km | students=1
2026-03-13 17:15:30.037 | DEBUG    | optimization.store_routes:store_optimized_routes:296 - Stop stored: id=hOvThPD9EYYsdBIT710b | name=Borewal Road, بوڑے وال | dist=13.252 km | fee=63610.0 PKR
2026-03-13 17:15:30.485 | DEBUG    | optimization.store_routes:reverse_geocode_stop_name:102 - Geocoded (31.55003, 73.13534) → Kirari
2026-03-13 17:15:32.427 | DEBUG    | optimization.store_routes:compute_fee_for_stop:183 - Fee: 75879 PKR/student | dist=15.81 km | students=1
2026-03-13 17:15:32.980 | DEBUG    | optimization.store_routes:store_optimized_routes:296 - Stop stored: id=NLuKWSiBgp7BPEoiCEM5 | name=Kirari | dist=15.808 km | fee=75879.0 PKR
2026-03-13 17:15:33.379 | DEBUG    | optimization.store_routes:reverse_geocode_stop_name:102 - Geocoded (31.53469, 73.18181) → تحصیل فیصل آباد صدر, ضلع فیصل آباد
2026-03-13 17:15:35.645 | DEBUG    | optimization.store_routes:compute_fee_for_stop:183 - Fee: 104516 PKR/student | dist=21.77 km | students=1
2026-03-13 17:15:36.202 | DEBUG    | optimization.store_routes:store_optimized_routes:296 - Stop stored: id=vFVx3wdPi2OGMIm1FNPt | name=تحصیل فیصل آباد صدر, ضلع فیصل آباد | dist=21.774 km | fee=104516.0 PKR
2026-03-13 17:15:36.794 | DEBUG    | optimization.store_routes:reverse_geocode_stop_name:102 - Geocoded (31.48573, 73.17706) → Bagewal Road, Sabina Town
2026-03-13 17:15:38.800 | DEBUG    | optimization.store_routes:compute_fee_for_stop:183 - Fee: 148772 PKR/student | dist=30.99 km | students=1
2026-03-13 17:15:39.351 | DEBUG    | optimization.store_routes:store_optimized_routes:296 - Stop stored: id=mENah5zVMs24l7ITHYy8 | name=Bagewal Road, Sabina Town | dist=30.994 km | fee=148772.0 PKR
2026-03-13 17:15:39.830 | DEBUG    | optimization.store_routes:reverse_geocode_stop_name:102 - Geocoded (31.46631, 73.10348) → Millat Road
2026-03-13 17:15:41.961 | DEBUG    | optimization.store_routes:compute_fee_for_stop:183 - Fee: 103455 PKR/student | dist=21.55 km | students=1
2026-03-13 17:15:42.528 | DEBUG    | optimization.store_routes:store_optimized_routes:296 - Stop stored: id=Jl7HAzo4mbgz3YaN2Y3g | name=Millat Road | dist=21.553 km | fee=103455.0 PKR
2026-03-13 17:15:43.089 | DEBUG    | optimization.store_routes:reverse_geocode_stop_name:102 - Geocoded (31.39338, 73.07426) → سمن آباد
2026-03-13 17:15:45.204 | DEBUG    | optimization.store_routes:compute_fee_for_stop:183 - Fee: 123068 PKR/student | dist=25.64 km | students=1
2026-03-13 17:15:45.740 | DEBUG    | optimization.store_routes:store_optimized_routes:296 - Stop stored: id=UyNo1P3ohfMKUeXF8dCY | name=سمن آباد | dist=25.639 km | fee=123068.0 PKR
2026-03-13 17:15:46.194 | DEBUG    | optimization.store_routes:reverse_geocode_stop_name:102 - Geocoded (31.39478, 73.04964) → تحصیل فیصل آباد شہر, ضلع فیصل آباد
2026-03-13 17:15:48.273 | DEBUG    | optimization.store_routes:compute_fee_for_stop:183 - Fee: 131516 PKR/student | dist=27.40 km | students=1
2026-03-13 17:15:48.835 | DEBUG    | optimization.store_routes:store_optimized_routes:296 - Stop stored: id=Vm3vqEIIP5DqBn8Ql6VC | name=تحصیل فیصل آباد شہر, ضلع فیصل آباد | dist=27.399 km | fee=131516.0 PKR
2026-03-13 17:15:49.332 | DEBUG    | optimization.store_routes:reverse_geocode_stop_name:102 - Geocoded (31.37925, 73.06181) → تحصیل فیصل آباد شہر, ضلع فیصل آباد
2026-03-13 17:15:51.935 | DEBUG    | optimization.store_routes:compute_fee_for_stop:183 - Fee: 135471 PKR/student | dist=28.22 km | students=1
2026-03-13 17:15:52.504 | DEBUG    | optimization.store_routes:store_optimized_routes:296 - Stop stored: id=0LiXwSsEBpPyQy1MXysv | name=تحصیل فیصل آباد شہر, ضلع فیصل آباد | dist=28.223 km | fee=135471.0 PKR
2026-03-13 17:15:53.091 | DEBUG    | optimization.store_routes:reverse_geocode_stop_name:102 - Geocoded (31.34780, 73.06033) → Four Seasons Housing
2026-03-13 17:15:55.154 | DEBUG    | optimization.store_routes:compute_fee_for_stop:183 - Fee: 153480 PKR/student | dist=31.98 km | students=1
2026-03-13 17:15:55.715 | DEBUG    | optimization.store_routes:store_optimized_routes:296 - Stop stored: id=hcjyyW8k2bMUTKJYWrKE | name=Four Seasons Housing | dist=31.975 km | fee=153480.0 PKR
2026-03-13 17:15:56.180 | DEBUG    | optimization.store_routes:reverse_geocode_stop_name:102 - Geocoded (31.33343, 73.06450) → Four Seasons Housing
2026-03-13 17:15:58.749 | DEBUG    | optimization.store_routes:compute_fee_for_stop:183 - Fee: 161084 PKR/student | dist=33.56 km | students=1
2026-03-13 17:15:59.316 | DEBUG    | optimization.store_routes:store_optimized_routes:296 - Stop stored: id=SGDjUgt2K45XM9tPrYIO | name=Four Seasons Housing | dist=33.559 km | fee=161084.0 PKR
2026-03-13 17:16:00.059 | DEBUG    | optimization.store_routes:reverse_geocode_stop_name:102 - Geocoded (31.32766, 73.12366) → تحصیل فیصل آباد صدر, ضلع فیصل آباد
2026-03-13 17:16:02.324 | DEBUG    | optimization.store_routes:compute_fee_for_stop:183 - Fee: 188396 PKR/student | dist=39.25 km | students=1
2026-03-13 17:16:02.874 | DEBUG    | optimization.store_routes:store_optimized_routes:296 - Stop stored: id=enz6vZB6MOWrDdUuVvqx | name=تحصیل فیصل آباد صدر, ضلع فیصل آباد | dist=39.249 km | fee=188396.0 PKR
2026-03-13 17:16:03.369 | DEBUG    | optimization.store_routes:reverse_geocode_stop_name:102 - Geocoded (31.35894, 73.08415) → Chenab Gardens
2026-03-13 17:16:05.388 | DEBUG    | optimization.store_routes:compute_fee_for_stop:183 - Fee: 150264 PKR/student | dist=31.30 km | students=1
2026-03-13 17:16:05.933 | DEBUG    | optimization.store_routes:store_optimized_routes:296 - Stop stored: id=LIJdWpSYl0iOKXIk0JYh | name=Chenab Gardens | dist=31.305 km | fee=150264.0 PKR
2026-03-13 17:16:06.390 | DEBUG    | optimization.store_routes:reverse_geocode_stop_name:102 - Geocoded (31.37795, 73.12235) → Niamuana Malkhanwala Road
2026-03-13 17:16:08.448 | DEBUG    | optimization.store_routes:compute_fee_for_stop:183 - Fee: 141178 PKR/student | dist=29.41 km | students=1
2026-03-13 17:16:09.004 | DEBUG    | optimization.store_routes:store_optimized_routes:296 - Stop stored: id=MD5Wp7c5NE3XpU6rcaYH | name=Niamuana Malkhanwala Road | dist=29.412 km | fee=141178.0 PKR
2026-03-13 17:16:09.647 | DEBUG    | optimization.store_routes:reverse_geocode_stop_name:102 - Geocoded (31.44532, 73.06743) → تحصیل فیصل آباد شہر, ضلع فیصل آباد
2026-03-13 17:16:12.005 | DEBUG    | optimization.store_routes:compute_fee_for_stop:183 - Fee: 92281 PKR/student | dist=19.23 km | students=1
2026-03-13 17:16:12.577 | DEBUG    | optimization.store_routes:store_optimized_routes:296 - Stop stored: id=kqHA5jZ7GFA0WtTGd7fa | name=تحصیل فیصل آباد شہر, ضلع فیصل آباد | dist=19.225 km | fee=92281.0 PKR
2026-03-13 17:16:13.027 | DEBUG    | optimization.store_routes:reverse_geocode_stop_name:102 - Geocoded (31.46977, 73.05963) → تحصیل فیصل آباد شہر, تحصیل فیصل آباد صدر
2026-03-13 17:16:15.264 | DEBUG    | optimization.store_routes:compute_fee_for_stop:183 - Fee: 79541 PKR/student | dist=16.57 km | students=1
2026-03-13 17:16:15.844 | DEBUG    | optimization.store_routes:store_optimized_routes:296 - Stop stored: id=L5SUob328wF38f57sKLu | name=تحصیل فیصل آباد شہر, تحصیل فیصل آباد صدر | dist=16.571 km | fee=79541.0 PKR
2026-03-13 17:16:17.655 | INFO     | optimization.store_routes:store_optimized_routes:324 - Route stored: id=V4PPpnmBRNlfsnizYlnH | 17 stops | 124.15 km
2026-03-13 17:16:17.655 | INFO     | optimization.store_routes:store_optimized_routes:331 - Phase 2: back-filling route_id on 17 stop documents…
2026-03-13 17:16:18.249 | DEBUG    | optimization.store_routes:store_optimized_routes:356 - Final batch committed: 17 writes
2026-03-13 17:16:18.249 | INFO     | optimization.store_routes:store_optimized_routes:358 - Done. Routes stored: 1 | Stops stored: 17
2026-03-13 17:16:18.250 | INFO     | api.main:run_optimization:64 - Pipeline completed successfully | 1 buses processed
