2026-03-19 17:27:18.824 | INFO     | database.firebase:<module>:12 - Firebase Admin SDK initialized successfully
2026-03-19 17:27:25.400 | INFO     | __main__:create_supervisor:49 - Created supervisor auth → UID: sZu551hgoffQI7KtCfoWVAA0EFW2 | supervisor1@nu.edu.pk | pass: waleed
2026-03-19 17:27:26.499 | DEBUG    | __main__:create_supervisor:64 - Stored supervisor user doc sZu551hgoffQI7KtCfoWVAA0EFW2
2026-03-19 17:27:27.829 | INFO     | __main__:create_supervisor:49 - Created supervisor auth → UID: OmwmzMzKboV4b7xEmh6RSFhmOJR2 | supervisor2@nu.edu.pk | pass: waleed
2026-03-19 17:27:28.613 | DEBUG    | __main__:create_supervisor:64 - Stored supervisor user doc OmwmzMzKboV4b7xEmh6RSFhmOJR2
2026-03-19 17:27:29.846 | INFO     | __main__:create_supervisor:49 - Created supervisor auth → UID: d2QEhVq3XrdeAzNUgTzdcP9Z71E3 | supervisor3@nu.edu.pk | pass: waleed
2026-03-19 17:27:30.737 | DEBUG    | __main__:create_supervisor:64 - Stored supervisor user doc d2QEhVq3XrdeAzNUgTzdcP9Z71E3
2026-03-19 17:27:32.056 | INFO     | __main__:create_supervisor:49 - Created supervisor auth → UID: t6nHVqA6LOQIhXXbo44JmNG9Fys2 | supervisor4@nu.edu.pk | pass: waleed
2026-03-19 17:27:32.869 | DEBUG    | __main__:create_supervisor:64 - Stored supervisor user doc t6nHVqA6LOQIhXXbo44JmNG9Fys2
2026-03-19 17:27:34.121 | INFO     | __main__:create_supervisor:49 - Created supervisor auth → UID: hPcBT1H0bzZ15tQGP6xAhXATLBf1 | supervisor5@nu.edu.pk | pass: waleed
2026-03-19 17:27:34.675 | DEBUG    | __main__:create_supervisor:64 - Stored supervisor user doc hPcBT1H0bzZ15tQGP6xAhXATLBf1
2026-03-19 17:27:35.935 | INFO     | __main__:create_supervisor:49 - Created supervisor auth → UID: BKQYq5C9JUYn67pblbUuD4UfaBb2 | supervisor6@nu.edu.pk | pass: waleed
2026-03-19 17:27:37.053 | DEBUG    | __main__:create_supervisor:64 - Stored supervisor user doc BKQYq5C9JUYn67pblbUuD4UfaBb2
2026-03-19 17:27:38.501 | INFO     | __main__:create_supervisor:49 - Created supervisor auth → UID: vAZRq2RvsPhInMyOgkMJHIsEFBT2 | supervisor7@nu.edu.pk | pass: waleed
2026-03-19 17:27:39.248 | DEBUG    | __main__:create_supervisor:64 - Stored supervisor user doc vAZRq2RvsPhInMyOgkMJHIsEFBT2
2026-03-19 17:27:40.615 | INFO     | __main__:create_supervisor:49 - Created supervisor auth → UID: ZT0EqPL25BYkSi0nDNwfe8DPhas1 | supervisor8@nu.edu.pk | pass: waleed
2026-03-19 17:27:41.218 | DEBUG    | __main__:create_supervisor:64 - Stored supervisor user doc ZT0EqPL25BYkSi0nDNwfe8DPhas1
2026-03-19 17:27:42.474 | INFO     | __main__:create_supervisor:49 - Created supervisor auth → UID: S06UEzqPDMhLcxLJSKUmyapfQmC2 | supervisor9@nu.edu.pk | pass: waleed
2026-03-19 17:27:45.435 | DEBUG    | __main__:create_supervisor:64 - Stored supervisor user doc S06UEzqPDMhLcxLJSKUmyapfQmC2
2026-03-19 17:27:46.671 | INFO     | __main__:create_supervisor:49 - Created supervisor auth → UID: y0rV5AAQIEO2uhA1fuGDxs6WK662 | supervisor10@nu.edu.pk | pass: waleed
2026-03-19 17:27:47.295 | DEBUG    | __main__:create_supervisor:64 - Stored supervisor user doc y0rV5AAQIEO2uhA1fuGDxs6WK662
2026-03-19 17:27:49.616 | INFO     | __main__:create_bus:94 - Created bus B-27 (KGA-0649) → supervisor: sZu551hgoffQI7KtCfoWVAA0EFW2
2026-03-19 17:27:50.910 | INFO     | __main__:create_bus:94 - Created bus B-29 (PJG-2693) → supervisor: sZu551hgoffQI7KtCfoWVAA0EFW2
2026-03-19 17:27:52.934 | INFO     | __main__:create_bus:94 - Created bus B-26 (NIZ-8740) → supervisor: S06UEzqPDMhLcxLJSKUmyapfQmC2
2026-03-19 17:27:54.244 | INFO     | __main__:create_bus:94 - Created bus B-47 (XGP-6278) → supervisor: BKQYq5C9JUYn67pblbUuD4UfaBb2
2026-03-19 17:27:56.060 | INFO     | __main__:create_bus:94 - Created bus B-51 (BKJ-9351) → supervisor: OmwmzMzKboV4b7xEmh6RSFhmOJR2
2026-03-19 17:27:57.527 | INFO     | __main__:create_bus:94 - Created bus B-61 (KGS-8802) → supervisor: OmwmzMzKboV4b7xEmh6RSFhmOJR2
2026-03-19 17:27:59.739 | INFO     | __main__:create_bus:94 - Created bus B-95 (MTN-7208) → supervisor: hPcBT1H0bzZ15tQGP6xAhXATLBf1
2026-03-19 17:28:00.870 | INFO     | __main__:create_bus:94 - Created bus B-06 (XNQ-2501) → supervisor: sZu551hgoffQI7KtCfoWVAA0EFW2
2026-03-19 17:28:03.321 | INFO     | __main__:create_bus:94 - Created bus B-68 (VAN-2843) → supervisor: None
2026-03-19 17:28:04.803 | INFO     | __main__:create_bus:94 - Created bus B-36 (MUV-4237) → supervisor: ZT0EqPL25BYkSi0nDNwfe8DPhas1
2026-03-19 21:55:25.433 | INFO     | database.firebase:<module>:12 - Firebase Admin SDK initialized successfully
2026-03-19 21:56:11.364 | INFO     | api.main:run_optimization:29 - Starting full route optimization pipeline
2026-03-19 21:56:15.998 | INFO     | data_pipeline.student_loader:load_student_stops:42 - Loaded 30 student stops from Firestore
2026-03-19 21:56:15.999 | DEBUG    | data_pipeline.student_loader:load_student_stops:43 - First 3 stops (sample): [{'student_id': 'STUDENT-001', 'name': 'Test Student 1', 'roll_no': 'TEST-1009', 'lat': 31.311732, 'lng': 73.065301, 'student_count': 1, 'contact': '03891108227', 'semester': 'Spring 2026', 'fee_status': 'unpaid', 'registration_status': 'pending'}, {'student_id': 'STUDENT-002', 'name': 'Test Student 2', 'roll_no': 'TEST-8235', 'lat': 31.388694, 'lng': 73.085799, 'student_count': 1, 'contact': '03690327160', 'semester': 'Spring 2026', 'fee_status': 'unpaid', 'registration_status': 'pending'}, {'student_id': 'STUDENT-003', 'name': 'Test Student 3', 'roll_no': 'TEST-9666', 'lat': 31.518073, 'lng': 73.038841, 'student_count': 1, 'contact': '03851732415', 'semester': 'Spring 2026', 'fee_status': 'unpaid', 'registration_status': 'pending'}]
2026-03-19 21:56:15.999 | INFO     | osm.fetch_roads:fetch_or_load_road_graph:19 - Loading cached Faisalabad road graph...
2026-03-19 21:56:30.829 | INFO     | osm.fetch_roads:fetch_or_load_road_graph:21 - Loaded graph with 50872 nodes and 144715 edges
2026-03-19 21:56:31.030 | INFO     | osm.road_filter:filter_main_roads:38 - Filtered graph:
2026-03-19 21:56:31.065 | INFO     | osm.road_filter:filter_main_roads:39 -   Original: 50872 nodes, 144715 edges
2026-03-19 21:56:31.180 | INFO     | osm.road_filter:filter_main_roads:40 -   After filter (main roads only): 7460 nodes, 12863 edges
2026-03-19 21:56:31.453 | DEBUG    | utils.distance_utils:build_node_balltree:29 - Built BallTree with 7460 nodes
2026-03-19 21:56:31.456 | DEBUG    | utils.geo_utils:haversine_distance:20 - Haversine: (31.311732, 73.065301) → (31.3072856, 73.0549935) = 1097.0 m
2026-03-19 21:56:31.456 | DEBUG    | utils.distance_utils:find_nearest_road_point:56 - Nearest road node to (31.311732, 73.065301): (31.307286, 73.054993) — 1097.0m
2026-03-19 21:56:31.456 | DEBUG    | utils.geo_utils:haversine_distance:20 - Haversine: (31.311732, 73.065301) → (31.3072856, 73.0549935) = 1097.0 m
2026-03-19 21:56:31.456 | DEBUG    | data_pipeline.stop_builder:snap_stops_to_roads:38 - Snapped Test Student 1 (TEST-1009): 1097.0m
2026-03-19 21:56:31.479 | DEBUG    | utils.distance_utils:build_node_balltree:29 - Built BallTree with 7460 nodes
2026-03-19 21:56:31.481 | DEBUG    | utils.geo_utils:haversine_distance:20 - Haversine: (31.388694, 73.085799) → (31.3889927, 73.0861674) = 48.2 m
2026-03-19 21:56:31.482 | DEBUG    | utils.distance_utils:find_nearest_road_point:56 - Nearest road node to (31.388694, 73.085799): (31.388993, 73.086167) — 48.2m
2026-03-19 21:56:31.482 | DEBUG    | utils.geo_utils:haversine_distance:20 - Haversine: (31.388694, 73.085799) → (31.3889927, 73.0861674) = 48.2 m
2026-03-19 21:56:31.482 | DEBUG    | data_pipeline.stop_builder:snap_stops_to_roads:38 - Snapped Test Student 2 (TEST-8235): 48.2m
2026-03-19 21:56:31.502 | DEBUG    | utils.distance_utils:build_node_balltree:29 - Built BallTree with 7460 nodes
2026-03-19 21:56:31.504 | DEBUG    | utils.geo_utils:haversine_distance:20 - Haversine: (31.518073, 73.038841) → (31.5213226, 73.0368397) = 408.1 m
2026-03-19 21:56:31.505 | DEBUG    | utils.distance_utils:find_nearest_road_point:56 - Nearest road node to (31.518073, 73.038841): (31.521323, 73.036840) — 408.1m
2026-03-19 21:56:31.505 | DEBUG    | utils.geo_utils:haversine_distance:20 - Haversine: (31.518073, 73.038841) → (31.5213226, 73.0368397) = 408.1 m
2026-03-19 21:56:31.505 | DEBUG    | data_pipeline.stop_builder:snap_stops_to_roads:38 - Snapped Test Student 3 (TEST-9666): 408.1m
2026-03-19 21:56:31.529 | DEBUG    | utils.distance_utils:build_node_balltree:29 - Built BallTree with 7460 nodes
2026-03-19 21:56:31.531 | DEBUG    | utils.geo_utils:haversine_distance:20 - Haversine: (31.485508, 73.033698) → (31.4894131, 73.0285499) = 653.3 m
2026-03-19 21:56:31.531 | DEBUG    | utils.distance_utils:find_nearest_road_point:56 - Nearest road node to (31.485508, 73.033698): (31.489413, 73.028550) — 653.3m
2026-03-19 21:56:31.531 | DEBUG    | utils.geo_utils:haversine_distance:20 - Haversine: (31.485508, 73.033698) → (31.4894131, 73.0285499) = 653.3 m
2026-03-19 21:56:31.531 | DEBUG    | data_pipeline.stop_builder:snap_stops_to_roads:38 - Snapped Test Student 4 (TEST-8171): 653.3m
2026-03-19 21:56:31.553 | DEBUG    | utils.distance_utils:build_node_balltree:29 - Built BallTree with 7460 nodes
2026-03-19 21:56:31.556 | DEBUG    | utils.geo_utils:haversine_distance:20 - Haversine: (31.333824, 73.034485) → (31.3337119, 73.0384088) = 372.9 m
2026-03-19 21:56:31.556 | DEBUG    | utils.distance_utils:find_nearest_road_point:56 - Nearest road node to (31.333824, 73.034485): (31.333712, 73.038409) — 372.9m
2026-03-19 21:56:31.557 | DEBUG    | utils.geo_utils:haversine_distance:20 - Haversine: (31.333824, 73.034485) → (31.3337119, 73.0384088) = 372.9 m
2026-03-19 21:56:31.557 | DEBUG    | data_pipeline.stop_builder:snap_stops_to_roads:38 - Snapped Test Student 5 (TEST-6893): 372.9m
2026-03-19 21:56:31.582 | DEBUG    | utils.distance_utils:build_node_balltree:29 - Built BallTree with 7460 nodes
2026-03-19 21:56:31.583 | DEBUG    | utils.geo_utils:haversine_distance:20 - Haversine: (31.424092, 73.07666) → (31.4239089, 73.0778292) = 112.8 m
2026-03-19 21:56:31.583 | DEBUG    | utils.distance_utils:find_nearest_road_point:56 - Nearest road node to (31.424092, 73.07666): (31.423909, 73.077829) — 112.8m
2026-03-19 21:56:31.584 | DEBUG    | utils.geo_utils:haversine_distance:20 - Haversine: (31.424092, 73.07666) → (31.4239089, 73.0778292) = 112.8 m
2026-03-19 21:56:31.584 | DEBUG    | data_pipeline.stop_builder:snap_stops_to_roads:38 - Snapped Test Student 6 (TEST-7290): 112.8m
2026-03-19 21:56:31.605 | DEBUG    | utils.distance_utils:build_node_balltree:29 - Built BallTree with 7460 nodes
2026-03-19 21:56:31.606 | DEBUG    | utils.geo_utils:haversine_distance:20 - Haversine: (31.536319, 73.116463) → (31.5387557, 73.1179928) = 307.3 m
2026-03-19 21:56:31.607 | DEBUG    | utils.distance_utils:find_nearest_road_point:56 - Nearest road node to (31.536319, 73.116463): (31.538756, 73.117993) — 307.3m
2026-03-19 21:56:31.607 | DEBUG    | utils.geo_utils:haversine_distance:20 - Haversine: (31.536319, 73.116463) → (31.5387557, 73.1179928) = 307.3 m
2026-03-19 21:56:31.607 | DEBUG    | data_pipeline.stop_builder:snap_stops_to_roads:38 - Snapped Test Student 7 (TEST-3949): 307.3m
2026-03-19 21:56:31.630 | DEBUG    | utils.distance_utils:build_node_balltree:29 - Built BallTree with 7460 nodes
2026-03-19 21:56:31.632 | DEBUG    | utils.geo_utils:haversine_distance:20 - Haversine: (31.443441, 73.050005) → (31.4421891, 73.0488431) = 177.6 m
2026-03-19 21:56:31.632 | DEBUG    | utils.distance_utils:find_nearest_road_point:56 - Nearest road node to (31.443441, 73.050005): (31.442189, 73.048843) — 177.6m
2026-03-19 21:56:31.633 | DEBUG    | utils.geo_utils:haversine_distance:20 - Haversine: (31.443441, 73.050005) → (31.4421891, 73.0488431) = 177.6 m
2026-03-19 21:56:31.633 | DEBUG    | data_pipeline.stop_builder:snap_stops_to_roads:38 - Snapped Test Student 8 (TEST-4282): 177.6m
2026-03-19 21:56:31.653 | DEBUG    | utils.distance_utils:build_node_balltree:29 - Built BallTree with 7460 nodes
2026-03-19 21:56:31.655 | DEBUG    | utils.geo_utils:haversine_distance:20 - Haversine: (31.371815, 73.114672) → (31.3692862, 73.1170689) = 361.7 m
2026-03-19 21:56:31.655 | DEBUG    | utils.distance_utils:find_nearest_road_point:56 - Nearest road node to (31.371815, 73.114672): (31.369286, 73.117069) — 361.7m
2026-03-19 21:56:31.656 | DEBUG    | utils.geo_utils:haversine_distance:20 - Haversine: (31.371815, 73.114672) → (31.3692862, 73.1170689) = 361.7 m
2026-03-19 21:56:31.656 | DEBUG    | data_pipeline.stop_builder:snap_stops_to_roads:38 - Snapped Test Student 9 (TEST-6271): 361.7m
2026-03-19 21:56:31.678 | DEBUG    | utils.distance_utils:build_node_balltree:29 - Built BallTree with 7460 nodes
2026-03-19 21:56:31.679 | DEBUG    | utils.geo_utils:haversine_distance:20 - Haversine: (31.405113, 73.062458) → (31.4061175, 73.0614543) = 146.8 m
2026-03-19 21:56:31.680 | DEBUG    | utils.distance_utils:find_nearest_road_point:56 - Nearest road node to (31.405113, 73.062458): (31.406118, 73.061454) — 146.8m
2026-03-19 21:56:31.680 | DEBUG    | utils.geo_utils:haversine_distance:20 - Haversine: (31.405113, 73.062458) → (31.4061175, 73.0614543) = 146.8 m
2026-03-19 21:56:31.680 | DEBUG    | data_pipeline.stop_builder:snap_stops_to_roads:38 - Snapped Test Student 10 (TEST-9139): 146.8m
2026-03-19 21:56:31.701 | DEBUG    | utils.distance_utils:build_node_balltree:29 - Built BallTree with 7460 nodes
2026-03-19 21:56:31.702 | DEBUG    | utils.geo_utils:haversine_distance:20 - Haversine: (31.303111, 73.009773) → (31.3167535, 73.0113182) = 1524.1 m
2026-03-19 21:56:31.703 | DEBUG    | utils.distance_utils:find_nearest_road_point:56 - Nearest road node to (31.303111, 73.009773): (31.316754, 73.011318) — 1524.1m
2026-03-19 21:56:31.703 | DEBUG    | utils.geo_utils:haversine_distance:20 - Haversine: (31.303111, 73.009773) → (31.3167535, 73.0113182) = 1524.1 m
2026-03-19 21:56:31.703 | DEBUG    | data_pipeline.stop_builder:snap_stops_to_roads:38 - Snapped Test Student 11 (TEST-2190): 1524.1m
2026-03-19 21:56:31.732 | DEBUG    | utils.distance_utils:build_node_balltree:29 - Built BallTree with 7460 nodes
2026-03-19 21:56:31.733 | DEBUG    | utils.geo_utils:haversine_distance:20 - Haversine: (31.345003, 73.038996) → (31.3337119, 73.0384088) = 1256.8 m
2026-03-19 21:56:31.734 | DEBUG    | utils.distance_utils:find_nearest_road_point:56 - Nearest road node to (31.345003, 73.038996): (31.333712, 73.038409) — 1256.8m
2026-03-19 21:56:31.734 | DEBUG    | utils.geo_utils:haversine_distance:20 - Haversine: (31.345003, 73.038996) → (31.3337119, 73.0384088) = 1256.8 m
2026-03-19 21:56:31.734 | DEBUG    | data_pipeline.stop_builder:snap_stops_to_roads:38 - Snapped Test Student 12 (TEST-3884): 1256.8m
2026-03-19 21:56:31.754 | DEBUG    | utils.distance_utils:build_node_balltree:29 - Built BallTree with 7460 nodes
2026-03-19 21:56:31.755 | DEBUG    | utils.geo_utils:haversine_distance:20 - Haversine: (31.393617, 73.14692) → (31.3924201, 73.1484106) = 194.2 m
2026-03-19 21:56:31.756 | DEBUG    | utils.distance_utils:find_nearest_road_point:56 - Nearest road node to (31.393617, 73.14692): (31.392420, 73.148411) — 194.2m
2026-03-19 21:56:31.756 | DEBUG    | utils.geo_utils:haversine_distance:20 - Haversine: (31.393617, 73.14692) → (31.3924201, 73.1484106) = 194.2 m
2026-03-19 21:56:31.756 | DEBUG    | data_pipeline.stop_builder:snap_stops_to_roads:38 - Snapped Test Student 13 (TEST-3087): 194.2m
2026-03-19 21:56:31.807 | DEBUG    | utils.distance_utils:build_node_balltree:29 - Built BallTree with 7460 nodes
2026-03-19 21:56:31.816 | DEBUG    | utils.geo_utils:haversine_distance:20 - Haversine: (31.41027, 73.175872) → (31.4117722, 73.1782013) = 277.1 m
2026-03-19 21:56:31.817 | DEBUG    | utils.distance_utils:find_nearest_road_point:56 - Nearest road node to (31.41027, 73.175872): (31.411772, 73.178201) — 277.1m
2026-03-19 21:56:31.818 | DEBUG    | utils.geo_utils:haversine_distance:20 - Haversine: (31.41027, 73.175872) → (31.4117722, 73.1782013) = 277.1 m
2026-03-19 21:56:31.821 | DEBUG    | data_pipeline.stop_builder:snap_stops_to_roads:38 - Snapped Test Student 14 (TEST-6907): 277.1m
2026-03-19 21:56:31.853 | DEBUG    | utils.distance_utils:build_node_balltree:29 - Built BallTree with 7460 nodes
2026-03-19 21:56:31.855 | DEBUG    | utils.geo_utils:haversine_distance:20 - Haversine: (31.512176, 73.161215) → (31.5128629, 73.162791) = 167.8 m
2026-03-19 21:56:31.855 | DEBUG    | utils.distance_utils:find_nearest_road_point:56 - Nearest road node to (31.512176, 73.161215): (31.512863, 73.162791) — 167.8m
2026-03-19 21:56:31.855 | DEBUG    | utils.geo_utils:haversine_distance:20 - Haversine: (31.512176, 73.161215) → (31.5128629, 73.162791) = 167.8 m
2026-03-19 21:56:31.855 | DEBUG    | data_pipeline.stop_builder:snap_stops_to_roads:38 - Snapped Test Student 15 (TEST-6004): 167.8m
2026-03-19 21:56:31.887 | DEBUG    | utils.distance_utils:build_node_balltree:29 - Built BallTree with 7460 nodes
2026-03-19 21:56:31.889 | DEBUG    | utils.geo_utils:haversine_distance:20 - Haversine: (31.526233, 73.19649) → (31.529565, 73.1992451) = 453.3 m
2026-03-19 21:56:31.889 | DEBUG    | utils.distance_utils:find_nearest_road_point:56 - Nearest road node to (31.526233, 73.19649): (31.529565, 73.199245) — 453.3m
2026-03-19 21:56:31.889 | DEBUG    | utils.geo_utils:haversine_distance:20 - Haversine: (31.526233, 73.19649) → (31.529565, 73.1992451) = 453.3 m
2026-03-19 21:56:31.890 | DEBUG    | data_pipeline.stop_builder:snap_stops_to_roads:38 - Snapped Test Student 16 (TEST-4650): 453.3m
2026-03-19 21:56:31.919 | DEBUG    | utils.distance_utils:build_node_balltree:29 - Built BallTree with 7460 nodes
2026-03-19 21:56:31.921 | DEBUG    | utils.geo_utils:haversine_distance:20 - Haversine: (31.452515, 73.008848) → (31.4501221, 73.0167637) = 796.6 m
2026-03-19 21:56:31.921 | DEBUG    | utils.distance_utils:find_nearest_road_point:56 - Nearest road node to (31.452515, 73.008848): (31.450122, 73.016764) — 796.6m
2026-03-19 21:56:31.921 | DEBUG    | utils.geo_utils:haversine_distance:20 - Haversine: (31.452515, 73.008848) → (31.4501221, 73.0167637) = 796.6 m
2026-03-19 21:56:31.921 | DEBUG    | data_pipeline.stop_builder:snap_stops_to_roads:38 - Snapped Test Student 17 (TEST-2474): 796.6m
2026-03-19 21:56:31.945 | DEBUG    | utils.distance_utils:build_node_balltree:29 - Built BallTree with 7460 nodes
2026-03-19 21:56:31.947 | DEBUG    | utils.geo_utils:haversine_distance:20 - Haversine: (31.541696, 73.071645) → (31.5430616, 73.0707433) = 174.2 m
2026-03-19 21:56:31.947 | DEBUG    | utils.distance_utils:find_nearest_road_point:56 - Nearest road node to (31.541696, 73.071645): (31.543062, 73.070743) — 174.2m
2026-03-19 21:56:31.947 | DEBUG    | utils.geo_utils:haversine_distance:20 - Haversine: (31.541696, 73.071645) → (31.5430616, 73.0707433) = 174.2 m
2026-03-19 21:56:31.947 | DEBUG    | data_pipeline.stop_builder:snap_stops_to_roads:38 - Snapped Test Student 18 (TEST-9037): 174.2m
2026-03-19 21:56:31.967 | DEBUG    | utils.distance_utils:build_node_balltree:29 - Built BallTree with 7460 nodes
2026-03-19 21:56:31.968 | DEBUG    | utils.geo_utils:haversine_distance:20 - Haversine: (31.477248, 73.090349) → (31.4763902, 73.0861569) = 408.8 m
2026-03-19 21:56:31.968 | DEBUG    | utils.distance_utils:find_nearest_road_point:56 - Nearest road node to (31.477248, 73.090349): (31.476390, 73.086157) — 408.8m
2026-03-19 21:56:31.968 | DEBUG    | utils.geo_utils:haversine_distance:20 - Haversine: (31.477248, 73.090349) → (31.4763902, 73.0861569) = 408.8 m
2026-03-19 21:56:31.968 | DEBUG    | data_pipeline.stop_builder:snap_stops_to_roads:38 - Snapped Test Student 19 (TEST-9212): 408.8m
2026-03-19 21:56:31.989 | DEBUG    | utils.distance_utils:build_node_balltree:29 - Built BallTree with 7460 nodes
2026-03-19 21:56:31.990 | DEBUG    | utils.geo_utils:haversine_distance:20 - Haversine: (31.413126, 73.002952) → (31.4083869, 73.0024409) = 529.2 m
2026-03-19 21:56:31.990 | DEBUG    | utils.distance_utils:find_nearest_road_point:56 - Nearest road node to (31.413126, 73.002952): (31.408387, 73.002441) — 529.2m
2026-03-19 21:56:31.990 | DEBUG    | utils.geo_utils:haversine_distance:20 - Haversine: (31.413126, 73.002952) → (31.4083869, 73.0024409) = 529.2 m
2026-03-19 21:56:31.990 | DEBUG    | data_pipeline.stop_builder:snap_stops_to_roads:38 - Snapped Test Student 20 (TEST-1025): 529.2m
2026-03-19 21:56:32.013 | DEBUG    | utils.distance_utils:build_node_balltree:29 - Built BallTree with 7460 nodes
2026-03-19 21:56:32.016 | DEBUG    | utils.geo_utils:haversine_distance:20 - Haversine: (31.446699, 73.168309) → (31.4472489, 73.1583999) = 942.0 m
2026-03-19 21:56:32.016 | DEBUG    | utils.distance_utils:find_nearest_road_point:56 - Nearest road node to (31.446699, 73.168309): (31.447249, 73.158400) — 942.0m
2026-03-19 21:56:32.017 | DEBUG    | utils.geo_utils:haversine_distance:20 - Haversine: (31.446699, 73.168309) → (31.4472489, 73.1583999) = 942.0 m
2026-03-19 21:56:32.017 | DEBUG    | data_pipeline.stop_builder:snap_stops_to_roads:38 - Snapped Test Student 21 (TEST-2310): 942.0m
2026-03-19 21:56:32.040 | DEBUG    | utils.distance_utils:build_node_balltree:29 - Built BallTree with 7460 nodes
2026-03-19 21:56:32.043 | DEBUG    | utils.geo_utils:haversine_distance:20 - Haversine: (31.410648, 73.047446) → (31.408574, 73.0498614) = 325.2 m
2026-03-19 21:56:32.043 | DEBUG    | utils.distance_utils:find_nearest_road_point:56 - Nearest road node to (31.410648, 73.047446): (31.408574, 73.049861) — 325.2m
2026-03-19 21:56:32.044 | DEBUG    | utils.geo_utils:haversine_distance:20 - Haversine: (31.410648, 73.047446) → (31.408574, 73.0498614) = 325.2 m
2026-03-19 21:56:32.044 | DEBUG    | data_pipeline.stop_builder:snap_stops_to_roads:38 - Snapped Test Student 22 (TEST-8259): 325.2m
2026-03-19 21:56:32.064 | DEBUG    | utils.distance_utils:build_node_balltree:29 - Built BallTree with 7460 nodes
2026-03-19 21:56:32.066 | DEBUG    | utils.geo_utils:haversine_distance:20 - Haversine: (31.387646, 73.108789) → (31.3871193, 73.1097179) = 105.9 m
2026-03-19 21:56:32.066 | DEBUG    | utils.distance_utils:find_nearest_road_point:56 - Nearest road node to (31.387646, 73.108789): (31.387119, 73.109718) — 105.9m
2026-03-19 21:56:32.066 | DEBUG    | utils.geo_utils:haversine_distance:20 - Haversine: (31.387646, 73.108789) → (31.3871193, 73.1097179) = 105.9 m
2026-03-19 21:56:32.066 | DEBUG    | data_pipeline.stop_builder:snap_stops_to_roads:38 - Snapped Test Student 23 (TEST-8401): 105.9m
2026-03-19 21:56:32.087 | DEBUG    | utils.distance_utils:build_node_balltree:29 - Built BallTree with 7460 nodes
2026-03-19 21:56:32.088 | DEBUG    | utils.geo_utils:haversine_distance:20 - Haversine: (31.499784, 73.046987) → (31.5021142, 73.0500985) = 392.6 m
2026-03-19 21:56:32.088 | DEBUG    | utils.distance_utils:find_nearest_road_point:56 - Nearest road node to (31.499784, 73.046987): (31.502114, 73.050099) — 392.6m
2026-03-19 21:56:32.088 | DEBUG    | utils.geo_utils:haversine_distance:20 - Haversine: (31.499784, 73.046987) → (31.5021142, 73.0500985) = 392.6 m
2026-03-19 21:56:32.089 | DEBUG    | data_pipeline.stop_builder:snap_stops_to_roads:38 - Snapped Test Student 24 (TEST-8223): 392.6m
2026-03-19 21:56:32.162 | DEBUG    | utils.distance_utils:build_node_balltree:29 - Built BallTree with 7460 nodes
2026-03-19 21:56:32.163 | DEBUG    | utils.geo_utils:haversine_distance:20 - Haversine: (31.487753, 73.180584) → (31.4880564, 73.1794476) = 112.9 m
2026-03-19 21:56:32.164 | DEBUG    | utils.distance_utils:find_nearest_road_point:56 - Nearest road node to (31.487753, 73.180584): (31.488056, 73.179448) — 112.9m
2026-03-19 21:56:32.164 | DEBUG    | utils.geo_utils:haversine_distance:20 - Haversine: (31.487753, 73.180584) → (31.4880564, 73.1794476) = 112.9 m
2026-03-19 21:56:32.164 | DEBUG    | data_pipeline.stop_builder:snap_stops_to_roads:38 - Snapped Test Student 25 (TEST-2398): 112.9m
2026-03-19 21:56:32.193 | DEBUG    | utils.distance_utils:build_node_balltree:29 - Built BallTree with 7460 nodes
2026-03-19 21:56:32.194 | DEBUG    | utils.geo_utils:haversine_distance:20 - Haversine: (31.514068, 73.117482) → (31.5182565, 73.1164986) = 475.0 m
2026-03-19 21:56:32.194 | DEBUG    | utils.distance_utils:find_nearest_road_point:56 - Nearest road node to (31.514068, 73.117482): (31.518256, 73.116499) — 475.0m
2026-03-19 21:56:32.194 | DEBUG    | utils.geo_utils:haversine_distance:20 - Haversine: (31.514068, 73.117482) → (31.5182565, 73.1164986) = 475.0 m
2026-03-19 21:56:32.195 | DEBUG    | data_pipeline.stop_builder:snap_stops_to_roads:38 - Snapped Test Student 26 (TEST-1608): 475.0m
2026-03-19 21:56:32.215 | DEBUG    | utils.distance_utils:build_node_balltree:29 - Built BallTree with 7460 nodes
2026-03-19 21:56:32.217 | DEBUG    | utils.geo_utils:haversine_distance:20 - Haversine: (31.406913, 73.022705) → (31.4081312, 73.0240923) = 188.9 m
2026-03-19 21:56:32.217 | DEBUG    | utils.distance_utils:find_nearest_road_point:56 - Nearest road node to (31.406913, 73.022705): (31.408131, 73.024092) — 188.9m
2026-03-19 21:56:32.217 | DEBUG    | utils.geo_utils:haversine_distance:20 - Haversine: (31.406913, 73.022705) → (31.4081312, 73.0240923) = 188.9 m
2026-03-19 21:56:32.217 | DEBUG    | data_pipeline.stop_builder:snap_stops_to_roads:38 - Snapped Test Student 27 (TEST-9669): 188.9m
2026-03-19 21:56:32.237 | DEBUG    | utils.distance_utils:build_node_balltree:29 - Built BallTree with 7460 nodes
2026-03-19 21:56:32.238 | DEBUG    | utils.geo_utils:haversine_distance:20 - Haversine: (31.523415, 73.010667) → (31.5172749, 73.0130691) = 719.7 m
2026-03-19 21:56:32.238 | DEBUG    | utils.distance_utils:find_nearest_road_point:56 - Nearest road node to (31.523415, 73.010667): (31.517275, 73.013069) — 719.7m
2026-03-19 21:56:32.238 | DEBUG    | utils.geo_utils:haversine_distance:20 - Haversine: (31.523415, 73.010667) → (31.5172749, 73.0130691) = 719.7 m
2026-03-19 21:56:32.239 | DEBUG    | data_pipeline.stop_builder:snap_stops_to_roads:38 - Snapped Test Student 28 (TEST-2544): 719.7m
2026-03-19 21:56:32.260 | DEBUG    | utils.distance_utils:build_node_balltree:29 - Built BallTree with 7460 nodes
2026-03-19 21:56:32.262 | DEBUG    | utils.geo_utils:haversine_distance:20 - Haversine: (31.390816, 73.088762) → (31.3889927, 73.0861674) = 319.0 m
2026-03-19 21:56:32.262 | DEBUG    | utils.distance_utils:find_nearest_road_point:56 - Nearest road node to (31.390816, 73.088762): (31.388993, 73.086167) — 319.0m
2026-03-19 21:56:32.262 | DEBUG    | utils.geo_utils:haversine_distance:20 - Haversine: (31.390816, 73.088762) → (31.3889927, 73.0861674) = 319.0 m
2026-03-19 21:56:32.262 | DEBUG    | data_pipeline.stop_builder:snap_stops_to_roads:38 - Snapped Test Student 29 (TEST-8568): 319.0m
2026-03-19 21:56:32.283 | DEBUG    | utils.distance_utils:build_node_balltree:29 - Built BallTree with 7460 nodes
2026-03-19 21:56:32.284 | DEBUG    | utils.geo_utils:haversine_distance:20 - Haversine: (31.53693, 73.060326) → (31.5369402, 73.0608378) = 48.5 m
2026-03-19 21:56:32.284 | DEBUG    | utils.distance_utils:find_nearest_road_point:56 - Nearest road node to (31.53693, 73.060326): (31.536940, 73.060838) — 48.5m
2026-03-19 21:56:32.284 | DEBUG    | utils.geo_utils:haversine_distance:20 - Haversine: (31.53693, 73.060326) → (31.5369402, 73.0608378) = 48.5 m
2026-03-19 21:56:32.284 | DEBUG    | data_pipeline.stop_builder:snap_stops_to_roads:38 - Snapped Test Student 30 (TEST-2230): 48.5m
2026-03-19 21:56:32.285 | INFO     | data_pipeline.stop_builder:snap_stops_to_roads:47 - Snapping complete:
2026-03-19 21:56:32.285 | INFO     | data_pipeline.stop_builder:snap_stops_to_roads:48 -   Input stops: 30
2026-03-19 21:56:32.286 | INFO     | data_pipeline.stop_builder:snap_stops_to_roads:49 -   Snapped successfully: 30
2026-03-19 21:56:32.286 | INFO     | data_pipeline.stop_builder:snap_stops_to_roads:50 -   Skipped (too far): 0
2026-03-19 21:56:32.286 | DEBUG    | data_pipeline.stop_builder:snap_stops_to_roads:53 - First snapped stop example: {'student_id': 'STUDENT-001', 'name': 'Test Student 1', 'roll_no': 'TEST-1009', 'lat': 31.3072856, 'lng': 73.0549935, 'student_count': 1, 'contact': '03891108227', 'semester': 'Spring 2026', 'fee_status': 'unpaid', 'registration_status': 'pending', 'original_lat': 31.311732, 'original_lng': 73.065301, 'snap_distance_m': 1096.97}
2026-03-19 21:56:32.286 | DEBUG    | utils.geo_utils:haversine_distance:20 - Haversine: (31.3889927, 73.0861674) → (31.3072856, 73.0549935) = 9555.5 m
2026-03-19 21:56:32.286 | DEBUG    | utils.geo_utils:haversine_distance:20 - Haversine: (31.5213226, 73.0368397) → (31.3072856, 73.0549935) = 23862.1 m
2026-03-19 21:56:32.286 | DEBUG    | utils.geo_utils:haversine_distance:20 - Haversine: (31.5213226, 73.0368397) → (31.3889927, 73.0861674) = 15440.4 m
2026-03-19 21:56:32.287 | DEBUG    | utils.geo_utils:haversine_distance:20 - Haversine: (31.4894131, 73.0285499) → (31.3072856, 73.0549935) = 20406.6 m
2026-03-19 21:56:32.287 | DEBUG    | utils.geo_utils:haversine_distance:20 - Haversine: (31.4894131, 73.0285499) → (31.3889927, 73.0861674) = 12432.4 m
2026-03-19 21:56:32.287 | DEBUG    | utils.geo_utils:haversine_distance:20 - Haversine: (31.4894131, 73.0285499) → (31.5213226, 73.0368397) = 3634.2 m
2026-03-19 21:56:32.287 | DEBUG    | utils.geo_utils:haversine_distance:20 - Haversine: (31.3337119, 73.0384088) → (31.3072856, 73.0549935) = 3334.1 m
2026-03-19 21:56:32.287 | DEBUG    | utils.geo_utils:haversine_distance:20 - Haversine: (31.3337119, 73.0384088) → (31.3889927, 73.0861674) = 7638.6 m
2026-03-19 21:56:32.287 | DEBUG    | utils.geo_utils:haversine_distance:20 - Haversine: (31.3337119, 73.0384088) → (31.5213226, 73.0368397) = 20861.9 m
2026-03-19 21:56:32.287 | DEBUG    | utils.geo_utils:haversine_distance:20 - Haversine: (31.3337119, 73.0384088) → (31.4894131, 73.0285499) = 17338.4 m
2026-03-19 21:56:32.287 | DEBUG    | utils.geo_utils:haversine_distance:20 - Haversine: (31.4239089, 73.0778292) → (31.3072856, 73.0549935) = 13147.9 m
2026-03-19 21:56:32.287 | DEBUG    | utils.geo_utils:haversine_distance:20 - Haversine: (31.4239089, 73.0778292) → (31.3889927, 73.0861674) = 3962.3 m
2026-03-19 21:56:32.287 | DEBUG    | utils.geo_utils:haversine_distance:20 - Haversine: (31.4239089, 73.0778292) → (31.5213226, 73.0368397) = 11508.3 m
2026-03-19 21:56:32.287 | DEBUG    | utils.geo_utils:haversine_distance:20 - Haversine: (31.4239089, 73.0778292) → (31.4894131, 73.0285499) = 8654.6 m
2026-03-19 21:56:32.287 | DEBUG    | utils.geo_utils:haversine_distance:20 - Haversine: (31.4239089, 73.0778292) → (31.3337119, 73.0384088) = 10704.9 m
2026-03-19 21:56:32.287 | DEBUG    | utils.geo_utils:haversine_distance:20 - Haversine: (31.5387557, 73.1179928) → (31.3072856, 73.0549935) = 26423.4 m
2026-03-19 21:56:32.287 | DEBUG    | utils.geo_utils:haversine_distance:20 - Haversine: (31.5387557, 73.1179928) → (31.3889927, 73.0861674) = 16924.2 m
2026-03-19 21:56:32.287 | DEBUG    | utils.geo_utils:haversine_distance:20 - Haversine: (31.5387557, 73.1179928) → (31.5213226, 73.0368397) = 7932.1 m
2026-03-19 21:56:32.287 | DEBUG    | utils.geo_utils:haversine_distance:20 - Haversine: (31.5387557, 73.1179928) → (31.4894131, 73.0285499) = 10099.1 m
2026-03-19 21:56:32.287 | DEBUG    | utils.geo_utils:haversine_distance:20 - Haversine: (31.5387557, 73.1179928) → (31.3337119, 73.0384088) = 24017.5 m
2026-03-19 21:56:32.287 | DEBUG    | utils.geo_utils:haversine_distance:20 - Haversine: (31.5387557, 73.1179928) → (31.4239089, 73.0778292) = 13326.2 m
2026-03-19 21:56:32.287 | DEBUG    | utils.geo_utils:haversine_distance:20 - Haversine: (31.4421891, 73.0488431) → (31.3072856, 73.0549935) = 15011.9 m
2026-03-19 21:56:32.287 | DEBUG    | utils.geo_utils:haversine_distance:20 - Haversine: (31.4421891, 73.0488431) → (31.3889927, 73.0861674) = 6894.5 m
2026-03-19 21:56:32.287 | DEBUG    | utils.geo_utils:haversine_distance:20 - Haversine: (31.4421891, 73.0488431) → (31.5213226, 73.0368397) = 8872.6 m
2026-03-19 21:56:32.287 | DEBUG    | utils.geo_utils:haversine_distance:20 - Haversine: (31.4421891, 73.0488431) → (31.4894131, 73.0285499) = 5592.7 m
2026-03-19 21:56:32.287 | DEBUG    | utils.geo_utils:haversine_distance:20 - Haversine: (31.4421891, 73.0488431) → (31.3337119, 73.0384088) = 12102.7 m
2026-03-19 21:56:32.287 | DEBUG    | utils.geo_utils:haversine_distance:20 - Haversine: (31.4421891, 73.0488431) → (31.4239089, 73.0778292) = 3419.8 m
2026-03-19 21:56:32.287 | DEBUG    | utils.geo_utils:haversine_distance:20 - Haversine: (31.4421891, 73.0488431) → (31.5387557, 73.1179928) = 12581.3 m
2026-03-19 21:56:32.287 | DEBUG    | utils.geo_utils:haversine_distance:20 - Haversine: (31.3692862, 73.1170689) → (31.3072856, 73.0549935) = 9071.2 m
2026-03-19 21:56:32.287 | DEBUG    | utils.geo_utils:haversine_distance:20 - Haversine: (31.3692862, 73.1170689) → (31.3889927, 73.0861674) = 3661.6 m
2026-03-19 21:56:32.288 | DEBUG    | utils.geo_utils:haversine_distance:20 - Haversine: (31.3692862, 73.1170689) → (31.5213226, 73.0368397) = 18539.9 m
2026-03-19 21:56:32.288 | DEBUG    | utils.geo_utils:haversine_distance:20 - Haversine: (31.3692862, 73.1170689) → (31.4894131, 73.0285499) = 15778.5 m
2026-03-19 21:56:32.288 | DEBUG    | utils.geo_utils:haversine_distance:20 - Haversine: (31.3692862, 73.1170689) → (31.3337119, 73.0384088) = 8452.3 m
2026-03-19 21:56:32.288 | DEBUG    | utils.geo_utils:haversine_distance:20 - Haversine: (31.3692862, 73.1170689) → (31.4239089, 73.0778292) = 7124.7 m
2026-03-19 21:56:32.288 | DEBUG    | utils.geo_utils:haversine_distance:20 - Haversine: (31.3692862, 73.1170689) → (31.5387557, 73.1179928) = 18844.4 m
2026-03-19 21:56:32.288 | DEBUG    | utils.geo_utils:haversine_distance:20 - Haversine: (31.3692862, 73.1170689) → (31.4421891, 73.0488431) = 10374.9 m
2026-03-19 21:56:32.288 | DEBUG    | utils.geo_utils:haversine_distance:20 - Haversine: (31.4061175, 73.0614543) → (31.3072856, 73.0549935) = 11006.7 m
2026-03-19 21:56:32.288 | DEBUG    | utils.geo_utils:haversine_distance:20 - Haversine: (31.4061175, 73.0614543) → (31.3889927, 73.0861674) = 3021.2 m
2026-03-19 21:56:32.288 | DEBUG    | utils.geo_utils:haversine_distance:20 - Haversine: (31.4061175, 73.0614543) → (31.5213226, 73.0368397) = 13021.2 m
2026-03-19 21:56:32.288 | DEBUG    | utils.geo_utils:haversine_distance:20 - Haversine: (31.4061175, 73.0614543) → (31.4894131, 73.0285499) = 9773.9 m
2026-03-19 21:56:32.288 | DEBUG    | utils.geo_utils:haversine_distance:20 - Haversine: (31.4061175, 73.0614543) → (31.3337119, 73.0384088) = 8343.1 m
2026-03-19 21:56:32.288 | DEBUG    | utils.geo_utils:haversine_distance:20 - Haversine: (31.4061175, 73.0614543) → (31.4239089, 73.0778292) = 2515.6 m
2026-03-19 21:56:32.288 | DEBUG    | utils.geo_utils:haversine_distance:20 - Haversine: (31.4061175, 73.0614543) → (31.5387557, 73.1179928) = 15693.1 m
2026-03-19 21:56:32.288 | DEBUG    | utils.geo_utils:haversine_distance:20 - Haversine: (31.4061175, 73.0614543) → (31.4421891, 73.0488431) = 4185.7 m
2026-03-19 21:56:32.288 | DEBUG    | utils.geo_utils:haversine_distance:20 - Haversine: (31.4061175, 73.0614543) → (31.3692862, 73.1170689) = 6681.4 m
2026-03-19 21:56:32.288 | DEBUG    | utils.geo_utils:haversine_distance:20 - Haversine: (31.3167535, 73.0113182) → (31.3072856, 73.0549935) = 4280.6 m
2026-03-19 21:56:32.288 | DEBUG    | utils.geo_utils:haversine_distance:20 - Haversine: (31.3167535, 73.0113182) → (31.3889927, 73.0861674) = 10725.7 m
2026-03-19 21:56:32.288 | DEBUG    | utils.geo_utils:haversine_distance:20 - Haversine: (31.3167535, 73.0113182) → (31.5213226, 73.0368397) = 22875.6 m
2026-03-19 21:56:32.288 | DEBUG    | utils.geo_utils:haversine_distance:20 - Haversine: (31.3167535, 73.0113182) → (31.4894131, 73.0285499) = 19268.4 m
2026-03-19 21:56:32.289 | DEBUG    | utils.geo_utils:haversine_distance:20 - Haversine: (31.3167535, 73.0113182) → (31.3337119, 73.0384088) = 3190.2 m
2026-03-19 21:56:32.289 | DEBUG    | utils.geo_utils:haversine_distance:20 - Haversine: (31.3167535, 73.0113182) → (31.4239089, 73.0778292) = 13485.0 m
2026-03-19 21:56:32.289 | DEBUG    | utils.geo_utils:haversine_distance:20 - Haversine: (31.3167535, 73.0113182) → (31.5387557, 73.1179928) = 26680.0 m
2026-03-19 21:56:32.289 | DEBUG    | utils.geo_utils:haversine_distance:20 - Haversine: (31.3167535, 73.0113182) → (31.4421891, 73.0488431) = 14395.5 m
2026-03-19 21:56:32.289 | DEBUG    | utils.geo_utils:haversine_distance:20 - Haversine: (31.3167535, 73.0113182) → (31.3692862, 73.1170689) = 11618.2 m
2026-03-19 21:56:32.289 | DEBUG    | utils.geo_utils:haversine_distance:20 - Haversine: (31.3167535, 73.0113182) → (31.4061175, 73.0614543) = 11018.2 m
2026-03-19 21:56:32.289 | DEBUG    | utils.geo_utils:haversine_distance:20 - Haversine: (31.3337119, 73.0384088) → (31.3072856, 73.0549935) = 3334.1 m
2026-03-19 21:56:32.289 | DEBUG    | utils.geo_utils:haversine_distance:20 - Haversine: (31.3337119, 73.0384088) → (31.3889927, 73.0861674) = 7638.6 m
2026-03-19 21:56:32.289 | DEBUG    | utils.geo_utils:haversine_distance:20 - Haversine: (31.3337119, 73.0384088) → (31.5213226, 73.0368397) = 20861.9 m
2026-03-19 21:56:32.289 | DEBUG    | utils.geo_utils:haversine_distance:20 - Haversine: (31.3337119, 73.0384088) → (31.4894131, 73.0285499) = 17338.4 m
2026-03-19 21:56:32.289 | DEBUG    | utils.geo_utils:haversine_distance:20 - Haversine: (31.3337119, 73.0384088) → (31.3337119, 73.0384088) = 0.0 m
2026-03-19 21:56:32.289 | DEBUG    | utils.geo_utils:haversine_distance:20 - Haversine: (31.3924201, 73.1484106) → (31.3072856, 73.0549935) = 12973.4 m
2026-03-19 21:56:32.289 | DEBUG    | utils.geo_utils:haversine_distance:20 - Haversine: (31.3924201, 73.1484106) → (31.3889927, 73.0861674) = 5920.4 m
2026-03-19 21:56:32.289 | DEBUG    | utils.geo_utils:haversine_distance:20 - Haversine: (31.3924201, 73.1484106) → (31.5213226, 73.0368397) = 17816.8 m
2026-03-19 21:56:32.289 | DEBUG    | utils.geo_utils:haversine_distance:20 - Haversine: (31.3924201, 73.1484106) → (31.4894131, 73.0285499) = 15672.3 m
2026-03-19 21:56:32.289 | DEBUG    | utils.geo_utils:haversine_distance:20 - Haversine: (31.3924201, 73.1484106) → (31.3337119, 73.0384088) = 12316.7 m
2026-03-19 21:56:32.289 | DEBUG    | utils.geo_utils:haversine_distance:20 - Haversine: (31.3924201, 73.1484106) → (31.4239089, 73.0778292) = 7558.3 m
2026-03-19 21:56:32.289 | DEBUG    | utils.geo_utils:haversine_distance:20 - Haversine: (31.3924201, 73.1484106) → (31.5387557, 73.1179928) = 16525.5 m
2026-03-19 21:56:32.290 | DEBUG    | utils.geo_utils:haversine_distance:20 - Haversine: (31.3924201, 73.1484106) → (31.4421891, 73.0488431) = 10949.7 m
2026-03-19 21:56:32.290 | DEBUG    | utils.geo_utils:haversine_distance:20 - Haversine: (31.3924201, 73.1484106) → (31.3692862, 73.1170689) = 3933.1 m
2026-03-19 21:56:32.290 | DEBUG    | utils.geo_utils:haversine_distance:20 - Haversine: (31.3924201, 73.1484106) → (31.4061175, 73.0614543) = 8392.5 m
2026-03-19 21:56:32.290 | DEBUG    | utils.geo_utils:haversine_distance:20 - Haversine: (31.3924201, 73.1484106) → (31.3167535, 73.0113182) = 15500.1 m
2026-03-19 21:56:32.290 | DEBUG    | utils.geo_utils:haversine_distance:20 - Haversine: (31.4117722, 73.1782013) → (31.3072856, 73.0549935) = 16487.8 m
2026-03-19 21:56:32.290 | DEBUG    | utils.geo_utils:haversine_distance:20 - Haversine: (31.4117722, 73.1782013) → (31.3889927, 73.0861674) = 9094.8 m
2026-03-19 21:56:32.290 | DEBUG    | utils.geo_utils:haversine_distance:20 - Haversine: (31.4117722, 73.1782013) → (31.5213226, 73.0368397) = 18114.6 m
2026-03-19 21:56:32.290 | DEBUG    | utils.geo_utils:haversine_distance:20 - Haversine: (31.4117722, 73.1782013) → (31.4894131, 73.0285499) = 16614.9 m
2026-03-19 21:56:32.291 | DEBUG    | utils.geo_utils:haversine_distance:20 - Haversine: (31.4117722, 73.1782013) → (31.3337119, 73.0384088) = 15858.0 m
2026-03-19 21:56:32.292 | DEBUG    | utils.geo_utils:haversine_distance:20 - Haversine: (31.4117722, 73.1782013) → (31.4239089, 73.0778292) = 9619.7 m
2026-03-19 21:56:32.292 | DEBUG    | utils.geo_utils:haversine_distance:20 - Haversine: (31.4117722, 73.1782013) → (31.5387557, 73.1179928) = 15230.7 m
2026-03-19 21:56:32.292 | DEBUG    | utils.geo_utils:haversine_distance:20 - Haversine: (31.4117722, 73.1782013) → (31.4421891, 73.0488431) = 12731.4 m
2026-03-19 21:56:32.292 | DEBUG    | utils.geo_utils:haversine_distance:20 - Haversine: (31.4117722, 73.1782013) → (31.3692862, 73.1170689) = 7482.6 m
2026-03-19 21:56:32.293 | DEBUG    | utils.geo_utils:haversine_distance:20 - Haversine: (31.4117722, 73.1782013) → (31.4061175, 73.0614543) = 11097.3 m
2026-03-19 21:56:32.293 | DEBUG    | utils.geo_utils:haversine_distance:20 - Haversine: (31.4117722, 73.1782013) → (31.3167535, 73.0113182) = 19044.6 m
2026-03-19 21:56:32.293 | DEBUG    | utils.geo_utils:haversine_distance:20 - Haversine: (31.4117722, 73.1782013) → (31.3924201, 73.1484106) = 3553.1 m
2026-03-19 21:56:32.293 | DEBUG    | utils.geo_utils:haversine_distance:20 - Haversine: (31.5128629, 73.162791) → (31.3072856, 73.0549935) = 25043.8 m
2026-03-19 21:56:32.293 | DEBUG    | utils.geo_utils:haversine_distance:20 - Haversine: (31.5128629, 73.162791) → (31.3889927, 73.0861674) = 15573.9 m
2026-03-19 21:56:32.293 | DEBUG    | utils.geo_utils:haversine_distance:20 - Haversine: (31.5128629, 73.162791) → (31.5213226, 73.0368397) = 11976.2 m
2026-03-19 21:56:32.293 | DEBUG    | utils.geo_utils:haversine_distance:20 - Haversine: (31.5128629, 73.162791) → (31.4894131, 73.0285499) = 12991.5 m
2026-03-19 21:56:32.293 | DEBUG    | utils.geo_utils:haversine_distance:20 - Haversine: (31.5128629, 73.162791) → (31.3337119, 73.0384088) = 23154.4 m
2026-03-19 21:56:32.293 | DEBUG    | utils.geo_utils:haversine_distance:20 - Haversine: (31.5128629, 73.162791) → (31.4239089, 73.0778292) = 12758.0 m
2026-03-19 21:56:32.293 | DEBUG    | utils.geo_utils:haversine_distance:20 - Haversine: (31.5128629, 73.162791) → (31.5387557, 73.1179928) = 5130.2 m
2026-03-19 21:56:32.293 | DEBUG    | utils.geo_utils:haversine_distance:20 - Haversine: (31.5128629, 73.162791) → (31.4421891, 73.0488431) = 13361.3 m
2026-03-19 21:56:32.293 | DEBUG    | utils.geo_utils:haversine_distance:20 - Haversine: (31.5128629, 73.162791) → (31.3692862, 73.1170689) = 16543.8 m
2026-03-19 21:56:32.293 | DEBUG    | utils.geo_utils:haversine_distance:20 - Haversine: (31.5128629, 73.162791) → (31.4061175, 73.0614543) = 15273.3 m
2026-03-19 21:56:32.293 | DEBUG    | utils.geo_utils:haversine_distance:20 - Haversine: (31.5128629, 73.162791) → (31.3167535, 73.0113182) = 26117.7 m
2026-03-19 21:56:32.293 | DEBUG    | utils.geo_utils:haversine_distance:20 - Haversine: (31.5128629, 73.162791) → (31.3924201, 73.1484106) = 13461.9 m
2026-03-19 21:56:32.293 | DEBUG    | utils.geo_utils:haversine_distance:20 - Haversine: (31.5128629, 73.162791) → (31.4117722, 73.1782013) = 11335.4 m
2026-03-19 21:56:32.293 | DEBUG    | utils.geo_utils:haversine_distance:20 - Haversine: (31.529565, 73.1992451) → (31.3072856, 73.0549935) = 28253.6 m
2026-03-19 21:56:32.293 | DEBUG    | utils.geo_utils:haversine_distance:20 - Haversine: (31.529565, 73.1992451) → (31.3889927, 73.0861674) = 18956.8 m
2026-03-19 21:56:32.294 | DEBUG    | utils.geo_utils:haversine_distance:20 - Haversine: (31.529565, 73.1992451) → (31.5213226, 73.0368397) = 15420.6 m
2026-03-19 21:56:32.294 | DEBUG    | utils.geo_utils:haversine_distance:20 - Haversine: (31.529565, 73.1992451) → (31.4894131, 73.0285499) = 16786.5 m
2026-03-19 21:56:32.294 | DEBUG    | utils.geo_utils:haversine_distance:20 - Haversine: (31.529565, 73.1992451) → (31.3337119, 73.0384088) = 26592.1 m
2026-03-19 21:56:32.294 | DEBUG    | utils.geo_utils:haversine_distance:20 - Haversine: (31.529565, 73.1992451) → (31.4239089, 73.0778292) = 16450.0 m
2026-03-19 21:56:32.294 | DEBUG    | utils.geo_utils:haversine_distance:20 - Haversine: (31.529565, 73.1992451) → (31.5387557, 73.1179928) = 7768.2 m
2026-03-19 21:56:32.294 | DEBUG    | utils.geo_utils:haversine_distance:20 - Haversine: (31.529565, 73.1992451) → (31.4421891, 73.0488431) = 17256.6 m
2026-03-19 21:56:32.294 | DEBUG    | utils.geo_utils:haversine_distance:20 - Haversine: (31.529565, 73.1992451) → (31.3692862, 73.1170689) = 19452.4 m
2026-03-19 21:56:32.294 | DEBUG    | utils.geo_utils:haversine_distance:20 - Haversine: (31.529565, 73.1992451) → (31.4061175, 73.0614543) = 18952.7 m
2026-03-19 21:56:32.294 | DEBUG    | utils.geo_utils:haversine_distance:20 - Haversine: (31.529565, 73.1992451) → (31.3167535, 73.0113182) = 29630.0 m
2026-03-19 21:56:32.294 | DEBUG    | utils.geo_utils:haversine_distance:20 - Haversine: (31.529565, 73.1992451) → (31.3924201, 73.1484106) = 15993.9 m
2026-03-19 21:56:32.294 | DEBUG    | utils.geo_utils:haversine_distance:20 - Haversine: (31.529565, 73.1992451) → (31.4117722, 73.1782013) = 13249.1 m
2026-03-19 21:56:32.294 | DEBUG    | utils.geo_utils:haversine_distance:20 - Haversine: (31.529565, 73.1992451) → (31.5128629, 73.162791) = 3922.9 m
2026-03-19 21:56:32.294 | DEBUG    | utils.geo_utils:haversine_distance:20 - Haversine: (31.4501221, 73.0167637) → (31.3072856, 73.0549935) = 16292.1 m
2026-03-19 21:56:32.294 | DEBUG    | utils.geo_utils:haversine_distance:20 - Haversine: (31.4501221, 73.0167637) → (31.3889927, 73.0861674) = 9464.4 m
2026-03-19 21:56:32.295 | DEBUG    | utils.geo_utils:haversine_distance:20 - Haversine: (31.4501221, 73.0167637) → (31.5213226, 73.0368397) = 8142.8 m
2026-03-19 21:56:32.295 | DEBUG    | utils.geo_utils:haversine_distance:20 - Haversine: (31.4501221, 73.0167637) → (31.4894131, 73.0285499) = 4509.7 m
2026-03-19 21:56:32.295 | DEBUG    | utils.geo_utils:haversine_distance:20 - Haversine: (31.4501221, 73.0167637) → (31.3337119, 73.0384088) = 13106.3 m
2026-03-19 21:56:32.295 | DEBUG    | utils.geo_utils:haversine_distance:20 - Haversine: (31.4501221, 73.0167637) → (31.4239089, 73.0778292) = 6485.4 m
2026-03-19 21:56:32.295 | DEBUG    | utils.geo_utils:haversine_distance:20 - Haversine: (31.4501221, 73.0167637) → (31.5387557, 73.1179928) = 13757.0 m
2026-03-19 21:56:32.295 | DEBUG    | utils.geo_utils:haversine_distance:20 - Haversine: (31.4501221, 73.0167637) → (31.4421891, 73.0488431) = 3168.4 m
2026-03-19 21:56:32.295 | DEBUG    | utils.geo_utils:haversine_distance:20 - Haversine: (31.4501221, 73.0167637) → (31.3692862, 73.1170689) = 13092.2 m
2026-03-19 21:56:32.295 | DEBUG    | utils.geo_utils:haversine_distance:20 - Haversine: (31.4501221, 73.0167637) → (31.4061175, 73.0614543) = 6474.8 m
2026-03-19 21:56:32.295 | DEBUG    | utils.geo_utils:haversine_distance:20 - Haversine: (31.4501221, 73.0167637) → (31.3167535, 73.0113182) = 14838.9 m
2026-03-19 21:56:32.295 | DEBUG    | utils.geo_utils:haversine_distance:20 - Haversine: (31.4501221, 73.0167637) → (31.3924201, 73.1484106) = 14043.3 m
2026-03-19 21:56:32.295 | DEBUG    | utils.geo_utils:haversine_distance:20 - Haversine: (31.4501221, 73.0167637) → (31.4117722, 73.1782013) = 15899.6 m
2026-03-19 21:56:32.295 | DEBUG    | utils.geo_utils:haversine_distance:20 - Haversine: (31.4501221, 73.0167637) → (31.5128629, 73.162791) = 15505.6 m
2026-03-19 21:56:32.295 | DEBUG    | utils.geo_utils:haversine_distance:20 - Haversine: (31.4501221, 73.0167637) → (31.529565, 73.1992451) = 19427.3 m
2026-03-19 21:56:32.295 | DEBUG    | utils.geo_utils:haversine_distance:20 - Haversine: (31.5430616, 73.0707433) → (31.3072856, 73.0549935) = 26259.7 m
2026-03-19 21:56:32.295 | DEBUG    | utils.geo_utils:haversine_distance:20 - Haversine: (31.5430616, 73.0707433) → (31.3889927, 73.0861674) = 17194.0 m
2026-03-19 21:56:32.295 | DEBUG    | utils.geo_utils:haversine_distance:20 - Haversine: (31.5430616, 73.0707433) → (31.5213226, 73.0368397) = 4021.0 m
2026-03-19 21:56:32.296 | DEBUG    | utils.geo_utils:haversine_distance:20 - Haversine: (31.5430616, 73.0707433) → (31.4894131, 73.0285499) = 7182.2 m
2026-03-19 21:56:32.296 | DEBUG    | utils.geo_utils:haversine_distance:20 - Haversine: (31.5430616, 73.0707433) → (31.3337119, 73.0384088) = 23479.9 m
2026-03-19 21:56:32.296 | DEBUG    | utils.geo_utils:haversine_distance:20 - Haversine: (31.5430616, 73.0707433) → (31.4239089, 73.0778292) = 13266.2 m
2026-03-19 21:56:32.296 | DEBUG    | utils.geo_utils:haversine_distance:20 - Haversine: (31.5430616, 73.0707433) → (31.5387557, 73.1179928) = 4503.3 m
2026-03-19 21:56:32.296 | DEBUG    | utils.geo_utils:haversine_distance:20 - Haversine: (31.5430616, 73.0707433) → (31.4421891, 73.0488431) = 11407.1 m
2026-03-19 21:56:32.296 | DEBUG    | utils.geo_utils:haversine_distance:20 - Haversine: (31.5430616, 73.0707433) → (31.3692862, 73.1170689) = 19816.3 m
2026-03-19 21:56:32.296 | DEBUG    | utils.geo_utils:haversine_distance:20 - Haversine: (31.5430616, 73.0707433) → (31.4061175, 73.0614543) = 15252.9 m
2026-03-19 21:56:32.296 | DEBUG    | utils.geo_utils:haversine_distance:20 - Haversine: (31.5430616, 73.0707433) → (31.3167535, 73.0113182) = 25788.2 m
2026-03-19 21:56:32.296 | DEBUG    | utils.geo_utils:haversine_distance:20 - Haversine: (31.5430616, 73.0707433) → (31.3924201, 73.1484106) = 18298.7 m
2026-03-19 21:56:32.296 | DEBUG    | utils.geo_utils:haversine_distance:20 - Haversine: (31.5430616, 73.0707433) → (31.4117722, 73.1782013) = 17803.6 m
2026-03-19 21:56:32.296 | DEBUG    | utils.geo_utils:haversine_distance:20 - Haversine: (31.5430616, 73.0707433) → (31.5128629, 73.162791) = 9348.3 m
2026-03-19 21:56:32.296 | DEBUG    | utils.geo_utils:haversine_distance:20 - Haversine: (31.5430616, 73.0707433) → (31.529565, 73.1992451) = 12270.5 m
2026-03-19 21:56:32.296 | DEBUG    | utils.geo_utils:haversine_distance:20 - Haversine: (31.5430616, 73.0707433) → (31.4501221, 73.0167637) = 11532.3 m
2026-03-19 21:56:32.296 | DEBUG    | utils.geo_utils:haversine_distance:20 - Haversine: (31.4763902, 73.0861569) → (31.3072856, 73.0549935) = 19034.8 m
2026-03-19 21:56:32.297 | DEBUG    | utils.geo_utils:haversine_distance:20 - Haversine: (31.4763902, 73.0861569) → (31.3889927, 73.0861674) = 9718.2 m
2026-03-19 21:56:32.297 | DEBUG    | utils.geo_utils:haversine_distance:20 - Haversine: (31.4763902, 73.0861569) → (31.5213226, 73.0368397) = 6842.9 m
2026-03-19 21:56:32.297 | DEBUG    | utils.geo_utils:haversine_distance:20 - Haversine: (31.4763902, 73.0861569) → (31.4894131, 73.0285499) = 5651.4 m
2026-03-19 21:56:32.297 | DEBUG    | utils.geo_utils:haversine_distance:20 - Haversine: (31.4763902, 73.0861569) → (31.3337119, 73.0384088) = 16499.6 m
2026-03-19 21:56:32.297 | DEBUG    | utils.geo_utils:haversine_distance:20 - Haversine: (31.4763902, 73.0861569) → (31.4239089, 73.0778292) = 5888.9 m
2026-03-19 21:56:32.297 | DEBUG    | utils.geo_utils:haversine_distance:20 - Haversine: (31.4763902, 73.0861569) → (31.5387557, 73.1179928) = 7563.0 m
2026-03-19 21:56:32.297 | DEBUG    | utils.geo_utils:haversine_distance:20 - Haversine: (31.4763902, 73.0861569) → (31.4421891, 73.0488431) = 5195.1 m
2026-03-19 21:56:32.297 | DEBUG    | utils.geo_utils:haversine_distance:20 - Haversine: (31.4763902, 73.0861569) → (31.3692862, 73.1170689) = 12265.3 m
2026-03-19 21:56:32.297 | DEBUG    | utils.geo_utils:haversine_distance:20 - Haversine: (31.4763902, 73.0861569) → (31.4061175, 73.0614543) = 8157.8 m
2026-03-19 21:56:32.297 | DEBUG    | utils.geo_utils:haversine_distance:20 - Haversine: (31.4763902, 73.0861569) → (31.3167535, 73.0113182) = 19119.3 m
2026-03-19 21:56:32.297 | DEBUG    | utils.geo_utils:haversine_distance:20 - Haversine: (31.4763902, 73.0861569) → (31.3924201, 73.1484106) = 11048.3 m
2026-03-19 21:56:32.297 | DEBUG    | utils.geo_utils:haversine_distance:20 - Haversine: (31.4763902, 73.0861569) → (31.4117722, 73.1782013) = 11308.1 m
2026-03-19 21:56:32.297 | DEBUG    | utils.geo_utils:haversine_distance:20 - Haversine: (31.4763902, 73.0861569) → (31.5128629, 73.162791) = 8321.2 m
2026-03-19 21:56:32.297 | DEBUG    | utils.geo_utils:haversine_distance:20 - Haversine: (31.4763902, 73.0861569) → (31.529565, 73.1992451) = 12243.8 m
2026-03-19 21:56:32.298 | DEBUG    | utils.geo_utils:haversine_distance:20 - Haversine: (31.4763902, 73.0861569) → (31.4501221, 73.0167637) = 7200.7 m
2026-03-19 21:56:32.298 | DEBUG    | utils.geo_utils:haversine_distance:20 - Haversine: (31.4763902, 73.0861569) → (31.5430616, 73.0707433) = 7556.2 m
2026-03-19 21:56:32.298 | DEBUG    | utils.geo_utils:haversine_distance:20 - Haversine: (31.4083869, 73.0024409) → (31.3072856, 73.0549935) = 12299.7 m
2026-03-19 21:56:32.298 | DEBUG    | utils.geo_utils:haversine_distance:20 - Haversine: (31.4083869, 73.0024409) → (31.3889927, 73.0861674) = 8234.1 m
2026-03-19 21:56:32.298 | DEBUG    | utils.geo_utils:haversine_distance:20 - Haversine: (31.4083869, 73.0024409) → (31.5213226, 73.0368397) = 12974.8 m
2026-03-19 21:56:32.298 | DEBUG    | utils.geo_utils:haversine_distance:20 - Haversine: (31.4083869, 73.0024409) → (31.4894131, 73.0285499) = 9343.9 m
2026-03-19 21:56:32.298 | DEBUG    | utils.geo_utils:haversine_distance:20 - Haversine: (31.4083869, 73.0024409) → (31.3337119, 73.0384088) = 8978.2 m
2026-03-19 21:56:32.298 | DEBUG    | utils.geo_utils:haversine_distance:20 - Haversine: (31.4083869, 73.0024409) → (31.4239089, 73.0778292) = 7359.2 m
2026-03-19 21:56:32.298 | DEBUG    | utils.geo_utils:haversine_distance:20 - Haversine: (31.4083869, 73.0024409) → (31.5387557, 73.1179928) = 18172.3 m
2026-03-19 21:56:32.298 | DEBUG    | utils.geo_utils:haversine_distance:20 - Haversine: (31.4083869, 73.0024409) → (31.4421891, 73.0488431) = 5789.0 m
2026-03-19 21:56:32.298 | DEBUG    | utils.geo_utils:haversine_distance:20 - Haversine: (31.4083869, 73.0024409) → (31.3692862, 73.1170689) = 11717.2 m
2026-03-19 21:56:32.298 | DEBUG    | utils.geo_utils:haversine_distance:20 - Haversine: (31.4083869, 73.0024409) → (31.4061175, 73.0614543) = 5606.2 m
2026-03-19 21:56:32.298 | DEBUG    | utils.geo_utils:haversine_distance:20 - Haversine: (31.4083869, 73.0024409) → (31.3167535, 73.0113182) = 10224.0 m
2026-03-19 21:56:32.298 | DEBUG    | utils.geo_utils:haversine_distance:20 - Haversine: (31.4083869, 73.0024409) → (31.3924201, 73.1484106) = 13967.3 m
2026-03-19 21:56:32.298 | DEBUG    | utils.geo_utils:haversine_distance:20 - Haversine: (31.4083869, 73.0024409) → (31.4117722, 73.1782013) = 16684.0 m
2026-03-19 21:56:32.298 | DEBUG    | utils.geo_utils:haversine_distance:20 - Haversine: (31.4083869, 73.0024409) → (31.5128629, 73.162791) = 19138.3 m
2026-03-19 21:56:32.298 | DEBUG    | utils.geo_utils:haversine_distance:20 - Haversine: (31.4083869, 73.0024409) → (31.529565, 73.1992451) = 23020.5 m
2026-03-19 21:56:32.298 | DEBUG    | utils.geo_utils:haversine_distance:20 - Haversine: (31.4083869, 73.0024409) → (31.4501221, 73.0167637) = 4835.6 m
2026-03-19 21:56:32.298 | DEBUG    | utils.geo_utils:haversine_distance:20 - Haversine: (31.4083869, 73.0024409) → (31.5430616, 73.0707433) = 16316.0 m
2026-03-19 21:56:32.298 | DEBUG    | utils.geo_utils:haversine_distance:20 - Haversine: (31.4083869, 73.0024409) → (31.4763902, 73.0861569) = 10966.0 m
2026-03-19 21:56:32.298 | DEBUG    | utils.geo_utils:haversine_distance:20 - Haversine: (31.4472489, 73.1583999) → (31.3072856, 73.0549935) = 18400.6 m
2026-03-19 21:56:32.299 | DEBUG    | utils.geo_utils:haversine_distance:20 - Haversine: (31.4472489, 73.1583999) → (31.3889927, 73.0861674) = 9431.0 m
2026-03-19 21:56:32.299 | DEBUG    | utils.geo_utils:haversine_distance:20 - Haversine: (31.4472489, 73.1583999) → (31.5213226, 73.0368397) = 14167.3 m
2026-03-19 21:56:32.299 | DEBUG    | utils.geo_utils:haversine_distance:20 - Haversine: (31.4472489, 73.1583999) → (31.4894131, 73.0285499) = 13177.4 m
2026-03-19 21:56:32.299 | DEBUG    | utils.geo_utils:haversine_distance:20 - Haversine: (31.4472489, 73.1583999) → (31.3337119, 73.0384088) = 17003.1 m
2026-03-19 21:56:32.299 | DEBUG    | utils.geo_utils:haversine_distance:20 - Haversine: (31.4472489, 73.1583999) → (31.4239089, 73.0778292) = 8072.7 m
2026-03-19 21:56:32.299 | DEBUG    | utils.geo_utils:haversine_distance:20 - Haversine: (31.4472489, 73.1583999) → (31.5387557, 73.1179928) = 10872.5 m
2026-03-19 21:56:32.299 | DEBUG    | utils.geo_utils:haversine_distance:20 - Haversine: (31.4472489, 73.1583999) → (31.4421891, 73.0488431) = 10408.4 m
2026-03-19 21:56:32.299 | DEBUG    | utils.geo_utils:haversine_distance:20 - Haversine: (31.4472489, 73.1583999) → (31.3692862, 73.1170689) = 9515.1 m
2026-03-19 21:56:32.299 | DEBUG    | utils.geo_utils:haversine_distance:20 - Haversine: (31.4472489, 73.1583999) → (31.4061175, 73.0614543) = 10272.8 m
2026-03-19 21:56:32.299 | DEBUG    | utils.geo_utils:haversine_distance:20 - Haversine: (31.4472489, 73.1583999) → (31.3167535, 73.0113182) = 20137.0 m
2026-03-19 21:56:32.299 | DEBUG    | utils.geo_utils:haversine_distance:20 - Haversine: (31.4472489, 73.1583999) → (31.3924201, 73.1484106) = 6169.9 m
2026-03-19 21:56:32.299 | DEBUG    | utils.geo_utils:haversine_distance:20 - Haversine: (31.4472489, 73.1583999) → (31.4117722, 73.1782013) = 4369.4 m
2026-03-19 21:56:32.299 | DEBUG    | utils.geo_utils:haversine_distance:20 - Haversine: (31.4472489, 73.1583999) → (31.5128629, 73.162791) = 7307.8 m
2026-03-19 21:56:32.299 | DEBUG    | utils.geo_utils:haversine_distance:20 - Haversine: (31.4472489, 73.1583999) → (31.529565, 73.1992451) = 9938.8 m
2026-03-19 21:56:32.299 | DEBUG    | utils.geo_utils:haversine_distance:20 - Haversine: (31.4472489, 73.1583999) → (31.4501221, 73.0167637) = 13439.6 m
2026-03-19 21:56:32.300 | DEBUG    | utils.geo_utils:haversine_distance:20 - Haversine: (31.4472489, 73.1583999) → (31.5430616, 73.0707433) = 13512.2 m
2026-03-19 21:56:32.300 | DEBUG    | utils.geo_utils:haversine_distance:20 - Haversine: (31.4472489, 73.1583999) → (31.4763902, 73.0861569) = 7579.7 m
2026-03-19 21:56:32.300 | DEBUG    | utils.geo_utils:haversine_distance:20 - Haversine: (31.4472489, 73.1583999) → (31.4083869, 73.0024409) = 15415.8 m
2026-03-19 21:56:32.300 | DEBUG    | utils.geo_utils:haversine_distance:20 - Haversine: (31.408574, 73.0498614) → (31.3072856, 73.0549935) = 11273.3 m
2026-03-19 21:56:32.300 | DEBUG    | utils.geo_utils:haversine_distance:20 - Haversine: (31.408574, 73.0498614) → (31.3889927, 73.0861674) = 4076.1 m
2026-03-19 21:56:32.300 | DEBUG    | utils.geo_utils:haversine_distance:20 - Haversine: (31.408574, 73.0498614) → (31.5213226, 73.0368397) = 12597.8 m
2026-03-19 21:56:32.300 | DEBUG    | utils.geo_utils:haversine_distance:20 - Haversine: (31.408574, 73.0498614) → (31.4894131, 73.0285499) = 9213.4 m
2026-03-19 21:56:32.300 | DEBUG    | utils.geo_utils:haversine_distance:20 - Haversine: (31.408574, 73.0498614) → (31.3337119, 73.0384088) = 8395.0 m
2026-03-19 21:56:32.300 | DEBUG    | utils.geo_utils:haversine_distance:20 - Haversine: (31.408574, 73.0498614) → (31.4239089, 73.0778292) = 3154.5 m
2026-03-19 21:56:32.300 | DEBUG    | utils.geo_utils:haversine_distance:20 - Haversine: (31.408574, 73.0498614) → (31.5387557, 73.1179928) = 15852.1 m
2026-03-19 21:56:32.300 | DEBUG    | utils.geo_utils:haversine_distance:20 - Haversine: (31.408574, 73.0498614) → (31.4421891, 73.0488431) = 3739.1 m
2026-03-19 21:56:32.300 | DEBUG    | utils.geo_utils:haversine_distance:20 - Haversine: (31.408574, 73.0498614) → (31.3692862, 73.1170689) = 7731.9 m
2026-03-19 21:56:32.300 | DEBUG    | utils.geo_utils:haversine_distance:20 - Haversine: (31.408574, 73.0498614) → (31.4061175, 73.0614543) = 1133.6 m
2026-03-19 21:56:32.300 | DEBUG    | utils.geo_utils:haversine_distance:20 - Haversine: (31.408574, 73.0498614) → (31.3167535, 73.0113182) = 10846.0 m
2026-03-19 21:56:32.300 | DEBUG    | utils.geo_utils:haversine_distance:20 - Haversine: (31.408574, 73.0498614) → (31.3924201, 73.1484106) = 9524.2 m
2026-03-19 21:56:32.300 | DEBUG    | utils.geo_utils:haversine_distance:20 - Haversine: (31.408574, 73.0498614) → (31.4117722, 73.1782013) = 12184.7 m
2026-03-19 21:56:32.301 | DEBUG    | utils.geo_utils:haversine_distance:20 - Haversine: (31.408574, 73.0498614) → (31.5128629, 73.162791) = 15786.3 m
2026-03-19 21:56:32.301 | DEBUG    | utils.geo_utils:haversine_distance:20 - Haversine: (31.408574, 73.0498614) → (31.529565, 73.1992451) = 19537.7 m
2026-03-19 21:56:32.301 | DEBUG    | utils.geo_utils:haversine_distance:20 - Haversine: (31.408574, 73.0498614) → (31.4501221, 73.0167637) = 5586.2 m
2026-03-19 21:56:32.301 | DEBUG    | utils.geo_utils:haversine_distance:20 - Haversine: (31.408574, 73.0498614) → (31.5430616, 73.0707433) = 15084.9 m
2026-03-19 21:56:32.301 | DEBUG    | utils.geo_utils:haversine_distance:20 - Haversine: (31.408574, 73.0498614) → (31.4763902, 73.0861569) = 8289.8 m
2026-03-19 21:56:32.301 | DEBUG    | utils.geo_utils:haversine_distance:20 - Haversine: (31.408574, 73.0498614) → (31.4083869, 73.0024409) = 4500.3 m
2026-03-19 21:56:32.301 | DEBUG    | utils.geo_utils:haversine_distance:20 - Haversine: (31.408574, 73.0498614) → (31.4472489, 73.1583999) = 11160.2 m
2026-03-19 21:56:32.301 | DEBUG    | utils.geo_utils:haversine_distance:20 - Haversine: (31.3871193, 73.1097179) → (31.3072856, 73.0549935) = 10286.4 m
2026-03-19 21:56:32.301 | DEBUG    | utils.geo_utils:haversine_distance:20 - Haversine: (31.3871193, 73.1097179) → (31.3889927, 73.0861674) = 2245.2 m
2026-03-19 21:56:32.301 | DEBUG    | utils.geo_utils:haversine_distance:20 - Haversine: (31.3871193, 73.1097179) → (31.5213226, 73.0368397) = 16446.2 m
2026-03-19 21:56:32.301 | DEBUG    | utils.geo_utils:haversine_distance:20 - Haversine: (31.3871193, 73.1097179) → (31.4894131, 73.0285499) = 13736.0 m
2026-03-19 21:56:32.301 | DEBUG    | utils.geo_utils:haversine_distance:20 - Haversine: (31.3871193, 73.1097179) → (31.3337119, 73.0384088) = 9006.2 m
2026-03-19 21:56:32.301 | DEBUG    | utils.geo_utils:haversine_distance:20 - Haversine: (31.3871193, 73.1097179) → (31.4239089, 73.0778292) = 5088.6 m
2026-03-19 21:56:32.301 | DEBUG    | utils.geo_utils:haversine_distance:20 - Haversine: (31.3871193, 73.1097179) → (31.5387557, 73.1179928) = 16879.5 m
2026-03-19 21:56:32.301 | DEBUG    | utils.geo_utils:haversine_distance:20 - Haversine: (31.3871193, 73.1097179) → (31.4421891, 73.0488431) = 8418.3 m
2026-03-19 21:56:32.301 | DEBUG    | utils.geo_utils:haversine_distance:20 - Haversine: (31.3871193, 73.1097179) → (31.3692862, 73.1170689) = 2102.2 m
2026-03-19 21:56:32.302 | DEBUG    | utils.geo_utils:haversine_distance:20 - Haversine: (31.3871193, 73.1097179) → (31.4061175, 73.0614543) = 5044.5 m
2026-03-19 21:56:32.302 | DEBUG    | utils.geo_utils:haversine_distance:20 - Haversine: (31.3871193, 73.1097179) → (31.3167535, 73.0113182) = 12187.3 m
2026-03-19 21:56:32.302 | DEBUG    | utils.geo_utils:haversine_distance:20 - Haversine: (31.3871193, 73.1097179) → (31.3924201, 73.1484106) = 3719.7 m
2026-03-19 21:56:32.302 | DEBUG    | utils.geo_utils:haversine_distance:20 - Haversine: (31.3871193, 73.1097179) → (31.4117722, 73.1782013) = 7054.2 m
2026-03-19 21:56:32.302 | DEBUG    | utils.geo_utils:haversine_distance:20 - Haversine: (31.3871193, 73.1097179) → (31.5128629, 73.162791) = 14860.8 m
2026-03-19 21:56:32.302 | DEBUG    | utils.geo_utils:haversine_distance:20 - Haversine: (31.3871193, 73.1097179) → (31.529565, 73.1992451) = 17972.0 m
2026-03-19 21:56:32.302 | DEBUG    | utils.geo_utils:haversine_distance:20 - Haversine: (31.3871193, 73.1097179) → (31.4501221, 73.0167637) = 11264.1 m
2026-03-19 21:56:32.302 | DEBUG    | utils.geo_utils:haversine_distance:20 - Haversine: (31.3871193, 73.1097179) → (31.5430616, 73.0707433) = 17729.6 m
2026-03-19 21:56:32.302 | DEBUG    | utils.geo_utils:haversine_distance:20 - Haversine: (31.3871193, 73.1097179) → (31.4763902, 73.0861569) = 10175.1 m
2026-03-19 21:56:32.302 | DEBUG    | utils.geo_utils:haversine_distance:20 - Haversine: (31.3871193, 73.1097179) → (31.4083869, 73.0024409) = 10453.0 m
2026-03-19 21:56:32.302 | DEBUG    | utils.geo_utils:haversine_distance:20 - Haversine: (31.3871193, 73.1097179) → (31.4472489, 73.1583999) = 8126.8 m
2026-03-19 21:56:32.302 | DEBUG    | utils.geo_utils:haversine_distance:20 - Haversine: (31.3871193, 73.1097179) → (31.408574, 73.0498614) = 6161.7 m
2026-03-19 21:56:32.302 | DEBUG    | utils.geo_utils:haversine_distance:20 - Haversine: (31.5021142, 73.0500985) → (31.3072856, 73.0549935) = 21668.9 m
2026-03-19 21:56:32.302 | DEBUG    | utils.geo_utils:haversine_distance:20 - Haversine: (31.5021142, 73.0500985) → (31.3889927, 73.0861674) = 13035.6 m
2026-03-19 21:56:32.302 | DEBUG    | utils.geo_utils:haversine_distance:20 - Haversine: (31.5021142, 73.0500985) → (31.5213226, 73.0368397) = 2478.3 m
2026-03-19 21:56:32.302 | DEBUG    | utils.geo_utils:haversine_distance:20 - Haversine: (31.5021142, 73.0500985) → (31.4894131, 73.0285499) = 2483.7 m
2026-03-19 21:56:32.303 | DEBUG    | utils.geo_utils:haversine_distance:20 - Haversine: (31.5021142, 73.0500985) → (31.3337119, 73.0384088) = 18758.3 m
2026-03-19 21:56:32.303 | DEBUG    | utils.geo_utils:haversine_distance:20 - Haversine: (31.5021142, 73.0500985) → (31.4239089, 73.0778292) = 9085.1 m
2026-03-19 21:56:32.303 | DEBUG    | utils.geo_utils:haversine_distance:20 - Haversine: (31.5021142, 73.0500985) → (31.5387557, 73.1179928) = 7616.9 m
2026-03-19 21:56:32.303 | DEBUG    | utils.geo_utils:haversine_distance:20 - Haversine: (31.5021142, 73.0500985) → (31.4421891, 73.0488431) = 6664.4 m
2026-03-19 21:56:32.303 | DEBUG    | utils.geo_utils:haversine_distance:20 - Haversine: (31.5021142, 73.0500985) → (31.3692862, 73.1170689) = 16078.5 m
2026-03-19 21:56:32.303 | DEBUG    | utils.geo_utils:haversine_distance:20 - Haversine: (31.5021142, 73.0500985) → (31.4061175, 73.0614543) = 10728.6 m
2026-03-19 21:56:32.303 | DEBUG    | utils.geo_utils:haversine_distance:20 - Haversine: (31.5021142, 73.0500985) → (31.3167535, 73.0113182) = 20937.2 m
2026-03-19 21:56:32.303 | DEBUG    | utils.geo_utils:haversine_distance:20 - Haversine: (31.5021142, 73.0500985) → (31.3924201, 73.1484106) = 15354.3 m
2026-03-19 21:56:32.303 | DEBUG    | utils.geo_utils:haversine_distance:20 - Haversine: (31.5021142, 73.0500985) → (31.4117722, 73.1782013) = 15765.7 m
2026-03-19 21:56:32.303 | DEBUG    | utils.geo_utils:haversine_distance:20 - Haversine: (31.5021142, 73.0500985) → (31.5128629, 73.162791) = 10750.1 m
2026-03-19 21:56:32.303 | DEBUG    | utils.geo_utils:haversine_distance:20 - Haversine: (31.5021142, 73.0500985) → (31.529565, 73.1992451) = 14463.8 m
2026-03-19 21:56:32.303 | DEBUG    | utils.geo_utils:haversine_distance:20 - Haversine: (31.5021142, 73.0500985) → (31.4501221, 73.0167637) = 6589.1 m
2026-03-19 21:56:32.303 | DEBUG    | utils.geo_utils:haversine_distance:20 - Haversine: (31.5021142, 73.0500985) → (31.5430616, 73.0707433) = 4955.8 m
2026-03-19 21:56:32.303 | DEBUG    | utils.geo_utils:haversine_distance:20 - Haversine: (31.5021142, 73.0500985) → (31.4763902, 73.0861569) = 4457.8 m
2026-03-19 21:56:32.303 | DEBUG    | utils.geo_utils:haversine_distance:20 - Haversine: (31.5021142, 73.0500985) → (31.4083869, 73.0024409) = 11360.2 m
2026-03-19 21:56:32.303 | DEBUG    | utils.geo_utils:haversine_distance:20 - Haversine: (31.5021142, 73.0500985) → (31.4472489, 73.1583999) = 11946.0 m
2026-03-19 21:56:32.304 | DEBUG    | utils.geo_utils:haversine_distance:20 - Haversine: (31.5021142, 73.0500985) → (31.408574, 73.0498614) = 10401.2 m
2026-03-19 21:56:32.304 | DEBUG    | utils.geo_utils:haversine_distance:20 - Haversine: (31.5021142, 73.0500985) → (31.3871193, 73.1097179) = 13981.8 m
2026-03-19 21:56:32.304 | DEBUG    | utils.geo_utils:haversine_distance:20 - Haversine: (31.4880564, 73.1794476) → (31.3072856, 73.0549935) = 23314.6 m
2026-03-19 21:56:32.304 | DEBUG    | utils.geo_utils:haversine_distance:20 - Haversine: (31.4880564, 73.1794476) → (31.3889927, 73.0861674) = 14129.9 m
2026-03-19 21:56:32.304 | DEBUG    | utils.geo_utils:haversine_distance:20 - Haversine: (31.4880564, 73.1794476) → (31.5213226, 73.0368397) = 14016.8 m
2026-03-19 21:56:32.304 | DEBUG    | utils.geo_utils:haversine_distance:20 - Haversine: (31.4880564, 73.1794476) → (31.4894131, 73.0285499) = 14309.0 m
2026-03-19 21:56:32.304 | DEBUG    | utils.geo_utils:haversine_distance:20 - Haversine: (31.4880564, 73.1794476) → (31.3337119, 73.0384088) = 21764.4 m
2026-03-19 21:56:32.304 | DEBUG    | utils.geo_utils:haversine_distance:20 - Haversine: (31.4880564, 73.1794476) → (31.4239089, 73.0778292) = 11991.1 m
2026-03-19 21:56:32.304 | DEBUG    | utils.geo_utils:haversine_distance:20 - Haversine: (31.4880564, 73.1794476) → (31.5387557, 73.1179928) = 8106.8 m
2026-03-19 21:56:32.304 | DEBUG    | utils.geo_utils:haversine_distance:20 - Haversine: (31.4880564, 73.1794476) → (31.4421891, 73.0488431) = 13396.0 m
2026-03-19 21:56:32.304 | DEBUG    | utils.geo_utils:haversine_distance:20 - Haversine: (31.4880564, 73.1794476) → (31.3692862, 73.1170689) = 14472.2 m
2026-03-19 21:56:32.304 | DEBUG    | utils.geo_utils:haversine_distance:20 - Haversine: (31.4880564, 73.1794476) → (31.4061175, 73.0614543) = 14432.6 m
2026-03-19 21:56:32.304 | DEBUG    | utils.geo_utils:haversine_distance:20 - Haversine: (31.4880564, 73.1794476) → (31.3167535, 73.0113182) = 24848.5 m
2026-03-19 21:56:32.304 | DEBUG    | utils.geo_utils:haversine_distance:20 - Haversine: (31.4880564, 73.1794476) → (31.3924201, 73.1484106) = 11034.4 m
2026-03-19 21:56:32.304 | DEBUG    | utils.geo_utils:haversine_distance:20 - Haversine: (31.4880564, 73.1794476) → (31.4117722, 73.1782013) = 8483.2 m
2026-03-19 21:56:32.305 | DEBUG    | utils.geo_utils:haversine_distance:20 - Haversine: (31.4880564, 73.1794476) → (31.5128629, 73.162791) = 3178.4 m
2026-03-19 21:56:32.305 | DEBUG    | utils.geo_utils:haversine_distance:20 - Haversine: (31.4880564, 73.1794476) → (31.529565, 73.1992451) = 4982.5 m
2026-03-19 21:56:32.305 | DEBUG    | utils.geo_utils:haversine_distance:20 - Haversine: (31.4880564, 73.1794476) → (31.4501221, 73.0167637) = 15995.2 m
2026-03-19 21:56:32.305 | DEBUG    | utils.geo_utils:haversine_distance:20 - Haversine: (31.4880564, 73.1794476) → (31.5430616, 73.0707433) = 11982.9 m
2026-03-19 21:56:32.305 | DEBUG    | utils.geo_utils:haversine_distance:20 - Haversine: (31.4880564, 73.1794476) → (31.4763902, 73.0861569) = 8941.1 m
2026-03-19 21:56:32.305 | DEBUG    | utils.geo_utils:haversine_distance:20 - Haversine: (31.4880564, 73.1794476) → (31.4083869, 73.0024409) = 18984.8 m
2026-03-19 21:56:32.305 | DEBUG    | utils.geo_utils:haversine_distance:20 - Haversine: (31.4880564, 73.1794476) → (31.4472489, 73.1583999) = 4957.3 m
2026-03-19 21:56:32.305 | DEBUG    | utils.geo_utils:haversine_distance:20 - Haversine: (31.4880564, 73.1794476) → (31.408574, 73.0498614) = 15140.1 m
2026-03-19 21:56:32.305 | DEBUG    | utils.geo_utils:haversine_distance:20 - Haversine: (31.4880564, 73.1794476) → (31.3871193, 73.1097179) = 13028.2 m
2026-03-19 21:56:32.305 | DEBUG    | utils.geo_utils:haversine_distance:20 - Haversine: (31.4880564, 73.1794476) → (31.5021142, 73.0500985) = 12363.4 m
2026-03-19 21:56:32.306 | DEBUG    | utils.geo_utils:haversine_distance:20 - Haversine: (31.5182565, 73.1164986) → (31.3072856, 73.0549935) = 24174.1 m
2026-03-19 21:56:32.306 | DEBUG    | utils.geo_utils:haversine_distance:20 - Haversine: (31.5182565, 73.1164986) → (31.3889927, 73.0861674) = 14658.6 m
2026-03-19 21:56:32.306 | DEBUG    | utils.geo_utils:haversine_distance:20 - Haversine: (31.5182565, 73.1164986) → (31.5213226, 73.0368397) = 7558.5 m
2026-03-19 21:56:32.306 | DEBUG    | utils.geo_utils:haversine_distance:20 - Haversine: (31.5182565, 73.1164986) → (31.4894131, 73.0285499) = 8933.6 m
2026-03-19 21:56:32.306 | DEBUG    | utils.geo_utils:haversine_distance:20 - Haversine: (31.5182565, 73.1164986) → (31.3337119, 73.0384088) = 21817.2 m
2026-03-19 21:56:32.306 | DEBUG    | utils.geo_utils:haversine_distance:20 - Haversine: (31.5182565, 73.1164986) → (31.4239089, 73.0778292) = 11113.5 m
2026-03-19 21:56:32.306 | DEBUG    | utils.geo_utils:haversine_distance:20 - Haversine: (31.5182565, 73.1164986) → (31.5387557, 73.1179928) = 2283.8 m
2026-03-19 21:56:32.306 | DEBUG    | utils.geo_utils:haversine_distance:20 - Haversine: (31.5182565, 73.1164986) → (31.4421891, 73.0488431) = 10616.2 m
2026-03-19 21:56:32.306 | DEBUG    | utils.geo_utils:haversine_distance:20 - Haversine: (31.5182565, 73.1164986) → (31.3692862, 73.1170689) = 16564.8 m
2026-03-19 21:56:32.307 | DEBUG    | utils.geo_utils:haversine_distance:20 - Haversine: (31.5182565, 73.1164986) → (31.4061175, 73.0614543) = 13518.1 m
2026-03-19 21:56:32.307 | DEBUG    | utils.geo_utils:haversine_distance:20 - Haversine: (31.5182565, 73.1164986) → (31.3167535, 73.0113182) = 24528.6 m
2026-03-19 21:56:32.307 | DEBUG    | utils.geo_utils:haversine_distance:20 - Haversine: (31.5182565, 73.1164986) → (31.3924201, 73.1484106) = 14316.0 m
2026-03-19 21:56:32.307 | DEBUG    | utils.geo_utils:haversine_distance:20 - Haversine: (31.5182565, 73.1164986) → (31.4117722, 73.1782013) = 13207.8 m
2026-03-19 21:56:32.307 | DEBUG    | utils.geo_utils:haversine_distance:20 - Haversine: (31.5182565, 73.1164986) → (31.5128629, 73.162791) = 4429.0 m
2026-03-19 21:56:32.307 | DEBUG    | utils.geo_utils:haversine_distance:20 - Haversine: (31.5182565, 73.1164986) → (31.529565, 73.1992451) = 7943.3 m
2026-03-19 21:56:32.307 | DEBUG    | utils.geo_utils:haversine_distance:20 - Haversine: (31.5182565, 73.1164986) → (31.4501221, 73.0167637) = 12117.8 m
2026-03-19 21:56:32.309 | DEBUG    | utils.geo_utils:haversine_distance:20 - Haversine: (31.5182565, 73.1164986) → (31.5430616, 73.0707433) = 5139.4 m
2026-03-19 21:56:32.309 | DEBUG    | utils.geo_utils:haversine_distance:20 - Haversine: (31.5182565, 73.1164986) → (31.4763902, 73.0861569) = 5472.5 m
2026-03-19 21:56:32.309 | DEBUG    | utils.geo_utils:haversine_distance:20 - Haversine: (31.5182565, 73.1164986) → (31.4083869, 73.0024409) = 16318.1 m
2026-03-19 21:56:32.309 | DEBUG    | utils.geo_utils:haversine_distance:20 - Haversine: (31.5182565, 73.1164986) → (31.4472489, 73.1583999) = 8839.1 m
2026-03-19 21:56:32.310 | DEBUG    | utils.geo_utils:haversine_distance:20 - Haversine: (31.5182565, 73.1164986) → (31.408574, 73.0498614) = 13736.5 m
2026-03-19 21:56:32.310 | DEBUG    | utils.geo_utils:haversine_distance:20 - Haversine: (31.5182565, 73.1164986) → (31.3871193, 73.1097179) = 14596.0 m
2026-03-19 21:56:32.310 | DEBUG    | utils.geo_utils:haversine_distance:20 - Haversine: (31.5182565, 73.1164986) → (31.5021142, 73.0500985) = 6545.6 m
2026-03-19 21:56:32.310 | DEBUG    | utils.geo_utils:haversine_distance:20 - Haversine: (31.5182565, 73.1164986) → (31.4880564, 73.1794476) = 6847.9 m
2026-03-19 21:56:32.310 | DEBUG    | utils.geo_utils:haversine_distance:20 - Haversine: (31.4081312, 73.0240923) → (31.3072856, 73.0549935) = 11591.0 m
2026-03-19 21:56:32.310 | DEBUG    | utils.geo_utils:haversine_distance:20 - Haversine: (31.4081312, 73.0240923) → (31.3889927, 73.0861674) = 6264.2 m
2026-03-19 21:56:32.310 | DEBUG    | utils.geo_utils:haversine_distance:20 - Haversine: (31.4081312, 73.0240923) → (31.5213226, 73.0368397) = 12644.2 m
2026-03-19 21:56:32.310 | DEBUG    | utils.geo_utils:haversine_distance:20 - Haversine: (31.4081312, 73.0240923) → (31.4894131, 73.0285499) = 9048.0 m
2026-03-19 21:56:32.310 | DEBUG    | utils.geo_utils:haversine_distance:20 - Haversine: (31.4081312, 73.0240923) → (31.3337119, 73.0384088) = 8385.9 m
2026-03-19 21:56:32.310 | DEBUG    | utils.geo_utils:haversine_distance:20 - Haversine: (31.4081312, 73.0240923) → (31.4239089, 73.0778292) = 5392.7 m
2026-03-19 21:56:32.310 | DEBUG    | utils.geo_utils:haversine_distance:20 - Haversine: (31.4081312, 73.0240923) → (31.5387557, 73.1179928) = 17037.3 m
2026-03-19 21:56:32.310 | DEBUG    | utils.geo_utils:haversine_distance:20 - Haversine: (31.4081312, 73.0240923) → (31.4421891, 73.0488431) = 4456.1 m
2026-03-19 21:56:32.310 | DEBUG    | utils.geo_utils:haversine_distance:20 - Haversine: (31.4081312, 73.0240923) → (31.3692862, 73.1170689) = 9825.8 m
2026-03-19 21:56:32.310 | DEBUG    | utils.geo_utils:haversine_distance:20 - Haversine: (31.4081312, 73.0240923) → (31.4061175, 73.0614543) = 3552.8 m
2026-03-19 21:56:32.311 | DEBUG    | utils.geo_utils:haversine_distance:20 - Haversine: (31.4081312, 73.0240923) → (31.3167535, 73.0113182) = 10232.9 m
2026-03-19 21:56:32.311 | DEBUG    | utils.geo_utils:haversine_distance:20 - Haversine: (31.4081312, 73.0240923) → (31.3924201, 73.1484106) = 11927.7 m
2026-03-19 21:56:32.311 | DEBUG    | utils.geo_utils:haversine_distance:20 - Haversine: (31.4081312, 73.0240923) → (31.4117722, 73.1782013) = 14630.6 m
2026-03-19 21:56:32.311 | DEBUG    | utils.geo_utils:haversine_distance:20 - Haversine: (31.4081312, 73.0240923) → (31.5128629, 73.162791) = 17569.5 m
2026-03-19 21:56:32.311 | DEBUG    | utils.geo_utils:haversine_distance:20 - Haversine: (31.4081312, 73.0240923) → (31.529565, 73.1992451) = 21407.3 m
2026-03-19 21:56:32.311 | DEBUG    | utils.geo_utils:haversine_distance:20 - Haversine: (31.4081312, 73.0240923) → (31.4501221, 73.0167637) = 4720.7 m
2026-03-19 21:56:32.311 | DEBUG    | utils.geo_utils:haversine_distance:20 - Haversine: (31.4081312, 73.0240923) → (31.5430616, 73.0707433) = 15642.2 m
2026-03-19 21:56:32.311 | DEBUG    | utils.geo_utils:haversine_distance:20 - Haversine: (31.4081312, 73.0240923) → (31.4763902, 73.0861569) = 9606.1 m
2026-03-19 21:56:32.311 | DEBUG    | utils.geo_utils:haversine_distance:20 - Haversine: (31.4081312, 73.0240923) → (31.4083869, 73.0024409) = 2055.0 m
2026-03-19 21:56:32.311 | DEBUG    | utils.geo_utils:haversine_distance:20 - Haversine: (31.4081312, 73.0240923) → (31.4472489, 73.1583999) = 13465.3 m
2026-03-19 21:56:32.311 | DEBUG    | utils.geo_utils:haversine_distance:20 - Haversine: (31.4081312, 73.0240923) → (31.408574, 73.0498614) = 2446.0 m
2026-03-19 21:56:32.311 | DEBUG    | utils.geo_utils:haversine_distance:20 - Haversine: (31.4081312, 73.0240923) → (31.3871193, 73.1097179) = 8456.2 m
2026-03-19 21:56:32.311 | DEBUG    | utils.geo_utils:haversine_distance:20 - Haversine: (31.4081312, 73.0240923) → (31.5021142, 73.0500985) = 10737.6 m
2026-03-19 21:56:32.311 | DEBUG    | utils.geo_utils:haversine_distance:20 - Haversine: (31.4081312, 73.0240923) → (31.4880564, 73.1794476) = 17209.6 m
2026-03-19 21:56:32.311 | DEBUG    | utils.geo_utils:haversine_distance:20 - Haversine: (31.4081312, 73.0240923) → (31.5182565, 73.1164986) = 15058.7 m
2026-03-19 21:56:32.311 | DEBUG    | utils.geo_utils:haversine_distance:20 - Haversine: (31.5172749, 73.0130691) → (31.3072856, 73.0549935) = 23686.3 m
2026-03-19 21:56:32.311 | DEBUG    | utils.geo_utils:haversine_distance:20 - Haversine: (31.5172749, 73.0130691) → (31.3889927, 73.0861674) = 15860.3 m
2026-03-19 21:56:32.312 | DEBUG    | utils.geo_utils:haversine_distance:20 - Haversine: (31.5172749, 73.0130691) → (31.5213226, 73.0368397) = 2297.7 m
2026-03-19 21:56:32.312 | DEBUG    | utils.geo_utils:haversine_distance:20 - Haversine: (31.5172749, 73.0130691) → (31.4894131, 73.0285499) = 3428.2 m
2026-03-19 21:56:32.312 | DEBUG    | utils.geo_utils:haversine_distance:20 - Haversine: (31.5172749, 73.0130691) → (31.3337119, 73.0384088) = 20552.4 m
2026-03-19 21:56:32.312 | DEBUG    | utils.geo_utils:haversine_distance:20 - Haversine: (31.5172749, 73.0130691) → (31.4239089, 73.0778292) = 12062.5 m
2026-03-19 21:56:32.312 | DEBUG    | utils.geo_utils:haversine_distance:20 - Haversine: (31.5172749, 73.0130691) → (31.5387557, 73.1179928) = 10227.6 m
2026-03-19 21:56:32.312 | DEBUG    | utils.geo_utils:haversine_distance:20 - Haversine: (31.5172749, 73.0130691) → (31.4421891, 73.0488431) = 9012.1 m
2026-03-19 21:56:32.312 | DEBUG    | utils.geo_utils:haversine_distance:20 - Haversine: (31.5172749, 73.0130691) → (31.3692862, 73.1170689) = 19186.6 m
2026-03-19 21:56:32.312 | DEBUG    | utils.geo_utils:haversine_distance:20 - Haversine: (31.5172749, 73.0130691) → (31.4061175, 73.0614543) = 13184.6 m
2026-03-19 21:56:32.312 | DEBUG    | utils.geo_utils:haversine_distance:20 - Haversine: (31.5172749, 73.0130691) → (31.3167535, 73.0113182) = 22297.6 m
2026-03-19 21:56:32.312 | DEBUG    | utils.geo_utils:haversine_distance:20 - Haversine: (31.5172749, 73.0130691) → (31.3924201, 73.1484106) = 18909.1 m
2026-03-19 21:56:32.313 | DEBUG    | utils.geo_utils:haversine_distance:20 - Haversine: (31.5172749, 73.0130691) → (31.4117722, 73.1782013) = 19568.4 m
2026-03-19 21:56:32.313 | DEBUG    | utils.geo_utils:haversine_distance:20 - Haversine: (31.5172749, 73.0130691) → (31.5128629, 73.162791) = 14201.2 m
2026-03-19 21:56:32.313 | DEBUG    | utils.geo_utils:haversine_distance:20 - Haversine: (31.5172749, 73.0130691) → (31.529565, 73.1992451) = 17699.6 m
2026-03-19 21:56:32.313 | DEBUG    | utils.geo_utils:haversine_distance:20 - Haversine: (31.5172749, 73.0130691) → (31.4501221, 73.0167637) = 7475.3 m
2026-03-19 21:56:32.313 | DEBUG    | utils.geo_utils:haversine_distance:20 - Haversine: (31.5172749, 73.0130691) → (31.5430616, 73.0707433) = 6172.7 m
2026-03-19 21:56:32.313 | DEBUG    | utils.geo_utils:haversine_distance:20 - Haversine: (31.5172749, 73.0130691) → (31.4763902, 73.0861569) = 8287.8 m
2026-03-19 21:56:32.313 | DEBUG    | utils.geo_utils:haversine_distance:20 - Haversine: (31.5172749, 73.0130691) → (31.4083869, 73.0024409) = 12149.7 m
2026-03-19 21:56:32.313 | DEBUG    | utils.geo_utils:haversine_distance:20 - Haversine: (31.5172749, 73.0130691) → (31.4472489, 73.1583999) = 15828.9 m
2026-03-19 21:56:32.313 | DEBUG    | utils.geo_utils:haversine_distance:20 - Haversine: (31.5172749, 73.0130691) → (31.408574, 73.0498614) = 12580.7 m
2026-03-19 21:56:32.313 | DEBUG    | utils.geo_utils:haversine_distance:20 - Haversine: (31.5172749, 73.0130691) → (31.3871193, 73.1097179) = 17132.1 m
2026-03-19 21:56:32.313 | DEBUG    | utils.geo_utils:haversine_distance:20 - Haversine: (31.5172749, 73.0130691) → (31.5021142, 73.0500985) = 3894.2 m
2026-03-19 21:56:32.313 | DEBUG    | utils.geo_utils:haversine_distance:20 - Haversine: (31.5172749, 73.0130691) → (31.4880564, 73.1794476) = 16104.9 m
2026-03-19 21:56:32.314 | DEBUG    | utils.geo_utils:haversine_distance:20 - Haversine: (31.5172749, 73.0130691) → (31.5182565, 73.1164986) = 9804.8 m
2026-03-19 21:56:32.314 | DEBUG    | utils.geo_utils:haversine_distance:20 - Haversine: (31.5172749, 73.0130691) → (31.4081312, 73.0240923) = 12181.2 m
2026-03-19 21:56:32.314 | DEBUG    | utils.geo_utils:haversine_distance:20 - Haversine: (31.3889927, 73.0861674) → (31.3072856, 73.0549935) = 9555.5 m
2026-03-19 21:56:32.314 | DEBUG    | utils.geo_utils:haversine_distance:20 - Haversine: (31.3889927, 73.0861674) → (31.3889927, 73.0861674) = 0.0 m
2026-03-19 21:56:32.314 | DEBUG    | utils.geo_utils:haversine_distance:20 - Haversine: (31.5369402, 73.0608378) → (31.3072856, 73.0549935) = 25542.4 m
2026-03-19 21:56:32.315 | DEBUG    | utils.geo_utils:haversine_distance:20 - Haversine: (31.5369402, 73.0608378) → (31.3889927, 73.0861674) = 16625.5 m
2026-03-19 21:56:32.315 | DEBUG    | utils.geo_utils:haversine_distance:20 - Haversine: (31.5369402, 73.0608378) → (31.5213226, 73.0368397) = 2861.7 m
2026-03-19 21:56:32.315 | DEBUG    | utils.geo_utils:haversine_distance:20 - Haversine: (31.5369402, 73.0608378) → (31.4894131, 73.0285499) = 6107.1 m
2026-03-19 21:56:32.315 | DEBUG    | utils.geo_utils:haversine_distance:20 - Haversine: (31.5369402, 73.0608378) → (31.3337119, 73.0384088) = 22697.9 m
2026-03-19 21:56:32.315 | DEBUG    | utils.geo_utils:haversine_distance:20 - Haversine: (31.5369402, 73.0608378) → (31.4239089, 73.0778292) = 12671.4 m
2026-03-19 21:56:32.315 | DEBUG    | utils.geo_utils:haversine_distance:20 - Haversine: (31.5369402, 73.0608378) → (31.5387557, 73.1179928) = 5420.4 m
2026-03-19 21:56:32.315 | DEBUG    | utils.geo_utils:haversine_distance:20 - Haversine: (31.5369402, 73.0608378) → (31.4421891, 73.0488431) = 10597.1 m
2026-03-19 21:56:32.315 | DEBUG    | utils.geo_utils:haversine_distance:20 - Haversine: (31.5369402, 73.0608378) → (31.3692862, 73.1170689) = 19390.3 m
2026-03-19 21:56:32.315 | DEBUG    | utils.geo_utils:haversine_distance:20 - Haversine: (31.5369402, 73.0608378) → (31.4061175, 73.0614543) = 14546.9 m
2026-03-19 21:56:32.315 | DEBUG    | utils.geo_utils:haversine_distance:20 - Haversine: (31.5369402, 73.0608378) → (31.3167535, 73.0113182) = 24930.4 m
2026-03-19 21:56:32.315 | DEBUG    | utils.geo_utils:haversine_distance:20 - Haversine: (31.5369402, 73.0608378) → (31.3924201, 73.1484106) = 18089.5 m
2026-03-19 21:56:32.315 | DEBUG    | utils.geo_utils:haversine_distance:20 - Haversine: (31.5369402, 73.0608378) → (31.4117722, 73.1782013) = 17821.1 m
2026-03-19 21:56:32.315 | DEBUG    | utils.geo_utils:haversine_distance:20 - Haversine: (31.5369402, 73.0608378) → (31.5128629, 73.162791) = 10027.5 m
2026-03-19 21:56:32.315 | DEBUG    | utils.geo_utils:haversine_distance:20 - Haversine: (31.5369402, 73.0608378) → (31.529565, 73.1992451) = 13143.2 m
2026-03-19 21:56:32.315 | DEBUG    | utils.geo_utils:haversine_distance:20 - Haversine: (31.5369402, 73.0608378) → (31.4501221, 73.0167637) = 10519.4 m
2026-03-19 21:56:32.316 | DEBUG    | utils.geo_utils:haversine_distance:20 - Haversine: (31.5369402, 73.0608378) → (31.5430616, 73.0707433) = 1159.5 m
2026-03-19 21:56:32.316 | DEBUG    | utils.geo_utils:haversine_distance:20 - Haversine: (31.5369402, 73.0608378) → (31.4763902, 73.0861569) = 7147.9 m
2026-03-19 21:56:32.316 | DEBUG    | utils.geo_utils:haversine_distance:20 - Haversine: (31.5369402, 73.0608378) → (31.4083869, 73.0024409) = 15329.8 m
2026-03-19 21:56:32.316 | DEBUG    | utils.geo_utils:haversine_distance:20 - Haversine: (31.5369402, 73.0608378) → (31.4472489, 73.1583999) = 13602.9 m
2026-03-19 21:56:32.316 | DEBUG    | utils.geo_utils:haversine_distance:20 - Haversine: (31.5369402, 73.0608378) → (31.408574, 73.0498614) = 14311.6 m
2026-03-19 21:56:32.316 | DEBUG    | utils.geo_utils:haversine_distance:20 - Haversine: (31.5369402, 73.0608378) → (31.3871193, 73.1097179) = 17292.4 m
2026-03-19 21:56:32.316 | DEBUG    | utils.geo_utils:haversine_distance:20 - Haversine: (31.5369402, 73.0608378) → (31.5021142, 73.0500985) = 4004.0 m
2026-03-19 21:56:32.316 | DEBUG    | utils.geo_utils:haversine_distance:20 - Haversine: (31.5369402, 73.0608378) → (31.4880564, 73.1794476) = 12488.8 m
2026-03-19 21:56:32.316 | DEBUG    | utils.geo_utils:haversine_distance:20 - Haversine: (31.5369402, 73.0608378) → (31.5182565, 73.1164986) = 5669.9 m
2026-03-19 21:56:32.316 | DEBUG    | utils.geo_utils:haversine_distance:20 - Haversine: (31.5369402, 73.0608378) → (31.4081312, 73.0240923) = 14740.8 m
2026-03-19 21:56:32.316 | DEBUG    | utils.geo_utils:haversine_distance:20 - Haversine: (31.5369402, 73.0608378) → (31.5172749, 73.0130691) = 5028.0 m
2026-03-19 21:56:32.316 | INFO     | data_pipeline.stop_builder:merge_nearby_stops:91 - Merged stops:
2026-03-19 21:56:32.316 | INFO     | data_pipeline.stop_builder:merge_nearby_stops:92 -   Before merge: 30 stops
2026-03-19 21:56:32.316 | INFO     | data_pipeline.stop_builder:merge_nearby_stops:93 -   After merge : 28 stops (merged 2 pairs/groups)
2026-03-19 21:56:32.317 | DEBUG    | data_pipeline.stop_builder:merge_nearby_stops:95 - First few merged stops: [{'student_id': 'STUDENT-001', 'name': 'Test Student 1', 'roll_no': 'TEST-1009', 'lat': 31.3072856, 'lng': 73.0549935, 'student_count': 1, 'contact': '03891108227', 'semester': 'Spring 2026', 'fee_status': 'unpaid', 'registration_status': 'pending', 'original_lat': 31.311732, 'original_lng': 73.065301, 'snap_distance_m': 1096.97, 'merged_student_ids': ['STUDENT-001']}, {'student_id': 'STUDENT-002', 'name': 'Test Student 2', 'roll_no': 'TEST-8235', 'lat': 31.3889927, 'lng': 73.0861674, 'student_count': 2, 'contact': '03690327160', 'semester': 'Spring 2026', 'fee_status': 'unpaid', 'registration_status': 'pending', 'original_lat': 31.388694, 'original_lng': 73.085799, 'snap_distance_m': 48.23, 'merged_student_ids': ['STUDENT-002', 'STUDENT-029']}, {'student_id': 'STUDENT-003', 'name': 'Test Student 3', 'roll_no': 'TEST-9666', 'lat': 31.5213226, 'lng': 73.0368397, 'student_count': 1, 'contact': '03851732415', 'semester': 'Spring 2026', 'fee_status': 'unpaid', 'registration_status': 'pending', 'original_lat': 31.518073, 'original_lng': 73.038841, 'snap_distance_m': 408.11, 'merged_student_ids': ['STUDENT-003']}]
2026-03-19 21:56:35.063 | INFO     | clustering.stop_clustering:cluster_stops:45 - Clustered into 3 buses (capacity 10):
2026-03-19 21:56:35.064 | INFO     | clustering.stop_clustering:cluster_stops:48 -   Bus 0: 9 stops, 9 students
2026-03-19 21:56:35.064 | INFO     | clustering.stop_clustering:cluster_stops:48 -   Bus 1: 12 stops, 14 students
2026-03-19 21:56:35.064 | INFO     | clustering.stop_clustering:cluster_stops:48 -   Bus 2: 7 stops, 7 students
2026-03-19 21:56:37.437 | INFO     | optimization.tsp_solver:get_road_distance_matrix:38 - ORS matrix computed: 10x10
2026-03-19 21:56:52.494 | INFO     | optimization.tsp_solver:solve_tsp:123 - TSP solved: 9 stops, distance 50804 m, objective 50804
2026-03-19 21:56:52.495 | DEBUG    | optimization.tsp_solver:solve_tsp:124 - Order: ['unknown', 'unknown', 'unknown', 'unknown', 'unknown', 'unknown', 'unknown', 'unknown', 'unknown']
2026-03-19 21:56:52.496 | DEBUG    | optimization.route_generator:generate_route_path:57 - Requesting ORS route with 10 waypoints
2026-03-19 21:56:54.591 | INFO     | optimization.route_generator:generate_route_path:74 - ORS route generated successfully (bug-free)
2026-03-19 21:56:54.593 | INFO     | optimization.route_generator:generate_route_path:75 -   Waypoints: 9 stops → University
2026-03-19 21:56:54.593 | INFO     | optimization.route_generator:generate_route_path:76 -   Distance: 60.08 km
2026-03-19 21:56:54.594 | INFO     | optimization.route_generator:generate_route_path:77 -   Duration: 1.13 h (68 min)
2026-03-19 21:56:54.594 | DEBUG    | optimization.route_generator:generate_route_path:78 - Geometry sample (first 3 & last 3): [[73.03684, 31.521323], [73.036803, 31.521074], [73.037121, 31.516956]] ... [[73.03447, 31.602425], [73.034742, 31.602694], [73.034832, 31.602523]]
2026-03-19 21:56:54.596 | INFO     | optimization.store_routes:compute_fee_per_student:32 - Fee calc: 32042 PKR/student | dist=60.1km | students=9
2026-03-19 21:56:56.453 | DEBUG    | optimization.store_routes:reverse_geocode_stop_name:176 - Stop name resolved: (31.5213, 73.0368) → 'Bhanal'
2026-03-19 21:56:57.245 | DEBUG    | optimization.store_routes:store_optimized_routes:268 - Assigned seat S1 to student STUDENT-003
2026-03-19 21:56:59.805 | DEBUG    | optimization.store_routes:store_optimized_routes:294 - Stored stop R1_stop1 | name='Bhanal' | route=R1
2026-03-19 21:57:03.487 | DEBUG    | optimization.store_routes:reverse_geocode_stop_name:176 - Stop name resolved: (31.5173, 73.0131) → 'Chak 51 JB Sajjad Wala'
2026-03-19 21:57:04.136 | DEBUG    | optimization.store_routes:store_optimized_routes:268 - Assigned seat S2 to student STUDENT-028
2026-03-19 21:57:06.560 | DEBUG    | optimization.store_routes:store_optimized_routes:294 - Stored stop R1_stop2 | name='Chak 51 JB Sajjad Wala' | route=R1
2026-03-19 21:57:09.027 | DEBUG    | optimization.store_routes:reverse_geocode_stop_name:176 - Stop name resolved: (31.5431, 73.0707) → 'Faisalabad Bypass'
2026-03-19 21:57:09.639 | DEBUG    | optimization.store_routes:store_optimized_routes:268 - Assigned seat S3 to student STUDENT-018
2026-03-19 21:57:10.698 | DEBUG    | optimization.store_routes:store_optimized_routes:294 - Stored stop R1_stop3 | name='Faisalabad Bypass' | route=R1
2026-03-19 21:57:12.298 | DEBUG    | optimization.store_routes:reverse_geocode_stop_name:176 - Stop name resolved: (31.5369, 73.0608) → 'Faisalabad Bypass'
2026-03-19 21:57:15.369 | DEBUG    | optimization.store_routes:store_optimized_routes:268 - Assigned seat S4 to student STUDENT-030
2026-03-19 21:57:16.028 | DEBUG    | optimization.store_routes:store_optimized_routes:294 - Stored stop R1_stop4 | name='Faisalabad Bypass' | route=R1
2026-03-19 21:57:20.787 | DEBUG    | optimization.store_routes:reverse_geocode_stop_name:176 - Stop name resolved: (31.4764, 73.0862) → 'Faisalabad District, Faisalabad City Tehsil'
2026-03-19 21:57:21.409 | DEBUG    | optimization.store_routes:store_optimized_routes:268 - Assigned seat S5 to student STUDENT-019
2026-03-19 21:57:23.623 | DEBUG    | optimization.store_routes:store_optimized_routes:294 - Stored stop R1_stop5 | name='Faisalabad District, Faisalabad City Tehsil' | route=R1
2026-03-19 21:57:25.219 | DEBUG    | optimization.store_routes:reverse_geocode_stop_name:176 - Stop name resolved: (31.4422, 73.0488) → 'Ghulam Muhammad Abad, Faisalabad City Tehsil'
2026-03-19 21:57:25.783 | DEBUG    | optimization.store_routes:store_optimized_routes:268 - Assigned seat S6 to student STUDENT-008
2026-03-19 21:57:28.132 | DEBUG    | optimization.store_routes:store_optimized_routes:294 - Stored stop R1_stop6 | name='Ghulam Muhammad Abad, Faisalabad City Tehsil' | route=R1
2026-03-19 21:57:30.175 | DEBUG    | optimization.store_routes:reverse_geocode_stop_name:176 - Stop name resolved: (31.4501, 73.0168) → 'Faisalabad District, Chak No.100 JB'
2026-03-19 21:57:30.758 | DEBUG    | optimization.store_routes:store_optimized_routes:268 - Assigned seat S7 to student STUDENT-017
2026-03-19 21:57:33.086 | DEBUG    | optimization.store_routes:store_optimized_routes:294 - Stored stop R1_stop7 | name='Faisalabad District, Chak No.100 JB' | route=R1
2026-03-19 21:57:34.686 | DEBUG    | optimization.store_routes:reverse_geocode_stop_name:176 - Stop name resolved: (31.4894, 73.0285) → 'Faisalabad District'
2026-03-19 21:57:35.325 | DEBUG    | optimization.store_routes:store_optimized_routes:268 - Assigned seat S8 to student STUDENT-004
2026-03-19 21:57:37.510 | DEBUG    | optimization.store_routes:store_optimized_routes:294 - Stored stop R1_stop8 | name='Faisalabad District' | route=R1
2026-03-19 21:57:39.936 | DEBUG    | optimization.store_routes:reverse_geocode_stop_name:176 - Stop name resolved: (31.5021, 73.0501) → 'Faisalabad bypass'
2026-03-19 21:57:40.671 | DEBUG    | optimization.store_routes:store_optimized_routes:268 - Assigned seat S9 to student STUDENT-024
2026-03-19 21:57:41.218 | DEBUG    | optimization.store_routes:store_optimized_routes:294 - Stored stop R1_stop9 | name='Faisalabad bypass' | route=R1
2026-03-19 21:57:42.104 | INFO     | optimization.store_routes:store_optimized_routes:318 - Stored route route_0 (R1): 9 stops, 60.08 km
2026-03-19 21:57:43.102 | INFO     | optimization.tsp_solver:get_road_distance_matrix:38 - ORS matrix computed: 13x13
2026-03-19 21:57:58.105 | INFO     | optimization.tsp_solver:solve_tsp:123 - TSP solved: 12 stops, distance 74013 m, objective 74013
2026-03-19 21:57:58.106 | DEBUG    | optimization.tsp_solver:solve_tsp:124 - Order: ['unknown', 'unknown', 'unknown', 'unknown', 'unknown', 'unknown', 'unknown', 'unknown', 'unknown', 'unknown', 'unknown', 'unknown']
2026-03-19 21:57:58.106 | DEBUG    | optimization.route_generator:generate_route_path:57 - Requesting ORS route with 13 waypoints
2026-03-19 21:57:59.407 | INFO     | optimization.route_generator:generate_route_path:74 - ORS route generated successfully (bug-free)
2026-03-19 21:57:59.408 | INFO     | optimization.route_generator:generate_route_path:75 -   Waypoints: 12 stops → University
2026-03-19 21:57:59.408 | INFO     | optimization.route_generator:generate_route_path:76 -   Distance: 93.46 km
2026-03-19 21:57:59.408 | INFO     | optimization.route_generator:generate_route_path:77 -   Duration: 1.98 h (119 min)
2026-03-19 21:57:59.409 | DEBUG    | optimization.route_generator:generate_route_path:78 - Geometry sample (first 3 & last 3): [[73.054994, 31.307286], [73.052898, 31.308882], [73.05281, 31.308968]] ... [[73.03447, 31.602425], [73.034742, 31.602694], [73.034832, 31.602523]]
2026-03-19 21:57:59.410 | INFO     | optimization.store_routes:compute_fee_per_student:32 - Fee calc: 32044 PKR/student | dist=93.5km | students=14
2026-03-19 21:58:00.077 | DEBUG    | optimization.store_routes:reverse_geocode_stop_name:176 - Stop name resolved: (31.3073, 73.0550) → 'Faisalabad District'
2026-03-19 21:58:00.643 | DEBUG    | optimization.store_routes:store_optimized_routes:268 - Assigned seat S1 to student STUDENT-001
2026-03-19 21:58:01.651 | DEBUG    | optimization.store_routes:store_optimized_routes:294 - Stored stop R2_stop1 | name='Faisalabad District' | route=R2
2026-03-19 21:58:03.624 | DEBUG    | optimization.store_routes:reverse_geocode_stop_name:176 - Stop name resolved: (31.3168, 73.0113) → 'Chak 247 RB Miani'
2026-03-19 21:58:04.147 | DEBUG    | optimization.store_routes:store_optimized_routes:268 - Assigned seat S2 to student STUDENT-011
2026-03-19 21:58:04.693 | DEBUG    | optimization.store_routes:store_optimized_routes:294 - Stored stop R2_stop2 | name='Chak 247 RB Miani' | route=R2
2026-03-19 21:58:07.699 | DEBUG    | optimization.store_routes:reverse_geocode_stop_name:176 - Stop name resolved: (31.3337, 73.0384) → 'Faisalabad District'
2026-03-19 21:58:08.264 | DEBUG    | optimization.store_routes:store_optimized_routes:268 - Assigned seat S3 to student STUDENT-005
2026-03-19 21:58:08.920 | DEBUG    | optimization.store_routes:store_optimized_routes:268 - Assigned seat S4 to student STUDENT-012
2026-03-19 21:58:09.457 | DEBUG    | optimization.store_routes:store_optimized_routes:294 - Stored stop R2_stop3 | name='Faisalabad District' | route=R2
2026-03-19 21:58:11.367 | DEBUG    | optimization.store_routes:reverse_geocode_stop_name:176 - Stop name resolved: (31.4084, 73.0024) → 'Faisalabad District, Faisalabad City Tehsil'
2026-03-19 21:58:11.912 | DEBUG    | optimization.store_routes:store_optimized_routes:268 - Assigned seat S5 to student STUDENT-020
2026-03-19 21:58:12.464 | DEBUG    | optimization.store_routes:store_optimized_routes:294 - Stored stop R2_stop4 | name='Faisalabad District, Faisalabad City Tehsil' | route=R2
2026-03-19 21:58:14.847 | DEBUG    | optimization.store_routes:reverse_geocode_stop_name:176 - Stop name resolved: (31.4081, 73.0241) → 'Faisalabad District, Faisalabad City Tehsil'
2026-03-19 21:58:15.681 | DEBUG    | optimization.store_routes:store_optimized_routes:268 - Assigned seat S6 to student STUDENT-027
2026-03-19 21:58:16.414 | DEBUG    | optimization.store_routes:store_optimized_routes:294 - Stored stop R2_stop5 | name='Faisalabad District, Faisalabad City Tehsil' | route=R2
2026-03-19 21:58:18.127 | DEBUG    | optimization.store_routes:reverse_geocode_stop_name:176 - Stop name resolved: (31.4086, 73.0499) → 'Sheikh Colony Link Road, Faisalabad City Tehsil'
2026-03-19 21:58:18.683 | DEBUG    | optimization.store_routes:store_optimized_routes:268 - Assigned seat S7 to student STUDENT-022
2026-03-19 21:58:19.219 | DEBUG    | optimization.store_routes:store_optimized_routes:294 - Stored stop R2_stop6 | name='Sheikh Colony Link Road, Faisalabad City Tehsil' | route=R2
2026-03-19 21:58:21.512 | DEBUG    | optimization.store_routes:reverse_geocode_stop_name:176 - Stop name resolved: (31.4061, 73.0615) → 'Rehmania Road, Faisalabad City Tehsil'
2026-03-19 21:58:22.432 | DEBUG    | optimization.store_routes:store_optimized_routes:268 - Assigned seat S8 to student STUDENT-010
2026-03-19 21:58:23.037 | DEBUG    | optimization.store_routes:store_optimized_routes:294 - Stored stop R2_stop7 | name='Rehmania Road, Faisalabad City Tehsil' | route=R2
2026-03-19 21:58:25.559 | DEBUG    | optimization.store_routes:reverse_geocode_stop_name:176 - Stop name resolved: (31.4239, 73.0778) → 'Faisalabad District, Faisalabad City Tehsil'
2026-03-19 21:58:26.102 | DEBUG    | optimization.store_routes:store_optimized_routes:268 - Assigned seat S9 to student STUDENT-006
2026-03-19 21:58:26.639 | DEBUG    | optimization.store_routes:store_optimized_routes:294 - Stored stop R2_stop8 | name='Faisalabad District, Faisalabad City Tehsil' | route=R2
2026-03-19 21:58:28.571 | DEBUG    | optimization.store_routes:reverse_geocode_stop_name:176 - Stop name resolved: (31.3924, 73.1484) → '215 Kakuana'
2026-03-19 21:58:29.444 | DEBUG    | optimization.store_routes:store_optimized_routes:268 - Assigned seat S10 to student STUDENT-013
2026-03-19 21:58:30.127 | DEBUG    | optimization.store_routes:store_optimized_routes:294 - Stored stop R2_stop9 | name='215 Kakuana' | route=R2
2026-03-19 21:58:32.173 | DEBUG    | optimization.store_routes:reverse_geocode_stop_name:176 - Stop name resolved: (31.3693, 73.1171) → 'Faisalabad District, Faisalabad City Tehsil'
2026-03-19 21:58:32.745 | DEBUG    | optimization.store_routes:store_optimized_routes:268 - Assigned seat S11 to student STUDENT-009
2026-03-19 21:58:33.643 | DEBUG    | optimization.store_routes:store_optimized_routes:294 - Stored stop R2_stop10 | name='Faisalabad District, Faisalabad City Tehsil' | route=R2
2026-03-19 21:58:35.468 | DEBUG    | optimization.store_routes:reverse_geocode_stop_name:176 - Stop name resolved: (31.3871, 73.1097) → 'Faisalabad District, Faisalabad City Tehsil'
2026-03-19 21:58:35.998 | DEBUG    | optimization.store_routes:store_optimized_routes:268 - Assigned seat S12 to student STUDENT-023
2026-03-19 21:58:36.540 | DEBUG    | optimization.store_routes:store_optimized_routes:294 - Stored stop R2_stop11 | name='Faisalabad District, Faisalabad City Tehsil' | route=R2
2026-03-19 21:58:38.210 | DEBUG    | optimization.store_routes:reverse_geocode_stop_name:176 - Stop name resolved: (31.3890, 73.0862) → 'Allama Iqbal Colony, Faisalabad City Tehsil'
2026-03-19 21:58:38.761 | DEBUG    | optimization.store_routes:store_optimized_routes:268 - Assigned seat S13 to student STUDENT-002
2026-03-19 21:58:39.306 | DEBUG    | optimization.store_routes:store_optimized_routes:268 - Assigned seat S14 to student STUDENT-029
2026-03-19 21:58:39.848 | DEBUG    | optimization.store_routes:store_optimized_routes:294 - Stored stop R2_stop12 | name='Allama Iqbal Colony, Faisalabad City Tehsil' | route=R2
2026-03-19 21:58:41.263 | INFO     | optimization.store_routes:store_optimized_routes:318 - Stored route route_1 (R2): 12 stops, 93.46 km
2026-03-19 21:58:42.209 | INFO     | optimization.tsp_solver:get_road_distance_matrix:38 - ORS matrix computed: 8x8
2026-03-19 21:58:57.212 | INFO     | optimization.tsp_solver:solve_tsp:123 - TSP solved: 7 stops, distance 60029 m, objective 60029
2026-03-19 21:58:57.213 | DEBUG    | optimization.tsp_solver:solve_tsp:124 - Order: ['unknown', 'unknown', 'unknown', 'unknown', 'unknown', 'unknown', 'unknown']
2026-03-19 21:58:57.213 | DEBUG    | optimization.route_generator:generate_route_path:57 - Requesting ORS route with 8 waypoints
2026-03-19 21:58:58.434 | INFO     | optimization.route_generator:generate_route_path:74 - ORS route generated successfully (bug-free)
2026-03-19 21:58:58.434 | INFO     | optimization.route_generator:generate_route_path:75 -   Waypoints: 7 stops → University
2026-03-19 21:58:58.434 | INFO     | optimization.route_generator:generate_route_path:76 -   Distance: 73.49 km
2026-03-19 21:58:58.434 | INFO     | optimization.route_generator:generate_route_path:77 -   Duration: 1.48 h (89 min)
2026-03-19 21:58:58.435 | DEBUG    | optimization.route_generator:generate_route_path:78 - Geometry sample (first 3 & last 3): [[73.117993, 31.538756], [73.116584, 31.536573], [73.114023, 31.532699]] ... [[73.03447, 31.602425], [73.034742, 31.602694], [73.034832, 31.602523]]
2026-03-19 21:58:58.436 | INFO     | optimization.store_routes:compute_fee_per_student:32 - Fee calc: 50396 PKR/student | dist=73.5km | students=7
2026-03-19 21:58:59.408 | DEBUG    | optimization.store_routes:reverse_geocode_stop_name:176 - Stop name resolved: (31.5388, 73.1180) → 'Faisalabad District'
2026-03-19 21:59:00.059 | DEBUG    | optimization.store_routes:store_optimized_routes:268 - Assigned seat S1 to student STUDENT-007
2026-03-19 21:59:00.838 | DEBUG    | optimization.store_routes:store_optimized_routes:294 - Stored stop R3_stop1 | name='Faisalabad District' | route=R3
2026-03-19 21:59:03.603 | DEBUG    | optimization.store_routes:reverse_geocode_stop_name:176 - Stop name resolved: (31.5183, 73.1165) → 'Faisalabad District, Dhanola'
2026-03-19 21:59:04.157 | DEBUG    | optimization.store_routes:store_optimized_routes:268 - Assigned seat S2 to student STUDENT-026
2026-03-19 21:59:04.705 | DEBUG    | optimization.store_routes:store_optimized_routes:294 - Stored stop R3_stop2 | name='Faisalabad District, Dhanola' | route=R3
2026-03-19 21:59:06.781 | DEBUG    | optimization.store_routes:reverse_geocode_stop_name:176 - Stop name resolved: (31.4118, 73.1782) → 'Chak 209 RB Akalgarh'
2026-03-19 21:59:07.334 | DEBUG    | optimization.store_routes:store_optimized_routes:268 - Assigned seat S3 to student STUDENT-014
2026-03-19 21:59:07.878 | DEBUG    | optimization.store_routes:store_optimized_routes:294 - Stored stop R3_stop3 | name='Chak 209 RB Akalgarh' | route=R3
2026-03-19 21:59:09.603 | DEBUG    | optimization.store_routes:reverse_geocode_stop_name:176 - Stop name resolved: (31.4472, 73.1584) → 'Malkapur, Faisalabad City Tehsil'
2026-03-19 21:59:10.183 | DEBUG    | optimization.store_routes:store_optimized_routes:268 - Assigned seat S4 to student STUDENT-021
2026-03-19 21:59:10.740 | DEBUG    | optimization.store_routes:store_optimized_routes:294 - Stored stop R3_stop4 | name='Malkapur, Faisalabad City Tehsil' | route=R3
2026-03-19 21:59:12.879 | DEBUG    | optimization.store_routes:reverse_geocode_stop_name:176 - Stop name resolved: (31.4881, 73.1794) → 'Bagewal Road, Sabina Town'
2026-03-19 21:59:13.442 | DEBUG    | optimization.store_routes:store_optimized_routes:268 - Assigned seat S5 to student STUDENT-025
2026-03-19 21:59:13.974 | DEBUG    | optimization.store_routes:store_optimized_routes:294 - Stored stop R3_stop5 | name='Bagewal Road, Sabina Town' | route=R3
2026-03-19 21:59:16.421 | DEBUG    | optimization.store_routes:reverse_geocode_stop_name:176 - Stop name resolved: (31.5129, 73.1628) → 'Faisalabad District'
2026-03-19 21:59:16.959 | DEBUG    | optimization.store_routes:store_optimized_routes:268 - Assigned seat S6 to student STUDENT-015
2026-03-19 21:59:17.527 | DEBUG    | optimization.store_routes:store_optimized_routes:294 - Stored stop R3_stop6 | name='Faisalabad District' | route=R3
2026-03-19 21:59:20.232 | DEBUG    | optimization.store_routes:reverse_geocode_stop_name:176 - Stop name resolved: (31.5296, 73.1992) → 'Faisalabad District'
2026-03-19 21:59:21.255 | DEBUG    | optimization.store_routes:store_optimized_routes:268 - Assigned seat S7 to student STUDENT-016
2026-03-19 21:59:21.778 | DEBUG    | optimization.store_routes:store_optimized_routes:294 - Stored stop R3_stop7 | name='Faisalabad District' | route=R3
2026-03-19 21:59:22.809 | INFO     | optimization.store_routes:store_optimized_routes:318 - Stored route route_2 (R3): 7 stops, 73.49 km
2026-03-19 21:59:22.810 | INFO     | optimization.store_routes:store_optimized_routes:324 - Back-filling route_id on 28 stops + students...
2026-03-19 21:59:40.500 | DEBUG    | optimization.store_routes:store_optimized_routes:355 - Final batch: 58 writes
2026-03-19 21:59:40.500 | INFO     | optimization.store_routes:store_optimized_routes:357 - Done: 3 routes | 28 stops stored
2026-03-19 21:59:40.500 | INFO     | api.main:run_optimization:64 - Pipeline completed successfully | 3 buses processed
