2026-03-17 00:48:18.980 | INFO     | database.firebase:<module>:12 - Firebase Admin SDK initialized successfully
2026-03-17 00:49:10.097 | INFO     | api.main:run_optimization:29 - Starting full route optimization pipeline
2026-03-17 00:49:15.267 | WARNING  | data_pipeline.student_loader:load_student_stops:37 - Student h3zzvjYXAnM5idW1JUkq9zREyWL2 missing valid lat/lng → skipped
2026-03-17 00:49:15.268 | INFO     | data_pipeline.student_loader:load_student_stops:42 - Loaded 30 student stops from Firestore
2026-03-17 00:49:15.268 | DEBUG    | data_pipeline.student_loader:load_student_stops:43 - First 3 stops (sample): [{'student_id': 'test_001', 'name': 'Test Student 1', 'roll_no': 'TEST-6157', 'lat': 31.458413838955877, 'lng': 73.0637191090853, 'student_count': 1, 'contact': '03478060777', 'semester': 'Spring 2026', 'fee_status': 'unpaid', 'registration_status': 'pending'}, {'student_id': 'test_002', 'name': 'Test Student 2', 'roll_no': 'TEST-8484', 'lat': 31.30724050719012, 'lng': 73.16254256760098, 'student_count': 1, 'contact': '03564577859', 'semester': 'Spring 2026', 'fee_status': 'unpaid', 'registration_status': 'pending'}, {'student_id': 'test_003', 'name': 'Test Student 3', 'roll_no': 'TEST-6237', 'lat': 31.311760819408153, 'lng': 73.02091199809621, 'student_count': 1, 'contact': '03941421906', 'semester': 'Spring 2026', 'fee_status': 'unpaid', 'registration_status': 'pending'}]
2026-03-17 00:49:15.269 | INFO     | osm.fetch_roads:fetch_or_load_road_graph:19 - Loading cached Faisalabad road graph...
2026-03-17 00:49:26.303 | INFO     | osm.fetch_roads:fetch_or_load_road_graph:21 - Loaded graph with 50872 nodes and 144715 edges
2026-03-17 00:49:26.560 | INFO     | osm.road_filter:filter_main_roads:38 - Filtered graph:
2026-03-17 00:49:26.628 | INFO     | osm.road_filter:filter_main_roads:39 -   Original: 50872 nodes, 144715 edges
2026-03-17 00:49:26.802 | INFO     | osm.road_filter:filter_main_roads:40 -   After filter (main roads only): 7460 nodes, 12863 edges
2026-03-17 00:49:27.241 | DEBUG    | utils.distance_utils:build_node_balltree:29 - Built BallTree with 7460 nodes
2026-03-17 00:49:27.251 | DEBUG    | utils.geo_utils:haversine_distance:20 - Haversine: (31.458413838955877, 73.0637191090853) → (31.4592945, 73.0629536) = 121.9 m
2026-03-17 00:49:27.251 | DEBUG    | utils.distance_utils:find_nearest_road_point:56 - Nearest road node to (31.458413838955877, 73.0637191090853): (31.459294, 73.062954) — 121.9m
2026-03-17 00:49:27.252 | DEBUG    | utils.geo_utils:haversine_distance:20 - Haversine: (31.458413838955877, 73.0637191090853) → (31.4592945, 73.0629536) = 121.9 m
2026-03-17 00:49:27.252 | DEBUG    | data_pipeline.stop_builder:snap_stops_to_roads:38 - Snapped Test Student 1 (TEST-6157): 121.9m
2026-03-17 00:49:27.279 | DEBUG    | utils.distance_utils:build_node_balltree:29 - Built BallTree with 7460 nodes
2026-03-17 00:49:27.281 | DEBUG    | utils.geo_utils:haversine_distance:20 - Haversine: (31.30724050719012, 73.16254256760098) → (31.3058685, 73.1694728) = 675.8 m
2026-03-17 00:49:27.281 | DEBUG    | utils.distance_utils:find_nearest_road_point:56 - Nearest road node to (31.30724050719012, 73.16254256760098): (31.305868, 73.169473) — 675.8m
2026-03-17 00:49:27.281 | DEBUG    | utils.geo_utils:haversine_distance:20 - Haversine: (31.30724050719012, 73.16254256760098) → (31.3058685, 73.1694728) = 675.8 m
2026-03-17 00:49:27.282 | DEBUG    | data_pipeline.stop_builder:snap_stops_to_roads:38 - Snapped Test Student 2 (TEST-8484): 675.8m
2026-03-17 00:49:27.308 | DEBUG    | utils.distance_utils:build_node_balltree:29 - Built BallTree with 7460 nodes
2026-03-17 00:49:27.310 | DEBUG    | utils.geo_utils:haversine_distance:20 - Haversine: (31.311760819408153, 73.02091199809621) → (31.3140734, 73.0226304) = 304.6 m
2026-03-17 00:49:27.311 | DEBUG    | utils.distance_utils:find_nearest_road_point:56 - Nearest road node to (31.311760819408153, 73.02091199809621): (31.314073, 73.022630) — 304.6m
2026-03-17 00:49:27.311 | DEBUG    | utils.geo_utils:haversine_distance:20 - Haversine: (31.311760819408153, 73.02091199809621) → (31.3140734, 73.0226304) = 304.6 m
2026-03-17 00:49:27.311 | DEBUG    | data_pipeline.stop_builder:snap_stops_to_roads:38 - Snapped Test Student 3 (TEST-6237): 304.6m
2026-03-17 00:49:27.350 | DEBUG    | utils.distance_utils:build_node_balltree:29 - Built BallTree with 7460 nodes
2026-03-17 00:49:27.352 | DEBUG    | utils.geo_utils:haversine_distance:20 - Haversine: (31.533562499900963, 73.11715504190414) → (31.5306679, 73.1126844) = 532.1 m
2026-03-17 00:49:27.352 | DEBUG    | utils.distance_utils:find_nearest_road_point:56 - Nearest road node to (31.533562499900963, 73.11715504190414): (31.530668, 73.112684) — 532.1m
2026-03-17 00:49:27.353 | DEBUG    | utils.geo_utils:haversine_distance:20 - Haversine: (31.533562499900963, 73.11715504190414) → (31.5306679, 73.1126844) = 532.1 m
2026-03-17 00:49:27.353 | DEBUG    | data_pipeline.stop_builder:snap_stops_to_roads:38 - Snapped Test Student 4 (TEST-8418): 532.1m
2026-03-17 00:49:27.380 | DEBUG    | utils.distance_utils:build_node_balltree:29 - Built BallTree with 7460 nodes
2026-03-17 00:49:27.381 | DEBUG    | utils.geo_utils:haversine_distance:20 - Haversine: (31.37420969279616, 73.03062856138061) → (31.3760251, 73.034401) = 411.1 m
2026-03-17 00:49:27.381 | DEBUG    | utils.distance_utils:find_nearest_road_point:56 - Nearest road node to (31.37420969279616, 73.03062856138061): (31.376025, 73.034401) — 411.1m
2026-03-17 00:49:27.382 | DEBUG    | utils.geo_utils:haversine_distance:20 - Haversine: (31.37420969279616, 73.03062856138061) → (31.3760251, 73.034401) = 411.1 m
2026-03-17 00:49:27.382 | DEBUG    | data_pipeline.stop_builder:snap_stops_to_roads:38 - Snapped Test Student 5 (TEST-6520): 411.1m
2026-03-17 00:49:27.407 | DEBUG    | utils.distance_utils:build_node_balltree:29 - Built BallTree with 7460 nodes
2026-03-17 00:49:27.409 | DEBUG    | utils.geo_utils:haversine_distance:20 - Haversine: (31.40454658844303, 73.14636523904765) → (31.404983, 73.1460277) = 58.1 m
2026-03-17 00:49:27.409 | DEBUG    | utils.distance_utils:find_nearest_road_point:56 - Nearest road node to (31.40454658844303, 73.14636523904765): (31.404983, 73.146028) — 58.1m
2026-03-17 00:49:27.410 | DEBUG    | utils.geo_utils:haversine_distance:20 - Haversine: (31.40454658844303, 73.14636523904765) → (31.404983, 73.1460277) = 58.1 m
2026-03-17 00:49:27.410 | DEBUG    | data_pipeline.stop_builder:snap_stops_to_roads:38 - Snapped Test Student 6 (TEST-7381): 58.1m
2026-03-17 00:49:27.434 | DEBUG    | utils.distance_utils:build_node_balltree:29 - Built BallTree with 7460 nodes
2026-03-17 00:49:27.436 | DEBUG    | utils.geo_utils:haversine_distance:20 - Haversine: (31.421274233165047, 73.08161667127081) → (31.4212389, 73.0816409) = 4.6 m
2026-03-17 00:49:27.436 | DEBUG    | utils.distance_utils:find_nearest_road_point:56 - Nearest road node to (31.421274233165047, 73.08161667127081): (31.421239, 73.081641) — 4.6m
2026-03-17 00:49:27.436 | DEBUG    | utils.geo_utils:haversine_distance:20 - Haversine: (31.421274233165047, 73.08161667127081) → (31.4212389, 73.0816409) = 4.6 m
2026-03-17 00:49:27.437 | DEBUG    | data_pipeline.stop_builder:snap_stops_to_roads:38 - Snapped Test Student 7 (TEST-2361): 4.6m
2026-03-17 00:49:27.463 | DEBUG    | utils.distance_utils:build_node_balltree:29 - Built BallTree with 7460 nodes
2026-03-17 00:49:27.465 | DEBUG    | utils.geo_utils:haversine_distance:20 - Haversine: (31.471541374996544, 73.18015119041905) → (31.4658821, 73.1813423) = 639.3 m
2026-03-17 00:49:27.465 | DEBUG    | utils.distance_utils:find_nearest_road_point:56 - Nearest road node to (31.471541374996544, 73.18015119041905): (31.465882, 73.181342) — 639.3m
2026-03-17 00:49:27.465 | DEBUG    | utils.geo_utils:haversine_distance:20 - Haversine: (31.471541374996544, 73.18015119041905) → (31.4658821, 73.1813423) = 639.3 m
2026-03-17 00:49:27.465 | DEBUG    | data_pipeline.stop_builder:snap_stops_to_roads:38 - Snapped Test Student 8 (TEST-3539): 639.3m
2026-03-17 00:49:27.489 | DEBUG    | utils.distance_utils:build_node_balltree:29 - Built BallTree with 7460 nodes
2026-03-17 00:49:27.491 | DEBUG    | utils.geo_utils:haversine_distance:20 - Haversine: (31.462991225546673, 73.18368262771163) → (31.4633642, 73.185041) = 135.3 m
2026-03-17 00:49:27.491 | DEBUG    | utils.distance_utils:find_nearest_road_point:56 - Nearest road node to (31.462991225546673, 73.18368262771163): (31.463364, 73.185041) — 135.3m
2026-03-17 00:49:27.491 | DEBUG    | utils.geo_utils:haversine_distance:20 - Haversine: (31.462991225546673, 73.18368262771163) → (31.4633642, 73.185041) = 135.3 m
2026-03-17 00:49:27.491 | DEBUG    | data_pipeline.stop_builder:snap_stops_to_roads:38 - Snapped Test Student 9 (TEST-5402): 135.3m
2026-03-17 00:49:27.515 | DEBUG    | utils.distance_utils:build_node_balltree:29 - Built BallTree with 7460 nodes
2026-03-17 00:49:27.517 | DEBUG    | utils.geo_utils:haversine_distance:20 - Haversine: (31.454509244866568, 73.0171669199355) → (31.4509199, 73.0172282) = 399.2 m
2026-03-17 00:49:27.518 | DEBUG    | utils.distance_utils:find_nearest_road_point:56 - Nearest road node to (31.454509244866568, 73.0171669199355): (31.450920, 73.017228) — 399.2m
2026-03-17 00:49:27.518 | DEBUG    | utils.geo_utils:haversine_distance:20 - Haversine: (31.454509244866568, 73.0171669199355) → (31.4509199, 73.0172282) = 399.2 m
2026-03-17 00:49:27.518 | DEBUG    | data_pipeline.stop_builder:snap_stops_to_roads:38 - Snapped Test Student 10 (TEST-5949): 399.2m
2026-03-17 00:49:27.542 | DEBUG    | utils.distance_utils:build_node_balltree:29 - Built BallTree with 7460 nodes
2026-03-17 00:49:27.544 | DEBUG    | utils.geo_utils:haversine_distance:20 - Haversine: (31.435283147809344, 73.0372506419147) → (31.4351755, 73.0374493) = 22.3 m
2026-03-17 00:49:27.544 | DEBUG    | utils.distance_utils:find_nearest_road_point:56 - Nearest road node to (31.435283147809344, 73.0372506419147): (31.435175, 73.037449) — 22.3m
2026-03-17 00:49:27.544 | DEBUG    | utils.geo_utils:haversine_distance:20 - Haversine: (31.435283147809344, 73.0372506419147) → (31.4351755, 73.0374493) = 22.3 m
2026-03-17 00:49:27.545 | DEBUG    | data_pipeline.stop_builder:snap_stops_to_roads:38 - Snapped Test Student 11 (TEST-6934): 22.3m
2026-03-17 00:49:27.570 | DEBUG    | utils.distance_utils:build_node_balltree:29 - Built BallTree with 7460 nodes
2026-03-17 00:49:27.571 | DEBUG    | utils.geo_utils:haversine_distance:20 - Haversine: (31.338969478374853, 73.04196590548838) → (31.3333726, 73.0422104) = 622.8 m
2026-03-17 00:49:27.572 | DEBUG    | utils.distance_utils:find_nearest_road_point:56 - Nearest road node to (31.338969478374853, 73.04196590548838): (31.333373, 73.042210) — 622.8m
2026-03-17 00:49:27.572 | DEBUG    | utils.geo_utils:haversine_distance:20 - Haversine: (31.338969478374853, 73.04196590548838) → (31.3333726, 73.0422104) = 622.8 m
2026-03-17 00:49:27.572 | DEBUG    | data_pipeline.stop_builder:snap_stops_to_roads:38 - Snapped Test Student 12 (TEST-1265): 622.8m
2026-03-17 00:49:27.595 | DEBUG    | utils.distance_utils:build_node_balltree:29 - Built BallTree with 7460 nodes
2026-03-17 00:49:27.597 | DEBUG    | utils.geo_utils:haversine_distance:20 - Haversine: (31.505407374514913, 73.10140619881646) → (31.5075199, 73.1005803) = 247.6 m
2026-03-17 00:49:27.598 | DEBUG    | utils.distance_utils:find_nearest_road_point:56 - Nearest road node to (31.505407374514913, 73.10140619881646): (31.507520, 73.100580) — 247.6m
2026-03-17 00:49:27.598 | DEBUG    | utils.geo_utils:haversine_distance:20 - Haversine: (31.505407374514913, 73.10140619881646) → (31.5075199, 73.1005803) = 247.6 m
2026-03-17 00:49:27.598 | DEBUG    | data_pipeline.stop_builder:snap_stops_to_roads:38 - Snapped Test Student 13 (TEST-3811): 247.6m
2026-03-17 00:49:27.622 | DEBUG    | utils.distance_utils:build_node_balltree:29 - Built BallTree with 7460 nodes
2026-03-17 00:49:27.624 | DEBUG    | utils.geo_utils:haversine_distance:20 - Haversine: (31.49770557766422, 73.19724787872693) → (31.5015436, 73.1935631) = 551.5 m
2026-03-17 00:49:27.624 | DEBUG    | utils.distance_utils:find_nearest_road_point:56 - Nearest road node to (31.49770557766422, 73.19724787872693): (31.501544, 73.193563) — 551.5m
2026-03-17 00:49:27.625 | DEBUG    | utils.geo_utils:haversine_distance:20 - Haversine: (31.49770557766422, 73.19724787872693) → (31.5015436, 73.1935631) = 551.5 m
2026-03-17 00:49:27.625 | DEBUG    | data_pipeline.stop_builder:snap_stops_to_roads:38 - Snapped Test Student 14 (TEST-3741): 551.5m
2026-03-17 00:49:27.650 | DEBUG    | utils.distance_utils:build_node_balltree:29 - Built BallTree with 7460 nodes
2026-03-17 00:49:27.651 | DEBUG    | utils.geo_utils:haversine_distance:20 - Haversine: (31.410508808523392, 73.1658002081659) → (31.4148239, 73.1645583) = 494.1 m
2026-03-17 00:49:27.652 | DEBUG    | utils.distance_utils:find_nearest_road_point:56 - Nearest road node to (31.410508808523392, 73.1658002081659): (31.414824, 73.164558) — 494.1m
2026-03-17 00:49:27.652 | DEBUG    | utils.geo_utils:haversine_distance:20 - Haversine: (31.410508808523392, 73.1658002081659) → (31.4148239, 73.1645583) = 494.1 m
2026-03-17 00:49:27.652 | DEBUG    | data_pipeline.stop_builder:snap_stops_to_roads:38 - Snapped Test Student 15 (TEST-3289): 494.1m
2026-03-17 00:49:27.676 | DEBUG    | utils.distance_utils:build_node_balltree:29 - Built BallTree with 7460 nodes
2026-03-17 00:49:27.678 | DEBUG    | utils.geo_utils:haversine_distance:20 - Haversine: (31.453846258864505, 73.19186046525185) → (31.4644729, 73.1882307) = 1230.8 m
2026-03-17 00:49:27.678 | DEBUG    | utils.distance_utils:find_nearest_road_point:56 - Nearest road node to (31.453846258864505, 73.19186046525185): (31.464473, 73.188231) — 1230.8m
2026-03-17 00:49:27.678 | DEBUG    | utils.geo_utils:haversine_distance:20 - Haversine: (31.453846258864505, 73.19186046525185) → (31.4644729, 73.1882307) = 1230.8 m
2026-03-17 00:49:27.679 | DEBUG    | data_pipeline.stop_builder:snap_stops_to_roads:38 - Snapped Test Student 16 (TEST-7780): 1230.8m
2026-03-17 00:49:27.704 | DEBUG    | utils.distance_utils:build_node_balltree:29 - Built BallTree with 7460 nodes
2026-03-17 00:49:27.705 | DEBUG    | utils.geo_utils:haversine_distance:20 - Haversine: (31.43255994006893, 73.09146942366137) → (31.4319273, 73.0907774) = 96.2 m
2026-03-17 00:49:27.706 | DEBUG    | utils.distance_utils:find_nearest_road_point:56 - Nearest road node to (31.43255994006893, 73.09146942366137): (31.431927, 73.090777) — 96.2m
2026-03-17 00:49:27.706 | DEBUG    | utils.geo_utils:haversine_distance:20 - Haversine: (31.43255994006893, 73.09146942366137) → (31.4319273, 73.0907774) = 96.2 m
2026-03-17 00:49:27.706 | DEBUG    | data_pipeline.stop_builder:snap_stops_to_roads:38 - Snapped Test Student 17 (TEST-9541): 96.2m
2026-03-17 00:49:27.731 | DEBUG    | utils.distance_utils:build_node_balltree:29 - Built BallTree with 7460 nodes
2026-03-17 00:49:27.733 | DEBUG    | utils.geo_utils:haversine_distance:20 - Haversine: (31.420894050774614, 73.04499703820537) → (31.4186759, 73.0443624) = 253.9 m
2026-03-17 00:49:27.734 | DEBUG    | utils.distance_utils:find_nearest_road_point:56 - Nearest road node to (31.420894050774614, 73.04499703820537): (31.418676, 73.044362) — 253.9m
2026-03-17 00:49:27.734 | DEBUG    | utils.geo_utils:haversine_distance:20 - Haversine: (31.420894050774614, 73.04499703820537) → (31.4186759, 73.0443624) = 253.9 m
2026-03-17 00:49:27.734 | DEBUG    | data_pipeline.stop_builder:snap_stops_to_roads:38 - Snapped Test Student 18 (TEST-6035): 253.9m
2026-03-17 00:49:27.762 | DEBUG    | utils.distance_utils:build_node_balltree:29 - Built BallTree with 7460 nodes
2026-03-17 00:49:27.764 | DEBUG    | utils.geo_utils:haversine_distance:20 - Haversine: (31.375966108321286, 73.0928831225039) → (31.3776138, 73.0904372) = 295.8 m
2026-03-17 00:49:27.764 | DEBUG    | utils.distance_utils:find_nearest_road_point:56 - Nearest road node to (31.375966108321286, 73.0928831225039): (31.377614, 73.090437) — 295.8m
2026-03-17 00:49:27.764 | DEBUG    | utils.geo_utils:haversine_distance:20 - Haversine: (31.375966108321286, 73.0928831225039) → (31.3776138, 73.0904372) = 295.8 m
2026-03-17 00:49:27.765 | DEBUG    | data_pipeline.stop_builder:snap_stops_to_roads:38 - Snapped Test Student 19 (TEST-4787): 295.8m
2026-03-17 00:49:27.791 | DEBUG    | utils.distance_utils:build_node_balltree:29 - Built BallTree with 7460 nodes
2026-03-17 00:49:27.793 | DEBUG    | utils.geo_utils:haversine_distance:20 - Haversine: (31.317031325416544, 73.19463764719963) → (31.311923, 73.1917425) = 631.1 m
2026-03-17 00:49:27.794 | DEBUG    | utils.distance_utils:find_nearest_road_point:56 - Nearest road node to (31.317031325416544, 73.19463764719963): (31.311923, 73.191743) — 631.1m
2026-03-17 00:49:27.794 | DEBUG    | utils.geo_utils:haversine_distance:20 - Haversine: (31.317031325416544, 73.19463764719963) → (31.311923, 73.1917425) = 631.1 m
2026-03-17 00:49:27.794 | DEBUG    | data_pipeline.stop_builder:snap_stops_to_roads:38 - Snapped Test Student 20 (TEST-2854): 631.1m
2026-03-17 00:49:27.818 | DEBUG    | utils.distance_utils:build_node_balltree:29 - Built BallTree with 7460 nodes
2026-03-17 00:49:27.820 | DEBUG    | utils.geo_utils:haversine_distance:20 - Haversine: (31.358964005746834, 73.18223009691991) → (31.3581158, 73.1846103) = 244.9 m
2026-03-17 00:49:27.820 | DEBUG    | utils.distance_utils:find_nearest_road_point:56 - Nearest road node to (31.358964005746834, 73.18223009691991): (31.358116, 73.184610) — 244.9m
2026-03-17 00:49:27.821 | DEBUG    | utils.geo_utils:haversine_distance:20 - Haversine: (31.358964005746834, 73.18223009691991) → (31.3581158, 73.1846103) = 244.9 m
2026-03-17 00:49:27.821 | DEBUG    | data_pipeline.stop_builder:snap_stops_to_roads:38 - Snapped Test Student 21 (TEST-9412): 244.9m
2026-03-17 00:49:27.848 | DEBUG    | utils.distance_utils:build_node_balltree:29 - Built BallTree with 7460 nodes
2026-03-17 00:49:27.850 | DEBUG    | utils.geo_utils:haversine_distance:20 - Haversine: (31.30626302932068, 73.04385574113304) → (31.307639, 73.0439916) = 153.5 m
2026-03-17 00:49:27.850 | DEBUG    | utils.distance_utils:find_nearest_road_point:56 - Nearest road node to (31.30626302932068, 73.04385574113304): (31.307639, 73.043992) — 153.5m
2026-03-17 00:49:27.851 | DEBUG    | utils.geo_utils:haversine_distance:20 - Haversine: (31.30626302932068, 73.04385574113304) → (31.307639, 73.0439916) = 153.5 m
2026-03-17 00:49:27.851 | DEBUG    | data_pipeline.stop_builder:snap_stops_to_roads:38 - Snapped Test Student 22 (TEST-1978): 153.5m
2026-03-17 00:49:27.876 | DEBUG    | utils.distance_utils:build_node_balltree:29 - Built BallTree with 7460 nodes
2026-03-17 00:49:27.877 | DEBUG    | utils.geo_utils:haversine_distance:20 - Haversine: (31.51642390521156, 73.10410284025417) → (31.5119632, 73.1053388) = 509.7 m
2026-03-17 00:49:27.878 | DEBUG    | utils.distance_utils:find_nearest_road_point:56 - Nearest road node to (31.51642390521156, 73.10410284025417): (31.511963, 73.105339) — 509.7m
2026-03-17 00:49:27.878 | DEBUG    | utils.geo_utils:haversine_distance:20 - Haversine: (31.51642390521156, 73.10410284025417) → (31.5119632, 73.1053388) = 509.7 m
2026-03-17 00:49:27.878 | DEBUG    | data_pipeline.stop_builder:snap_stops_to_roads:38 - Snapped Test Student 23 (TEST-7806): 509.7m
2026-03-17 00:49:27.904 | DEBUG    | utils.distance_utils:build_node_balltree:29 - Built BallTree with 7460 nodes
2026-03-17 00:49:27.906 | DEBUG    | utils.geo_utils:haversine_distance:20 - Haversine: (31.362837221310617, 73.11591751859528) → (31.3634161, 73.1141106) = 183.2 m
2026-03-17 00:49:27.906 | DEBUG    | utils.distance_utils:find_nearest_road_point:56 - Nearest road node to (31.362837221310617, 73.11591751859528): (31.363416, 73.114111) — 183.2m
2026-03-17 00:49:27.907 | DEBUG    | utils.geo_utils:haversine_distance:20 - Haversine: (31.362837221310617, 73.11591751859528) → (31.3634161, 73.1141106) = 183.2 m
2026-03-17 00:49:27.907 | DEBUG    | data_pipeline.stop_builder:snap_stops_to_roads:38 - Snapped Test Student 24 (TEST-4522): 183.2m
2026-03-17 00:49:27.933 | DEBUG    | utils.distance_utils:build_node_balltree:29 - Built BallTree with 7460 nodes
2026-03-17 00:49:27.935 | DEBUG    | utils.geo_utils:haversine_distance:20 - Haversine: (31.483879217724777, 73.14836129155259) → (31.484527, 73.1521663) = 367.9 m
2026-03-17 00:49:27.935 | DEBUG    | utils.distance_utils:find_nearest_road_point:56 - Nearest road node to (31.483879217724777, 73.14836129155259): (31.484527, 73.152166) — 367.9m
2026-03-17 00:49:27.935 | DEBUG    | utils.geo_utils:haversine_distance:20 - Haversine: (31.483879217724777, 73.14836129155259) → (31.484527, 73.1521663) = 367.9 m
2026-03-17 00:49:27.936 | DEBUG    | data_pipeline.stop_builder:snap_stops_to_roads:38 - Snapped Test Student 25 (TEST-1878): 367.9m
2026-03-17 00:49:27.960 | DEBUG    | utils.distance_utils:build_node_balltree:29 - Built BallTree with 7460 nodes
2026-03-17 00:49:27.961 | DEBUG    | utils.geo_utils:haversine_distance:20 - Haversine: (31.49899214065563, 73.01267256501768) → (31.4933345, 73.0175829) = 782.6 m
2026-03-17 00:49:27.962 | DEBUG    | utils.distance_utils:find_nearest_road_point:56 - Nearest road node to (31.49899214065563, 73.01267256501768): (31.493334, 73.017583) — 782.6m
2026-03-17 00:49:27.962 | DEBUG    | utils.geo_utils:haversine_distance:20 - Haversine: (31.49899214065563, 73.01267256501768) → (31.4933345, 73.0175829) = 782.6 m
2026-03-17 00:49:27.962 | DEBUG    | data_pipeline.stop_builder:snap_stops_to_roads:38 - Snapped Test Student 26 (TEST-4804): 782.6m
2026-03-17 00:49:27.987 | DEBUG    | utils.distance_utils:build_node_balltree:29 - Built BallTree with 7460 nodes
2026-03-17 00:49:27.989 | DEBUG    | utils.geo_utils:haversine_distance:20 - Haversine: (31.548342691203697, 73.01431024578238) → (31.5457488, 73.0148993) = 293.8 m
2026-03-17 00:49:27.989 | DEBUG    | utils.distance_utils:find_nearest_road_point:56 - Nearest road node to (31.548342691203697, 73.01431024578238): (31.545749, 73.014899) — 293.8m
2026-03-17 00:49:27.989 | DEBUG    | utils.geo_utils:haversine_distance:20 - Haversine: (31.548342691203697, 73.01431024578238) → (31.5457488, 73.0148993) = 293.8 m
2026-03-17 00:49:27.989 | DEBUG    | data_pipeline.stop_builder:snap_stops_to_roads:38 - Snapped Test Student 27 (TEST-2031): 293.8m
2026-03-17 00:49:28.015 | DEBUG    | utils.distance_utils:build_node_balltree:29 - Built BallTree with 7460 nodes
2026-03-17 00:49:28.017 | DEBUG    | utils.geo_utils:haversine_distance:20 - Haversine: (31.34234753351373, 73.04543903514217) → (31.3351052, 73.048939) = 871.2 m
2026-03-17 00:49:28.017 | DEBUG    | utils.distance_utils:find_nearest_road_point:56 - Nearest road node to (31.34234753351373, 73.04543903514217): (31.335105, 73.048939) — 871.2m
2026-03-17 00:49:28.017 | DEBUG    | utils.geo_utils:haversine_distance:20 - Haversine: (31.34234753351373, 73.04543903514217) → (31.3351052, 73.048939) = 871.2 m
2026-03-17 00:49:28.017 | DEBUG    | data_pipeline.stop_builder:snap_stops_to_roads:38 - Snapped Test Student 28 (TEST-3124): 871.2m
2026-03-17 00:49:28.042 | DEBUG    | utils.distance_utils:build_node_balltree:29 - Built BallTree with 7460 nodes
2026-03-17 00:49:28.043 | DEBUG    | utils.geo_utils:haversine_distance:20 - Haversine: (31.452158240231682, 73.1820548380496) → (31.4525861, 73.1780263) = 385.1 m
2026-03-17 00:49:28.044 | DEBUG    | utils.distance_utils:find_nearest_road_point:56 - Nearest road node to (31.452158240231682, 73.1820548380496): (31.452586, 73.178026) — 385.1m
2026-03-17 00:49:28.044 | DEBUG    | utils.geo_utils:haversine_distance:20 - Haversine: (31.452158240231682, 73.1820548380496) → (31.4525861, 73.1780263) = 385.1 m
2026-03-17 00:49:28.044 | DEBUG    | data_pipeline.stop_builder:snap_stops_to_roads:38 - Snapped Test Student 29 (TEST-9847): 385.1m
2026-03-17 00:49:28.068 | DEBUG    | utils.distance_utils:build_node_balltree:29 - Built BallTree with 7460 nodes
2026-03-17 00:49:28.070 | DEBUG    | utils.geo_utils:haversine_distance:20 - Haversine: (31.38131459029244, 73.18222219607327) → (31.3832892, 73.1836007) = 255.6 m
2026-03-17 00:49:28.070 | DEBUG    | utils.distance_utils:find_nearest_road_point:56 - Nearest road node to (31.38131459029244, 73.18222219607327): (31.383289, 73.183601) — 255.6m
2026-03-17 00:49:28.071 | DEBUG    | utils.geo_utils:haversine_distance:20 - Haversine: (31.38131459029244, 73.18222219607327) → (31.3832892, 73.1836007) = 255.6 m
2026-03-17 00:49:28.071 | DEBUG    | data_pipeline.stop_builder:snap_stops_to_roads:38 - Snapped Test Student 30 (TEST-6102): 255.6m
2026-03-17 00:49:28.071 | INFO     | data_pipeline.stop_builder:snap_stops_to_roads:47 - Snapping complete:
2026-03-17 00:49:28.071 | INFO     | data_pipeline.stop_builder:snap_stops_to_roads:48 -   Input stops: 30
2026-03-17 00:49:28.071 | INFO     | data_pipeline.stop_builder:snap_stops_to_roads:49 -   Snapped successfully: 30
2026-03-17 00:49:28.072 | INFO     | data_pipeline.stop_builder:snap_stops_to_roads:50 -   Skipped (too far): 0
2026-03-17 00:49:28.072 | DEBUG    | data_pipeline.stop_builder:snap_stops_to_roads:53 - First snapped stop example: {'student_id': 'test_001', 'name': 'Test Student 1', 'roll_no': 'TEST-6157', 'lat': 31.4592945, 'lng': 73.0629536, 'student_count': 1, 'contact': '03478060777', 'semester': 'Spring 2026', 'fee_status': 'unpaid', 'registration_status': 'pending', 'original_lat': 31.458413838955877, 'original_lng': 73.0637191090853, 'snap_distance_m': 121.91}
2026-03-17 00:49:28.072 | DEBUG    | utils.geo_utils:haversine_distance:20 - Haversine: (31.3058685, 73.1694728) → (31.4592945, 73.0629536) = 19831.7 m
2026-03-17 00:49:28.072 | DEBUG    | utils.geo_utils:haversine_distance:20 - Haversine: (31.3140734, 73.0226304) → (31.4592945, 73.0629536) = 16595.3 m
2026-03-17 00:49:28.072 | DEBUG    | utils.geo_utils:haversine_distance:20 - Haversine: (31.3140734, 73.0226304) → (31.3058685, 73.1694728) = 13980.0 m
2026-03-17 00:49:28.073 | DEBUG    | utils.geo_utils:haversine_distance:20 - Haversine: (31.5306679, 73.1126844) → (31.4592945, 73.0629536) = 9231.4 m
2026-03-17 00:49:28.073 | DEBUG    | utils.geo_utils:haversine_distance:20 - Haversine: (31.5306679, 73.1126844) → (31.3058685, 73.1694728) = 25570.8 m
2026-03-17 00:49:28.073 | DEBUG    | utils.geo_utils:haversine_distance:20 - Haversine: (31.5306679, 73.1126844) → (31.3140734, 73.0226304) = 25555.2 m
2026-03-17 00:49:28.073 | DEBUG    | utils.geo_utils:haversine_distance:20 - Haversine: (31.3760251, 73.034401) → (31.4592945, 73.0629536) = 9647.4 m
2026-03-17 00:49:28.073 | DEBUG    | utils.geo_utils:haversine_distance:20 - Haversine: (31.3760251, 73.034401) → (31.3058685, 73.1694728) = 15013.6 m
2026-03-17 00:49:28.073 | DEBUG    | utils.geo_utils:haversine_distance:20 - Haversine: (31.3760251, 73.034401) → (31.3140734, 73.0226304) = 6978.8 m
2026-03-17 00:49:28.073 | DEBUG    | utils.geo_utils:haversine_distance:20 - Haversine: (31.3760251, 73.034401) → (31.5306679, 73.1126844) = 18730.3 m
2026-03-17 00:49:28.073 | DEBUG    | utils.geo_utils:haversine_distance:20 - Haversine: (31.404983, 73.1460277) → (31.4592945, 73.0629536) = 9929.5 m
2026-03-17 00:49:28.073 | DEBUG    | utils.geo_utils:haversine_distance:20 - Haversine: (31.404983, 73.1460277) → (31.3058685, 73.1694728) = 11243.6 m
2026-03-17 00:49:28.073 | DEBUG    | utils.geo_utils:haversine_distance:20 - Haversine: (31.404983, 73.1460277) → (31.3140734, 73.0226304) = 15474.7 m
2026-03-17 00:49:28.073 | DEBUG    | utils.geo_utils:haversine_distance:20 - Haversine: (31.404983, 73.1460277) → (31.5306679, 73.1126844) = 14328.8 m
2026-03-17 00:49:28.074 | DEBUG    | utils.geo_utils:haversine_distance:20 - Haversine: (31.404983, 73.1460277) → (31.3760251, 73.034401) = 11074.1 m
2026-03-17 00:49:28.074 | DEBUG    | utils.geo_utils:haversine_distance:20 - Haversine: (31.4212389, 73.0816409) → (31.4592945, 73.0629536) = 4588.0 m
2026-03-17 00:49:28.074 | DEBUG    | utils.geo_utils:haversine_distance:20 - Haversine: (31.4212389, 73.0816409) → (31.3058685, 73.1694728) = 15300.9 m
2026-03-17 00:49:28.074 | DEBUG    | utils.geo_utils:haversine_distance:20 - Haversine: (31.4212389, 73.0816409) → (31.3140734, 73.0226304) = 13167.6 m
2026-03-17 00:49:28.074 | DEBUG    | utils.geo_utils:haversine_distance:20 - Haversine: (31.4212389, 73.0816409) → (31.5306679, 73.1126844) = 12519.0 m
2026-03-17 00:49:28.074 | DEBUG    | utils.geo_utils:haversine_distance:20 - Haversine: (31.4212389, 73.0816409) → (31.3760251, 73.034401) = 6736.4 m
2026-03-17 00:49:28.074 | DEBUG    | utils.geo_utils:haversine_distance:20 - Haversine: (31.4212389, 73.0816409) → (31.404983, 73.1460277) = 6371.9 m
2026-03-17 00:49:28.074 | DEBUG    | utils.geo_utils:haversine_distance:20 - Haversine: (31.4658821, 73.1813423) → (31.4592945, 73.0629536) = 11252.7 m
2026-03-17 00:49:28.074 | DEBUG    | utils.geo_utils:haversine_distance:20 - Haversine: (31.4658821, 73.1813423) → (31.3058685, 73.1694728) = 17828.3 m
2026-03-17 00:49:28.074 | DEBUG    | utils.geo_utils:haversine_distance:20 - Haversine: (31.4658821, 73.1813423) → (31.3140734, 73.0226304) = 22625.2 m
2026-03-17 00:49:28.074 | DEBUG    | utils.geo_utils:haversine_distance:20 - Haversine: (31.4658821, 73.1813423) → (31.5306679, 73.1126844) = 9709.2 m
2026-03-17 00:49:28.075 | DEBUG    | utils.geo_utils:haversine_distance:20 - Haversine: (31.4658821, 73.1813423) → (31.3760251, 73.034401) = 17153.6 m
2026-03-17 00:49:28.075 | DEBUG    | utils.geo_utils:haversine_distance:20 - Haversine: (31.4658821, 73.1813423) → (31.404983, 73.1460277) = 7555.2 m
2026-03-17 00:49:28.075 | DEBUG    | utils.geo_utils:haversine_distance:20 - Haversine: (31.4658821, 73.1813423) → (31.4212389, 73.0816409) = 10681.9 m
2026-03-17 00:49:28.075 | DEBUG    | utils.geo_utils:haversine_distance:20 - Haversine: (31.4633642, 73.185041) → (31.4592945, 73.0629536) = 11588.6 m
2026-03-17 00:49:28.075 | DEBUG    | utils.geo_utils:haversine_distance:20 - Haversine: (31.4633642, 73.185041) → (31.3058685, 73.1694728) = 17575.0 m
2026-03-17 00:49:28.075 | DEBUG    | utils.geo_utils:haversine_distance:20 - Haversine: (31.4633642, 73.185041) → (31.3140734, 73.0226304) = 22654.7 m
2026-03-17 00:49:28.075 | DEBUG    | utils.geo_utils:haversine_distance:20 - Haversine: (31.4633642, 73.185041) → (31.5306679, 73.1126844) = 10152.4 m
2026-03-17 00:49:28.075 | DEBUG    | utils.geo_utils:haversine_distance:20 - Haversine: (31.4633642, 73.185041) → (31.3760251, 73.034401) = 17281.3 m
2026-03-17 00:49:28.075 | DEBUG    | utils.geo_utils:haversine_distance:20 - Haversine: (31.4633642, 73.185041) → (31.404983, 73.1460277) = 7472.8 m
2026-03-17 00:49:28.075 | DEBUG    | utils.geo_utils:haversine_distance:20 - Haversine: (31.4633642, 73.185041) → (31.4212389, 73.0816409) = 10870.3 m
2026-03-17 00:49:28.075 | DEBUG    | utils.geo_utils:haversine_distance:20 - Haversine: (31.4633642, 73.185041) → (31.4658821, 73.1813423) = 448.8 m
2026-03-17 00:49:28.075 | DEBUG    | utils.geo_utils:haversine_distance:20 - Haversine: (31.4509199, 73.0172282) → (31.4592945, 73.0629536) = 4436.1 m
2026-03-17 00:49:28.076 | DEBUG    | utils.geo_utils:haversine_distance:20 - Haversine: (31.4509199, 73.0172282) → (31.3058685, 73.1694728) = 21657.1 m
2026-03-17 00:49:28.076 | DEBUG    | utils.geo_utils:haversine_distance:20 - Haversine: (31.4509199, 73.0172282) → (31.3140734, 73.0226304) = 15225.3 m
2026-03-17 00:49:28.076 | DEBUG    | utils.geo_utils:haversine_distance:20 - Haversine: (31.4509199, 73.0172282) → (31.5306679, 73.1126844) = 12671.0 m
2026-03-17 00:49:28.076 | DEBUG    | utils.geo_utils:haversine_distance:20 - Haversine: (31.4509199, 73.0172282) → (31.3760251, 73.034401) = 8485.9 m
2026-03-17 00:49:28.076 | DEBUG    | utils.geo_utils:haversine_distance:20 - Haversine: (31.4509199, 73.0172282) → (31.404983, 73.1460277) = 13245.3 m
2026-03-17 00:49:28.076 | DEBUG    | utils.geo_utils:haversine_distance:20 - Haversine: (31.4509199, 73.0172282) → (31.4212389, 73.0816409) = 6945.4 m
2026-03-17 00:49:28.076 | DEBUG    | utils.geo_utils:haversine_distance:20 - Haversine: (31.4509199, 73.0172282) → (31.4658821, 73.1813423) = 15655.1 m
2026-03-17 00:49:28.076 | DEBUG    | utils.geo_utils:haversine_distance:20 - Haversine: (31.4351755, 73.0374493) → (31.4592945, 73.0629536) = 3611.9 m
2026-03-17 00:49:28.076 | DEBUG    | utils.geo_utils:haversine_distance:20 - Haversine: (31.4351755, 73.0374493) → (31.3058685, 73.1694728) = 19074.7 m
2026-03-17 00:49:28.076 | DEBUG    | utils.geo_utils:haversine_distance:20 - Haversine: (31.4351755, 73.0374493) → (31.3140734, 73.0226304) = 13539.2 m
2026-03-17 00:49:28.076 | DEBUG    | utils.geo_utils:haversine_distance:20 - Haversine: (31.4351755, 73.0374493) → (31.5306679, 73.1126844) = 12792.4 m
2026-03-17 00:49:28.077 | DEBUG    | utils.geo_utils:haversine_distance:20 - Haversine: (31.4351755, 73.0374493) → (31.3760251, 73.034401) = 6583.6 m
2026-03-17 00:49:28.077 | DEBUG    | utils.geo_utils:haversine_distance:20 - Haversine: (31.4351755, 73.0374493) → (31.404983, 73.1460277) = 10836.2 m
2026-03-17 00:49:28.077 | DEBUG    | utils.geo_utils:haversine_distance:20 - Haversine: (31.4351755, 73.0374493) → (31.4212389, 73.0816409) = 4470.2 m
2026-03-17 00:49:28.077 | DEBUG    | utils.geo_utils:haversine_distance:20 - Haversine: (31.4351755, 73.0374493) → (31.4658821, 73.1813423) = 14070.2 m
2026-03-17 00:49:28.077 | DEBUG    | utils.geo_utils:haversine_distance:20 - Haversine: (31.4351755, 73.0374493) → (31.4509199, 73.0172282) = 2597.1 m
2026-03-17 00:49:28.077 | DEBUG    | utils.geo_utils:haversine_distance:20 - Haversine: (31.3333726, 73.0422104) → (31.4592945, 73.0629536) = 14139.6 m
2026-03-17 00:49:28.077 | DEBUG    | utils.geo_utils:haversine_distance:20 - Haversine: (31.3333726, 73.0422104) → (31.3058685, 73.1694728) = 12469.7 m
2026-03-17 00:49:28.077 | DEBUG    | utils.geo_utils:haversine_distance:20 - Haversine: (31.3333726, 73.0422104) → (31.3140734, 73.0226304) = 2839.8 m
2026-03-17 00:49:28.077 | DEBUG    | utils.geo_utils:haversine_distance:20 - Haversine: (31.3333726, 73.0422104) → (31.5306679, 73.1126844) = 22934.6 m
2026-03-17 00:49:28.077 | DEBUG    | utils.geo_utils:haversine_distance:20 - Haversine: (31.3333726, 73.0422104) → (31.3760251, 73.034401) = 4800.4 m
2026-03-17 00:49:28.077 | DEBUG    | utils.geo_utils:haversine_distance:20 - Haversine: (31.3333726, 73.0422104) → (31.404983, 73.1460277) = 12671.1 m
2026-03-17 00:49:28.077 | DEBUG    | utils.geo_utils:haversine_distance:20 - Haversine: (31.3333726, 73.0422104) → (31.4212389, 73.0816409) = 10462.8 m
2026-03-17 00:49:28.077 | DEBUG    | utils.geo_utils:haversine_distance:20 - Haversine: (31.3333726, 73.0422104) → (31.4658821, 73.1813423) = 19785.8 m
2026-03-17 00:49:28.077 | DEBUG    | utils.geo_utils:haversine_distance:20 - Haversine: (31.3333726, 73.0422104) → (31.4509199, 73.0172282) = 13284.0 m
2026-03-17 00:49:28.077 | DEBUG    | utils.geo_utils:haversine_distance:20 - Haversine: (31.3333726, 73.0422104) → (31.4351755, 73.0374493) = 11329.0 m
2026-03-17 00:49:28.078 | DEBUG    | utils.geo_utils:haversine_distance:20 - Haversine: (31.5075199, 73.1005803) → (31.4592945, 73.0629536) = 6441.0 m
2026-03-17 00:49:28.078 | DEBUG    | utils.geo_utils:haversine_distance:20 - Haversine: (31.5075199, 73.1005803) → (31.3058685, 73.1694728) = 23356.4 m
2026-03-17 00:49:28.078 | DEBUG    | utils.geo_utils:haversine_distance:20 - Haversine: (31.5075199, 73.1005803) → (31.3140734, 73.0226304) = 22746.7 m
2026-03-17 00:49:28.078 | DEBUG    | utils.geo_utils:haversine_distance:20 - Haversine: (31.5075199, 73.1005803) → (31.5306679, 73.1126844) = 2818.1 m
2026-03-17 00:49:28.078 | DEBUG    | utils.geo_utils:haversine_distance:20 - Haversine: (31.5075199, 73.1005803) → (31.3760251, 73.034401) = 15912.5 m
2026-03-17 00:49:28.078 | DEBUG    | utils.geo_utils:haversine_distance:20 - Haversine: (31.5075199, 73.1005803) → (31.404983, 73.1460277) = 12189.3 m
2026-03-17 00:49:28.078 | DEBUG    | utils.geo_utils:haversine_distance:20 - Haversine: (31.5075199, 73.1005803) → (31.4212389, 73.0816409) = 9760.7 m
2026-03-17 00:49:28.078 | DEBUG    | utils.geo_utils:haversine_distance:20 - Haversine: (31.5075199, 73.1005803) → (31.4658821, 73.1813423) = 8948.9 m
2026-03-17 00:49:28.078 | DEBUG    | utils.geo_utils:haversine_distance:20 - Haversine: (31.5075199, 73.1005803) → (31.4509199, 73.0172282) = 10103.9 m
2026-03-17 00:49:28.078 | DEBUG    | utils.geo_utils:haversine_distance:20 - Haversine: (31.5075199, 73.1005803) → (31.4351755, 73.0374493) = 10027.9 m
2026-03-17 00:49:28.078 | DEBUG    | utils.geo_utils:haversine_distance:20 - Haversine: (31.5075199, 73.1005803) → (31.3333726, 73.0422104) = 20140.8 m
2026-03-17 00:49:28.078 | DEBUG    | utils.geo_utils:haversine_distance:20 - Haversine: (31.5015436, 73.1935631) → (31.4592945, 73.0629536) = 13246.6 m
2026-03-17 00:49:28.079 | DEBUG    | utils.geo_utils:haversine_distance:20 - Haversine: (31.5015436, 73.1935631) → (31.3058685, 73.1694728) = 21877.9 m
2026-03-17 00:49:28.079 | DEBUG    | utils.geo_utils:haversine_distance:20 - Haversine: (31.5015436, 73.1935631) → (31.3140734, 73.0226304) = 26413.9 m
2026-03-17 00:49:28.079 | DEBUG    | utils.geo_utils:haversine_distance:20 - Haversine: (31.5015436, 73.1935631) → (31.5306679, 73.1126844) = 8322.6 m
2026-03-17 00:49:28.079 | DEBUG    | utils.geo_utils:haversine_distance:20 - Haversine: (31.5015436, 73.1935631) → (31.3760251, 73.034401) = 20562.2 m
2026-03-17 00:49:28.079 | DEBUG    | utils.geo_utils:haversine_distance:20 - Haversine: (31.5015436, 73.1935631) → (31.404983, 73.1460277) = 11645.4 m
2026-03-17 00:49:28.079 | DEBUG    | utils.geo_utils:haversine_distance:20 - Haversine: (31.5015436, 73.1935631) → (31.4212389, 73.0816409) = 13871.8 m
2026-03-17 00:49:28.079 | DEBUG    | utils.geo_utils:haversine_distance:20 - Haversine: (31.5015436, 73.1935631) → (31.4658821, 73.1813423) = 4131.2 m
2026-03-17 00:49:28.079 | DEBUG    | utils.geo_utils:haversine_distance:20 - Haversine: (31.5015436, 73.1935631) → (31.4509199, 73.0172282) = 17644.4 m
2026-03-17 00:49:28.079 | DEBUG    | utils.geo_utils:haversine_distance:20 - Haversine: (31.5015436, 73.1935631) → (31.4351755, 73.0374493) = 16543.3 m
2026-03-17 00:49:28.079 | DEBUG    | utils.geo_utils:haversine_distance:20 - Haversine: (31.5015436, 73.1935631) → (31.3333726, 73.0422104) = 23578.7 m
2026-03-17 00:49:28.079 | DEBUG    | utils.geo_utils:haversine_distance:20 - Haversine: (31.5015436, 73.1935631) → (31.5075199, 73.1005803) = 8840.2 m
2026-03-17 00:49:28.080 | DEBUG    | utils.geo_utils:haversine_distance:20 - Haversine: (31.4148239, 73.1645583) → (31.4592945, 73.0629536) = 10833.9 m
2026-03-17 00:49:28.080 | DEBUG    | utils.geo_utils:haversine_distance:20 - Haversine: (31.4148239, 73.1645583) → (31.3058685, 73.1694728) = 12124.3 m
2026-03-17 00:49:28.080 | DEBUG    | utils.geo_utils:haversine_distance:20 - Haversine: (31.4148239, 73.1645583) → (31.3140734, 73.0226304) = 17524.2 m
2026-03-17 00:49:28.080 | DEBUG    | utils.geo_utils:haversine_distance:20 - Haversine: (31.4148239, 73.1645583) → (31.5306679, 73.1126844) = 13788.7 m
2026-03-17 00:49:28.080 | DEBUG    | utils.geo_utils:haversine_distance:20 - Haversine: (31.4148239, 73.1645583) → (31.3760251, 73.034401) = 13085.5 m
2026-03-17 00:49:28.080 | DEBUG    | utils.geo_utils:haversine_distance:20 - Haversine: (31.4148239, 73.1645583) → (31.404983, 73.1460277) = 2071.2 m
2026-03-17 00:49:28.080 | DEBUG    | utils.geo_utils:haversine_distance:20 - Haversine: (31.4148239, 73.1645583) → (31.4212389, 73.0816409) = 7900.5 m
2026-03-17 00:49:28.080 | DEBUG    | utils.geo_utils:haversine_distance:20 - Haversine: (31.4148239, 73.1645583) → (31.4658821, 73.1813423) = 5896.5 m
2026-03-17 00:49:28.080 | DEBUG    | utils.geo_utils:haversine_distance:20 - Haversine: (31.4148239, 73.1645583) → (31.4509199, 73.0172282) = 14543.1 m
2026-03-17 00:49:28.080 | DEBUG    | utils.geo_utils:haversine_distance:20 - Haversine: (31.4148239, 73.1645583) → (31.4351755, 73.0374493) = 12271.2 m
2026-03-17 00:49:28.080 | DEBUG    | utils.geo_utils:haversine_distance:20 - Haversine: (31.4148239, 73.1645583) → (31.3333726, 73.0422104) = 14729.0 m
2026-03-17 00:49:28.080 | DEBUG    | utils.geo_utils:haversine_distance:20 - Haversine: (31.4148239, 73.1645583) → (31.5075199, 73.1005803) = 11960.9 m
2026-03-17 00:49:28.080 | DEBUG    | utils.geo_utils:haversine_distance:20 - Haversine: (31.4148239, 73.1645583) → (31.5015436, 73.1935631) = 10027.6 m
2026-03-17 00:49:28.081 | DEBUG    | utils.geo_utils:haversine_distance:20 - Haversine: (31.4644729, 73.1882307) → (31.4592945, 73.0629536) = 11896.2 m
2026-03-17 00:49:28.081 | DEBUG    | utils.geo_utils:haversine_distance:20 - Haversine: (31.4644729, 73.1882307) → (31.3058685, 73.1694728) = 17725.7 m
2026-03-17 00:49:28.081 | DEBUG    | utils.geo_utils:haversine_distance:20 - Haversine: (31.4644729, 73.1882307) → (31.3140734, 73.0226304) = 22951.4 m
2026-03-17 00:49:28.081 | DEBUG    | utils.geo_utils:haversine_distance:20 - Haversine: (31.4644729, 73.1882307) → (31.5306679, 73.1126844) = 10270.4 m
2026-03-17 00:49:28.081 | DEBUG    | utils.geo_utils:haversine_distance:20 - Haversine: (31.4644729, 73.1882307) → (31.3760251, 73.034401) = 17601.0 m
2026-03-17 00:49:28.081 | DEBUG    | utils.geo_utils:haversine_distance:20 - Haversine: (31.4644729, 73.1882307) → (31.404983, 73.1460277) = 7732.4 m
2026-03-17 00:49:28.081 | DEBUG    | utils.geo_utils:haversine_distance:20 - Haversine: (31.4644729, 73.1882307) → (31.4212389, 73.0816409) = 11196.5 m
2026-03-17 00:49:28.081 | DEBUG    | utils.geo_utils:haversine_distance:20 - Haversine: (31.4644729, 73.1882307) → (31.4658821, 73.1813423) = 671.9 m
2026-03-17 00:49:28.081 | DEBUG    | utils.geo_utils:haversine_distance:20 - Haversine: (31.4319273, 73.0907774) → (31.4592945, 73.0629536) = 4028.3 m
2026-03-17 00:49:28.081 | DEBUG    | utils.geo_utils:haversine_distance:20 - Haversine: (31.4319273, 73.0907774) → (31.3058685, 73.1694728) = 15884.0 m
2026-03-17 00:49:28.081 | DEBUG    | utils.geo_utils:haversine_distance:20 - Haversine: (31.4319273, 73.0907774) → (31.3140734, 73.0226304) = 14614.8 m
2026-03-17 00:49:28.082 | DEBUG    | utils.geo_utils:haversine_distance:20 - Haversine: (31.4319273, 73.0907774) → (31.5306679, 73.1126844) = 11174.3 m
2026-03-17 00:49:28.082 | DEBUG    | utils.geo_utils:haversine_distance:20 - Haversine: (31.4319273, 73.0907774) → (31.3760251, 73.034401) = 8201.6 m
2026-03-17 00:49:28.082 | DEBUG    | utils.geo_utils:haversine_distance:20 - Haversine: (31.4319273, 73.0907774) → (31.404983, 73.1460277) = 6038.5 m
2026-03-17 00:49:28.082 | DEBUG    | utils.geo_utils:haversine_distance:20 - Haversine: (31.4319273, 73.0907774) → (31.4212389, 73.0816409) = 1471.1 m
2026-03-17 00:49:28.082 | DEBUG    | utils.geo_utils:haversine_distance:20 - Haversine: (31.4319273, 73.0907774) → (31.4658821, 73.1813423) = 9384.1 m
2026-03-17 00:49:28.082 | DEBUG    | utils.geo_utils:haversine_distance:20 - Haversine: (31.4319273, 73.0907774) → (31.4509199, 73.0172282) = 7290.1 m
2026-03-17 00:49:28.082 | DEBUG    | utils.geo_utils:haversine_distance:20 - Haversine: (31.4319273, 73.0907774) → (31.4351755, 73.0374493) = 5072.5 m
2026-03-17 00:49:28.082 | DEBUG    | utils.geo_utils:haversine_distance:20 - Haversine: (31.4319273, 73.0907774) → (31.3333726, 73.0422104) = 11889.1 m
2026-03-17 00:49:28.082 | DEBUG    | utils.geo_utils:haversine_distance:20 - Haversine: (31.4319273, 73.0907774) → (31.5075199, 73.1005803) = 8456.8 m
2026-03-17 00:49:28.083 | DEBUG    | utils.geo_utils:haversine_distance:20 - Haversine: (31.4319273, 73.0907774) → (31.5015436, 73.1935631) = 12448.1 m
2026-03-17 00:49:28.084 | DEBUG    | utils.geo_utils:haversine_distance:20 - Haversine: (31.4319273, 73.0907774) → (31.4148239, 73.1645583) = 7254.6 m
2026-03-17 00:49:28.085 | DEBUG    | utils.geo_utils:haversine_distance:20 - Haversine: (31.4186759, 73.0443624) → (31.4592945, 73.0629536) = 4848.8 m
2026-03-17 00:49:28.085 | DEBUG    | utils.geo_utils:haversine_distance:20 - Haversine: (31.4186759, 73.0443624) → (31.3058685, 73.1694728) = 17275.8 m
2026-03-17 00:49:28.085 | DEBUG    | utils.geo_utils:haversine_distance:20 - Haversine: (31.4186759, 73.0443624) → (31.3140734, 73.0226304) = 11812.9 m
2026-03-17 00:49:28.085 | DEBUG    | utils.geo_utils:haversine_distance:20 - Haversine: (31.4186759, 73.0443624) → (31.5306679, 73.1126844) = 14037.7 m
2026-03-17 00:49:28.085 | DEBUG    | utils.geo_utils:haversine_distance:20 - Haversine: (31.4186759, 73.0443624) → (31.3760251, 73.034401) = 4835.9 m
2026-03-17 00:49:28.085 | DEBUG    | utils.geo_utils:haversine_distance:20 - Haversine: (31.4186759, 73.0443624) → (31.404983, 73.1460277) = 9767.3 m
2026-03-17 00:49:28.085 | DEBUG    | utils.geo_utils:haversine_distance:20 - Haversine: (31.4186759, 73.0443624) → (31.4212389, 73.0816409) = 3548.8 m
2026-03-17 00:49:28.086 | DEBUG    | utils.geo_utils:haversine_distance:20 - Haversine: (31.4186759, 73.0443624) → (31.4658821, 73.1813423) = 14015.1 m
2026-03-17 00:49:28.086 | DEBUG    | utils.geo_utils:haversine_distance:20 - Haversine: (31.4186759, 73.0443624) → (31.4509199, 73.0172282) = 4413.9 m
2026-03-17 00:49:28.086 | DEBUG    | utils.geo_utils:haversine_distance:20 - Haversine: (31.4186759, 73.0443624) → (31.4351755, 73.0374493) = 1948.4 m
2026-03-17 00:49:28.086 | DEBUG    | utils.geo_utils:haversine_distance:20 - Haversine: (31.4186759, 73.0443624) → (31.3333726, 73.0422104) = 9487.5 m
2026-03-17 00:49:28.086 | DEBUG    | utils.geo_utils:haversine_distance:20 - Haversine: (31.4186759, 73.0443624) → (31.5075199, 73.1005803) = 11226.1 m
2026-03-17 00:49:28.086 | DEBUG    | utils.geo_utils:haversine_distance:20 - Haversine: (31.4186759, 73.0443624) → (31.5015436, 73.1935631) = 16887.1 m
2026-03-17 00:49:28.086 | DEBUG    | utils.geo_utils:haversine_distance:20 - Haversine: (31.4186759, 73.0443624) → (31.4148239, 73.1645583) = 11413.9 m
2026-03-17 00:49:28.086 | DEBUG    | utils.geo_utils:haversine_distance:20 - Haversine: (31.4186759, 73.0443624) → (31.4319273, 73.0907774) = 4644.0 m
2026-03-17 00:49:28.087 | DEBUG    | utils.geo_utils:haversine_distance:20 - Haversine: (31.3776138, 73.0904372) → (31.4592945, 73.0629536) = 9449.5 m
2026-03-17 00:49:28.087 | DEBUG    | utils.geo_utils:haversine_distance:20 - Haversine: (31.3776138, 73.0904372) → (31.3058685, 73.1694728) = 10953.7 m
2026-03-17 00:49:28.087 | DEBUG    | utils.geo_utils:haversine_distance:20 - Haversine: (31.3776138, 73.0904372) → (31.3140734, 73.0226304) = 9559.5 m
2026-03-17 00:49:28.087 | DEBUG    | utils.geo_utils:haversine_distance:20 - Haversine: (31.3776138, 73.0904372) → (31.5306679, 73.1126844) = 17149.2 m
2026-03-17 00:49:28.088 | DEBUG    | utils.geo_utils:haversine_distance:20 - Haversine: (31.3776138, 73.0904372) → (31.3760251, 73.034401) = 5322.7 m
2026-03-17 00:49:28.088 | DEBUG    | utils.geo_utils:haversine_distance:20 - Haversine: (31.3776138, 73.0904372) → (31.404983, 73.1460277) = 6091.3 m
2026-03-17 00:49:28.088 | DEBUG    | utils.geo_utils:haversine_distance:20 - Haversine: (31.3776138, 73.0904372) → (31.4212389, 73.0816409) = 4922.2 m
2026-03-17 00:49:28.088 | DEBUG    | utils.geo_utils:haversine_distance:20 - Haversine: (31.3776138, 73.0904372) → (31.4658821, 73.1813423) = 13066.7 m
2026-03-17 00:49:28.089 | DEBUG    | utils.geo_utils:haversine_distance:20 - Haversine: (31.3776138, 73.0904372) → (31.4509199, 73.0172282) = 10710.2 m
2026-03-17 00:49:28.089 | DEBUG    | utils.geo_utils:haversine_distance:20 - Haversine: (31.3776138, 73.0904372) → (31.4351755, 73.0374493) = 8139.8 m
2026-03-17 00:49:28.089 | DEBUG    | utils.geo_utils:haversine_distance:20 - Haversine: (31.3776138, 73.0904372) → (31.3333726, 73.0422104) = 6721.0 m
2026-03-17 00:49:28.089 | DEBUG    | utils.geo_utils:haversine_distance:20 - Haversine: (31.3776138, 73.0904372) → (31.5075199, 73.1005803) = 14476.9 m
2026-03-17 00:49:28.089 | DEBUG    | utils.geo_utils:haversine_distance:20 - Haversine: (31.3776138, 73.0904372) → (31.5015436, 73.1935631) = 16900.2 m
2026-03-17 00:49:28.089 | DEBUG    | utils.geo_utils:haversine_distance:20 - Haversine: (31.3776138, 73.0904372) → (31.4148239, 73.1645583) = 8161.7 m
2026-03-17 00:49:28.090 | DEBUG    | utils.geo_utils:haversine_distance:20 - Haversine: (31.3776138, 73.0904372) → (31.4319273, 73.0907774) = 6039.5 m
2026-03-17 00:49:28.090 | DEBUG    | utils.geo_utils:haversine_distance:20 - Haversine: (31.3776138, 73.0904372) → (31.4186759, 73.0443624) = 6322.3 m
2026-03-17 00:49:28.090 | DEBUG    | utils.geo_utils:haversine_distance:20 - Haversine: (31.311923, 73.1917425) → (31.4592945, 73.0629536) = 20444.8 m
2026-03-17 00:49:28.090 | DEBUG    | utils.geo_utils:haversine_distance:20 - Haversine: (31.311923, 73.1917425) → (31.3058685, 73.1694728) = 2220.2 m
2026-03-17 00:49:28.090 | DEBUG    | utils.geo_utils:haversine_distance:20 - Haversine: (31.311923, 73.1917425) → (31.3140734, 73.0226304) = 16067.2 m
2026-03-17 00:49:28.090 | DEBUG    | utils.geo_utils:haversine_distance:20 - Haversine: (31.311923, 73.1917425) → (31.5306679, 73.1126844) = 25453.9 m
2026-03-17 00:49:28.090 | DEBUG    | utils.geo_utils:haversine_distance:20 - Haversine: (31.311923, 73.1917425) → (31.3760251, 73.034401) = 16555.3 m
2026-03-17 00:49:28.090 | DEBUG    | utils.geo_utils:haversine_distance:20 - Haversine: (31.311923, 73.1917425) → (31.404983, 73.1460277) = 11221.4 m
2026-03-17 00:49:28.090 | DEBUG    | utils.geo_utils:haversine_distance:20 - Haversine: (31.311923, 73.1917425) → (31.4212389, 73.0816409) = 16032.1 m
2026-03-17 00:49:28.090 | DEBUG    | utils.geo_utils:haversine_distance:20 - Haversine: (31.311923, 73.1917425) → (31.4658821, 73.1813423) = 17147.9 m
2026-03-17 00:49:28.090 | DEBUG    | utils.geo_utils:haversine_distance:20 - Haversine: (31.311923, 73.1917425) → (31.4509199, 73.0172282) = 22656.8 m
2026-03-17 00:49:28.091 | DEBUG    | utils.geo_utils:haversine_distance:20 - Haversine: (31.311923, 73.1917425) → (31.4351755, 73.0374493) = 20059.8 m
2026-03-17 00:49:28.091 | DEBUG    | utils.geo_utils:haversine_distance:20 - Haversine: (31.311923, 73.1917425) → (31.3333726, 73.0422104) = 14402.7 m
2026-03-17 00:49:28.091 | DEBUG    | utils.geo_utils:haversine_distance:20 - Haversine: (31.311923, 73.1917425) → (31.5075199, 73.1005803) = 23406.9 m
2026-03-17 00:49:28.091 | DEBUG    | utils.geo_utils:haversine_distance:20 - Haversine: (31.311923, 73.1917425) → (31.5015436, 73.1935631) = 21085.6 m
2026-03-17 00:49:28.091 | DEBUG    | utils.geo_utils:haversine_distance:20 - Haversine: (31.311923, 73.1917425) → (31.4148239, 73.1645583) = 11729.6 m
2026-03-17 00:49:28.091 | DEBUG    | utils.geo_utils:haversine_distance:20 - Haversine: (31.311923, 73.1917425) → (31.4319273, 73.0907774) = 16429.9 m
2026-03-17 00:49:28.091 | DEBUG    | utils.geo_utils:haversine_distance:20 - Haversine: (31.311923, 73.1917425) → (31.4186759, 73.0443624) = 18349.7 m
2026-03-17 00:49:28.091 | DEBUG    | utils.geo_utils:haversine_distance:20 - Haversine: (31.311923, 73.1917425) → (31.3776138, 73.0904372) = 12079.4 m
2026-03-17 00:49:28.091 | DEBUG    | utils.geo_utils:haversine_distance:20 - Haversine: (31.3581158, 73.1846103) → (31.4592945, 73.0629536) = 16120.5 m
2026-03-17 00:49:28.092 | DEBUG    | utils.geo_utils:haversine_distance:20 - Haversine: (31.3581158, 73.1846103) → (31.3058685, 73.1694728) = 5984.9 m
2026-03-17 00:49:28.092 | DEBUG    | utils.geo_utils:haversine_distance:20 - Haversine: (31.3581158, 73.1846103) → (31.3140734, 73.0226304) = 16144.7 m
2026-03-17 00:49:28.092 | DEBUG    | utils.geo_utils:haversine_distance:20 - Haversine: (31.3581158, 73.1846103) → (31.5306679, 73.1126844) = 20364.1 m
2026-03-17 00:49:28.092 | DEBUG    | utils.geo_utils:haversine_distance:20 - Haversine: (31.3581158, 73.1846103) → (31.3760251, 73.034401) = 14399.8 m
2026-03-17 00:49:28.092 | DEBUG    | utils.geo_utils:haversine_distance:20 - Haversine: (31.3581158, 73.1846103) → (31.404983, 73.1460277) = 6369.7 m
2026-03-17 00:49:28.092 | DEBUG    | utils.geo_utils:haversine_distance:20 - Haversine: (31.3581158, 73.1846103) → (31.4212389, 73.0816409) = 12033.1 m
2026-03-17 00:49:28.092 | DEBUG    | utils.geo_utils:haversine_distance:20 - Haversine: (31.3581158, 73.1846103) → (31.4658821, 73.1813423) = 11987.1 m
2026-03-17 00:49:28.092 | DEBUG    | utils.geo_utils:haversine_distance:20 - Haversine: (31.3581158, 73.1846103) → (31.4509199, 73.0172282) = 18943.1 m
2026-03-17 00:49:28.092 | DEBUG    | utils.geo_utils:haversine_distance:20 - Haversine: (31.3581158, 73.1846103) → (31.4351755, 73.0374493) = 16386.5 m
2026-03-17 00:49:28.092 | DEBUG    | utils.geo_utils:haversine_distance:20 - Haversine: (31.3581158, 73.1846103) → (31.3333726, 73.0422104) = 13800.1 m
2026-03-17 00:49:28.092 | DEBUG    | utils.geo_utils:haversine_distance:20 - Haversine: (31.3581158, 73.1846103) → (31.5075199, 73.1005803) = 18426.9 m
2026-03-17 00:49:28.093 | DEBUG    | utils.geo_utils:haversine_distance:20 - Haversine: (31.3581158, 73.1846103) → (31.5015436, 73.1935631) = 15971.0 m
2026-03-17 00:49:28.093 | DEBUG    | utils.geo_utils:haversine_distance:20 - Haversine: (31.3581158, 73.1846103) → (31.4148239, 73.1645583) = 6586.7 m
2026-03-17 00:49:28.093 | DEBUG    | utils.geo_utils:haversine_distance:20 - Haversine: (31.3581158, 73.1846103) → (31.4319273, 73.0907774) = 12111.3 m
2026-03-17 00:49:28.093 | DEBUG    | utils.geo_utils:haversine_distance:20 - Haversine: (31.3581158, 73.1846103) → (31.4186759, 73.0443624) = 14918.9 m
2026-03-17 00:49:28.093 | DEBUG    | utils.geo_utils:haversine_distance:20 - Haversine: (31.3581158, 73.1846103) → (31.3776138, 73.0904372) = 9200.2 m
2026-03-17 00:49:28.093 | DEBUG    | utils.geo_utils:haversine_distance:20 - Haversine: (31.3581158, 73.1846103) → (31.311923, 73.1917425) = 5180.9 m
2026-03-17 00:49:28.093 | DEBUG    | utils.geo_utils:haversine_distance:20 - Haversine: (31.307639, 73.0439916) → (31.4592945, 73.0629536) = 16959.1 m
2026-03-17 00:49:28.093 | DEBUG    | utils.geo_utils:haversine_distance:20 - Haversine: (31.307639, 73.0439916) → (31.3058685, 73.1694728) = 11922.9 m
2026-03-17 00:49:28.093 | DEBUG    | utils.geo_utils:haversine_distance:20 - Haversine: (31.307639, 73.0439916) → (31.3140734, 73.0226304) = 2151.8 m
2026-03-17 00:49:28.093 | DEBUG    | utils.geo_utils:haversine_distance:20 - Haversine: (31.307639, 73.0439916) → (31.5306679, 73.1126844) = 25642.0 m
2026-03-17 00:49:28.093 | DEBUG    | utils.geo_utils:haversine_distance:20 - Haversine: (31.307639, 73.0439916) → (31.3760251, 73.034401) = 7658.5 m
2026-03-17 00:49:28.094 | DEBUG    | utils.geo_utils:haversine_distance:20 - Haversine: (31.307639, 73.0439916) → (31.404983, 73.1460277) = 14527.1 m
2026-03-17 00:49:28.094 | DEBUG    | utils.geo_utils:haversine_distance:20 - Haversine: (31.307639, 73.0439916) → (31.4212389, 73.0816409) = 13127.8 m
2026-03-17 00:49:28.094 | DEBUG    | utils.geo_utils:haversine_distance:20 - Haversine: (31.307639, 73.0439916) → (31.4658821, 73.1813423) = 21899.7 m
2026-03-17 00:49:28.094 | DEBUG    | utils.geo_utils:haversine_distance:20 - Haversine: (31.307639, 73.0439916) → (31.4509199, 73.0172282) = 16133.4 m
2026-03-17 00:49:28.094 | DEBUG    | utils.geo_utils:haversine_distance:20 - Haversine: (31.307639, 73.0439916) → (31.4351755, 73.0374493) = 14195.0 m
2026-03-17 00:49:28.094 | DEBUG    | utils.geo_utils:haversine_distance:20 - Haversine: (31.307639, 73.0439916) → (31.3333726, 73.0422104) = 2866.4 m
2026-03-17 00:49:28.094 | DEBUG    | utils.geo_utils:haversine_distance:20 - Haversine: (31.307639, 73.0439916) → (31.5075199, 73.1005803) = 22865.4 m
2026-03-17 00:49:28.094 | DEBUG    | utils.geo_utils:haversine_distance:20 - Haversine: (31.307639, 73.0439916) → (31.5015436, 73.1935631) = 25814.5 m
2026-03-17 00:49:28.094 | DEBUG    | utils.geo_utils:haversine_distance:20 - Haversine: (31.307639, 73.0439916) → (31.4148239, 73.1645583) = 16525.7 m
2026-03-17 00:49:28.094 | DEBUG    | utils.geo_utils:haversine_distance:20 - Haversine: (31.307639, 73.0439916) → (31.4319273, 73.0907774) = 14516.5 m
2026-03-17 00:49:28.094 | DEBUG    | utils.geo_utils:haversine_distance:20 - Haversine: (31.307639, 73.0439916) → (31.4186759, 73.0443624) = 12346.8 m
2026-03-17 00:49:28.094 | DEBUG    | utils.geo_utils:haversine_distance:20 - Haversine: (31.307639, 73.0439916) → (31.3776138, 73.0904372) = 8944.1 m
2026-03-17 00:49:28.095 | DEBUG    | utils.geo_utils:haversine_distance:20 - Haversine: (31.307639, 73.0439916) → (31.311923, 73.1917425) = 14044.7 m
2026-03-17 00:49:28.095 | DEBUG    | utils.geo_utils:haversine_distance:20 - Haversine: (31.307639, 73.0439916) → (31.3581158, 73.1846103) = 14487.2 m
2026-03-17 00:49:28.095 | DEBUG    | utils.geo_utils:haversine_distance:20 - Haversine: (31.5119632, 73.1053388) → (31.4592945, 73.0629536) = 7102.9 m
2026-03-17 00:49:28.095 | DEBUG    | utils.geo_utils:haversine_distance:20 - Haversine: (31.5119632, 73.1053388) → (31.3058685, 73.1694728) = 23711.2 m
2026-03-17 00:49:28.095 | DEBUG    | utils.geo_utils:haversine_distance:20 - Haversine: (31.5119632, 73.1053388) → (31.3140734, 73.0226304) = 23362.2 m
2026-03-17 00:49:28.095 | DEBUG    | utils.geo_utils:haversine_distance:20 - Haversine: (31.5119632, 73.1053388) → (31.5306679, 73.1126844) = 2193.3 m
2026-03-17 00:49:28.095 | DEBUG    | utils.geo_utils:haversine_distance:20 - Haversine: (31.5119632, 73.1053388) → (31.3760251, 73.034401) = 16546.0 m
2026-03-17 00:49:28.095 | DEBUG    | utils.geo_utils:haversine_distance:20 - Haversine: (31.5119632, 73.1053388) → (31.404983, 73.1460277) = 12506.1 m
2026-03-17 00:49:28.095 | DEBUG    | utils.geo_utils:haversine_distance:20 - Haversine: (31.5119632, 73.1053388) → (31.4212389, 73.0816409) = 10335.4 m
2026-03-17 00:49:28.095 | DEBUG    | utils.geo_utils:haversine_distance:20 - Haversine: (31.5119632, 73.1053388) → (31.4658821, 73.1813423) = 8842.6 m
2026-03-17 00:49:28.095 | DEBUG    | utils.geo_utils:haversine_distance:20 - Haversine: (31.5119632, 73.1053388) → (31.4509199, 73.0172282) = 10765.0 m
2026-03-17 00:49:28.095 | DEBUG    | utils.geo_utils:haversine_distance:20 - Haversine: (31.5119632, 73.1053388) → (31.4351755, 73.0374493) = 10693.8 m
2026-03-17 00:49:28.096 | DEBUG    | utils.geo_utils:haversine_distance:20 - Haversine: (31.5119632, 73.1053388) → (31.3333726, 73.0422104) = 20742.1 m
2026-03-17 00:49:28.096 | DEBUG    | utils.geo_utils:haversine_distance:20 - Haversine: (31.5119632, 73.1053388) → (31.5075199, 73.1005803) = 669.0 m
2026-03-17 00:49:28.096 | DEBUG    | utils.geo_utils:haversine_distance:20 - Haversine: (31.3634161, 73.1141106) → (31.4592945, 73.0629536) = 11714.5 m
2026-03-17 00:49:28.096 | DEBUG    | utils.geo_utils:haversine_distance:20 - Haversine: (31.3634161, 73.1141106) → (31.3058685, 73.1694728) = 8282.2 m
2026-03-17 00:49:28.096 | DEBUG    | utils.geo_utils:haversine_distance:20 - Haversine: (31.3634161, 73.1141106) → (31.3140734, 73.0226304) = 10275.5 m
2026-03-17 00:49:28.096 | DEBUG    | utils.geo_utils:haversine_distance:20 - Haversine: (31.3634161, 73.1141106) → (31.5306679, 73.1126844) = 18598.0 m
2026-03-17 00:49:28.096 | DEBUG    | utils.geo_utils:haversine_distance:20 - Haversine: (31.3634161, 73.1141106) → (31.3760251, 73.034401) = 7696.5 m
2026-03-17 00:49:28.096 | DEBUG    | utils.geo_utils:haversine_distance:20 - Haversine: (31.3634161, 73.1141106) → (31.404983, 73.1460277) = 5526.5 m
2026-03-17 00:49:28.096 | DEBUG    | utils.geo_utils:haversine_distance:20 - Haversine: (31.3634161, 73.1141106) → (31.4212389, 73.0816409) = 7130.1 m
2026-03-17 00:49:28.096 | DEBUG    | utils.geo_utils:haversine_distance:20 - Haversine: (31.3634161, 73.1141106) → (31.4658821, 73.1813423) = 13058.4 m
2026-03-17 00:49:28.096 | DEBUG    | utils.geo_utils:haversine_distance:20 - Haversine: (31.3634161, 73.1141106) → (31.4509199, 73.0172282) = 13387.0 m
2026-03-17 00:49:28.097 | DEBUG    | utils.geo_utils:haversine_distance:20 - Haversine: (31.3634161, 73.1141106) → (31.4351755, 73.0374493) = 10798.6 m
2026-03-17 00:49:28.097 | DEBUG    | utils.geo_utils:haversine_distance:20 - Haversine: (31.3634161, 73.1141106) → (31.3333726, 73.0422104) = 7601.3 m
2026-03-17 00:49:28.097 | DEBUG    | utils.geo_utils:haversine_distance:20 - Haversine: (31.3634161, 73.1141106) → (31.5075199, 73.1005803) = 16074.9 m
2026-03-17 00:49:28.097 | DEBUG    | utils.geo_utils:haversine_distance:20 - Haversine: (31.3634161, 73.1141106) → (31.5015436, 73.1935631) = 17109.3 m
2026-03-17 00:49:28.097 | DEBUG    | utils.geo_utils:haversine_distance:20 - Haversine: (31.3634161, 73.1141106) → (31.4148239, 73.1645583) = 7457.0 m
2026-03-17 00:49:28.097 | DEBUG    | utils.geo_utils:haversine_distance:20 - Haversine: (31.3634161, 73.1141106) → (31.4319273, 73.0907774) = 7933.5 m
2026-03-17 00:49:28.097 | DEBUG    | utils.geo_utils:haversine_distance:20 - Haversine: (31.3634161, 73.1141106) → (31.4186759, 73.0443624) = 9032.5 m
2026-03-17 00:49:28.097 | DEBUG    | utils.geo_utils:haversine_distance:20 - Haversine: (31.3634161, 73.1141106) → (31.3776138, 73.0904372) = 2746.6 m
2026-03-17 00:49:28.097 | DEBUG    | utils.geo_utils:haversine_distance:20 - Haversine: (31.3634161, 73.1141106) → (31.311923, 73.1917425) = 9335.2 m
2026-03-17 00:49:28.097 | DEBUG    | utils.geo_utils:haversine_distance:20 - Haversine: (31.3634161, 73.1141106) → (31.3581158, 73.1846103) = 6719.9 m
2026-03-17 00:49:28.097 | DEBUG    | utils.geo_utils:haversine_distance:20 - Haversine: (31.3634161, 73.1141106) → (31.307639, 73.0439916) = 9100.4 m
2026-03-17 00:49:28.097 | DEBUG    | utils.geo_utils:haversine_distance:20 - Haversine: (31.484527, 73.1521663) → (31.4592945, 73.0629536) = 8913.8 m
2026-03-17 00:49:28.098 | DEBUG    | utils.geo_utils:haversine_distance:20 - Haversine: (31.484527, 73.1521663) → (31.3058685, 73.1694728) = 19933.7 m
2026-03-17 00:49:28.098 | DEBUG    | utils.geo_utils:haversine_distance:20 - Haversine: (31.484527, 73.1521663) → (31.3140734, 73.0226304) = 22591.8 m
2026-03-17 00:49:28.098 | DEBUG    | utils.geo_utils:haversine_distance:20 - Haversine: (31.484527, 73.1521663) → (31.5306679, 73.1126844) = 6350.8 m
2026-03-17 00:49:28.098 | DEBUG    | utils.geo_utils:haversine_distance:20 - Haversine: (31.484527, 73.1521663) → (31.3760251, 73.034401) = 16444.1 m
2026-03-17 00:49:28.098 | DEBUG    | utils.geo_utils:haversine_distance:20 - Haversine: (31.484527, 73.1521663) → (31.404983, 73.1460277) = 8864.0 m
2026-03-17 00:49:28.098 | DEBUG    | utils.geo_utils:haversine_distance:20 - Haversine: (31.484527, 73.1521663) → (31.4212389, 73.0816409) = 9709.7 m
2026-03-17 00:49:28.098 | DEBUG    | utils.geo_utils:haversine_distance:20 - Haversine: (31.484527, 73.1521663) → (31.4658821, 73.1813423) = 3457.4 m
2026-03-17 00:49:28.098 | DEBUG    | utils.geo_utils:haversine_distance:20 - Haversine: (31.484527, 73.1521663) → (31.4509199, 73.0172282) = 13332.2 m
2026-03-17 00:49:28.098 | DEBUG    | utils.geo_utils:haversine_distance:20 - Haversine: (31.484527, 73.1521663) → (31.4351755, 73.0374493) = 12186.4 m
2026-03-17 00:49:28.098 | DEBUG    | utils.geo_utils:haversine_distance:20 - Haversine: (31.484527, 73.1521663) → (31.3333726, 73.0422104) = 19783.4 m
2026-03-17 00:49:28.098 | DEBUG    | utils.geo_utils:haversine_distance:20 - Haversine: (31.484527, 73.1521663) → (31.5075199, 73.1005803) = 5519.0 m
2026-03-17 00:49:28.098 | DEBUG    | utils.geo_utils:haversine_distance:20 - Haversine: (31.484527, 73.1521663) → (31.5015436, 73.1935631) = 4357.4 m
2026-03-17 00:49:28.099 | DEBUG    | utils.geo_utils:haversine_distance:20 - Haversine: (31.484527, 73.1521663) → (31.4148239, 73.1645583) = 7839.3 m
2026-03-17 00:49:28.099 | DEBUG    | utils.geo_utils:haversine_distance:20 - Haversine: (31.484527, 73.1521663) → (31.4319273, 73.0907774) = 8253.1 m
2026-03-17 00:49:28.099 | DEBUG    | utils.geo_utils:haversine_distance:20 - Haversine: (31.484527, 73.1521663) → (31.4186759, 73.0443624) = 12577.3 m
2026-03-17 00:49:28.099 | DEBUG    | utils.geo_utils:haversine_distance:20 - Haversine: (31.484527, 73.1521663) → (31.3776138, 73.0904372) = 13252.6 m
2026-03-17 00:49:28.102 | DEBUG    | utils.geo_utils:haversine_distance:20 - Haversine: (31.484527, 73.1521663) → (31.311923, 73.1917425) = 19556.8 m
2026-03-17 00:49:28.103 | DEBUG    | utils.geo_utils:haversine_distance:20 - Haversine: (31.484527, 73.1521663) → (31.3581158, 73.1846103) = 14389.5 m
2026-03-17 00:49:28.103 | DEBUG    | utils.geo_utils:haversine_distance:20 - Haversine: (31.484527, 73.1521663) → (31.307639, 73.0439916) = 22187.6 m
2026-03-17 00:49:28.103 | DEBUG    | utils.geo_utils:haversine_distance:20 - Haversine: (31.484527, 73.1521663) → (31.3634161, 73.1141106) = 13942.6 m
2026-03-17 00:49:28.103 | DEBUG    | utils.geo_utils:haversine_distance:20 - Haversine: (31.4933345, 73.0175829) → (31.4592945, 73.0629536) = 5730.6 m
2026-03-17 00:49:28.103 | DEBUG    | utils.geo_utils:haversine_distance:20 - Haversine: (31.4933345, 73.0175829) → (31.3058685, 73.1694728) = 25344.5 m
2026-03-17 00:49:28.103 | DEBUG    | utils.geo_utils:haversine_distance:20 - Haversine: (31.4933345, 73.0175829) → (31.3140734, 73.0226304) = 19938.7 m
2026-03-17 00:49:28.103 | DEBUG    | utils.geo_utils:haversine_distance:20 - Haversine: (31.4933345, 73.0175829) → (31.5306679, 73.1126844) = 9925.2 m
2026-03-17 00:49:28.104 | DEBUG    | utils.geo_utils:haversine_distance:20 - Haversine: (31.4933345, 73.0175829) → (31.3760251, 73.034401) = 13141.4 m
2026-03-17 00:49:28.104 | DEBUG    | utils.geo_utils:haversine_distance:20 - Haversine: (31.4933345, 73.0175829) → (31.404983, 73.1460277) = 15651.7 m
2026-03-17 00:49:28.104 | DEBUG    | utils.geo_utils:haversine_distance:20 - Haversine: (31.4933345, 73.0175829) → (31.4212389, 73.0816409) = 10059.1 m
2026-03-17 00:49:28.104 | DEBUG    | utils.geo_utils:haversine_distance:20 - Haversine: (31.4933345, 73.0175829) → (31.4658821, 73.1813423) = 15826.5 m
2026-03-17 00:49:28.104 | DEBUG    | utils.geo_utils:haversine_distance:20 - Haversine: (31.4933345, 73.0175829) → (31.4509199, 73.0172282) = 4716.4 m
2026-03-17 00:49:28.104 | DEBUG    | utils.geo_utils:haversine_distance:20 - Haversine: (31.4933345, 73.0175829) → (31.4351755, 73.0374493) = 6735.9 m
2026-03-17 00:49:28.104 | DEBUG    | utils.geo_utils:haversine_distance:20 - Haversine: (31.4933345, 73.0175829) → (31.3333726, 73.0422104) = 17939.8 m
2026-03-17 00:49:28.104 | DEBUG    | utils.geo_utils:haversine_distance:20 - Haversine: (31.4933345, 73.0175829) → (31.5075199, 73.1005803) = 8025.4 m
2026-03-17 00:49:28.104 | DEBUG    | utils.geo_utils:haversine_distance:20 - Haversine: (31.4933345, 73.0175829) → (31.5015436, 73.1935631) = 16710.0 m
2026-03-17 00:49:28.104 | DEBUG    | utils.geo_utils:haversine_distance:20 - Haversine: (31.4933345, 73.0175829) → (31.4148239, 73.1645583) = 16449.2 m
2026-03-17 00:49:28.104 | DEBUG    | utils.geo_utils:haversine_distance:20 - Haversine: (31.4933345, 73.0175829) → (31.4319273, 73.0907774) = 9737.5 m
2026-03-17 00:49:28.105 | DEBUG    | utils.geo_utils:haversine_distance:20 - Haversine: (31.4933345, 73.0175829) → (31.4186759, 73.0443624) = 8681.6 m
2026-03-17 00:49:28.105 | DEBUG    | utils.geo_utils:haversine_distance:20 - Haversine: (31.4933345, 73.0175829) → (31.3776138, 73.0904372) = 14606.5 m
2026-03-17 00:49:28.105 | DEBUG    | utils.geo_utils:haversine_distance:20 - Haversine: (31.4933345, 73.0175829) → (31.311923, 73.1917425) = 26079.2 m
2026-03-17 00:49:28.105 | DEBUG    | utils.geo_utils:haversine_distance:20 - Haversine: (31.4933345, 73.0175829) → (31.3581158, 73.1846103) = 21845.8 m
2026-03-17 00:49:28.105 | DEBUG    | utils.geo_utils:haversine_distance:20 - Haversine: (31.4933345, 73.0175829) → (31.307639, 73.0439916) = 20800.0 m
2026-03-17 00:49:28.105 | DEBUG    | utils.geo_utils:haversine_distance:20 - Haversine: (31.4933345, 73.0175829) → (31.3634161, 73.1141106) = 17104.9 m
2026-03-17 00:49:28.105 | DEBUG    | utils.geo_utils:haversine_distance:20 - Haversine: (31.4933345, 73.0175829) → (31.484527, 73.1521663) = 12798.8 m
2026-03-17 00:49:28.105 | DEBUG    | utils.geo_utils:haversine_distance:20 - Haversine: (31.5457488, 73.0148993) → (31.4592945, 73.0629536) = 10638.2 m
2026-03-17 00:49:28.105 | DEBUG    | utils.geo_utils:haversine_distance:20 - Haversine: (31.5457488, 73.0148993) → (31.3058685, 73.1694728) = 30439.8 m
2026-03-17 00:49:28.105 | DEBUG    | utils.geo_utils:haversine_distance:20 - Haversine: (31.5457488, 73.0148993) → (31.3140734, 73.0226304) = 25771.6 m
2026-03-17 00:49:28.105 | DEBUG    | utils.geo_utils:haversine_distance:20 - Haversine: (31.5457488, 73.0148993) → (31.5306679, 73.1126844) = 9417.6 m
2026-03-17 00:49:28.105 | DEBUG    | utils.geo_utils:haversine_distance:20 - Haversine: (31.5457488, 73.0148993) → (31.3760251, 73.034401) = 18962.8 m
2026-03-17 00:49:28.106 | DEBUG    | utils.geo_utils:haversine_distance:20 - Haversine: (31.5457488, 73.0148993) → (31.404983, 73.1460277) = 19991.0 m
2026-03-17 00:49:28.106 | DEBUG    | utils.geo_utils:haversine_distance:20 - Haversine: (31.5457488, 73.0148993) → (31.4212389, 73.0816409) = 15222.8 m
2026-03-17 00:49:28.106 | DEBUG    | utils.geo_utils:haversine_distance:20 - Haversine: (31.5457488, 73.0148993) → (31.4658821, 73.1813423) = 18106.8 m
2026-03-17 00:49:28.106 | DEBUG    | utils.geo_utils:haversine_distance:20 - Haversine: (31.5457488, 73.0148993) → (31.4509199, 73.0172282) = 10546.8 m
2026-03-17 00:49:28.106 | DEBUG    | utils.geo_utils:haversine_distance:20 - Haversine: (31.5457488, 73.0148993) → (31.4351755, 73.0374493) = 12479.7 m
2026-03-17 00:49:28.106 | DEBUG    | utils.geo_utils:haversine_distance:20 - Haversine: (31.5457488, 73.0148993) → (31.3333726, 73.0422104) = 23756.9 m
2026-03-17 00:49:28.106 | DEBUG    | utils.geo_utils:haversine_distance:20 - Haversine: (31.5457488, 73.0148993) → (31.5075199, 73.1005803) = 9166.3 m
2026-03-17 00:49:28.106 | DEBUG    | utils.geo_utils:haversine_distance:20 - Haversine: (31.5457488, 73.0148993) → (31.5015436, 73.1935631) = 17633.6 m
2026-03-17 00:49:28.106 | DEBUG    | utils.geo_utils:haversine_distance:20 - Haversine: (31.5457488, 73.0148993) → (31.4148239, 73.1645583) = 20331.1 m
2026-03-17 00:49:28.106 | DEBUG    | utils.geo_utils:haversine_distance:20 - Haversine: (31.5457488, 73.0148993) → (31.4319273, 73.0907774) = 14558.5 m
2026-03-17 00:49:28.106 | DEBUG    | utils.geo_utils:haversine_distance:20 - Haversine: (31.5457488, 73.0148993) → (31.4186759, 73.0443624) = 14403.4 m
2026-03-17 00:49:28.107 | DEBUG    | utils.geo_utils:haversine_distance:20 - Haversine: (31.5457488, 73.0148993) → (31.3776138, 73.0904372) = 20021.6 m
2026-03-17 00:49:28.107 | DEBUG    | utils.geo_utils:haversine_distance:20 - Haversine: (31.5457488, 73.0148993) → (31.311923, 73.1917425) = 30944.3 m
2026-03-17 00:49:28.107 | DEBUG    | utils.geo_utils:haversine_distance:20 - Haversine: (31.5457488, 73.0148993) → (31.3581158, 73.1846103) = 26352.6 m
2026-03-17 00:49:28.107 | DEBUG    | utils.geo_utils:haversine_distance:20 - Haversine: (31.5457488, 73.0148993) → (31.307639, 73.0439916) = 26620.1 m
2026-03-17 00:49:28.107 | DEBUG    | utils.geo_utils:haversine_distance:20 - Haversine: (31.5457488, 73.0148993) → (31.3634161, 73.1141106) = 22352.1 m
2026-03-17 00:49:28.107 | DEBUG    | utils.geo_utils:haversine_distance:20 - Haversine: (31.5457488, 73.0148993) → (31.484527, 73.1521663) = 14685.3 m
2026-03-17 00:49:28.107 | DEBUG    | utils.geo_utils:haversine_distance:20 - Haversine: (31.5457488, 73.0148993) → (31.4933345, 73.0175829) = 5833.8 m
2026-03-17 00:49:28.107 | DEBUG    | utils.geo_utils:haversine_distance:20 - Haversine: (31.3351052, 73.048939) → (31.4592945, 73.0629536) = 13873.1 m
2026-03-17 00:49:28.107 | DEBUG    | utils.geo_utils:haversine_distance:20 - Haversine: (31.3351052, 73.048939) → (31.3058685, 73.1694728) = 11902.2 m
2026-03-17 00:49:28.107 | DEBUG    | utils.geo_utils:haversine_distance:20 - Haversine: (31.3351052, 73.048939) → (31.3140734, 73.0226304) = 3422.6 m
2026-03-17 00:49:28.107 | DEBUG    | utils.geo_utils:haversine_distance:20 - Haversine: (31.3351052, 73.048939) → (31.5306679, 73.1126844) = 22571.0 m
2026-03-17 00:49:28.107 | DEBUG    | utils.geo_utils:haversine_distance:20 - Haversine: (31.3351052, 73.048939) → (31.3760251, 73.034401) = 4754.9 m
2026-03-17 00:49:28.108 | DEBUG    | utils.geo_utils:haversine_distance:20 - Haversine: (31.3351052, 73.048939) → (31.404983, 73.1460277) = 12055.7 m
2026-03-17 00:49:28.108 | DEBUG    | utils.geo_utils:haversine_distance:20 - Haversine: (31.3351052, 73.048939) → (31.4212389, 73.0816409) = 10068.2 m
2026-03-17 00:49:28.108 | DEBUG    | utils.geo_utils:haversine_distance:20 - Haversine: (31.3351052, 73.048939) → (31.4658821, 73.1813423) = 19219.2 m
2026-03-17 00:49:28.108 | DEBUG    | utils.geo_utils:haversine_distance:20 - Haversine: (31.3351052, 73.048939) → (31.4509199, 73.0172282) = 13225.1 m
2026-03-17 00:49:28.108 | DEBUG    | utils.geo_utils:haversine_distance:20 - Haversine: (31.3351052, 73.048939) → (31.4351755, 73.0374493) = 11180.6 m
2026-03-17 00:49:28.108 | DEBUG    | utils.geo_utils:haversine_distance:20 - Haversine: (31.3351052, 73.048939) → (31.3333726, 73.0422104) = 667.5 m
2026-03-17 00:49:28.108 | DEBUG    | utils.geo_utils:haversine_distance:20 - Haversine: (31.4525861, 73.1780263) → (31.4592945, 73.0629536) = 10940.6 m
2026-03-17 00:49:28.108 | DEBUG    | utils.geo_utils:haversine_distance:20 - Haversine: (31.4525861, 73.1780263) → (31.3058685, 73.1694728) = 16334.4 m
2026-03-17 00:49:28.108 | DEBUG    | utils.geo_utils:haversine_distance:20 - Haversine: (31.4525861, 73.1780263) → (31.3140734, 73.0226304) = 21326.5 m
2026-03-17 00:49:28.109 | DEBUG    | utils.geo_utils:haversine_distance:20 - Haversine: (31.4525861, 73.1780263) → (31.5306679, 73.1126844) = 10666.2 m
2026-03-17 00:49:28.109 | DEBUG    | utils.geo_utils:haversine_distance:20 - Haversine: (31.4525861, 73.1780263) → (31.3760251, 73.034401) = 16069.8 m
2026-03-17 00:49:28.109 | DEBUG    | utils.geo_utils:haversine_distance:20 - Haversine: (31.4525861, 73.1780263) → (31.404983, 73.1460277) = 6102.1 m
2026-03-17 00:49:28.109 | DEBUG    | utils.geo_utils:haversine_distance:20 - Haversine: (31.4525861, 73.1780263) → (31.4212389, 73.0816409) = 9786.2 m
2026-03-17 00:49:28.109 | DEBUG    | utils.geo_utils:haversine_distance:20 - Haversine: (31.4525861, 73.1780263) → (31.4658821, 73.1813423) = 1511.5 m
2026-03-17 00:49:28.109 | DEBUG    | utils.geo_utils:haversine_distance:20 - Haversine: (31.4525861, 73.1780263) → (31.4509199, 73.0172282) = 15254.1 m
2026-03-17 00:49:28.109 | DEBUG    | utils.geo_utils:haversine_distance:20 - Haversine: (31.4525861, 73.1780263) → (31.4351755, 73.0374493) = 13475.8 m
2026-03-17 00:49:28.109 | DEBUG    | utils.geo_utils:haversine_distance:20 - Haversine: (31.4525861, 73.1780263) → (31.3333726, 73.0422104) = 18490.7 m
2026-03-17 00:49:28.109 | DEBUG    | utils.geo_utils:haversine_distance:20 - Haversine: (31.4525861, 73.1780263) → (31.5075199, 73.1005803) = 9552.4 m
2026-03-17 00:49:28.109 | DEBUG    | utils.geo_utils:haversine_distance:20 - Haversine: (31.4525861, 73.1780263) → (31.5015436, 73.1935631) = 5639.7 m
2026-03-17 00:49:28.109 | DEBUG    | utils.geo_utils:haversine_distance:20 - Haversine: (31.4525861, 73.1780263) → (31.4148239, 73.1645583) = 4389.1 m
2026-03-17 00:49:28.109 | DEBUG    | utils.geo_utils:haversine_distance:20 - Haversine: (31.4525861, 73.1780263) → (31.4319273, 73.0907774) = 8590.0 m
2026-03-17 00:49:28.109 | DEBUG    | utils.geo_utils:haversine_distance:20 - Haversine: (31.4525861, 73.1780263) → (31.4186759, 73.0443624) = 13230.0 m
2026-03-17 00:49:28.110 | DEBUG    | utils.geo_utils:haversine_distance:20 - Haversine: (31.4525861, 73.1780263) → (31.3776138, 73.0904372) = 11772.2 m
2026-03-17 00:49:28.110 | DEBUG    | utils.geo_utils:haversine_distance:20 - Haversine: (31.4525861, 73.1780263) → (31.311923, 73.1917425) = 15695.1 m
2026-03-17 00:49:28.110 | DEBUG    | utils.geo_utils:haversine_distance:20 - Haversine: (31.4525861, 73.1780263) → (31.3581158, 73.1846103) = 10523.2 m
2026-03-17 00:49:28.110 | DEBUG    | utils.geo_utils:haversine_distance:20 - Haversine: (31.4525861, 73.1780263) → (31.307639, 73.0439916) = 20534.6 m
2026-03-17 00:49:28.110 | DEBUG    | utils.geo_utils:haversine_distance:20 - Haversine: (31.4525861, 73.1780263) → (31.3634161, 73.1141106) = 11623.5 m
2026-03-17 00:49:28.110 | DEBUG    | utils.geo_utils:haversine_distance:20 - Haversine: (31.4525861, 73.1780263) → (31.484527, 73.1521663) = 4316.2 m
2026-03-17 00:49:28.110 | DEBUG    | utils.geo_utils:haversine_distance:20 - Haversine: (31.4525861, 73.1780263) → (31.4933345, 73.0175829) = 15876.2 m
2026-03-17 00:49:28.110 | DEBUG    | utils.geo_utils:haversine_distance:20 - Haversine: (31.4525861, 73.1780263) → (31.5457488, 73.0148993) = 18614.9 m
2026-03-17 00:49:28.110 | DEBUG    | utils.geo_utils:haversine_distance:20 - Haversine: (31.3832892, 73.1836007) → (31.4592945, 73.0629536) = 14229.7 m
2026-03-17 00:49:28.110 | DEBUG    | utils.geo_utils:haversine_distance:20 - Haversine: (31.3832892, 73.1836007) → (31.3058685, 73.1694728) = 8712.7 m
2026-03-17 00:49:28.110 | DEBUG    | utils.geo_utils:haversine_distance:20 - Haversine: (31.3832892, 73.1836007) → (31.3140734, 73.0226304) = 17114.3 m
2026-03-17 00:49:28.110 | DEBUG    | utils.geo_utils:haversine_distance:20 - Haversine: (31.3832892, 73.1836007) → (31.5306679, 73.1126844) = 17714.6 m
2026-03-17 00:49:28.111 | DEBUG    | utils.geo_utils:haversine_distance:20 - Haversine: (31.3832892, 73.1836007) → (31.3760251, 73.034401) = 14186.7 m
2026-03-17 00:49:28.111 | DEBUG    | utils.geo_utils:haversine_distance:20 - Haversine: (31.3832892, 73.1836007) → (31.404983, 73.1460277) = 4305.5 m
2026-03-17 00:49:28.111 | DEBUG    | utils.geo_utils:haversine_distance:20 - Haversine: (31.3832892, 73.1836007) → (31.4212389, 73.0816409) = 10556.9 m
2026-03-17 00:49:28.111 | DEBUG    | utils.geo_utils:haversine_distance:20 - Haversine: (31.3832892, 73.1836007) → (31.4658821, 73.1813423) = 9186.4 m
2026-03-17 00:49:28.111 | DEBUG    | utils.geo_utils:haversine_distance:20 - Haversine: (31.3832892, 73.1836007) → (31.4509199, 73.0172282) = 17487.2 m
2026-03-17 00:49:28.111 | DEBUG    | utils.geo_utils:haversine_distance:20 - Haversine: (31.3832892, 73.1836007) → (31.4351755, 73.0374493) = 15022.1 m
2026-03-17 00:49:28.111 | DEBUG    | utils.geo_utils:haversine_distance:20 - Haversine: (31.3832892, 73.1836007) → (31.3333726, 73.0422104) = 14527.5 m
2026-03-17 00:49:28.111 | DEBUG    | utils.geo_utils:haversine_distance:20 - Haversine: (31.3832892, 73.1836007) → (31.5075199, 73.1005803) = 15901.2 m
2026-03-17 00:49:28.111 | DEBUG    | utils.geo_utils:haversine_distance:20 - Haversine: (31.3832892, 73.1836007) → (31.5015436, 73.1935631) = 13183.2 m
2026-03-17 00:49:28.111 | DEBUG    | utils.geo_utils:haversine_distance:20 - Haversine: (31.3832892, 73.1836007) → (31.4148239, 73.1645583) = 3944.9 m
2026-03-17 00:49:28.111 | DEBUG    | utils.geo_utils:haversine_distance:20 - Haversine: (31.3832892, 73.1836007) → (31.4319273, 73.0907774) = 10336.9 m
2026-03-17 00:49:28.112 | DEBUG    | utils.geo_utils:haversine_distance:20 - Haversine: (31.3832892, 73.1836007) → (31.4186759, 73.0443624) = 13788.4 m
2026-03-17 00:49:28.112 | DEBUG    | utils.geo_utils:haversine_distance:20 - Haversine: (31.3832892, 73.1836007) → (31.3776138, 73.0904372) = 8866.5 m
2026-03-17 00:49:28.112 | DEBUG    | utils.geo_utils:haversine_distance:20 - Haversine: (31.3832892, 73.1836007) → (31.311923, 73.1917425) = 7973.1 m
2026-03-17 00:49:28.112 | DEBUG    | utils.geo_utils:haversine_distance:20 - Haversine: (31.3832892, 73.1836007) → (31.3581158, 73.1846103) = 2800.8 m
2026-03-17 00:49:28.112 | DEBUG    | utils.geo_utils:haversine_distance:20 - Haversine: (31.3832892, 73.1836007) → (31.307639, 73.0439916) = 15701.5 m
2026-03-17 00:49:28.112 | DEBUG    | utils.geo_utils:haversine_distance:20 - Haversine: (31.3832892, 73.1836007) → (31.3634161, 73.1141106) = 6957.5 m
2026-03-17 00:49:28.112 | DEBUG    | utils.geo_utils:haversine_distance:20 - Haversine: (31.3832892, 73.1836007) → (31.484527, 73.1521663) = 11645.5 m
2026-03-17 00:49:28.112 | DEBUG    | utils.geo_utils:haversine_distance:20 - Haversine: (31.3832892, 73.1836007) → (31.4933345, 73.0175829) = 19945.1 m
2026-03-17 00:49:28.112 | DEBUG    | utils.geo_utils:haversine_distance:20 - Haversine: (31.3832892, 73.1836007) → (31.5457488, 73.0148993) = 24131.9 m
2026-03-17 00:49:28.112 | DEBUG    | utils.geo_utils:haversine_distance:20 - Haversine: (31.3832892, 73.1836007) → (31.4525861, 73.1780263) = 7723.6 m
2026-03-17 00:49:28.113 | INFO     | data_pipeline.stop_builder:merge_nearby_stops:91 - Merged stops:
2026-03-17 00:49:28.113 | INFO     | data_pipeline.stop_builder:merge_nearby_stops:92 -   Before merge: 30 stops
2026-03-17 00:49:28.113 | INFO     | data_pipeline.stop_builder:merge_nearby_stops:93 -   After merge : 26 stops (merged 4 pairs/groups)
2026-03-17 00:49:28.114 | DEBUG    | data_pipeline.stop_builder:merge_nearby_stops:95 - First few merged stops: [{'student_id': 'test_001', 'name': 'Test Student 1', 'roll_no': 'TEST-6157', 'lat': 31.4592945, 'lng': 73.0629536, 'student_count': 1, 'contact': '03478060777', 'semester': 'Spring 2026', 'fee_status': 'unpaid', 'registration_status': 'pending', 'original_lat': 31.458413838955877, 'original_lng': 73.0637191090853, 'snap_distance_m': 121.91, 'merged_student_ids': ['test_001']}, {'student_id': 'test_002', 'name': 'Test Student 2', 'roll_no': 'TEST-8484', 'lat': 31.3058685, 'lng': 73.1694728, 'student_count': 1, 'contact': '03564577859', 'semester': 'Spring 2026', 'fee_status': 'unpaid', 'registration_status': 'pending', 'original_lat': 31.30724050719012, 'original_lng': 73.16254256760098, 'snap_distance_m': 675.85, 'merged_student_ids': ['test_002']}, {'student_id': 'test_003', 'name': 'Test Student 3', 'roll_no': 'TEST-6237', 'lat': 31.3140734, 'lng': 73.0226304, 'student_count': 1, 'contact': '03941421906', 'semester': 'Spring 2026', 'fee_status': 'unpaid', 'registration_status': 'pending', 'original_lat': 31.311760819408153, 'original_lng': 73.02091199809621, 'snap_distance_m': 304.59, 'merged_student_ids': ['test_003']}]
2026-03-17 00:49:31.593 | INFO     | clustering.stop_clustering:cluster_stops:45 - Clustered into 3 buses (capacity 10):
2026-03-17 00:49:31.594 | INFO     | clustering.stop_clustering:cluster_stops:48 -   Bus 0: 8 stops, 9 students
2026-03-17 00:49:31.594 | INFO     | clustering.stop_clustering:cluster_stops:48 -   Bus 1: 8 stops, 10 students
2026-03-17 00:49:31.594 | INFO     | clustering.stop_clustering:cluster_stops:48 -   Bus 2: 10 stops, 11 students
2026-03-17 00:49:34.287 | INFO     | optimization.tsp_solver:get_road_distance_matrix:38 - ORS matrix computed: 9x9
2026-03-17 00:49:49.345 | INFO     | optimization.tsp_solver:solve_tsp:123 - TSP solved: 8 stops, distance 66090 m, objective 66090
2026-03-17 00:49:49.346 | DEBUG    | optimization.tsp_solver:solve_tsp:124 - Order: ['unknown', 'unknown', 'unknown', 'unknown', 'unknown', 'unknown', 'unknown', 'unknown']
2026-03-17 00:49:49.347 | DEBUG    | optimization.route_generator:generate_route_path:57 - Requesting ORS route with 9 waypoints
2026-03-17 00:49:52.435 | INFO     | optimization.route_generator:generate_route_path:74 - ORS route generated successfully (bug-free)
2026-03-17 00:49:52.435 | INFO     | optimization.route_generator:generate_route_path:75 -   Waypoints: 8 stops → University
2026-03-17 00:49:52.436 | INFO     | optimization.route_generator:generate_route_path:76 -   Distance: 108.89 km
2026-03-17 00:49:52.436 | INFO     | optimization.route_generator:generate_route_path:77 -   Duration: 2.14 h (128 min)
2026-03-17 00:49:52.436 | DEBUG    | optimization.route_generator:generate_route_path:78 - Geometry sample (first 3 & last 3): [[73.169473, 31.305869], [73.169389, 31.309473], [73.169168, 31.318912]] ... [[73.03447, 31.602425], [73.034742, 31.602694], [73.034832, 31.602523]]
2026-03-17 00:49:52.438 | INFO     | optimization.store_routes:compute_fee_per_student:32 - Fee calc: 58074 PKR/student | dist=108.9km | students=9
2026-03-17 00:49:54.712 | DEBUG    | optimization.store_routes:reverse_geocode_stop_name:176 - Stop name resolved: (31.3059, 73.1695) → 'Chak 75 GB'
2026-03-17 00:49:55.521 | DEBUG    | optimization.store_routes:store_optimized_routes:268 - Assigned seat S1 to student test_002
2026-03-17 00:49:57.759 | DEBUG    | optimization.store_routes:store_optimized_routes:294 - Stored stop R1_stop1 | name='Chak 75 GB' | route=R1
2026-03-17 00:50:00.424 | DEBUG    | optimization.store_routes:reverse_geocode_stop_name:176 - Stop name resolved: (31.3076, 73.0440) → 'Faisalabad District'
2026-03-17 00:50:01.222 | DEBUG    | optimization.store_routes:store_optimized_routes:268 - Assigned seat S2 to student test_022
2026-03-17 00:50:03.692 | DEBUG    | optimization.store_routes:store_optimized_routes:294 - Stored stop R1_stop2 | name='Faisalabad District' | route=R1
2026-03-17 00:50:06.646 | DEBUG    | optimization.store_routes:reverse_geocode_stop_name:176 - Stop name resolved: (31.3141, 73.0226) → 'Dasuha'
2026-03-17 00:50:07.495 | DEBUG    | optimization.store_routes:store_optimized_routes:268 - Assigned seat S3 to student test_003
2026-03-17 00:50:08.062 | DEBUG    | optimization.store_routes:store_optimized_routes:294 - Stored stop R1_stop3 | name='Dasuha' | route=R1
2026-03-17 00:50:10.819 | DEBUG    | optimization.store_routes:reverse_geocode_stop_name:176 - Stop name resolved: (31.3334, 73.0422) → 'Faisalabad District'
2026-03-17 00:50:11.380 | DEBUG    | optimization.store_routes:store_optimized_routes:268 - Assigned seat S4 to student test_012
2026-03-17 00:50:12.035 | DEBUG    | optimization.store_routes:store_optimized_routes:268 - Assigned seat S5 to student test_028
2026-03-17 00:50:12.650 | DEBUG    | optimization.store_routes:store_optimized_routes:294 - Stored stop R1_stop4 | name='Faisalabad District' | route=R1
2026-03-17 00:50:16.132 | DEBUG    | optimization.store_routes:reverse_geocode_stop_name:176 - Stop name resolved: (31.3760, 73.0344) → 'Risalewala Road'
2026-03-17 00:50:19.280 | DEBUG    | optimization.store_routes:store_optimized_routes:268 - Assigned seat S6 to student test_005
2026-03-17 00:50:19.879 | DEBUG    | optimization.store_routes:store_optimized_routes:294 - Stored stop R1_stop5 | name='Risalewala Road' | route=R1
2026-03-17 00:50:22.030 | DEBUG    | optimization.store_routes:reverse_geocode_stop_name:176 - Stop name resolved: (31.3776, 73.0904) → 'Faisalabad District, Faisalabad City Tehsil'
2026-03-17 00:50:22.606 | DEBUG    | optimization.store_routes:store_optimized_routes:268 - Assigned seat S7 to student test_019
2026-03-17 00:50:24.913 | DEBUG    | optimization.store_routes:store_optimized_routes:294 - Stored stop R1_stop6 | name='Faisalabad District, Faisalabad City Tehsil' | route=R1
2026-03-17 00:50:27.151 | DEBUG    | optimization.store_routes:reverse_geocode_stop_name:176 - Stop name resolved: (31.3634, 73.1141) → 'Niamuana Malkhanwala Road, Faisalabad City Tehsil'
2026-03-17 00:50:27.966 | DEBUG    | optimization.store_routes:store_optimized_routes:268 - Assigned seat S8 to student test_024
2026-03-17 00:50:28.687 | DEBUG    | optimization.store_routes:store_optimized_routes:294 - Stored stop R1_stop7 | name='Niamuana Malkhanwala Road, Faisalabad City Tehsil' | route=R1
2026-03-17 00:50:30.592 | DEBUG    | optimization.store_routes:reverse_geocode_stop_name:176 - Stop name resolved: (31.3119, 73.1917) → 'Faialabad - chak 363 G.B Road'
2026-03-17 00:50:31.289 | DEBUG    | optimization.store_routes:store_optimized_routes:268 - Assigned seat S9 to student test_020
2026-03-17 00:50:31.858 | DEBUG    | optimization.store_routes:store_optimized_routes:294 - Stored stop R1_stop8 | name='Faialabad - chak 363 G.B Road' | route=R1
2026-03-17 00:50:33.151 | INFO     | optimization.store_routes:store_optimized_routes:318 - Stored route route_0 (R1): 8 stops, 108.89 km
2026-03-17 00:50:34.925 | INFO     | optimization.tsp_solver:get_road_distance_matrix:38 - ORS matrix computed: 9x9
2026-03-17 00:50:49.928 | INFO     | optimization.tsp_solver:solve_tsp:123 - TSP solved: 8 stops, distance 57363 m, objective 57363
2026-03-17 00:50:49.929 | DEBUG    | optimization.tsp_solver:solve_tsp:124 - Order: ['unknown', 'unknown', 'unknown', 'unknown', 'unknown', 'unknown', 'unknown', 'unknown']
2026-03-17 00:50:49.929 | DEBUG    | optimization.route_generator:generate_route_path:57 - Requesting ORS route with 9 waypoints
2026-03-17 00:50:52.157 | INFO     | optimization.route_generator:generate_route_path:74 - ORS route generated successfully (bug-free)
2026-03-17 00:50:52.158 | INFO     | optimization.route_generator:generate_route_path:75 -   Waypoints: 8 stops → University
2026-03-17 00:50:52.158 | INFO     | optimization.route_generator:generate_route_path:76 -   Distance: 86.36 km
2026-03-17 00:50:52.158 | INFO     | optimization.route_generator:generate_route_path:77 -   Duration: 1.84 h (110 min)
2026-03-17 00:50:52.158 | DEBUG    | optimization.route_generator:generate_route_path:78 - Geometry sample (first 3 & last 3): [[73.146028, 31.404983], [73.14526, 31.404581], [73.144931, 31.404404]] ... [[73.03447, 31.602425], [73.034742, 31.602694], [73.034832, 31.602523]]
2026-03-17 00:50:52.160 | INFO     | optimization.store_routes:compute_fee_per_student:32 - Fee calc: 41454 PKR/student | dist=86.4km | students=10
2026-03-17 00:50:53.977 | DEBUG    | optimization.store_routes:reverse_geocode_stop_name:176 - Stop name resolved: (31.4050, 73.1460) → 'Faisalabad District, Faisalabad City Tehsil'
2026-03-17 00:50:54.900 | DEBUG    | optimization.store_routes:store_optimized_routes:268 - Assigned seat S1 to student test_006
2026-03-17 00:50:55.712 | DEBUG    | optimization.store_routes:store_optimized_routes:294 - Stored stop R2_stop1 | name='Faisalabad District, Faisalabad City Tehsil' | route=R2
2026-03-17 00:50:57.757 | DEBUG    | optimization.store_routes:reverse_geocode_stop_name:176 - Stop name resolved: (31.5015, 73.1936) → 'Faisalabad District'
2026-03-17 00:50:58.584 | DEBUG    | optimization.store_routes:store_optimized_routes:268 - Assigned seat S2 to student test_014
2026-03-17 00:50:59.342 | DEBUG    | optimization.store_routes:store_optimized_routes:294 - Stored stop R2_stop2 | name='Faisalabad District' | route=R2
2026-03-17 00:51:02.067 | DEBUG    | optimization.store_routes:reverse_geocode_stop_name:176 - Stop name resolved: (31.4845, 73.1522) → 'Faisalabad District, Faisalabad City Tehsil'
2026-03-17 00:51:02.775 | DEBUG    | optimization.store_routes:store_optimized_routes:268 - Assigned seat S3 to student test_025
2026-03-17 00:51:03.481 | DEBUG    | optimization.store_routes:store_optimized_routes:294 - Stored stop R2_stop3 | name='Faisalabad District, Faisalabad City Tehsil' | route=R2
2026-03-17 00:51:06.977 | DEBUG    | optimization.store_routes:reverse_geocode_stop_name:176 - Stop name resolved: (31.4659, 73.1813) → 'Faisalabad - Sheikhupura - Lahore Road, Faisalabad City Tehsil'
2026-03-17 00:51:07.795 | DEBUG    | optimization.store_routes:store_optimized_routes:268 - Assigned seat S4 to student test_008
2026-03-17 00:51:08.732 | DEBUG    | optimization.store_routes:store_optimized_routes:268 - Assigned seat S5 to student test_009
2026-03-17 00:51:09.369 | DEBUG    | optimization.store_routes:store_optimized_routes:268 - Assigned seat S6 to student test_016
2026-03-17 00:51:10.252 | DEBUG    | optimization.store_routes:store_optimized_routes:294 - Stored stop R2_stop4 | name='Faisalabad - Sheikhupura - Lahore Road, Faisalabad City Tehsil' | route=R2
2026-03-17 00:51:12.841 | DEBUG    | optimization.store_routes:reverse_geocode_stop_name:176 - Stop name resolved: (31.4526, 73.1780) → 'SOS Village, Faisalabad City Tehsil'
2026-03-17 00:51:13.692 | DEBUG    | optimization.store_routes:store_optimized_routes:268 - Assigned seat S7 to student test_029
2026-03-17 00:51:14.657 | DEBUG    | optimization.store_routes:store_optimized_routes:294 - Stored stop R2_stop5 | name='SOS Village, Faisalabad City Tehsil' | route=R2
2026-03-17 00:51:17.121 | DEBUG    | optimization.store_routes:reverse_geocode_stop_name:176 - Stop name resolved: (31.4148, 73.1646) → 'Lower Canal Road, Faisalabad City Tehsil'
2026-03-17 00:51:17.776 | DEBUG    | optimization.store_routes:store_optimized_routes:268 - Assigned seat S8 to student test_015
2026-03-17 00:51:18.445 | DEBUG    | optimization.store_routes:store_optimized_routes:294 - Stored stop R2_stop6 | name='Lower Canal Road, Faisalabad City Tehsil' | route=R2
2026-03-17 00:51:20.703 | DEBUG    | optimization.store_routes:reverse_geocode_stop_name:176 - Stop name resolved: (31.3833, 73.1836) → 'Karar Wala'
2026-03-17 00:51:21.263 | DEBUG    | optimization.store_routes:store_optimized_routes:268 - Assigned seat S9 to student test_030
2026-03-17 00:51:21.939 | DEBUG    | optimization.store_routes:store_optimized_routes:294 - Stored stop R2_stop7 | name='Karar Wala' | route=R2
2026-03-17 00:51:24.800 | DEBUG    | optimization.store_routes:reverse_geocode_stop_name:176 - Stop name resolved: (31.3581, 73.1846) → 'Arbiwala'
2026-03-17 00:51:25.415 | DEBUG    | optimization.store_routes:store_optimized_routes:268 - Assigned seat S10 to student test_021
2026-03-17 00:51:26.329 | DEBUG    | optimization.store_routes:store_optimized_routes:294 - Stored stop R2_stop8 | name='Arbiwala' | route=R2
2026-03-17 00:51:27.735 | INFO     | optimization.store_routes:store_optimized_routes:318 - Stored route route_1 (R2): 8 stops, 86.36 km
2026-03-17 00:51:29.765 | INFO     | optimization.tsp_solver:get_road_distance_matrix:38 - ORS matrix computed: 11x11
2026-03-17 00:51:44.767 | INFO     | optimization.tsp_solver:solve_tsp:123 - TSP solved: 10 stops, distance 69272 m, objective 69272
2026-03-17 00:51:44.768 | DEBUG    | optimization.tsp_solver:solve_tsp:124 - Order: ['unknown', 'unknown', 'unknown', 'unknown', 'unknown', 'unknown', 'unknown', 'unknown', 'unknown', 'unknown']
2026-03-17 00:51:44.768 | DEBUG    | optimization.route_generator:generate_route_path:57 - Requesting ORS route with 11 waypoints
2026-03-17 00:51:46.657 | INFO     | optimization.route_generator:generate_route_path:74 - ORS route generated successfully (bug-free)
2026-03-17 00:51:46.658 | INFO     | optimization.route_generator:generate_route_path:75 -   Waypoints: 10 stops → University
2026-03-17 00:51:46.658 | INFO     | optimization.route_generator:generate_route_path:76 -   Distance: 73.87 km
2026-03-17 00:51:46.658 | INFO     | optimization.route_generator:generate_route_path:77 -   Duration: 1.45 h (87 min)
2026-03-17 00:51:46.659 | DEBUG    | optimization.route_generator:generate_route_path:78 - Geometry sample (first 3 & last 3): [[73.062954, 31.459295], [73.063958, 31.459524], [73.065264, 31.459823]] ... [[73.03447, 31.602425], [73.034742, 31.602694], [73.034832, 31.602523]]
2026-03-17 00:51:46.660 | INFO     | optimization.store_routes:compute_fee_per_student:32 - Fee calc: 32235 PKR/student | dist=73.9km | students=11
2026-03-17 00:51:48.244 | DEBUG    | optimization.store_routes:reverse_geocode_stop_name:176 - Stop name resolved: (31.4593, 73.0630) → 'Faisalabad District, Faisalabad City Tehsil'
2026-03-17 00:51:49.069 | DEBUG    | optimization.store_routes:store_optimized_routes:268 - Assigned seat S1 to student test_001
2026-03-17 00:51:49.677 | DEBUG    | optimization.store_routes:store_optimized_routes:294 - Stored stop R3_stop1 | name='Faisalabad District, Faisalabad City Tehsil' | route=R3
2026-03-17 00:51:52.011 | DEBUG    | optimization.store_routes:reverse_geocode_stop_name:176 - Stop name resolved: (31.4319, 73.0908) → 'Faisalabad District, Faisalabad City Tehsil'
2026-03-17 00:51:54.092 | DEBUG    | optimization.store_routes:store_optimized_routes:268 - Assigned seat S2 to student test_017
2026-03-17 00:51:54.970 | DEBUG    | optimization.store_routes:store_optimized_routes:294 - Stored stop R3_stop2 | name='Faisalabad District, Faisalabad City Tehsil' | route=R3
2026-03-17 00:51:58.280 | DEBUG    | optimization.store_routes:reverse_geocode_stop_name:176 - Stop name resolved: (31.4212, 73.0816) → 'Katchary Bazar, Faisalabad City Tehsil'
2026-03-17 00:51:59.413 | DEBUG    | optimization.store_routes:store_optimized_routes:268 - Assigned seat S3 to student test_007
2026-03-17 00:52:00.142 | DEBUG    | optimization.store_routes:store_optimized_routes:294 - Stored stop R3_stop3 | name='Katchary Bazar, Faisalabad City Tehsil' | route=R3
2026-03-17 00:52:01.993 | DEBUG    | optimization.store_routes:reverse_geocode_stop_name:176 - Stop name resolved: (31.4187, 73.0444) → 'Bakar Mandi Road, Faisalabad City Tehsil'
2026-03-17 00:52:02.542 | DEBUG    | optimization.store_routes:store_optimized_routes:268 - Assigned seat S4 to student test_018
2026-03-17 00:52:03.086 | DEBUG    | optimization.store_routes:store_optimized_routes:294 - Stored stop R3_stop4 | name='Bakar Mandi Road, Faisalabad City Tehsil' | route=R3
2026-03-17 00:52:05.000 | DEBUG    | optimization.store_routes:reverse_geocode_stop_name:176 - Stop name resolved: (31.4352, 73.0374) → 'Ghulam Muhammadabad Road, Faisalabad City Tehsil'
2026-03-17 00:52:05.555 | DEBUG    | optimization.store_routes:store_optimized_routes:268 - Assigned seat S5 to student test_011
2026-03-17 00:52:06.088 | DEBUG    | optimization.store_routes:store_optimized_routes:294 - Stored stop R3_stop5 | name='Ghulam Muhammadabad Road, Faisalabad City Tehsil' | route=R3
2026-03-17 00:52:08.466 | DEBUG    | optimization.store_routes:reverse_geocode_stop_name:176 - Stop name resolved: (31.4509, 73.0172) → 'Faisalabad District, Chak No.100 JB'
2026-03-17 00:52:09.026 | DEBUG    | optimization.store_routes:store_optimized_routes:268 - Assigned seat S6 to student test_010
2026-03-17 00:52:09.582 | DEBUG    | optimization.store_routes:store_optimized_routes:294 - Stored stop R3_stop6 | name='Faisalabad District, Chak No.100 JB' | route=R3
2026-03-17 00:52:11.676 | DEBUG    | optimization.store_routes:reverse_geocode_stop_name:176 - Stop name resolved: (31.4933, 73.0176) → 'Faisalabad District'
2026-03-17 00:52:12.211 | DEBUG    | optimization.store_routes:store_optimized_routes:268 - Assigned seat S7 to student test_026
2026-03-17 00:52:12.749 | DEBUG    | optimization.store_routes:store_optimized_routes:294 - Stored stop R3_stop7 | name='Faisalabad District' | route=R3
2026-03-17 00:52:14.408 | DEBUG    | optimization.store_routes:reverse_geocode_stop_name:176 - Stop name resolved: (31.5457, 73.0149) → 'Chak 47 JB Mansuran'
2026-03-17 00:52:14.956 | DEBUG    | optimization.store_routes:store_optimized_routes:268 - Assigned seat S8 to student test_027
2026-03-17 00:52:15.482 | DEBUG    | optimization.store_routes:store_optimized_routes:294 - Stored stop R3_stop8 | name='Chak 47 JB Mansuran' | route=R3
2026-03-17 00:52:17.493 | DEBUG    | optimization.store_routes:reverse_geocode_stop_name:176 - Stop name resolved: (31.5307, 73.1127) → 'Dialgarh'
2026-03-17 00:52:18.041 | DEBUG    | optimization.store_routes:store_optimized_routes:268 - Assigned seat S9 to student test_004
2026-03-17 00:52:18.593 | DEBUG    | optimization.store_routes:store_optimized_routes:294 - Stored stop R3_stop9 | name='Dialgarh' | route=R3
2026-03-17 00:52:20.556 | DEBUG    | optimization.store_routes:reverse_geocode_stop_name:176 - Stop name resolved: (31.5075, 73.1006) → 'Faisalabad District, Faisalabad City Tehsil'
2026-03-17 00:52:21.097 | DEBUG    | optimization.store_routes:store_optimized_routes:268 - Assigned seat S10 to student test_013
2026-03-17 00:52:21.635 | DEBUG    | optimization.store_routes:store_optimized_routes:268 - Assigned seat S11 to student test_023
2026-03-17 00:52:22.182 | DEBUG    | optimization.store_routes:store_optimized_routes:294 - Stored stop R3_stop10 | name='Faisalabad District, Faisalabad City Tehsil' | route=R3
2026-03-17 00:52:22.994 | INFO     | optimization.store_routes:store_optimized_routes:318 - Stored route route_2 (R3): 10 stops, 73.87 km
2026-03-17 00:52:22.995 | INFO     | optimization.store_routes:store_optimized_routes:324 - Back-filling route_id on 26 stops + students...
2026-03-17 00:52:38.101 | DEBUG    | optimization.store_routes:store_optimized_routes:355 - Final batch: 56 writes
2026-03-17 00:52:38.102 | INFO     | optimization.store_routes:store_optimized_routes:357 - Done: 3 routes | 26 stops stored
2026-03-17 00:52:38.103 | INFO     | api.main:run_optimization:64 - Pipeline completed successfully | 3 buses processed
