2026-03-29 22:50:13.214 | INFO     | database.firebase:<module>:12 - Firebase Admin SDK initialized successfully
2026-03-29 22:54:31.762 | INFO     | api.main:run_optimization:29 - Starting full route optimization pipeline
2026-03-29 22:54:36.093 | INFO     | data_pipeline.student_loader:load_student_stops:42 - Loaded 30 student stops from Firestore
2026-03-29 22:54:36.094 | DEBUG    | data_pipeline.student_loader:load_student_stops:43 - First 3 stops (sample): [{'student_id': '3CNKLBNknvMId9G9MJ1cVoQjkpw2', 'name': 'Test Student 12', 'roll_no': 'TEST-4382', 'lat': 31.369289, 'lng': 73.051406, 'student_count': 1, 'contact': '03597900028', 'semester': 'Spring 2026', 'fee_status': 'unpaid', 'registration_status': 'successful'}, {'student_id': '61fbjUraIhPuzNx8BY68aYewSG02', 'name': 'Test Student 28', 'roll_no': 'TEST-7403', 'lat': 31.380283, 'lng': 73.159195, 'student_count': 1, 'contact': '03344993000', 'semester': 'Spring 2026', 'fee_status': 'unpaid', 'registration_status': 'successful'}, {'student_id': '7DxKX1nW4ZdeWHKXM2Vf5OIfGvr1', 'name': 'Test Student 10', 'roll_no': 'TEST-9142', 'lat': 31.446304, 'lng': 73.140169, 'student_count': 1, 'contact': '03537549971', 'semester': 'Spring 2026', 'fee_status': 'unpaid', 'registration_status': 'successful'}]
2026-03-29 22:54:36.094 | INFO     | osm.fetch_roads:fetch_or_load_road_graph:19 - Loading cached Faisalabad road graph...
2026-03-29 22:54:43.132 | INFO     | osm.fetch_roads:fetch_or_load_road_graph:21 - Loaded graph with 50872 nodes and 144715 edges
2026-03-29 22:54:43.265 | INFO     | osm.road_filter:filter_main_roads:38 - Filtered graph:
2026-03-29 22:54:43.288 | INFO     | osm.road_filter:filter_main_roads:39 -   Original: 50872 nodes, 144715 edges
2026-03-29 22:54:43.381 | INFO     | osm.road_filter:filter_main_roads:40 -   After filter (main roads only): 7460 nodes, 12863 edges
2026-03-29 22:54:43.540 | DEBUG    | utils.distance_utils:build_node_balltree:29 - Built BallTree with 7460 nodes
2026-03-29 22:54:43.542 | DEBUG    | utils.geo_utils:haversine_distance:20 - Haversine: (31.369289, 73.051406) → (31.3691526, 73.0514611) = 16.0 m
2026-03-29 22:54:43.542 | DEBUG    | utils.distance_utils:find_nearest_road_point:56 - Nearest road node to (31.369289, 73.051406): (31.369153, 73.051461) — 16.0m
2026-03-29 22:54:43.543 | DEBUG    | utils.geo_utils:haversine_distance:20 - Haversine: (31.369289, 73.051406) → (31.3691526, 73.0514611) = 16.0 m
2026-03-29 22:54:43.543 | DEBUG    | data_pipeline.stop_builder:snap_stops_to_roads:38 - Snapped Test Student 12 (TEST-4382): 16.0m
2026-03-29 22:54:43.554 | DEBUG    | utils.distance_utils:build_node_balltree:29 - Built BallTree with 7460 nodes
2026-03-29 22:54:43.554 | DEBUG    | utils.geo_utils:haversine_distance:20 - Haversine: (31.380283, 73.159195) → (31.3787188, 73.157798) = 218.7 m
2026-03-29 22:54:43.555 | DEBUG    | utils.distance_utils:find_nearest_road_point:56 - Nearest road node to (31.380283, 73.159195): (31.378719, 73.157798) — 218.7m
2026-03-29 22:54:43.555 | DEBUG    | utils.geo_utils:haversine_distance:20 - Haversine: (31.380283, 73.159195) → (31.3787188, 73.157798) = 218.7 m
2026-03-29 22:54:43.555 | DEBUG    | data_pipeline.stop_builder:snap_stops_to_roads:38 - Snapped Test Student 28 (TEST-7403): 218.7m
2026-03-29 22:54:43.566 | DEBUG    | utils.distance_utils:build_node_balltree:29 - Built BallTree with 7460 nodes
2026-03-29 22:54:43.566 | DEBUG    | utils.geo_utils:haversine_distance:20 - Haversine: (31.446304, 73.140169) → (31.4457694, 73.1408101) = 85.0 m
2026-03-29 22:54:43.566 | DEBUG    | utils.distance_utils:find_nearest_road_point:56 - Nearest road node to (31.446304, 73.140169): (31.445769, 73.140810) — 85.0m
2026-03-29 22:54:43.566 | DEBUG    | utils.geo_utils:haversine_distance:20 - Haversine: (31.446304, 73.140169) → (31.4457694, 73.1408101) = 85.0 m
2026-03-29 22:54:43.566 | DEBUG    | data_pipeline.stop_builder:snap_stops_to_roads:38 - Snapped Test Student 10 (TEST-9142): 85.0m
2026-03-29 22:54:43.578 | DEBUG    | utils.distance_utils:build_node_balltree:29 - Built BallTree with 7460 nodes
2026-03-29 22:54:43.578 | DEBUG    | utils.geo_utils:haversine_distance:20 - Haversine: (31.548998, 73.147656) → (31.5487412, 73.1501112) = 234.4 m
2026-03-29 22:54:43.578 | DEBUG    | utils.distance_utils:find_nearest_road_point:56 - Nearest road node to (31.548998, 73.147656): (31.548741, 73.150111) — 234.4m
2026-03-29 22:54:43.579 | DEBUG    | utils.geo_utils:haversine_distance:20 - Haversine: (31.548998, 73.147656) → (31.5487412, 73.1501112) = 234.4 m
2026-03-29 22:54:43.579 | DEBUG    | data_pipeline.stop_builder:snap_stops_to_roads:38 - Snapped Test Student 14 (TEST-9162): 234.4m
2026-03-29 22:54:43.589 | DEBUG    | utils.distance_utils:build_node_balltree:29 - Built BallTree with 7460 nodes
2026-03-29 22:54:43.590 | DEBUG    | utils.geo_utils:haversine_distance:20 - Haversine: (31.384254, 73.063765) → (31.3836456, 73.0640586) = 73.2 m
2026-03-29 22:54:43.590 | DEBUG    | utils.distance_utils:find_nearest_road_point:56 - Nearest road node to (31.384254, 73.063765): (31.383646, 73.064059) — 73.2m
2026-03-29 22:54:43.590 | DEBUG    | utils.geo_utils:haversine_distance:20 - Haversine: (31.384254, 73.063765) → (31.3836456, 73.0640586) = 73.2 m
2026-03-29 22:54:43.590 | DEBUG    | data_pipeline.stop_builder:snap_stops_to_roads:38 - Snapped Test Student 30 (TEST-6182): 73.2m
2026-03-29 22:54:43.601 | DEBUG    | utils.distance_utils:build_node_balltree:29 - Built BallTree with 7460 nodes
2026-03-29 22:54:43.602 | DEBUG    | utils.geo_utils:haversine_distance:20 - Haversine: (31.450094, 73.130742) → (31.4467219, 73.1271368) = 507.5 m
2026-03-29 22:54:43.602 | DEBUG    | utils.distance_utils:find_nearest_road_point:56 - Nearest road node to (31.450094, 73.130742): (31.446722, 73.127137) — 507.5m
2026-03-29 22:54:43.602 | DEBUG    | utils.geo_utils:haversine_distance:20 - Haversine: (31.450094, 73.130742) → (31.4467219, 73.1271368) = 507.5 m
2026-03-29 22:54:43.602 | DEBUG    | data_pipeline.stop_builder:snap_stops_to_roads:38 - Snapped Test Student 23 (TEST-9957): 507.5m
2026-03-29 22:54:43.613 | DEBUG    | utils.distance_utils:build_node_balltree:29 - Built BallTree with 7460 nodes
2026-03-29 22:54:43.614 | DEBUG    | utils.geo_utils:haversine_distance:20 - Haversine: (31.327595, 73.065724) → (31.330396, 73.0696448) = 485.5 m
2026-03-29 22:54:43.614 | DEBUG    | utils.distance_utils:find_nearest_road_point:56 - Nearest road node to (31.327595, 73.065724): (31.330396, 73.069645) — 485.5m
2026-03-29 22:54:43.614 | DEBUG    | utils.geo_utils:haversine_distance:20 - Haversine: (31.327595, 73.065724) → (31.330396, 73.0696448) = 485.5 m
2026-03-29 22:54:43.614 | DEBUG    | data_pipeline.stop_builder:snap_stops_to_roads:38 - Snapped Test Student 13 (TEST-5755): 485.5m
2026-03-29 22:54:43.625 | DEBUG    | utils.distance_utils:build_node_balltree:29 - Built BallTree with 7460 nodes
2026-03-29 22:54:43.626 | DEBUG    | utils.geo_utils:haversine_distance:20 - Haversine: (31.343859, 73.18566) → (31.3413852, 73.1852291) = 278.1 m
2026-03-29 22:54:43.626 | DEBUG    | utils.distance_utils:find_nearest_road_point:56 - Nearest road node to (31.343859, 73.18566): (31.341385, 73.185229) — 278.1m
2026-03-29 22:54:43.626 | DEBUG    | utils.geo_utils:haversine_distance:20 - Haversine: (31.343859, 73.18566) → (31.3413852, 73.1852291) = 278.1 m
2026-03-29 22:54:43.626 | DEBUG    | data_pipeline.stop_builder:snap_stops_to_roads:38 - Snapped Test Student 7 (TEST-9790): 278.1m
2026-03-29 22:54:43.636 | DEBUG    | utils.distance_utils:build_node_balltree:29 - Built BallTree with 7460 nodes
2026-03-29 22:54:43.637 | DEBUG    | utils.geo_utils:haversine_distance:20 - Haversine: (31.401088, 73.01135) → (31.4000755, 73.0126538) = 167.3 m
2026-03-29 22:54:43.637 | DEBUG    | utils.distance_utils:find_nearest_road_point:56 - Nearest road node to (31.401088, 73.01135): (31.400075, 73.012654) — 167.3m
2026-03-29 22:54:43.637 | DEBUG    | utils.geo_utils:haversine_distance:20 - Haversine: (31.401088, 73.01135) → (31.4000755, 73.0126538) = 167.3 m
2026-03-29 22:54:43.637 | DEBUG    | data_pipeline.stop_builder:snap_stops_to_roads:38 - Snapped Test Student 3 (TEST-2055): 167.3m
2026-03-29 22:54:43.649 | DEBUG    | utils.distance_utils:build_node_balltree:29 - Built BallTree with 7460 nodes
2026-03-29 22:54:43.650 | DEBUG    | utils.geo_utils:haversine_distance:20 - Haversine: (31.526254, 73.053671) → (31.527645, 73.0552285) = 213.8 m
2026-03-29 22:54:43.650 | DEBUG    | utils.distance_utils:find_nearest_road_point:56 - Nearest road node to (31.526254, 73.053671): (31.527645, 73.055228) — 213.8m
2026-03-29 22:54:43.650 | DEBUG    | utils.geo_utils:haversine_distance:20 - Haversine: (31.526254, 73.053671) → (31.527645, 73.0552285) = 213.8 m
2026-03-29 22:54:43.650 | DEBUG    | data_pipeline.stop_builder:snap_stops_to_roads:38 - Snapped Test Student 25 (TEST-4783): 213.8m
2026-03-29 22:54:43.660 | DEBUG    | utils.distance_utils:build_node_balltree:29 - Built BallTree with 7460 nodes
2026-03-29 22:54:43.661 | DEBUG    | utils.geo_utils:haversine_distance:20 - Haversine: (31.319581, 73.129629) → (31.3281703, 73.1302408) = 956.9 m
2026-03-29 22:54:43.661 | DEBUG    | utils.distance_utils:find_nearest_road_point:56 - Nearest road node to (31.319581, 73.129629): (31.328170, 73.130241) — 956.9m
2026-03-29 22:54:43.661 | DEBUG    | utils.geo_utils:haversine_distance:20 - Haversine: (31.319581, 73.129629) → (31.3281703, 73.1302408) = 956.9 m
2026-03-29 22:54:43.661 | DEBUG    | data_pipeline.stop_builder:snap_stops_to_roads:38 - Snapped Test Student 11 (TEST-6729): 956.9m
2026-03-29 22:54:43.672 | DEBUG    | utils.distance_utils:build_node_balltree:29 - Built BallTree with 7460 nodes
2026-03-29 22:54:43.673 | DEBUG    | utils.geo_utils:haversine_distance:20 - Haversine: (31.342673, 73.180091) → (31.3434454, 73.1825193) = 246.1 m
2026-03-29 22:54:43.673 | DEBUG    | utils.distance_utils:find_nearest_road_point:56 - Nearest road node to (31.342673, 73.180091): (31.343445, 73.182519) — 246.1m
2026-03-29 22:54:43.673 | DEBUG    | utils.geo_utils:haversine_distance:20 - Haversine: (31.342673, 73.180091) → (31.3434454, 73.1825193) = 246.1 m
2026-03-29 22:54:43.673 | DEBUG    | data_pipeline.stop_builder:snap_stops_to_roads:38 - Snapped Test Student 1 (TEST-1717): 246.1m
2026-03-29 22:54:43.684 | DEBUG    | utils.distance_utils:build_node_balltree:29 - Built BallTree with 7460 nodes
2026-03-29 22:54:43.685 | DEBUG    | utils.geo_utils:haversine_distance:20 - Haversine: (31.419161, 73.04138) → (31.4192659, 73.0416323) = 26.6 m
2026-03-29 22:54:43.685 | DEBUG    | utils.distance_utils:find_nearest_road_point:56 - Nearest road node to (31.419161, 73.04138): (31.419266, 73.041632) — 26.6m
2026-03-29 22:54:43.685 | DEBUG    | utils.geo_utils:haversine_distance:20 - Haversine: (31.419161, 73.04138) → (31.4192659, 73.0416323) = 26.6 m
2026-03-29 22:54:43.685 | DEBUG    | data_pipeline.stop_builder:snap_stops_to_roads:38 - Snapped Test Student 27 (TEST-3106): 26.6m
2026-03-29 22:54:43.697 | DEBUG    | utils.distance_utils:build_node_balltree:29 - Built BallTree with 7460 nodes
2026-03-29 22:54:43.697 | DEBUG    | utils.geo_utils:haversine_distance:20 - Haversine: (31.513945, 73.145) → (31.5101284, 73.1503952) = 664.6 m
2026-03-29 22:54:43.697 | DEBUG    | utils.distance_utils:find_nearest_road_point:56 - Nearest road node to (31.513945, 73.145): (31.510128, 73.150395) — 664.6m
2026-03-29 22:54:43.697 | DEBUG    | utils.geo_utils:haversine_distance:20 - Haversine: (31.513945, 73.145) → (31.5101284, 73.1503952) = 664.6 m
2026-03-29 22:54:43.697 | DEBUG    | data_pipeline.stop_builder:snap_stops_to_roads:38 - Snapped Test Student 20 (TEST-7495): 664.6m
2026-03-29 22:54:43.712 | DEBUG    | utils.distance_utils:build_node_balltree:29 - Built BallTree with 7460 nodes
2026-03-29 22:54:43.712 | DEBUG    | utils.geo_utils:haversine_distance:20 - Haversine: (31.462728, 73.168167) → (31.4641337, 73.1683411) = 157.2 m
2026-03-29 22:54:43.713 | DEBUG    | utils.distance_utils:find_nearest_road_point:56 - Nearest road node to (31.462728, 73.168167): (31.464134, 73.168341) — 157.2m
2026-03-29 22:54:43.713 | DEBUG    | utils.geo_utils:haversine_distance:20 - Haversine: (31.462728, 73.168167) → (31.4641337, 73.1683411) = 157.2 m
2026-03-29 22:54:43.713 | DEBUG    | data_pipeline.stop_builder:snap_stops_to_roads:38 - Snapped Test Student 15 (TEST-5668): 157.2m
2026-03-29 22:54:43.726 | DEBUG    | utils.distance_utils:build_node_balltree:29 - Built BallTree with 7460 nodes
2026-03-29 22:54:43.726 | DEBUG    | utils.geo_utils:haversine_distance:20 - Haversine: (31.346116, 73.056539) → (31.3446991, 73.0585627) = 248.5 m
2026-03-29 22:54:43.726 | DEBUG    | utils.distance_utils:find_nearest_road_point:56 - Nearest road node to (31.346116, 73.056539): (31.344699, 73.058563) — 248.5m
2026-03-29 22:54:43.727 | DEBUG    | utils.geo_utils:haversine_distance:20 - Haversine: (31.346116, 73.056539) → (31.3446991, 73.0585627) = 248.5 m
2026-03-29 22:54:43.727 | DEBUG    | data_pipeline.stop_builder:snap_stops_to_roads:38 - Snapped Test Student 9 (TEST-8987): 248.5m
2026-03-29 22:54:43.738 | DEBUG    | utils.distance_utils:build_node_balltree:29 - Built BallTree with 7460 nodes
2026-03-29 22:54:43.740 | DEBUG    | utils.geo_utils:haversine_distance:20 - Haversine: (31.544202, 73.128686) → (31.5431453, 73.1283131) = 122.7 m
2026-03-29 22:54:43.740 | DEBUG    | utils.distance_utils:find_nearest_road_point:56 - Nearest road node to (31.544202, 73.128686): (31.543145, 73.128313) — 122.7m
2026-03-29 22:54:43.740 | DEBUG    | utils.geo_utils:haversine_distance:20 - Haversine: (31.544202, 73.128686) → (31.5431453, 73.1283131) = 122.7 m
2026-03-29 22:54:43.740 | DEBUG    | data_pipeline.stop_builder:snap_stops_to_roads:38 - Snapped Test Student 4 (TEST-9428): 122.7m
2026-03-29 22:54:43.755 | DEBUG    | utils.distance_utils:build_node_balltree:29 - Built BallTree with 7460 nodes
2026-03-29 22:54:43.756 | DEBUG    | utils.geo_utils:haversine_distance:20 - Haversine: (31.393089, 73.028228) → (31.398463, 73.0263855) = 622.6 m
2026-03-29 22:54:43.756 | DEBUG    | utils.distance_utils:find_nearest_road_point:56 - Nearest road node to (31.393089, 73.028228): (31.398463, 73.026386) — 622.6m
2026-03-29 22:54:43.757 | DEBUG    | utils.geo_utils:haversine_distance:20 - Haversine: (31.393089, 73.028228) → (31.398463, 73.0263855) = 622.6 m
2026-03-29 22:54:43.757 | DEBUG    | data_pipeline.stop_builder:snap_stops_to_roads:38 - Snapped Test Student 5 (TEST-5892): 622.6m
2026-03-29 22:54:43.769 | DEBUG    | utils.distance_utils:build_node_balltree:29 - Built BallTree with 7460 nodes
2026-03-29 22:54:43.770 | DEBUG    | utils.geo_utils:haversine_distance:20 - Haversine: (31.318863, 73.183249) → (31.3190478, 73.1756414) = 723.0 m
2026-03-29 22:54:43.770 | DEBUG    | utils.distance_utils:find_nearest_road_point:56 - Nearest road node to (31.318863, 73.183249): (31.319048, 73.175641) — 723.0m
2026-03-29 22:54:43.770 | DEBUG    | utils.geo_utils:haversine_distance:20 - Haversine: (31.318863, 73.183249) → (31.3190478, 73.1756414) = 723.0 m
2026-03-29 22:54:43.770 | DEBUG    | data_pipeline.stop_builder:snap_stops_to_roads:38 - Snapped Test Student 29 (TEST-7084): 723.0m
2026-03-29 22:54:43.783 | DEBUG    | utils.distance_utils:build_node_balltree:29 - Built BallTree with 7460 nodes
2026-03-29 22:54:43.785 | DEBUG    | utils.geo_utils:haversine_distance:20 - Haversine: (31.354815, 73.143189) → (31.3557607, 73.1450675) = 207.1 m
2026-03-29 22:54:43.785 | DEBUG    | utils.distance_utils:find_nearest_road_point:56 - Nearest road node to (31.354815, 73.143189): (31.355761, 73.145067) — 207.1m
2026-03-29 22:54:43.785 | DEBUG    | utils.geo_utils:haversine_distance:20 - Haversine: (31.354815, 73.143189) → (31.3557607, 73.1450675) = 207.1 m
2026-03-29 22:54:43.785 | DEBUG    | data_pipeline.stop_builder:snap_stops_to_roads:38 - Snapped Test Student 17 (TEST-4072): 207.1m
2026-03-29 22:54:43.804 | DEBUG    | utils.distance_utils:build_node_balltree:29 - Built BallTree with 7460 nodes
2026-03-29 22:54:43.807 | DEBUG    | utils.geo_utils:haversine_distance:20 - Haversine: (31.459172, 73.066434) → (31.4601458, 73.0666137) = 109.6 m
2026-03-29 22:54:43.807 | DEBUG    | utils.distance_utils:find_nearest_road_point:56 - Nearest road node to (31.459172, 73.066434): (31.460146, 73.066614) — 109.6m
2026-03-29 22:54:43.807 | DEBUG    | utils.geo_utils:haversine_distance:20 - Haversine: (31.459172, 73.066434) → (31.4601458, 73.0666137) = 109.6 m
2026-03-29 22:54:43.807 | DEBUG    | data_pipeline.stop_builder:snap_stops_to_roads:38 - Snapped Test Student 18 (TEST-9353): 109.6m
2026-03-29 22:54:43.825 | DEBUG    | utils.distance_utils:build_node_balltree:29 - Built BallTree with 7460 nodes
2026-03-29 22:54:43.826 | DEBUG    | utils.geo_utils:haversine_distance:20 - Haversine: (31.537509, 73.124448) → (31.5426468, 73.1258022) = 585.5 m
2026-03-29 22:54:43.826 | DEBUG    | utils.distance_utils:find_nearest_road_point:56 - Nearest road node to (31.537509, 73.124448): (31.542647, 73.125802) — 585.5m
2026-03-29 22:54:43.826 | DEBUG    | utils.geo_utils:haversine_distance:20 - Haversine: (31.537509, 73.124448) → (31.5426468, 73.1258022) = 585.5 m
2026-03-29 22:54:43.826 | DEBUG    | data_pipeline.stop_builder:snap_stops_to_roads:38 - Snapped Test Student 6 (TEST-3775): 585.5m
2026-03-29 22:54:43.839 | DEBUG    | utils.distance_utils:build_node_balltree:29 - Built BallTree with 7460 nodes
2026-03-29 22:54:43.840 | DEBUG    | utils.geo_utils:haversine_distance:20 - Haversine: (31.473589, 73.112736) → (31.4743292, 73.1046958) = 766.9 m
2026-03-29 22:54:43.841 | DEBUG    | utils.distance_utils:find_nearest_road_point:56 - Nearest road node to (31.473589, 73.112736): (31.474329, 73.104696) — 766.9m
2026-03-29 22:54:43.841 | DEBUG    | utils.geo_utils:haversine_distance:20 - Haversine: (31.473589, 73.112736) → (31.4743292, 73.1046958) = 766.9 m
2026-03-29 22:54:43.841 | DEBUG    | data_pipeline.stop_builder:snap_stops_to_roads:38 - Snapped Test Student 22 (TEST-9109): 766.9m
2026-03-29 22:54:43.852 | DEBUG    | utils.distance_utils:build_node_balltree:29 - Built BallTree with 7460 nodes
2026-03-29 22:54:43.853 | DEBUG    | utils.geo_utils:haversine_distance:20 - Haversine: (31.468675, 73.160721) → (31.4693742, 73.1600766) = 98.9 m
2026-03-29 22:54:43.853 | DEBUG    | utils.distance_utils:find_nearest_road_point:56 - Nearest road node to (31.468675, 73.160721): (31.469374, 73.160077) — 98.9m
2026-03-29 22:54:43.853 | DEBUG    | utils.geo_utils:haversine_distance:20 - Haversine: (31.468675, 73.160721) → (31.4693742, 73.1600766) = 98.9 m
2026-03-29 22:54:43.853 | DEBUG    | data_pipeline.stop_builder:snap_stops_to_roads:38 - Snapped Test Student 19 (TEST-9533): 98.9m
2026-03-29 22:54:43.865 | DEBUG    | utils.distance_utils:build_node_balltree:29 - Built BallTree with 7460 nodes
2026-03-29 22:54:43.866 | DEBUG    | utils.geo_utils:haversine_distance:20 - Haversine: (31.405239, 73.112616) → (31.4060883, 73.1115478) = 138.5 m
2026-03-29 22:54:43.866 | DEBUG    | utils.distance_utils:find_nearest_road_point:56 - Nearest road node to (31.405239, 73.112616): (31.406088, 73.111548) — 138.5m
2026-03-29 22:54:43.867 | DEBUG    | utils.geo_utils:haversine_distance:20 - Haversine: (31.405239, 73.112616) → (31.4060883, 73.1115478) = 138.5 m
2026-03-29 22:54:43.867 | DEBUG    | data_pipeline.stop_builder:snap_stops_to_roads:38 - Snapped Test Student 26 (TEST-5354): 138.5m
2026-03-29 22:54:43.879 | DEBUG    | utils.distance_utils:build_node_balltree:29 - Built BallTree with 7460 nodes
2026-03-29 22:54:43.879 | DEBUG    | utils.geo_utils:haversine_distance:20 - Haversine: (31.470598, 73.008555) → (31.4773379, 73.0052033) = 814.1 m
2026-03-29 22:54:43.880 | DEBUG    | utils.distance_utils:find_nearest_road_point:56 - Nearest road node to (31.470598, 73.008555): (31.477338, 73.005203) — 814.1m
2026-03-29 22:54:43.880 | DEBUG    | utils.geo_utils:haversine_distance:20 - Haversine: (31.470598, 73.008555) → (31.4773379, 73.0052033) = 814.1 m
2026-03-29 22:54:43.880 | DEBUG    | data_pipeline.stop_builder:snap_stops_to_roads:38 - Snapped Test Student 24 (TEST-8754): 814.1m
2026-03-29 22:54:43.894 | DEBUG    | utils.distance_utils:build_node_balltree:29 - Built BallTree with 7460 nodes
2026-03-29 22:54:43.895 | DEBUG    | utils.geo_utils:haversine_distance:20 - Haversine: (31.480136, 73.16337) → (31.4766945, 73.1677037) = 561.5 m
2026-03-29 22:54:43.895 | DEBUG    | utils.distance_utils:find_nearest_road_point:56 - Nearest road node to (31.480136, 73.16337): (31.476695, 73.167704) — 561.5m
2026-03-29 22:54:43.895 | DEBUG    | utils.geo_utils:haversine_distance:20 - Haversine: (31.480136, 73.16337) → (31.4766945, 73.1677037) = 561.5 m
2026-03-29 22:54:43.895 | DEBUG    | data_pipeline.stop_builder:snap_stops_to_roads:38 - Snapped Test Student 21 (TEST-9356): 561.5m
2026-03-29 22:54:43.915 | DEBUG    | utils.distance_utils:build_node_balltree:29 - Built BallTree with 7460 nodes
2026-03-29 22:54:43.916 | DEBUG    | utils.geo_utils:haversine_distance:20 - Haversine: (31.503809, 73.163047) → (31.504101, 73.1583633) = 445.2 m
2026-03-29 22:54:43.916 | DEBUG    | utils.distance_utils:find_nearest_road_point:56 - Nearest road node to (31.503809, 73.163047): (31.504101, 73.158363) — 445.2m
2026-03-29 22:54:43.916 | DEBUG    | utils.geo_utils:haversine_distance:20 - Haversine: (31.503809, 73.163047) → (31.504101, 73.1583633) = 445.2 m
2026-03-29 22:54:43.916 | DEBUG    | data_pipeline.stop_builder:snap_stops_to_roads:38 - Snapped Test Student 2 (TEST-1842): 445.2m
2026-03-29 22:54:43.935 | DEBUG    | utils.distance_utils:build_node_balltree:29 - Built BallTree with 7460 nodes
2026-03-29 22:54:43.936 | DEBUG    | utils.geo_utils:haversine_distance:20 - Haversine: (31.388719, 73.18885) → (31.3907077, 73.1897443) = 236.9 m
2026-03-29 22:54:43.936 | DEBUG    | utils.distance_utils:find_nearest_road_point:56 - Nearest road node to (31.388719, 73.18885): (31.390708, 73.189744) — 236.9m
2026-03-29 22:54:43.936 | DEBUG    | utils.geo_utils:haversine_distance:20 - Haversine: (31.388719, 73.18885) → (31.3907077, 73.1897443) = 236.9 m
2026-03-29 22:54:43.936 | DEBUG    | data_pipeline.stop_builder:snap_stops_to_roads:38 - Snapped Test Student 16 (TEST-8203): 236.9m
2026-03-29 22:54:43.956 | DEBUG    | utils.distance_utils:build_node_balltree:29 - Built BallTree with 7460 nodes
2026-03-29 22:54:43.957 | DEBUG    | utils.geo_utils:haversine_distance:20 - Haversine: (31.406549, 73.086759) → (31.4052045, 73.0873694) = 160.3 m
2026-03-29 22:54:43.957 | DEBUG    | utils.distance_utils:find_nearest_road_point:56 - Nearest road node to (31.406549, 73.086759): (31.405204, 73.087369) — 160.3m
2026-03-29 22:54:43.958 | DEBUG    | utils.geo_utils:haversine_distance:20 - Haversine: (31.406549, 73.086759) → (31.4052045, 73.0873694) = 160.3 m
2026-03-29 22:54:43.958 | DEBUG    | data_pipeline.stop_builder:snap_stops_to_roads:38 - Snapped Test Student 8 (TEST-8476): 160.3m
2026-03-29 22:54:43.958 | INFO     | data_pipeline.stop_builder:snap_stops_to_roads:47 - Snapping complete:
2026-03-29 22:54:43.958 | INFO     | data_pipeline.stop_builder:snap_stops_to_roads:48 -   Input stops: 30
2026-03-29 22:54:43.958 | INFO     | data_pipeline.stop_builder:snap_stops_to_roads:49 -   Snapped successfully: 30
2026-03-29 22:54:43.958 | INFO     | data_pipeline.stop_builder:snap_stops_to_roads:50 -   Skipped (too far): 0
2026-03-29 22:54:43.959 | DEBUG    | data_pipeline.stop_builder:snap_stops_to_roads:53 - First snapped stop example: {'student_id': '3CNKLBNknvMId9G9MJ1cVoQjkpw2', 'name': 'Test Student 12', 'roll_no': 'TEST-4382', 'lat': 31.3691526, 'lng': 73.0514611, 'student_count': 1, 'contact': '03597900028', 'semester': 'Spring 2026', 'fee_status': 'unpaid', 'registration_status': 'successful', 'original_lat': 31.369289, 'original_lng': 73.051406, 'snap_distance_m': 16.04}
2026-03-29 22:54:43.959 | DEBUG    | utils.geo_utils:haversine_distance:20 - Haversine: (31.3787188, 73.157798) → (31.3691526, 73.0514611) = 10151.2 m
2026-03-29 22:54:43.959 | DEBUG    | utils.geo_utils:haversine_distance:20 - Haversine: (31.4457694, 73.1408101) → (31.3691526, 73.0514611) = 12020.1 m
2026-03-29 22:54:43.959 | DEBUG    | utils.geo_utils:haversine_distance:20 - Haversine: (31.4457694, 73.1408101) → (31.3787188, 73.157798) = 7628.0 m
2026-03-29 22:54:43.959 | DEBUG    | utils.geo_utils:haversine_distance:20 - Haversine: (31.5487412, 73.1501112) → (31.3691526, 73.0514611) = 22052.9 m
2026-03-29 22:54:43.959 | DEBUG    | utils.geo_utils:haversine_distance:20 - Haversine: (31.5487412, 73.1501112) → (31.3787188, 73.157798) = 18919.7 m
2026-03-29 22:54:43.959 | DEBUG    | utils.geo_utils:haversine_distance:20 - Haversine: (31.5487412, 73.1501112) → (31.4457694, 73.1408101) = 11483.9 m
2026-03-29 22:54:43.959 | DEBUG    | utils.geo_utils:haversine_distance:20 - Haversine: (31.3836456, 73.0640586) → (31.3691526, 73.0514611) = 2006.8 m
2026-03-29 22:54:43.959 | DEBUG    | utils.geo_utils:haversine_distance:20 - Haversine: (31.3836456, 73.0640586) → (31.3787188, 73.157798) = 8915.5 m
2026-03-29 22:54:43.959 | DEBUG    | utils.geo_utils:haversine_distance:20 - Haversine: (31.3836456, 73.0640586) → (31.4457694, 73.1408101) = 10038.2 m
2026-03-29 22:54:43.959 | DEBUG    | utils.geo_utils:haversine_distance:20 - Haversine: (31.3836456, 73.0640586) → (31.5487412, 73.1501112) = 20090.3 m
2026-03-29 22:54:43.959 | DEBUG    | utils.geo_utils:haversine_distance:20 - Haversine: (31.4467219, 73.1271368) → (31.3691526, 73.0514611) = 11223.8 m
2026-03-29 22:54:43.959 | DEBUG    | utils.geo_utils:haversine_distance:20 - Haversine: (31.4467219, 73.1271368) → (31.3787188, 73.157798) = 8102.1 m
2026-03-29 22:54:43.959 | DEBUG    | utils.geo_utils:haversine_distance:20 - Haversine: (31.4467219, 73.1271368) → (31.4457694, 73.1408101) = 1301.4 m
2026-03-29 22:54:43.959 | DEBUG    | utils.geo_utils:haversine_distance:20 - Haversine: (31.4467219, 73.1271368) → (31.5487412, 73.1501112) = 11551.3 m
2026-03-29 22:54:43.959 | DEBUG    | utils.geo_utils:haversine_distance:20 - Haversine: (31.4467219, 73.1271368) → (31.3836456, 73.0640586) = 9220.8 m
2026-03-29 22:54:43.959 | DEBUG    | utils.geo_utils:haversine_distance:20 - Haversine: (31.330396, 73.0696448) → (31.3691526, 73.0514611) = 4642.6 m
2026-03-29 22:54:43.959 | DEBUG    | utils.geo_utils:haversine_distance:20 - Haversine: (31.330396, 73.0696448) → (31.3787188, 73.157798) = 9946.9 m
2026-03-29 22:54:43.959 | DEBUG    | utils.geo_utils:haversine_distance:20 - Haversine: (31.330396, 73.0696448) → (31.4457694, 73.1408101) = 14498.8 m
2026-03-29 22:54:43.959 | DEBUG    | utils.geo_utils:haversine_distance:20 - Haversine: (31.330396, 73.0696448) → (31.5487412, 73.1501112) = 25450.7 m
2026-03-29 22:54:43.959 | DEBUG    | utils.geo_utils:haversine_distance:20 - Haversine: (31.330396, 73.0696448) → (31.3836456, 73.0640586) = 5944.8 m
2026-03-29 22:54:43.959 | DEBUG    | utils.geo_utils:haversine_distance:20 - Haversine: (31.330396, 73.0696448) → (31.4467219, 73.1271368) = 14038.9 m
2026-03-29 22:54:43.960 | DEBUG    | utils.geo_utils:haversine_distance:20 - Haversine: (31.3413852, 73.1852291) → (31.3691526, 73.0514611) = 13071.9 m
2026-03-29 22:54:43.960 | DEBUG    | utils.geo_utils:haversine_distance:20 - Haversine: (31.3413852, 73.1852291) → (31.3787188, 73.157798) = 4900.7 m
2026-03-29 22:54:43.960 | DEBUG    | utils.geo_utils:haversine_distance:20 - Haversine: (31.3413852, 73.1852291) → (31.4457694, 73.1408101) = 12349.0 m
2026-03-29 22:54:43.960 | DEBUG    | utils.geo_utils:haversine_distance:20 - Haversine: (31.3413852, 73.1852291) → (31.5487412, 73.1501112) = 23296.4 m
2026-03-29 22:54:43.960 | DEBUG    | utils.geo_utils:haversine_distance:20 - Haversine: (31.3413852, 73.1852291) → (31.3836456, 73.0640586) = 12427.6 m
2026-03-29 22:54:43.960 | DEBUG    | utils.geo_utils:haversine_distance:20 - Haversine: (31.3413852, 73.1852291) → (31.4467219, 73.1271368) = 12945.9 m
2026-03-29 22:54:43.960 | DEBUG    | utils.geo_utils:haversine_distance:20 - Haversine: (31.3413852, 73.1852291) → (31.330396, 73.0696448) = 11045.4 m
2026-03-29 22:54:43.960 | DEBUG    | utils.geo_utils:haversine_distance:20 - Haversine: (31.4000755, 73.0126538) → (31.3691526, 73.0514611) = 5039.2 m
2026-03-29 22:54:43.960 | DEBUG    | utils.geo_utils:haversine_distance:20 - Haversine: (31.4000755, 73.0126538) → (31.3787188, 73.157798) = 13980.4 m
2026-03-29 22:54:43.960 | DEBUG    | utils.geo_utils:haversine_distance:20 - Haversine: (31.4000755, 73.0126538) → (31.4457694, 73.1408101) = 13179.2 m
2026-03-29 22:54:43.960 | DEBUG    | utils.geo_utils:haversine_distance:20 - Haversine: (31.4000755, 73.0126538) → (31.5487412, 73.1501112) = 21052.4 m
2026-03-29 22:54:43.960 | DEBUG    | utils.geo_utils:haversine_distance:20 - Haversine: (31.4000755, 73.0126538) → (31.3836456, 73.0640586) = 5210.1 m
2026-03-29 22:54:43.960 | DEBUG    | utils.geo_utils:haversine_distance:20 - Haversine: (31.4000755, 73.0126538) → (31.4467219, 73.1271368) = 12037.7 m
2026-03-29 22:54:43.960 | DEBUG    | utils.geo_utils:haversine_distance:20 - Haversine: (31.4000755, 73.0126538) → (31.330396, 73.0696448) = 9450.5 m
2026-03-29 22:54:43.960 | DEBUG    | utils.geo_utils:haversine_distance:20 - Haversine: (31.4000755, 73.0126538) → (31.3413852, 73.1852291) = 17636.2 m
2026-03-29 22:54:43.961 | DEBUG    | utils.geo_utils:haversine_distance:20 - Haversine: (31.527645, 73.0552285) → (31.3691526, 73.0514611) = 17627.2 m
2026-03-29 22:54:43.961 | DEBUG    | utils.geo_utils:haversine_distance:20 - Haversine: (31.527645, 73.0552285) → (31.3787188, 73.157798) = 19206.5 m
2026-03-29 22:54:43.961 | DEBUG    | utils.geo_utils:haversine_distance:20 - Haversine: (31.527645, 73.0552285) → (31.4457694, 73.1408101) = 12195.9 m
2026-03-29 22:54:43.961 | DEBUG    | utils.geo_utils:haversine_distance:20 - Haversine: (31.527645, 73.0552285) → (31.5487412, 73.1501112) = 9293.0 m
2026-03-29 22:54:43.961 | DEBUG    | utils.geo_utils:haversine_distance:20 - Haversine: (31.527645, 73.0552285) → (31.3836456, 73.0640586) = 16033.9 m
2026-03-29 22:54:43.961 | DEBUG    | utils.geo_utils:haversine_distance:20 - Haversine: (31.527645, 73.0552285) → (31.4467219, 73.1271368) = 11289.8 m
2026-03-29 22:54:43.961 | DEBUG    | utils.geo_utils:haversine_distance:20 - Haversine: (31.527645, 73.0552285) → (31.330396, 73.0696448) = 21975.7 m
2026-03-29 22:54:43.961 | DEBUG    | utils.geo_utils:haversine_distance:20 - Haversine: (31.527645, 73.0552285) → (31.3413852, 73.1852291) = 24105.5 m
2026-03-29 22:54:43.961 | DEBUG    | utils.geo_utils:haversine_distance:20 - Haversine: (31.527645, 73.0552285) → (31.4000755, 73.0126538) = 14748.6 m
2026-03-29 22:54:43.961 | DEBUG    | utils.geo_utils:haversine_distance:20 - Haversine: (31.3281703, 73.1302408) → (31.3691526, 73.0514611) = 8759.8 m
2026-03-29 22:54:43.961 | DEBUG    | utils.geo_utils:haversine_distance:20 - Haversine: (31.3281703, 73.1302408) → (31.3787188, 73.157798) = 6200.0 m
2026-03-29 22:54:43.961 | DEBUG    | utils.geo_utils:haversine_distance:20 - Haversine: (31.3281703, 73.1302408) → (31.4457694, 73.1408101) = 13114.9 m
2026-03-29 22:54:43.961 | DEBUG    | utils.geo_utils:haversine_distance:20 - Haversine: (31.3281703, 73.1302408) → (31.5487412, 73.1501112) = 24598.7 m
2026-03-29 22:54:43.961 | DEBUG    | utils.geo_utils:haversine_distance:20 - Haversine: (31.3281703, 73.1302408) → (31.3836456, 73.0640586) = 8805.9 m
2026-03-29 22:54:43.961 | DEBUG    | utils.geo_utils:haversine_distance:20 - Haversine: (31.3281703, 73.1302408) → (31.4467219, 73.1271368) = 13185.6 m
2026-03-29 22:54:43.961 | DEBUG    | utils.geo_utils:haversine_distance:20 - Haversine: (31.3281703, 73.1302408) → (31.330396, 73.0696448) = 5760.8 m
2026-03-29 22:54:43.961 | DEBUG    | utils.geo_utils:haversine_distance:20 - Haversine: (31.3281703, 73.1302408) → (31.3413852, 73.1852291) = 5425.4 m
2026-03-29 22:54:43.961 | DEBUG    | utils.geo_utils:haversine_distance:20 - Haversine: (31.3281703, 73.1302408) → (31.4000755, 73.0126538) = 13732.2 m
2026-03-29 22:54:43.961 | DEBUG    | utils.geo_utils:haversine_distance:20 - Haversine: (31.3281703, 73.1302408) → (31.527645, 73.0552285) = 23294.5 m
2026-03-29 22:54:43.961 | DEBUG    | utils.geo_utils:haversine_distance:20 - Haversine: (31.3434454, 73.1825193) → (31.3691526, 73.0514611) = 12768.7 m
2026-03-29 22:54:43.961 | DEBUG    | utils.geo_utils:haversine_distance:20 - Haversine: (31.3434454, 73.1825193) → (31.3787188, 73.157798) = 4570.9 m
2026-03-29 22:54:43.961 | DEBUG    | utils.geo_utils:haversine_distance:20 - Haversine: (31.3434454, 73.1825193) → (31.4457694, 73.1408101) = 12047.0 m
2026-03-29 22:54:43.961 | DEBUG    | utils.geo_utils:haversine_distance:20 - Haversine: (31.3434454, 73.1825193) → (31.5487412, 73.1501112) = 23033.9 m
2026-03-29 22:54:43.961 | DEBUG    | utils.geo_utils:haversine_distance:20 - Haversine: (31.3434454, 73.1825193) → (31.3836456, 73.0640586) = 12103.2 m
2026-03-29 22:54:43.961 | DEBUG    | utils.geo_utils:haversine_distance:20 - Haversine: (31.3434454, 73.1825193) → (31.4467219, 73.1271368) = 12629.8 m
2026-03-29 22:54:43.961 | DEBUG    | utils.geo_utils:haversine_distance:20 - Haversine: (31.3434454, 73.1825193) → (31.330396, 73.0696448) = 10817.9 m
2026-03-29 22:54:43.961 | DEBUG    | utils.geo_utils:haversine_distance:20 - Haversine: (31.3434454, 73.1825193) → (31.3413852, 73.1852291) = 344.5 m
2026-03-29 22:54:43.961 | DEBUG    | utils.geo_utils:haversine_distance:20 - Haversine: (31.4192659, 73.0416323) → (31.3691526, 73.0514611) = 5649.9 m
2026-03-29 22:54:43.961 | DEBUG    | utils.geo_utils:haversine_distance:20 - Haversine: (31.4192659, 73.0416323) → (31.3787188, 73.157798) = 11911.7 m
2026-03-29 22:54:43.962 | DEBUG    | utils.geo_utils:haversine_distance:20 - Haversine: (31.4192659, 73.0416323) → (31.4457694, 73.1408101) = 9860.5 m
2026-03-29 22:54:43.962 | DEBUG    | utils.geo_utils:haversine_distance:20 - Haversine: (31.4192659, 73.0416323) → (31.5487412, 73.1501112) = 17694.3 m
2026-03-29 22:54:43.962 | DEBUG    | utils.geo_utils:haversine_distance:20 - Haversine: (31.4192659, 73.0416323) → (31.3836456, 73.0640586) = 4496.5 m
2026-03-29 22:54:43.962 | DEBUG    | utils.geo_utils:haversine_distance:20 - Haversine: (31.4192659, 73.0416323) → (31.4467219, 73.1271368) = 8667.9 m
2026-03-29 22:54:43.962 | DEBUG    | utils.geo_utils:haversine_distance:20 - Haversine: (31.4192659, 73.0416323) → (31.330396, 73.0696448) = 10233.5 m
2026-03-29 22:54:43.962 | DEBUG    | utils.geo_utils:haversine_distance:20 - Haversine: (31.4192659, 73.0416323) → (31.3413852, 73.1852291) = 16149.9 m
2026-03-29 22:54:43.962 | DEBUG    | utils.geo_utils:haversine_distance:20 - Haversine: (31.4192659, 73.0416323) → (31.4000755, 73.0126538) = 3480.9 m
2026-03-29 22:54:43.962 | DEBUG    | utils.geo_utils:haversine_distance:20 - Haversine: (31.4192659, 73.0416323) → (31.527645, 73.0552285) = 12120.0 m
2026-03-29 22:54:43.962 | DEBUG    | utils.geo_utils:haversine_distance:20 - Haversine: (31.4192659, 73.0416323) → (31.3281703, 73.1302408) = 13167.0 m
2026-03-29 22:54:43.962 | DEBUG    | utils.geo_utils:haversine_distance:20 - Haversine: (31.5101284, 73.1503952) → (31.3691526, 73.0514611) = 18270.9 m
2026-03-29 22:54:43.962 | DEBUG    | utils.geo_utils:haversine_distance:20 - Haversine: (31.5101284, 73.1503952) → (31.3787188, 73.157798) = 14628.9 m
2026-03-29 22:54:43.962 | DEBUG    | utils.geo_utils:haversine_distance:20 - Haversine: (31.5101284, 73.1503952) → (31.4457694, 73.1408101) = 7213.9 m
2026-03-29 22:54:43.962 | DEBUG    | utils.geo_utils:haversine_distance:20 - Haversine: (31.5101284, 73.1503952) → (31.5487412, 73.1501112) = 4293.6 m
2026-03-29 22:54:43.962 | DEBUG    | utils.geo_utils:haversine_distance:20 - Haversine: (31.5101284, 73.1503952) → (31.3836456, 73.0640586) = 16275.2 m
2026-03-29 22:54:43.962 | DEBUG    | utils.geo_utils:haversine_distance:20 - Haversine: (31.5101284, 73.1503952) → (31.4467219, 73.1271368) = 7387.4 m
2026-03-29 22:54:43.962 | DEBUG    | utils.geo_utils:haversine_distance:20 - Haversine: (31.5101284, 73.1503952) → (31.330396, 73.0696448) = 21403.9 m
2026-03-29 22:54:43.962 | DEBUG    | utils.geo_utils:haversine_distance:20 - Haversine: (31.5101284, 73.1503952) → (31.3413852, 73.1852291) = 19052.3 m
2026-03-29 22:54:43.962 | DEBUG    | utils.geo_utils:haversine_distance:20 - Haversine: (31.5101284, 73.1503952) → (31.4000755, 73.0126538) = 17901.3 m
2026-03-29 22:54:43.962 | DEBUG    | utils.geo_utils:haversine_distance:20 - Haversine: (31.5101284, 73.1503952) → (31.527645, 73.0552285) = 9228.7 m
2026-03-29 22:54:43.962 | DEBUG    | utils.geo_utils:haversine_distance:20 - Haversine: (31.5101284, 73.1503952) → (31.3281703, 73.1302408) = 20323.0 m
2026-03-29 22:54:43.962 | DEBUG    | utils.geo_utils:haversine_distance:20 - Haversine: (31.5101284, 73.1503952) → (31.4192659, 73.0416323) = 14439.2 m
2026-03-29 22:54:43.962 | DEBUG    | utils.geo_utils:haversine_distance:20 - Haversine: (31.4641337, 73.1683411) → (31.3691526, 73.0514611) = 15315.3 m
2026-03-29 22:54:43.962 | DEBUG    | utils.geo_utils:haversine_distance:20 - Haversine: (31.4641337, 73.1683411) → (31.3787188, 73.157798) = 9550.2 m
2026-03-29 22:54:43.962 | DEBUG    | utils.geo_utils:haversine_distance:20 - Haversine: (31.4641337, 73.1683411) → (31.4457694, 73.1408101) = 3315.0 m
2026-03-29 22:54:43.962 | DEBUG    | utils.geo_utils:haversine_distance:20 - Haversine: (31.4641337, 73.1683411) → (31.5487412, 73.1501112) = 9565.3 m
2026-03-29 22:54:43.962 | DEBUG    | utils.geo_utils:haversine_distance:20 - Haversine: (31.4641337, 73.1683411) → (31.3836456, 73.0640586) = 13342.1 m
2026-03-29 22:54:43.962 | DEBUG    | utils.geo_utils:haversine_distance:20 - Haversine: (31.4641337, 73.1683411) → (31.4467219, 73.1271368) = 4361.7 m
2026-03-29 22:54:43.963 | DEBUG    | utils.geo_utils:haversine_distance:20 - Haversine: (31.4641337, 73.1683411) → (31.330396, 73.0696448) = 17575.5 m
2026-03-29 22:54:43.963 | DEBUG    | utils.geo_utils:haversine_distance:20 - Haversine: (31.4641337, 73.1683411) → (31.3413852, 73.1852291) = 13742.8 m
2026-03-29 22:54:43.963 | DEBUG    | utils.geo_utils:haversine_distance:20 - Haversine: (31.4641337, 73.1683411) → (31.4000755, 73.0126538) = 16399.0 m
2026-03-29 22:54:43.963 | DEBUG    | utils.geo_utils:haversine_distance:20 - Haversine: (31.4641337, 73.1683411) → (31.527645, 73.0552285) = 12841.0 m
2026-03-29 22:54:43.963 | DEBUG    | utils.geo_utils:haversine_distance:20 - Haversine: (31.4641337, 73.1683411) → (31.3281703, 73.1302408) = 15544.9 m
2026-03-29 22:54:43.963 | DEBUG    | utils.geo_utils:haversine_distance:20 - Haversine: (31.4641337, 73.1683411) → (31.4192659, 73.0416323) = 13014.9 m
2026-03-29 22:54:43.963 | DEBUG    | utils.geo_utils:haversine_distance:20 - Haversine: (31.4641337, 73.1683411) → (31.5101284, 73.1503952) = 5390.0 m
2026-03-29 22:54:43.963 | DEBUG    | utils.geo_utils:haversine_distance:20 - Haversine: (31.3446991, 73.0585627) → (31.3691526, 73.0514611) = 2801.5 m
2026-03-29 22:54:43.963 | DEBUG    | utils.geo_utils:haversine_distance:20 - Haversine: (31.3446991, 73.0585627) → (31.3787188, 73.157798) = 10153.3 m
2026-03-29 22:54:43.963 | DEBUG    | utils.geo_utils:haversine_distance:20 - Haversine: (31.3446991, 73.0585627) → (31.4457694, 73.1408101) = 13683.8 m
2026-03-29 22:54:43.963 | DEBUG    | utils.geo_utils:haversine_distance:20 - Haversine: (31.3446991, 73.0585627) → (31.5487412, 73.1501112) = 24293.8 m
2026-03-29 22:54:43.963 | DEBUG    | utils.geo_utils:haversine_distance:20 - Haversine: (31.3446991, 73.0585627) → (31.3836456, 73.0640586) = 4362.0 m
2026-03-29 22:54:43.963 | DEBUG    | utils.geo_utils:haversine_distance:20 - Haversine: (31.3446991, 73.0585627) → (31.4467219, 73.1271368) = 13079.0 m
2026-03-29 22:54:43.963 | DEBUG    | utils.geo_utils:haversine_distance:20 - Haversine: (31.3446991, 73.0585627) → (31.330396, 73.0696448) = 1907.2 m
2026-03-29 22:54:43.963 | DEBUG    | utils.geo_utils:haversine_distance:20 - Haversine: (31.3446991, 73.0585627) → (31.3413852, 73.1852291) = 12034.9 m
2026-03-29 22:54:43.963 | DEBUG    | utils.geo_utils:haversine_distance:20 - Haversine: (31.3446991, 73.0585627) → (31.4000755, 73.0126538) = 7544.0 m
2026-03-29 22:54:43.963 | DEBUG    | utils.geo_utils:haversine_distance:20 - Haversine: (31.3446991, 73.0585627) → (31.527645, 73.0552285) = 20345.1 m
2026-03-29 22:54:43.964 | DEBUG    | utils.geo_utils:haversine_distance:20 - Haversine: (31.3446991, 73.0585627) → (31.3281703, 73.1302408) = 7051.3 m
2026-03-29 22:54:43.964 | DEBUG    | utils.geo_utils:haversine_distance:20 - Haversine: (31.3446991, 73.0585627) → (31.4192659, 73.0416323) = 8445.8 m
2026-03-29 22:54:43.964 | DEBUG    | utils.geo_utils:haversine_distance:20 - Haversine: (31.3446991, 73.0585627) → (31.5101284, 73.1503952) = 20354.2 m
2026-03-29 22:54:43.964 | DEBUG    | utils.geo_utils:haversine_distance:20 - Haversine: (31.3446991, 73.0585627) → (31.4641337, 73.1683411) = 16879.6 m
2026-03-29 22:54:43.964 | DEBUG    | utils.geo_utils:haversine_distance:20 - Haversine: (31.5431453, 73.1283131) → (31.3691526, 73.0514611) = 20674.9 m
2026-03-29 22:54:43.964 | DEBUG    | utils.geo_utils:haversine_distance:20 - Haversine: (31.5431453, 73.1283131) → (31.3787188, 73.157798) = 18496.0 m
2026-03-29 22:54:43.964 | DEBUG    | utils.geo_utils:haversine_distance:20 - Haversine: (31.5431453, 73.1283131) → (31.4457694, 73.1408101) = 10892.3 m
2026-03-29 22:54:43.964 | DEBUG    | utils.geo_utils:haversine_distance:20 - Haversine: (31.5431453, 73.1283131) → (31.5487412, 73.1501112) = 2157.3 m
2026-03-29 22:54:43.964 | DEBUG    | utils.geo_utils:haversine_distance:20 - Haversine: (31.5431453, 73.1283131) → (31.3836456, 73.0640586) = 18753.4 m
2026-03-29 22:54:43.964 | DEBUG    | utils.geo_utils:haversine_distance:20 - Haversine: (31.5431453, 73.1283131) → (31.4467219, 73.1271368) = 10722.4 m
2026-03-29 22:54:43.964 | DEBUG    | utils.geo_utils:haversine_distance:20 - Haversine: (31.5431453, 73.1283131) → (31.330396, 73.0696448) = 24302.6 m
2026-03-29 22:54:43.964 | DEBUG    | utils.geo_utils:haversine_distance:20 - Haversine: (31.5431453, 73.1283131) → (31.3413852, 73.1852291) = 23075.3 m
2026-03-29 22:54:43.964 | DEBUG    | utils.geo_utils:haversine_distance:20 - Haversine: (31.5431453, 73.1283131) → (31.4000755, 73.0126538) = 19323.6 m
2026-03-29 22:54:43.964 | DEBUG    | utils.geo_utils:haversine_distance:20 - Haversine: (31.5431453, 73.1283131) → (31.527645, 73.0552285) = 7137.7 m
2026-03-29 22:54:43.964 | DEBUG    | utils.geo_utils:haversine_distance:20 - Haversine: (31.5431453, 73.1283131) → (31.3281703, 73.1302408) = 23904.8 m
2026-03-29 22:54:43.964 | DEBUG    | utils.geo_utils:haversine_distance:20 - Haversine: (31.5431453, 73.1283131) → (31.4192659, 73.0416323) = 16040.9 m
2026-03-29 22:54:43.965 | DEBUG    | utils.geo_utils:haversine_distance:20 - Haversine: (31.5431453, 73.1283131) → (31.5101284, 73.1503952) = 4226.0 m
2026-03-29 22:54:43.965 | DEBUG    | utils.geo_utils:haversine_distance:20 - Haversine: (31.5431453, 73.1283131) → (31.4641337, 73.1683411) = 9570.2 m
2026-03-29 22:54:43.965 | DEBUG    | utils.geo_utils:haversine_distance:20 - Haversine: (31.5431453, 73.1283131) → (31.3446991, 73.0585627) = 23037.0 m
2026-03-29 22:54:43.965 | DEBUG    | utils.geo_utils:haversine_distance:20 - Haversine: (31.398463, 73.0263855) → (31.3691526, 73.0514611) = 4035.9 m
2026-03-29 22:54:43.965 | DEBUG    | utils.geo_utils:haversine_distance:20 - Haversine: (31.398463, 73.0263855) → (31.3787188, 73.157798) = 12665.7 m
2026-03-29 22:54:43.965 | DEBUG    | utils.geo_utils:haversine_distance:20 - Haversine: (31.398463, 73.0263855) → (31.4457694, 73.1408101) = 12064.7 m
2026-03-29 22:54:43.965 | DEBUG    | utils.geo_utils:haversine_distance:20 - Haversine: (31.398463, 73.0263855) → (31.5487412, 73.1501112) = 20418.3 m
2026-03-29 22:54:43.965 | DEBUG    | utils.geo_utils:haversine_distance:20 - Haversine: (31.398463, 73.0263855) → (31.3836456, 73.0640586) = 3937.2 m
2026-03-29 22:54:43.965 | DEBUG    | utils.geo_utils:haversine_distance:20 - Haversine: (31.398463, 73.0263855) → (31.4467219, 73.1271368) = 10963.1 m
2026-03-29 22:54:43.965 | DEBUG    | utils.geo_utils:haversine_distance:20 - Haversine: (31.398463, 73.0263855) → (31.330396, 73.0696448) = 8611.4 m
2026-03-29 22:54:43.965 | DEBUG    | utils.geo_utils:haversine_distance:20 - Haversine: (31.398463, 73.0263855) → (31.3413852, 73.1852291) = 16361.9 m
2026-03-29 22:54:43.965 | DEBUG    | utils.geo_utils:haversine_distance:20 - Haversine: (31.398463, 73.0263855) → (31.4000755, 73.0126538) = 1315.6 m
2026-03-29 22:54:43.965 | DEBUG    | utils.geo_utils:haversine_distance:20 - Haversine: (31.398463, 73.0263855) → (31.527645, 73.0552285) = 14622.6 m
2026-03-29 22:54:43.965 | DEBUG    | utils.geo_utils:haversine_distance:20 - Haversine: (31.398463, 73.0263855) → (31.3281703, 73.1302408) = 12582.9 m
2026-03-29 22:54:43.965 | DEBUG    | utils.geo_utils:haversine_distance:20 - Haversine: (31.398463, 73.0263855) → (31.4192659, 73.0416323) = 2728.4 m
2026-03-29 22:54:43.965 | DEBUG    | utils.geo_utils:haversine_distance:20 - Haversine: (31.398463, 73.0263855) → (31.5101284, 73.1503952) = 17103.8 m
2026-03-29 22:54:43.965 | DEBUG    | utils.geo_utils:haversine_distance:20 - Haversine: (31.398463, 73.0263855) → (31.4641337, 73.1683411) = 15320.8 m
2026-03-29 22:54:43.966 | DEBUG    | utils.geo_utils:haversine_distance:20 - Haversine: (31.398463, 73.0263855) → (31.3446991, 73.0585627) = 6713.6 m
2026-03-29 22:54:43.966 | DEBUG    | utils.geo_utils:haversine_distance:20 - Haversine: (31.398463, 73.0263855) → (31.5431453, 73.1283131) = 18768.8 m
2026-03-29 22:54:43.966 | DEBUG    | utils.geo_utils:haversine_distance:20 - Haversine: (31.3190478, 73.1756414) → (31.3691526, 73.0514611) = 13042.9 m
2026-03-29 22:54:43.966 | DEBUG    | utils.geo_utils:haversine_distance:20 - Haversine: (31.3190478, 73.1756414) → (31.3787188, 73.157798) = 6848.1 m
2026-03-29 22:54:43.966 | DEBUG    | utils.geo_utils:haversine_distance:20 - Haversine: (31.3190478, 73.1756414) → (31.4457694, 73.1408101) = 14473.5 m
2026-03-29 22:54:43.966 | DEBUG    | utils.geo_utils:haversine_distance:20 - Haversine: (31.3190478, 73.1756414) → (31.5487412, 73.1501112) = 25655.3 m
2026-03-29 22:54:43.966 | DEBUG    | utils.geo_utils:haversine_distance:20 - Haversine: (31.3190478, 73.1756414) → (31.3836456, 73.0640586) = 12801.1 m
2026-03-29 22:54:43.966 | DEBUG    | utils.geo_utils:haversine_distance:20 - Haversine: (31.3190478, 73.1756414) → (31.4467219, 73.1271368) = 14924.7 m
2026-03-29 22:54:43.966 | DEBUG    | utils.geo_utils:haversine_distance:20 - Haversine: (31.3190478, 73.1756414) → (31.330396, 73.0696448) = 10147.0 m
2026-03-29 22:54:43.966 | DEBUG    | utils.geo_utils:haversine_distance:20 - Haversine: (31.3190478, 73.1756414) → (31.3413852, 73.1852291) = 2645.5 m
2026-03-29 22:54:43.966 | DEBUG    | utils.geo_utils:haversine_distance:20 - Haversine: (31.3190478, 73.1756414) → (31.4000755, 73.0126538) = 17907.6 m
2026-03-29 22:54:43.966 | DEBUG    | utils.geo_utils:haversine_distance:20 - Haversine: (31.3190478, 73.1756414) → (31.527645, 73.0552285) = 25856.3 m
2026-03-29 22:54:43.966 | DEBUG    | utils.geo_utils:haversine_distance:20 - Haversine: (31.3190478, 73.1756414) → (31.3281703, 73.1302408) = 4430.2 m
2026-03-29 22:54:43.966 | DEBUG    | utils.geo_utils:haversine_distance:20 - Haversine: (31.3190478, 73.1756414) → (31.4192659, 73.0416323) = 16913.3 m
2026-03-29 22:54:43.966 | DEBUG    | utils.geo_utils:haversine_distance:20 - Haversine: (31.3190478, 73.1756414) → (31.5101284, 73.1503952) = 21381.8 m
2026-03-29 22:54:43.966 | DEBUG    | utils.geo_utils:haversine_distance:20 - Haversine: (31.3190478, 73.1756414) → (31.4641337, 73.1683411) = 16147.7 m
2026-03-29 22:54:43.966 | DEBUG    | utils.geo_utils:haversine_distance:20 - Haversine: (31.3190478, 73.1756414) → (31.3446991, 73.0585627) = 11480.0 m
2026-03-29 22:54:43.967 | DEBUG    | utils.geo_utils:haversine_distance:20 - Haversine: (31.3190478, 73.1756414) → (31.5431453, 73.1283131) = 25319.9 m
2026-03-29 22:54:43.967 | DEBUG    | utils.geo_utils:haversine_distance:20 - Haversine: (31.3190478, 73.1756414) → (31.398463, 73.0263855) = 16698.2 m
2026-03-29 22:54:43.967 | DEBUG    | utils.geo_utils:haversine_distance:20 - Haversine: (31.3557607, 73.1450675) → (31.3691526, 73.0514611) = 9011.7 m
2026-03-29 22:54:43.967 | DEBUG    | utils.geo_utils:haversine_distance:20 - Haversine: (31.3557607, 73.1450675) → (31.3787188, 73.157798) = 2824.5 m
2026-03-29 22:54:43.967 | DEBUG    | utils.geo_utils:haversine_distance:20 - Haversine: (31.3557607, 73.1450675) → (31.4457694, 73.1408101) = 10016.7 m
2026-03-29 22:54:43.967 | DEBUG    | utils.geo_utils:haversine_distance:20 - Haversine: (31.3557607, 73.1450675) → (31.5487412, 73.1501112) = 21463.8 m
2026-03-29 22:54:43.967 | DEBUG    | utils.geo_utils:haversine_distance:20 - Haversine: (31.3557607, 73.1450675) → (31.3836456, 73.0640586) = 8292.6 m
2026-03-29 22:54:43.967 | DEBUG    | utils.geo_utils:haversine_distance:20 - Haversine: (31.3557607, 73.1450675) → (31.4467219, 73.1271368) = 10256.6 m
2026-03-29 22:54:43.967 | DEBUG    | utils.geo_utils:haversine_distance:20 - Haversine: (31.3557607, 73.1450675) → (31.330396, 73.0696448) = 7698.0 m
2026-03-29 22:54:43.967 | DEBUG    | utils.geo_utils:haversine_distance:20 - Haversine: (31.3557607, 73.1450675) → (31.3413852, 73.1852291) = 4135.3 m
2026-03-29 22:54:43.967 | DEBUG    | utils.geo_utils:haversine_distance:20 - Haversine: (31.3557607, 73.1450675) → (31.4000755, 73.0126538) = 13501.7 m
2026-03-29 22:54:43.967 | DEBUG    | utils.geo_utils:haversine_distance:20 - Haversine: (31.3557607, 73.1450675) → (31.527645, 73.0552285) = 20926.9 m
2026-03-29 22:54:43.967 | DEBUG    | utils.geo_utils:haversine_distance:20 - Haversine: (31.3557607, 73.1450675) → (31.3281703, 73.1302408) = 3375.6 m
2026-03-29 22:54:43.967 | DEBUG    | utils.geo_utils:haversine_distance:20 - Haversine: (31.3557607, 73.1450675) → (31.4192659, 73.0416323) = 12094.0 m
2026-03-29 22:54:43.967 | DEBUG    | utils.geo_utils:haversine_distance:20 - Haversine: (31.3557607, 73.1450675) → (31.5101284, 73.1503952) = 17172.3 m
2026-03-29 22:54:43.967 | DEBUG    | utils.geo_utils:haversine_distance:20 - Haversine: (31.3557607, 73.1450675) → (31.4641337, 73.1683411) = 12251.3 m
2026-03-29 22:54:43.967 | DEBUG    | utils.geo_utils:haversine_distance:20 - Haversine: (31.3557607, 73.1450675) → (31.3446991, 73.0585627) = 8306.1 m
2026-03-29 22:54:43.968 | DEBUG    | utils.geo_utils:haversine_distance:20 - Haversine: (31.3557607, 73.1450675) → (31.5431453, 73.1283131) = 20896.7 m
2026-03-29 22:54:43.968 | DEBUG    | utils.geo_utils:haversine_distance:20 - Haversine: (31.3557607, 73.1450675) → (31.398463, 73.0263855) = 12226.6 m
2026-03-29 22:54:43.968 | DEBUG    | utils.geo_utils:haversine_distance:20 - Haversine: (31.3557607, 73.1450675) → (31.3190478, 73.1756414) = 5009.7 m
2026-03-29 22:54:43.968 | DEBUG    | utils.geo_utils:haversine_distance:20 - Haversine: (31.4601458, 73.0666137) → (31.3691526, 73.0514611) = 10219.6 m
2026-03-29 22:54:43.968 | DEBUG    | utils.geo_utils:haversine_distance:20 - Haversine: (31.4601458, 73.0666137) → (31.3787188, 73.157798) = 12523.8 m
2026-03-29 22:54:43.968 | DEBUG    | utils.geo_utils:haversine_distance:20 - Haversine: (31.4601458, 73.0666137) → (31.4457694, 73.1408101) = 7217.3 m
2026-03-29 22:54:43.968 | DEBUG    | utils.geo_utils:haversine_distance:20 - Haversine: (31.4601458, 73.0666137) → (31.5487412, 73.1501112) = 12637.7 m
2026-03-29 22:54:43.968 | DEBUG    | utils.geo_utils:haversine_distance:20 - Haversine: (31.4601458, 73.0666137) → (31.3836456, 73.0640586) = 8509.9 m
2026-03-29 22:54:43.968 | DEBUG    | utils.geo_utils:haversine_distance:20 - Haversine: (31.4601458, 73.0666137) → (31.4467219, 73.1271368) = 5931.9 m
2026-03-29 22:54:43.968 | DEBUG    | utils.geo_utils:haversine_distance:20 - Haversine: (31.4601458, 73.0666137) → (31.330396, 73.0696448) = 14430.4 m
2026-03-29 22:54:43.968 | DEBUG    | utils.geo_utils:haversine_distance:20 - Haversine: (31.4601458, 73.0666137) → (31.3413852, 73.1852291) = 17352.9 m
2026-03-29 22:54:43.968 | DEBUG    | utils.geo_utils:haversine_distance:20 - Haversine: (31.4601458, 73.0666137) → (31.4000755, 73.0126538) = 8415.9 m
2026-03-29 22:54:43.968 | DEBUG    | utils.geo_utils:haversine_distance:20 - Haversine: (31.4601458, 73.0666137) → (31.527645, 73.0552285) = 7582.8 m
2026-03-29 22:54:43.968 | DEBUG    | utils.geo_utils:haversine_distance:20 - Haversine: (31.4601458, 73.0666137) → (31.3281703, 73.1302408) = 15869.1 m
2026-03-29 22:54:43.968 | DEBUG    | utils.geo_utils:haversine_distance:20 - Haversine: (31.4601458, 73.0666137) → (31.4192659, 73.0416323) = 5126.4 m
2026-03-29 22:54:43.968 | DEBUG    | utils.geo_utils:haversine_distance:20 - Haversine: (31.4601458, 73.0666137) → (31.5101284, 73.1503952) = 9695.6 m
2026-03-29 22:54:43.968 | DEBUG    | utils.geo_utils:haversine_distance:20 - Haversine: (31.4601458, 73.0666137) → (31.4641337, 73.1683411) = 9658.8 m
2026-03-29 22:54:43.969 | DEBUG    | utils.geo_utils:haversine_distance:20 - Haversine: (31.4601458, 73.0666137) → (31.3446991, 73.0585627) = 12859.8 m
2026-03-29 22:54:43.969 | DEBUG    | utils.geo_utils:haversine_distance:20 - Haversine: (31.4601458, 73.0666137) → (31.5431453, 73.1283131) = 10926.8 m
2026-03-29 22:54:43.969 | DEBUG    | utils.geo_utils:haversine_distance:20 - Haversine: (31.4601458, 73.0666137) → (31.398463, 73.0263855) = 7849.3 m
2026-03-29 22:54:43.969 | DEBUG    | utils.geo_utils:haversine_distance:20 - Haversine: (31.4601458, 73.0666137) → (31.3190478, 73.1756414) = 18795.2 m
2026-03-29 22:54:43.969 | DEBUG    | utils.geo_utils:haversine_distance:20 - Haversine: (31.4601458, 73.0666137) → (31.3557607, 73.1450675) = 13789.8 m
2026-03-29 22:54:43.969 | DEBUG    | utils.geo_utils:haversine_distance:20 - Haversine: (31.5426468, 73.1258022) → (31.3691526, 73.0514611) = 20540.0 m
2026-03-29 22:54:43.969 | DEBUG    | utils.geo_utils:haversine_distance:20 - Haversine: (31.5426468, 73.1258022) → (31.3787188, 73.157798) = 18478.9 m
2026-03-29 22:54:43.969 | DEBUG    | utils.geo_utils:haversine_distance:20 - Haversine: (31.5426468, 73.1258022) → (31.4457694, 73.1408101) = 10865.9 m
2026-03-29 22:54:43.969 | DEBUG    | utils.geo_utils:haversine_distance:20 - Haversine: (31.5426468, 73.1258022) → (31.5487412, 73.1501112) = 2401.2 m
2026-03-29 22:54:43.969 | DEBUG    | utils.geo_utils:haversine_distance:20 - Haversine: (31.5426468, 73.1258022) → (31.3836456, 73.0640586) = 18624.8 m
2026-03-29 22:54:43.969 | DEBUG    | utils.geo_utils:haversine_distance:20 - Haversine: (31.5426468, 73.1258022) → (31.4467219, 73.1271368) = 10667.1 m
2026-03-29 22:54:43.969 | DEBUG    | utils.geo_utils:haversine_distance:20 - Haversine: (31.5426468, 73.1258022) → (31.330396, 73.0696448) = 24195.1 m
2026-03-29 22:54:43.969 | DEBUG    | utils.geo_utils:haversine_distance:20 - Haversine: (31.5426468, 73.1258022) → (31.3413852, 73.1852291) = 23078.5 m
2026-03-29 22:54:43.969 | DEBUG    | utils.geo_utils:haversine_distance:20 - Haversine: (31.5426468, 73.1258022) → (31.4000755, 73.0126538) = 19143.5 m
2026-03-29 22:54:43.969 | DEBUG    | utils.geo_utils:haversine_distance:20 - Haversine: (31.5426468, 73.1258022) → (31.527645, 73.0552285) = 6893.4 m
2026-03-29 22:54:43.969 | DEBUG    | utils.geo_utils:haversine_distance:20 - Haversine: (31.5426468, 73.1258022) → (31.3281703, 73.1302408) = 23852.4 m
2026-03-29 22:54:43.969 | DEBUG    | utils.geo_utils:haversine_distance:20 - Haversine: (31.5426468, 73.1258022) → (31.4192659, 73.0416323) = 15872.2 m
2026-03-29 22:54:43.970 | DEBUG    | utils.geo_utils:haversine_distance:20 - Haversine: (31.5426468, 73.1258022) → (31.5101284, 73.1503952) = 4302.1 m
2026-03-29 22:54:43.970 | DEBUG    | utils.geo_utils:haversine_distance:20 - Haversine: (31.5426468, 73.1258022) → (31.4641337, 73.1683411) = 9616.8 m
2026-03-29 22:54:43.970 | DEBUG    | utils.geo_utils:haversine_distance:20 - Haversine: (31.5426468, 73.1258022) → (31.3446991, 73.0585627) = 22916.4 m
2026-03-29 22:54:43.970 | DEBUG    | utils.geo_utils:haversine_distance:20 - Haversine: (31.5426468, 73.1258022) → (31.5431453, 73.1283131) = 244.3 m
2026-03-29 22:54:43.970 | DEBUG    | utils.geo_utils:haversine_distance:20 - Haversine: (31.4743292, 73.1046958) → (31.3691526, 73.0514611) = 12739.4 m
2026-03-29 22:54:43.970 | DEBUG    | utils.geo_utils:haversine_distance:20 - Haversine: (31.4743292, 73.1046958) → (31.3787188, 73.157798) = 11764.9 m
2026-03-29 22:54:43.970 | DEBUG    | utils.geo_utils:haversine_distance:20 - Haversine: (31.4743292, 73.1046958) → (31.4457694, 73.1408101) = 4671.0 m
2026-03-29 22:54:43.970 | DEBUG    | utils.geo_utils:haversine_distance:20 - Haversine: (31.4743292, 73.1046958) → (31.5487412, 73.1501112) = 9327.3 m
2026-03-29 22:54:43.970 | DEBUG    | utils.geo_utils:haversine_distance:20 - Haversine: (31.4743292, 73.1046958) → (31.3836456, 73.0640586) = 10795.6 m
2026-03-29 22:54:43.970 | DEBUG    | utils.geo_utils:haversine_distance:20 - Haversine: (31.4743292, 73.1046958) → (31.4467219, 73.1271368) = 3735.5 m
2026-03-29 22:54:43.970 | DEBUG    | utils.geo_utils:haversine_distance:20 - Haversine: (31.4743292, 73.1046958) → (31.330396, 73.0696448) = 16346.7 m
2026-03-29 22:54:43.970 | DEBUG    | utils.geo_utils:haversine_distance:20 - Haversine: (31.4743292, 73.1046958) → (31.3413852, 73.1852291) = 16641.5 m
2026-03-29 22:54:43.970 | DEBUG    | utils.geo_utils:haversine_distance:20 - Haversine: (31.4743292, 73.1046958) → (31.4000755, 73.0126538) = 12017.7 m
2026-03-29 22:54:43.970 | DEBUG    | utils.geo_utils:haversine_distance:20 - Haversine: (31.4743292, 73.1046958) → (31.527645, 73.0552285) = 7559.2 m
2026-03-29 22:54:43.970 | DEBUG    | utils.geo_utils:haversine_distance:20 - Haversine: (31.4743292, 73.1046958) → (31.3281703, 73.1302408) = 16432.0 m
2026-03-29 22:54:43.970 | DEBUG    | utils.geo_utils:haversine_distance:20 - Haversine: (31.4743292, 73.1046958) → (31.4192659, 73.0416323) = 8560.2 m
2026-03-29 22:54:43.970 | DEBUG    | utils.geo_utils:haversine_distance:20 - Haversine: (31.4743292, 73.1046958) → (31.5101284, 73.1503952) = 5884.0 m
2026-03-29 22:54:43.971 | DEBUG    | utils.geo_utils:haversine_distance:20 - Haversine: (31.4743292, 73.1046958) → (31.4641337, 73.1683411) = 6141.7 m
2026-03-29 22:54:43.971 | DEBUG    | utils.geo_utils:haversine_distance:20 - Haversine: (31.4743292, 73.1046958) → (31.3446991, 73.0585627) = 15064.4 m
2026-03-29 22:54:43.971 | DEBUG    | utils.geo_utils:haversine_distance:20 - Haversine: (31.4743292, 73.1046958) → (31.5431453, 73.1283131) = 7972.8 m
2026-03-29 22:54:43.971 | DEBUG    | utils.geo_utils:haversine_distance:20 - Haversine: (31.4743292, 73.1046958) → (31.398463, 73.0263855) = 11241.2 m
2026-03-29 22:54:43.971 | DEBUG    | utils.geo_utils:haversine_distance:20 - Haversine: (31.4743292, 73.1046958) → (31.3190478, 73.1756414) = 18533.1 m
2026-03-29 22:54:43.971 | DEBUG    | utils.geo_utils:haversine_distance:20 - Haversine: (31.4743292, 73.1046958) → (31.3557607, 73.1450675) = 13729.6 m
2026-03-29 22:54:43.971 | DEBUG    | utils.geo_utils:haversine_distance:20 - Haversine: (31.4743292, 73.1046958) → (31.4601458, 73.0666137) = 3941.1 m
2026-03-29 22:54:43.971 | DEBUG    | utils.geo_utils:haversine_distance:20 - Haversine: (31.4693742, 73.1600766) → (31.3691526, 73.0514611) = 15179.5 m
2026-03-29 22:54:43.971 | DEBUG    | utils.geo_utils:haversine_distance:20 - Haversine: (31.4693742, 73.1600766) → (31.3787188, 73.157798) = 10082.7 m
2026-03-29 22:54:43.971 | DEBUG    | utils.geo_utils:haversine_distance:20 - Haversine: (31.4693742, 73.1600766) → (31.4457694, 73.1408101) = 3198.3 m
2026-03-29 22:54:43.971 | DEBUG    | utils.geo_utils:haversine_distance:20 - Haversine: (31.4693742, 73.1600766) → (31.5487412, 73.1501112) = 8875.6 m
2026-03-29 22:54:43.971 | DEBUG    | utils.geo_utils:haversine_distance:20 - Haversine: (31.4693742, 73.1600766) → (31.3836456, 73.0640586) = 13186.1 m
2026-03-29 22:54:43.972 | DEBUG    | utils.geo_utils:haversine_distance:20 - Haversine: (31.4693742, 73.1600766) → (31.4467219, 73.1271368) = 4013.3 m
2026-03-29 22:54:43.972 | DEBUG    | utils.geo_utils:haversine_distance:20 - Haversine: (31.4693742, 73.1600766) → (31.330396, 73.0696448) = 17677.2 m
2026-03-29 22:54:43.972 | DEBUG    | utils.geo_utils:haversine_distance:20 - Haversine: (31.4693742, 73.1600766) → (31.3413852, 73.1852291) = 14430.5 m
2026-03-29 22:54:43.972 | DEBUG    | utils.geo_utils:haversine_distance:20 - Haversine: (31.4693742, 73.1600766) → (31.4000755, 73.0126538) = 15969.0 m
2026-03-29 22:54:43.972 | DEBUG    | utils.geo_utils:haversine_distance:20 - Haversine: (31.4693742, 73.1600766) → (31.527645, 73.0552285) = 11866.0 m
2026-03-29 22:54:43.972 | DEBUG    | utils.geo_utils:haversine_distance:20 - Haversine: (31.4693742, 73.1600766) → (31.3281703, 73.1302408) = 15954.5 m
2026-03-29 22:54:43.972 | DEBUG    | utils.geo_utils:haversine_distance:20 - Haversine: (31.4693742, 73.1600766) → (31.4192659, 73.0416323) = 12541.9 m
2026-03-29 22:54:43.973 | DEBUG    | utils.geo_utils:haversine_distance:20 - Haversine: (31.4693742, 73.1600766) → (31.5101284, 73.1503952) = 4623.7 m
2026-03-29 22:54:43.973 | DEBUG    | utils.geo_utils:haversine_distance:20 - Haversine: (31.4693742, 73.1600766) → (31.4641337, 73.1683411) = 976.7 m
2026-03-29 22:54:43.973 | DEBUG    | utils.geo_utils:haversine_distance:20 - Haversine: (31.4693742, 73.1600766) → (31.3446991, 73.0585627) = 16882.0 m
2026-03-29 22:54:43.973 | DEBUG    | utils.geo_utils:haversine_distance:20 - Haversine: (31.4693742, 73.1600766) → (31.5431453, 73.1283131) = 8738.2 m
2026-03-29 22:54:43.973 | DEBUG    | utils.geo_utils:haversine_distance:20 - Haversine: (31.4693742, 73.1600766) → (31.398463, 73.0263855) = 14935.2 m
2026-03-29 22:54:43.973 | DEBUG    | utils.geo_utils:haversine_distance:20 - Haversine: (31.4693742, 73.1600766) → (31.3190478, 73.1756414) = 16780.7 m
2026-03-29 22:54:43.973 | DEBUG    | utils.geo_utils:haversine_distance:20 - Haversine: (31.4693742, 73.1600766) → (31.3557607, 73.1450675) = 12713.3 m
2026-03-29 22:54:43.973 | DEBUG    | utils.geo_utils:haversine_distance:20 - Haversine: (31.4693742, 73.1600766) → (31.4601458, 73.0666137) = 8923.7 m
2026-03-29 22:54:43.973 | DEBUG    | utils.geo_utils:haversine_distance:20 - Haversine: (31.4693742, 73.1600766) → (31.4743292, 73.1046958) = 5281.0 m
2026-03-29 22:54:43.973 | DEBUG    | utils.geo_utils:haversine_distance:20 - Haversine: (31.4060883, 73.1115478) → (31.3691526, 73.0514611) = 7028.5 m
2026-03-29 22:54:43.973 | DEBUG    | utils.geo_utils:haversine_distance:20 - Haversine: (31.4060883, 73.1115478) → (31.3787188, 73.157798) = 5341.7 m
2026-03-29 22:54:43.973 | DEBUG    | utils.geo_utils:haversine_distance:20 - Haversine: (31.4060883, 73.1115478) → (31.4457694, 73.1408101) = 5213.2 m
2026-03-29 22:54:43.973 | DEBUG    | utils.geo_utils:haversine_distance:20 - Haversine: (31.4060883, 73.1115478) → (31.5487412, 73.1501112) = 16278.4 m
2026-03-29 22:54:43.973 | DEBUG    | utils.geo_utils:haversine_distance:20 - Haversine: (31.4060883, 73.1115478) → (31.3836456, 73.0640586) = 5152.2 m
2026-03-29 22:54:43.973 | DEBUG    | utils.geo_utils:haversine_distance:20 - Haversine: (31.4060883, 73.1115478) → (31.4467219, 73.1271368) = 4754.2 m
2026-03-29 22:54:43.973 | DEBUG    | utils.geo_utils:haversine_distance:20 - Haversine: (31.4060883, 73.1115478) → (31.330396, 73.0696448) = 9309.5 m
2026-03-29 22:54:43.974 | DEBUG    | utils.geo_utils:haversine_distance:20 - Haversine: (31.4060883, 73.1115478) → (31.3413852, 73.1852291) = 10034.7 m
2026-03-29 22:54:43.974 | DEBUG    | utils.geo_utils:haversine_distance:20 - Haversine: (31.4060883, 73.1115478) → (31.4000755, 73.0126538) = 9409.6 m
2026-03-29 22:54:43.974 | DEBUG    | utils.geo_utils:haversine_distance:20 - Haversine: (31.4060883, 73.1115478) → (31.527645, 73.0552285) = 14533.6 m
2026-03-29 22:54:43.974 | DEBUG    | utils.geo_utils:haversine_distance:20 - Haversine: (31.4060883, 73.1115478) → (31.3281703, 73.1302408) = 8844.0 m
2026-03-29 22:54:43.974 | DEBUG    | utils.geo_utils:haversine_distance:20 - Haversine: (31.4060883, 73.1115478) → (31.4192659, 73.0416323) = 6794.7 m
2026-03-29 22:54:43.974 | DEBUG    | utils.geo_utils:haversine_distance:20 - Haversine: (31.4060883, 73.1115478) → (31.5101284, 73.1503952) = 12141.4 m
2026-03-29 22:54:43.974 | DEBUG    | utils.geo_utils:haversine_distance:20 - Haversine: (31.4060883, 73.1115478) → (31.4641337, 73.1683411) = 8407.9 m
2026-03-29 22:54:43.974 | DEBUG    | utils.geo_utils:haversine_distance:20 - Haversine: (31.4060883, 73.1115478) → (31.3446991, 73.0585627) = 8479.3 m
2026-03-29 22:54:43.974 | DEBUG    | utils.geo_utils:haversine_distance:20 - Haversine: (31.4060883, 73.1115478) → (31.5431453, 73.1283131) = 15322.8 m
2026-03-29 22:54:43.974 | DEBUG    | utils.geo_utils:haversine_distance:20 - Haversine: (31.4060883, 73.1115478) → (31.398463, 73.0263855) = 8127.0 m
2026-03-29 22:54:43.974 | DEBUG    | utils.geo_utils:haversine_distance:20 - Haversine: (31.4060883, 73.1115478) → (31.3190478, 73.1756414) = 11432.7 m
2026-03-29 22:54:43.974 | DEBUG    | utils.geo_utils:haversine_distance:20 - Haversine: (31.4060883, 73.1115478) → (31.3557607, 73.1450675) = 6437.6 m
2026-03-29 22:54:43.974 | DEBUG    | utils.geo_utils:haversine_distance:20 - Haversine: (31.4060883, 73.1115478) → (31.4601458, 73.0666137) = 7369.3 m
2026-03-29 22:54:43.974 | DEBUG    | utils.geo_utils:haversine_distance:20 - Haversine: (31.4060883, 73.1115478) → (31.4743292, 73.1046958) = 7615.8 m
2026-03-29 22:54:43.974 | DEBUG    | utils.geo_utils:haversine_distance:20 - Haversine: (31.4060883, 73.1115478) → (31.4693742, 73.1600766) = 8409.4 m
2026-03-29 22:54:43.974 | DEBUG    | utils.geo_utils:haversine_distance:20 - Haversine: (31.4773379, 73.0052033) → (31.3691526, 73.0514611) = 12805.4 m
2026-03-29 22:54:43.974 | DEBUG    | utils.geo_utils:haversine_distance:20 - Haversine: (31.4773379, 73.0052033) → (31.3787188, 73.157798) = 18162.6 m
2026-03-29 22:54:43.974 | DEBUG    | utils.geo_utils:haversine_distance:20 - Haversine: (31.4773379, 73.0052033) → (31.4457694, 73.1408101) = 13332.5 m
2026-03-29 22:54:43.975 | DEBUG    | utils.geo_utils:haversine_distance:20 - Haversine: (31.4773379, 73.0052033) → (31.5487412, 73.1501112) = 15866.2 m
2026-03-29 22:54:43.975 | DEBUG    | utils.geo_utils:haversine_distance:20 - Haversine: (31.4773379, 73.0052033) → (31.3836456, 73.0640586) = 11820.3 m
2026-03-29 22:54:43.975 | DEBUG    | utils.geo_utils:haversine_distance:20 - Haversine: (31.4773379, 73.0052033) → (31.4467219, 73.1271368) = 12055.8 m
2026-03-29 22:54:43.975 | DEBUG    | utils.geo_utils:haversine_distance:20 - Haversine: (31.4773379, 73.0052033) → (31.330396, 73.0696448) = 17446.3 m
2026-03-29 22:54:43.975 | DEBUG    | utils.geo_utils:haversine_distance:20 - Haversine: (31.4773379, 73.0052033) → (31.3413852, 73.1852291) = 22812.6 m
2026-03-29 22:54:43.975 | DEBUG    | utils.geo_utils:haversine_distance:20 - Haversine: (31.4773379, 73.0052033) → (31.4000755, 73.0126538) = 8620.2 m
2026-03-29 22:54:43.975 | DEBUG    | utils.geo_utils:haversine_distance:20 - Haversine: (31.4773379, 73.0052033) → (31.527645, 73.0552285) = 7333.8 m
2026-03-29 22:54:43.975 | DEBUG    | utils.geo_utils:haversine_distance:20 - Haversine: (31.4773379, 73.0052033) → (31.3281703, 73.1302408) = 20394.7 m
2026-03-29 22:54:43.975 | DEBUG    | utils.geo_utils:haversine_distance:20 - Haversine: (31.4773379, 73.0052033) → (31.4192659, 73.0416323) = 7323.9 m
2026-03-29 22:54:43.975 | DEBUG    | utils.geo_utils:haversine_distance:20 - Haversine: (31.4773379, 73.0052033) → (31.5101284, 73.1503952) = 14241.1 m
2026-03-29 22:54:43.975 | DEBUG    | utils.geo_utils:haversine_distance:20 - Haversine: (31.4773379, 73.0052033) → (31.4641337, 73.1683411) = 15541.3 m
2026-03-29 22:54:43.975 | DEBUG    | utils.geo_utils:haversine_distance:20 - Haversine: (31.4773379, 73.0052033) → (31.3446991, 73.0585627) = 15593.8 m
2026-03-29 22:54:43.975 | DEBUG    | utils.geo_utils:haversine_distance:20 - Haversine: (31.4773379, 73.0052033) → (31.5431453, 73.1283131) = 13775.0 m
2026-03-29 22:54:43.975 | DEBUG    | utils.geo_utils:haversine_distance:20 - Haversine: (31.4773379, 73.0052033) → (31.398463, 73.0263855) = 8997.8 m
2026-03-29 22:54:43.975 | DEBUG    | utils.geo_utils:haversine_distance:20 - Haversine: (31.4773379, 73.0052033) → (31.3190478, 73.1756414) = 23905.7 m
2026-03-29 22:54:43.976 | DEBUG    | utils.geo_utils:haversine_distance:20 - Haversine: (31.4773379, 73.0052033) → (31.3557607, 73.1450675) = 18944.9 m
2026-03-29 22:54:43.976 | DEBUG    | utils.geo_utils:haversine_distance:20 - Haversine: (31.4773379, 73.0052033) → (31.4601458, 73.0666137) = 6129.9 m
2026-03-29 22:54:43.976 | DEBUG    | utils.geo_utils:haversine_distance:20 - Haversine: (31.4773379, 73.0052033) → (31.4743292, 73.1046958) = 9441.2 m
2026-03-29 22:54:43.976 | DEBUG    | utils.geo_utils:haversine_distance:20 - Haversine: (31.4773379, 73.0052033) → (31.4693742, 73.1600766) = 14714.3 m
2026-03-29 22:54:43.976 | DEBUG    | utils.geo_utils:haversine_distance:20 - Haversine: (31.4773379, 73.0052033) → (31.4060883, 73.1115478) = 12827.7 m
2026-03-29 22:54:43.976 | DEBUG    | utils.geo_utils:haversine_distance:20 - Haversine: (31.4766945, 73.1677037) → (31.3691526, 73.0514611) = 16268.3 m
2026-03-29 22:54:43.976 | DEBUG    | utils.geo_utils:haversine_distance:20 - Haversine: (31.4766945, 73.1677037) → (31.3787188, 73.157798) = 10934.9 m
2026-03-29 22:54:43.976 | DEBUG    | utils.geo_utils:haversine_distance:20 - Haversine: (31.4766945, 73.1677037) → (31.4457694, 73.1408101) = 4281.5 m
2026-03-29 22:54:43.976 | DEBUG    | utils.geo_utils:haversine_distance:20 - Haversine: (31.4766945, 73.1677037) → (31.5487412, 73.1501112) = 8183.0 m
2026-03-29 22:54:43.976 | DEBUG    | utils.geo_utils:haversine_distance:20 - Haversine: (31.4766945, 73.1677037) → (31.3836456, 73.0640586) = 14274.3 m
2026-03-29 22:54:43.976 | DEBUG    | utils.geo_utils:haversine_distance:20 - Haversine: (31.4766945, 73.1677037) → (31.4467219, 73.1271368) = 5090.4 m
2026-03-29 22:54:43.976 | DEBUG    | utils.geo_utils:haversine_distance:20 - Haversine: (31.4766945, 73.1677037) → (31.330396, 73.0696448) = 18741.6 m
2026-03-29 22:54:43.976 | DEBUG    | utils.geo_utils:haversine_distance:20 - Haversine: (31.4766945, 73.1677037) → (31.3413852, 73.1852291) = 15137.4 m
2026-03-29 22:54:43.976 | DEBUG    | utils.geo_utils:haversine_distance:20 - Haversine: (31.4766945, 73.1677037) → (31.4000755, 73.0126538) = 16998.9 m
2026-03-29 22:54:43.976 | DEBUG    | utils.geo_utils:haversine_distance:20 - Haversine: (31.4766945, 73.1677037) → (31.527645, 73.0552285) = 12075.0 m
2026-03-29 22:54:43.976 | DEBUG    | utils.geo_utils:haversine_distance:20 - Haversine: (31.4766945, 73.1677037) → (31.3281703, 73.1302408) = 16893.5 m
2026-03-29 22:54:43.976 | DEBUG    | utils.geo_utils:haversine_distance:20 - Haversine: (31.4766945, 73.1677037) → (31.4192659, 73.0416323) = 13557.5 m
2026-03-29 22:54:43.976 | DEBUG    | utils.geo_utils:haversine_distance:20 - Haversine: (31.4766945, 73.1677037) → (31.5101284, 73.1503952) = 4063.8 m
2026-03-29 22:54:43.976 | DEBUG    | utils.geo_utils:haversine_distance:20 - Haversine: (31.4766945, 73.1677037) → (31.4641337, 73.1683411) = 1398.0 m
2026-03-29 22:54:43.976 | DEBUG    | utils.geo_utils:haversine_distance:20 - Haversine: (31.4766945, 73.1677037) → (31.3446991, 73.0585627) = 17963.8 m
2026-03-29 22:54:43.976 | DEBUG    | utils.geo_utils:haversine_distance:20 - Haversine: (31.4766945, 73.1677037) → (31.5431453, 73.1283131) = 8279.0 m
2026-03-29 22:54:43.976 | DEBUG    | utils.geo_utils:haversine_distance:20 - Haversine: (31.4766945, 73.1677037) → (31.398463, 73.0263855) = 15982.0 m
2026-03-29 22:54:43.976 | DEBUG    | utils.geo_utils:haversine_distance:20 - Haversine: (31.4766945, 73.1677037) → (31.3190478, 73.1756414) = 17545.7 m
2026-03-29 22:54:43.976 | DEBUG    | utils.geo_utils:haversine_distance:20 - Haversine: (31.4766945, 73.1677037) → (31.3557607, 73.1450675) = 13617.7 m
2026-03-29 22:54:43.977 | DEBUG    | utils.geo_utils:haversine_distance:20 - Haversine: (31.4766945, 73.1677037) → (31.4601458, 73.0666137) = 9762.5 m
2026-03-29 22:54:43.977 | DEBUG    | utils.geo_utils:haversine_distance:20 - Haversine: (31.4766945, 73.1677037) → (31.4743292, 73.1046958) = 5981.1 m
2026-03-29 22:54:43.977 | DEBUG    | utils.geo_utils:haversine_distance:20 - Haversine: (31.4766945, 73.1677037) → (31.4693742, 73.1600766) = 1088.9 m
2026-03-29 22:54:43.977 | DEBUG    | utils.geo_utils:haversine_distance:20 - Haversine: (31.4766945, 73.1677037) → (31.4060883, 73.1115478) = 9487.9 m
2026-03-29 22:54:43.977 | DEBUG    | utils.geo_utils:haversine_distance:20 - Haversine: (31.4766945, 73.1677037) → (31.4773379, 73.0052033) = 15410.5 m
2026-03-29 22:54:43.977 | DEBUG    | utils.geo_utils:haversine_distance:20 - Haversine: (31.504101, 73.1583633) → (31.3691526, 73.0514611) = 18111.6 m
2026-03-29 22:54:43.977 | DEBUG    | utils.geo_utils:haversine_distance:20 - Haversine: (31.504101, 73.1583633) → (31.3787188, 73.157798) = 13942.0 m
2026-03-29 22:54:43.977 | DEBUG    | utils.geo_utils:haversine_distance:20 - Haversine: (31.504101, 73.1583633) → (31.4457694, 73.1408101) = 6696.4 m
2026-03-29 22:54:43.977 | DEBUG    | utils.geo_utils:haversine_distance:20 - Haversine: (31.504101, 73.1583633) → (31.5487412, 73.1501112) = 5025.0 m
2026-03-29 22:54:43.977 | DEBUG    | utils.geo_utils:haversine_distance:20 - Haversine: (31.504101, 73.1583633) → (31.3836456, 73.0640586) = 16107.0 m
2026-03-29 22:54:43.977 | DEBUG    | utils.geo_utils:haversine_distance:20 - Haversine: (31.504101, 73.1583633) → (31.4467219, 73.1271368) = 7034.0 m
2026-03-29 22:54:43.977 | DEBUG    | utils.geo_utils:haversine_distance:20 - Haversine: (31.504101, 73.1583633) → (31.330396, 73.0696448) = 21070.1 m
2026-03-29 22:54:43.977 | DEBUG    | utils.geo_utils:haversine_distance:20 - Haversine: (31.504101, 73.1583633) → (31.3413852, 73.1852291) = 18271.9 m
2026-03-29 22:54:43.977 | DEBUG    | utils.geo_utils:haversine_distance:20 - Haversine: (31.504101, 73.1583633) → (31.4000755, 73.0126538) = 18023.2 m
2026-03-29 22:54:43.977 | DEBUG    | utils.geo_utils:haversine_distance:20 - Haversine: (31.504101, 73.1583633) → (31.527645, 73.0552285) = 10120.9 m
2026-03-29 22:54:43.977 | DEBUG    | utils.geo_utils:haversine_distance:20 - Haversine: (31.504101, 73.1583633) → (31.3281703, 73.1302408) = 19743.8 m
2026-03-29 22:54:43.977 | DEBUG    | utils.geo_utils:haversine_distance:20 - Haversine: (31.504101, 73.1583633) → (31.4192659, 73.0416323) = 14545.4 m
2026-03-29 22:54:43.977 | DEBUG    | utils.geo_utils:haversine_distance:20 - Haversine: (31.504101, 73.1583633) → (31.5101284, 73.1503952) = 1009.9 m
2026-03-29 22:54:43.977 | DEBUG    | utils.geo_utils:haversine_distance:20 - Haversine: (31.504101, 73.1583633) → (31.4641337, 73.1683411) = 4543.8 m
2026-03-29 22:54:43.977 | DEBUG    | utils.geo_utils:haversine_distance:20 - Haversine: (31.504101, 73.1583633) → (31.3446991, 73.0585627) = 20095.7 m
2026-03-29 22:54:43.977 | DEBUG    | utils.geo_utils:haversine_distance:20 - Haversine: (31.504101, 73.1583633) → (31.5431453, 73.1283131) = 5192.5 m
2026-03-29 22:54:43.977 | DEBUG    | utils.geo_utils:haversine_distance:20 - Haversine: (31.504101, 73.1583633) → (31.398463, 73.0263855) = 17167.1 m
2026-03-29 22:54:43.977 | DEBUG    | utils.geo_utils:haversine_distance:20 - Haversine: (31.504101, 73.1583633) → (31.3190478, 73.1756414) = 20642.2 m
2026-03-29 22:54:43.977 | DEBUG    | utils.geo_utils:haversine_distance:20 - Haversine: (31.504101, 73.1583633) → (31.3557607, 73.1450675) = 16542.9 m
2026-03-29 22:54:43.977 | DEBUG    | utils.geo_utils:haversine_distance:20 - Haversine: (31.504101, 73.1583633) → (31.4601458, 73.0666137) = 9979.2 m
2026-03-29 22:54:43.977 | DEBUG    | utils.geo_utils:haversine_distance:20 - Haversine: (31.504101, 73.1583633) → (31.4743292, 73.1046958) = 6070.8 m
2026-03-29 22:54:43.978 | DEBUG    | utils.geo_utils:haversine_distance:20 - Haversine: (31.504101, 73.1583633) → (31.4693742, 73.1600766) = 3864.9 m
2026-03-29 22:54:43.978 | DEBUG    | utils.geo_utils:haversine_distance:20 - Haversine: (31.504101, 73.1583633) → (31.4060883, 73.1115478) = 11768.5 m
2026-03-29 22:54:43.978 | DEBUG    | utils.geo_utils:haversine_distance:20 - Haversine: (31.504101, 73.1583633) → (31.4773379, 73.0052033) = 14824.2 m
2026-03-29 22:54:43.978 | DEBUG    | utils.geo_utils:haversine_distance:20 - Haversine: (31.504101, 73.1583633) → (31.4766945, 73.1677037) = 3173.5 m
2026-03-29 22:54:43.978 | DEBUG    | utils.geo_utils:haversine_distance:20 - Haversine: (31.3907077, 73.1897443) → (31.3691526, 73.0514611) = 13344.3 m
2026-03-29 22:54:43.978 | DEBUG    | utils.geo_utils:haversine_distance:20 - Haversine: (31.3907077, 73.1897443) → (31.3787188, 73.157798) = 3312.6 m
2026-03-29 22:54:43.978 | DEBUG    | utils.geo_utils:haversine_distance:20 - Haversine: (31.3907077, 73.1897443) → (31.4457694, 73.1408101) = 7684.3 m
2026-03-29 22:54:43.978 | DEBUG    | utils.geo_utils:haversine_distance:20 - Haversine: (31.3907077, 73.1897443) → (31.5487412, 73.1501112) = 17970.0 m
2026-03-29 22:54:43.978 | DEBUG    | utils.geo_utils:haversine_distance:20 - Haversine: (31.3907077, 73.1897443) → (31.3836456, 73.0640586) = 11956.3 m
2026-03-29 22:54:43.978 | DEBUG    | utils.geo_utils:haversine_distance:20 - Haversine: (31.3907077, 73.1897443) → (31.4467219, 73.1271368) = 8607.5 m
2026-03-29 22:54:43.978 | DEBUG    | utils.geo_utils:haversine_distance:20 - Haversine: (31.3907077, 73.1897443) → (31.330396, 73.0696448) = 13229.3 m
2026-03-29 22:54:43.978 | DEBUG    | utils.geo_utils:haversine_distance:20 - Haversine: (31.3907077, 73.1897443) → (31.3413852, 73.1852291) = 5501.1 m
2026-03-29 22:54:43.978 | DEBUG    | utils.geo_utils:haversine_distance:20 - Haversine: (31.3907077, 73.1897443) → (31.4000755, 73.0126538) = 16840.8 m
2026-03-29 22:54:43.978 | DEBUG    | utils.geo_utils:haversine_distance:20 - Haversine: (31.3907077, 73.1897443) → (31.527645, 73.0552285) = 19865.6 m
2026-03-29 22:54:43.978 | DEBUG    | utils.geo_utils:haversine_distance:20 - Haversine: (31.3907077, 73.1897443) → (31.3281703, 73.1302408) = 8959.8 m
2026-03-29 22:54:43.978 | DEBUG    | utils.geo_utils:haversine_distance:20 - Haversine: (31.3907077, 73.1897443) → (31.4192659, 73.0416323) = 14410.9 m
2026-03-29 22:54:43.978 | DEBUG    | utils.geo_utils:haversine_distance:20 - Haversine: (31.3907077, 73.1897443) → (31.5101284, 73.1503952) = 13793.6 m
2026-03-29 22:54:43.979 | DEBUG    | utils.geo_utils:haversine_distance:20 - Haversine: (31.3907077, 73.1897443) → (31.4641337, 73.1683411) = 8413.4 m
2026-03-29 22:54:43.979 | DEBUG    | utils.geo_utils:haversine_distance:20 - Haversine: (31.3907077, 73.1897443) → (31.3446991, 73.0585627) = 13464.6 m
2026-03-29 22:54:43.979 | DEBUG    | utils.geo_utils:haversine_distance:20 - Haversine: (31.3907077, 73.1897443) → (31.5431453, 73.1283131) = 17923.7 m
2026-03-29 22:54:43.979 | DEBUG    | utils.geo_utils:haversine_distance:20 - Haversine: (31.3907077, 73.1897443) → (31.398463, 73.0263855) = 15529.3 m
2026-03-29 22:54:43.979 | DEBUG    | utils.geo_utils:haversine_distance:20 - Haversine: (31.3907077, 73.1897443) → (31.3190478, 73.1756414) = 8080.0 m
2026-03-29 22:54:43.979 | DEBUG    | utils.geo_utils:haversine_distance:20 - Haversine: (31.3907077, 73.1897443) → (31.3557607, 73.1450675) = 5752.5 m
2026-03-29 22:54:43.979 | DEBUG    | utils.geo_utils:haversine_distance:20 - Haversine: (31.3907077, 73.1897443) → (31.4601458, 73.0666137) = 14004.1 m
2026-03-29 22:54:43.979 | DEBUG    | utils.geo_utils:haversine_distance:20 - Haversine: (31.3907077, 73.1897443) → (31.4743292, 73.1046958) = 12311.4 m
2026-03-29 22:54:43.979 | DEBUG    | utils.geo_utils:haversine_distance:20 - Haversine: (31.3907077, 73.1897443) → (31.4693742, 73.1600766) = 9189.1 m
2026-03-29 22:54:43.979 | DEBUG    | utils.geo_utils:haversine_distance:20 - Haversine: (31.3907077, 73.1897443) → (31.4060883, 73.1115478) = 7616.3 m
2026-03-29 22:54:43.979 | DEBUG    | utils.geo_utils:haversine_distance:20 - Haversine: (31.3907077, 73.1897443) → (31.4773379, 73.0052033) = 19983.5 m
2026-03-29 22:54:43.979 | DEBUG    | utils.geo_utils:haversine_distance:20 - Haversine: (31.3907077, 73.1897443) → (31.4766945, 73.1677037) = 9787.3 m
2026-03-29 22:54:43.979 | DEBUG    | utils.geo_utils:haversine_distance:20 - Haversine: (31.3907077, 73.1897443) → (31.504101, 73.1583633) = 12955.4 m
2026-03-29 22:54:43.979 | DEBUG    | utils.geo_utils:haversine_distance:20 - Haversine: (31.4052045, 73.0873694) → (31.3691526, 73.0514611) = 5262.0 m
2026-03-29 22:54:43.979 | DEBUG    | utils.geo_utils:haversine_distance:20 - Haversine: (31.4052045, 73.0873694) → (31.3787188, 73.157798) = 7305.0 m
2026-03-29 22:54:43.979 | DEBUG    | utils.geo_utils:haversine_distance:20 - Haversine: (31.4052045, 73.0873694) → (31.4457694, 73.1408101) = 6786.6 m
2026-03-29 22:54:43.980 | DEBUG    | utils.geo_utils:haversine_distance:20 - Haversine: (31.4052045, 73.0873694) → (31.5487412, 73.1501112) = 17033.5 m
2026-03-29 22:54:43.980 | DEBUG    | utils.geo_utils:haversine_distance:20 - Haversine: (31.4052045, 73.0873694) → (31.3836456, 73.0640586) = 3262.2 m
2026-03-29 22:54:43.980 | DEBUG    | utils.geo_utils:haversine_distance:20 - Haversine: (31.4052045, 73.0873694) → (31.4467219, 73.1271368) = 5962.4 m
2026-03-29 22:54:43.980 | DEBUG    | utils.geo_utils:haversine_distance:20 - Haversine: (31.4052045, 73.0873694) → (31.330396, 73.0696448) = 8486.8 m
2026-03-29 22:54:43.980 | DEBUG    | utils.geo_utils:haversine_distance:20 - Haversine: (31.4052045, 73.0873694) → (31.3413852, 73.1852291) = 11690.7 m
2026-03-29 22:54:43.980 | DEBUG    | utils.geo_utils:haversine_distance:20 - Haversine: (31.4052045, 73.0873694) → (31.4000755, 73.0126538) = 7114.0 m
2026-03-29 22:54:43.980 | DEBUG    | utils.geo_utils:haversine_distance:20 - Haversine: (31.4052045, 73.0873694) → (31.527645, 73.0552285) = 13951.9 m
2026-03-29 22:54:43.980 | DEBUG    | utils.geo_utils:haversine_distance:20 - Haversine: (31.4052045, 73.0873694) → (31.3281703, 73.1302408) = 9483.7 m
2026-03-29 22:54:43.980 | DEBUG    | utils.geo_utils:haversine_distance:20 - Haversine: (31.4052045, 73.0873694) → (31.4192659, 73.0416323) = 4613.4 m
2026-03-29 22:54:43.980 | DEBUG    | utils.geo_utils:haversine_distance:20 - Haversine: (31.4052045, 73.0873694) → (31.5101284, 73.1503952) = 13109.4 m
2026-03-29 22:54:43.980 | DEBUG    | utils.geo_utils:haversine_distance:20 - Haversine: (31.4052045, 73.0873694) → (31.4641337, 73.1683411) = 10097.2 m
2026-03-29 22:54:43.980 | DEBUG    | utils.geo_utils:haversine_distance:20 - Haversine: (31.4052045, 73.0873694) → (31.3446991, 73.0585627) = 7262.5 m
2026-03-29 22:54:43.980 | DEBUG    | utils.geo_utils:haversine_distance:20 - Haversine: (31.4052045, 73.0873694) → (31.5431453, 73.1283131) = 15822.2 m
2026-03-29 22:54:43.980 | DEBUG    | utils.geo_utils:haversine_distance:20 - Haversine: (31.4052045, 73.0873694) → (31.398463, 73.0263855) = 5836.2 m
2026-03-29 22:54:43.980 | DEBUG    | utils.geo_utils:haversine_distance:20 - Haversine: (31.4052045, 73.0873694) → (31.3190478, 73.1756414) = 12729.0 m
2026-03-29 22:54:43.980 | DEBUG    | utils.geo_utils:haversine_distance:20 - Haversine: (31.4052045, 73.0873694) → (31.3557607, 73.1450675) = 7760.6 m
2026-03-29 22:54:43.980 | DEBUG    | utils.geo_utils:haversine_distance:20 - Haversine: (31.4052045, 73.0873694) → (31.4601458, 73.0666137) = 6418.7 m
2026-03-29 22:54:43.981 | DEBUG    | utils.geo_utils:haversine_distance:20 - Haversine: (31.4052045, 73.0873694) → (31.4743292, 73.1046958) = 7860.1 m
2026-03-29 22:54:43.981 | DEBUG    | utils.geo_utils:haversine_distance:20 - Haversine: (31.4052045, 73.0873694) → (31.4693742, 73.1600766) = 9924.4 m
2026-03-29 22:54:43.981 | DEBUG    | utils.geo_utils:haversine_distance:20 - Haversine: (31.4052045, 73.0873694) → (31.4060883, 73.1115478) = 2296.7 m
2026-03-29 22:54:43.981 | DEBUG    | utils.geo_utils:haversine_distance:20 - Haversine: (31.4052045, 73.0873694) → (31.4773379, 73.0052033) = 11184.6 m
2026-03-29 22:54:43.981 | DEBUG    | utils.geo_utils:haversine_distance:20 - Haversine: (31.4052045, 73.0873694) → (31.4766945, 73.1677037) = 11012.5 m
2026-03-29 22:54:43.981 | DEBUG    | utils.geo_utils:haversine_distance:20 - Haversine: (31.4052045, 73.0873694) → (31.504101, 73.1583633) = 12894.9 m
2026-03-29 22:54:43.981 | DEBUG    | utils.geo_utils:haversine_distance:20 - Haversine: (31.4052045, 73.0873694) → (31.3907077, 73.1897443) = 9849.5 m
2026-03-29 22:54:43.981 | INFO     | data_pipeline.stop_builder:merge_nearby_stops:91 - Merged stops:
2026-03-29 22:54:43.981 | INFO     | data_pipeline.stop_builder:merge_nearby_stops:92 -   Before merge: 30 stops
2026-03-29 22:54:43.981 | INFO     | data_pipeline.stop_builder:merge_nearby_stops:93 -   After merge : 28 stops (merged 2 pairs/groups)
2026-03-29 22:54:43.982 | DEBUG    | data_pipeline.stop_builder:merge_nearby_stops:95 - First few merged stops: [{'student_id': '3CNKLBNknvMId9G9MJ1cVoQjkpw2', 'name': 'Test Student 12', 'roll_no': 'TEST-4382', 'lat': 31.3691526, 'lng': 73.0514611, 'student_count': 1, 'contact': '03597900028', 'semester': 'Spring 2026', 'fee_status': 'unpaid', 'registration_status': 'successful', 'original_lat': 31.369289, 'original_lng': 73.051406, 'snap_distance_m': 16.04, 'merged_student_ids': ['3CNKLBNknvMId9G9MJ1cVoQjkpw2']}, {'student_id': '61fbjUraIhPuzNx8BY68aYewSG02', 'name': 'Test Student 28', 'roll_no': 'TEST-7403', 'lat': 31.3787188, 'lng': 73.157798, 'student_count': 1, 'contact': '03344993000', 'semester': 'Spring 2026', 'fee_status': 'unpaid', 'registration_status': 'successful', 'original_lat': 31.380283, 'original_lng': 73.159195, 'snap_distance_m': 218.72, 'merged_student_ids': ['61fbjUraIhPuzNx8BY68aYewSG02']}, {'student_id': '7DxKX1nW4ZdeWHKXM2Vf5OIfGvr1', 'name': 'Test Student 10', 'roll_no': 'TEST-9142', 'lat': 31.4457694, 'lng': 73.1408101, 'student_count': 1, 'contact': '03537549971', 'semester': 'Spring 2026', 'fee_status': 'unpaid', 'registration_status': 'successful', 'original_lat': 31.446304, 'original_lng': 73.140169, 'snap_distance_m': 85.04, 'merged_student_ids': ['7DxKX1nW4ZdeWHKXM2Vf5OIfGvr1']}]
2026-03-29 22:54:46.390 | INFO     | clustering.stop_clustering:cluster_stops:45 - Clustered into 3 buses (capacity 10):
2026-03-29 22:54:46.390 | INFO     | clustering.stop_clustering:cluster_stops:48 -   Bus 0: 6 stops, 7 students
2026-03-29 22:54:46.390 | INFO     | clustering.stop_clustering:cluster_stops:48 -   Bus 1: 11 stops, 12 students
2026-03-29 22:54:46.390 | INFO     | clustering.stop_clustering:cluster_stops:48 -   Bus 2: 11 stops, 11 students
2026-03-29 22:54:47.781 | INFO     | optimization.tsp_solver:get_road_distance_matrix:38 - ORS matrix computed: 7x7
2026-03-29 22:55:02.837 | INFO     | optimization.tsp_solver:solve_tsp:123 - TSP solved: 6 stops, distance 33064 m, objective 33064
2026-03-29 22:55:02.838 | DEBUG    | optimization.tsp_solver:solve_tsp:124 - Order: ['unknown', 'unknown', 'unknown', 'unknown', 'unknown', 'unknown']
2026-03-29 22:55:02.839 | DEBUG    | optimization.route_generator:generate_route_path:57 - Requesting ORS route with 7 waypoints
2026-03-29 22:55:06.321 | INFO     | optimization.route_generator:generate_route_path:74 - ORS route generated successfully (bug-free)
2026-03-29 22:55:06.321 | INFO     | optimization.route_generator:generate_route_path:75 -   Waypoints: 6 stops → University
2026-03-29 22:55:06.324 | INFO     | optimization.route_generator:generate_route_path:76 -   Distance: 58.93 km
2026-03-29 22:55:06.324 | INFO     | optimization.route_generator:generate_route_path:77 -   Duration: 1.20 h (72 min)
2026-03-29 22:55:06.324 | DEBUG    | optimization.route_generator:generate_route_path:78 - Geometry sample (first 3 & last 3): [[73.157798, 31.378719], [73.16044, 31.376661], [73.161875, 31.375597]] ... [[73.03447, 31.602425], [73.034742, 31.602694], [73.034832, 31.602523]]
2026-03-29 22:55:06.325 | INFO     | optimization.store_routes:compute_fee_per_student:32 - Fee calc: 40412 PKR/student | dist=58.9km | students=7
2026-03-29 22:55:07.353 | DEBUG    | optimization.store_routes:reverse_geocode_stop_name:176 - Stop name resolved: (31.3787, 73.1578) → 'Punjab Social Security Housing Colony'
2026-03-29 22:55:10.274 | DEBUG    | optimization.store_routes:store_optimized_routes:272 - Assigned seat S1 to student 61fbjUraIhPuzNx8BY68aYewSG02
2026-03-29 22:55:10.821 | DEBUG    | optimization.store_routes:store_optimized_routes:295 - Stored stop R1_stop1 | name='Punjab Social Security Housing Colony' | route=R1
2026-03-29 22:55:13.121 | DEBUG    | optimization.store_routes:reverse_geocode_stop_name:176 - Stop name resolved: (31.3907, 73.1897) → 'Karar Wala'
2026-03-29 22:55:13.672 | DEBUG    | optimization.store_routes:store_optimized_routes:272 - Assigned seat S2 to student vjz604g8oKerN5zBKZ7mU7mG2M03
2026-03-29 22:55:15.928 | DEBUG    | optimization.store_routes:store_optimized_routes:295 - Stored stop R1_stop2 | name='Karar Wala' | route=R1
2026-03-29 22:55:18.289 | DEBUG    | optimization.store_routes:reverse_geocode_stop_name:176 - Stop name resolved: (31.3414, 73.1852) → 'Khojewala'
2026-03-29 22:55:18.849 | DEBUG    | optimization.store_routes:store_optimized_routes:272 - Assigned seat S3 to student KSn42uZ4dDaMueZxSsk9yyYYMbU2
2026-03-29 22:55:21.097 | DEBUG    | optimization.store_routes:store_optimized_routes:272 - Assigned seat S4 to student SF9XoWomQLQm1mkqTnpp8bDSyxG3
2026-03-29 22:55:21.648 | DEBUG    | optimization.store_routes:store_optimized_routes:295 - Stored stop R1_stop3 | name='Khojewala' | route=R1
2026-03-29 22:55:23.705 | DEBUG    | optimization.store_routes:reverse_geocode_stop_name:176 - Stop name resolved: (31.3190, 73.1756) → 'Faialabad - chak 363 G.B Road'
2026-03-29 22:55:24.248 | DEBUG    | optimization.store_routes:store_optimized_routes:272 - Assigned seat S5 to student XmlYR1ejNvTp0enFtavXMQRl9l62
2026-03-29 22:55:26.502 | DEBUG    | optimization.store_routes:store_optimized_routes:295 - Stored stop R1_stop4 | name='Faialabad - chak 363 G.B Road' | route=R1
2026-03-29 22:55:28.255 | DEBUG    | optimization.store_routes:reverse_geocode_stop_name:176 - Stop name resolved: (31.3282, 73.1302) → 'Faisalabad ByPass'
2026-03-29 22:55:29.246 | DEBUG    | optimization.store_routes:store_optimized_routes:272 - Assigned seat S6 to student Os55fn9jigeXpNaUlGTOSD1kzUH3
2026-03-29 22:55:30.241 | DEBUG    | optimization.store_routes:store_optimized_routes:295 - Stored stop R1_stop5 | name='Faisalabad ByPass' | route=R1
2026-03-29 22:55:33.239 | DEBUG    | optimization.store_routes:reverse_geocode_stop_name:176 - Stop name resolved: (31.3558, 73.1451) → 'Satiana Road'
2026-03-29 22:55:33.775 | DEBUG    | optimization.store_routes:store_optimized_routes:272 - Assigned seat S7 to student XuCFaAxIj3RH4cDaJKu6xmWSwfi1
2026-03-29 22:55:34.764 | DEBUG    | optimization.store_routes:store_optimized_routes:295 - Stored stop R1_stop6 | name='Satiana Road' | route=R1
2026-03-29 22:55:36.286 | INFO     | optimization.store_routes:store_optimized_routes:318 - Stored route route_0 (R1): 6 stops, 58.93 km, Fuel Cost: 235734.8 PKR
2026-03-29 22:55:37.185 | INFO     | optimization.tsp_solver:get_road_distance_matrix:38 - ORS matrix computed: 12x12
2026-03-29 22:55:52.189 | INFO     | optimization.tsp_solver:solve_tsp:123 - TSP solved: 11 stops, distance 60287 m, objective 60287
2026-03-29 22:55:52.190 | DEBUG    | optimization.tsp_solver:solve_tsp:124 - Order: ['unknown', 'unknown', 'unknown', 'unknown', 'unknown', 'unknown', 'unknown', 'unknown', 'unknown', 'unknown', 'unknown']
2026-03-29 22:55:52.190 | DEBUG    | optimization.route_generator:generate_route_path:57 - Requesting ORS route with 12 waypoints
2026-03-29 22:55:53.281 | INFO     | optimization.route_generator:generate_route_path:74 - ORS route generated successfully (bug-free)
2026-03-29 22:55:53.281 | INFO     | optimization.route_generator:generate_route_path:75 -   Waypoints: 11 stops → University
2026-03-29 22:55:53.282 | INFO     | optimization.route_generator:generate_route_path:76 -   Distance: 81.84 km
2026-03-29 22:55:53.282 | INFO     | optimization.route_generator:generate_route_path:77 -   Duration: 1.68 h (101 min)
2026-03-29 22:55:53.282 | DEBUG    | optimization.route_generator:generate_route_path:78 - Geometry sample (first 3 & last 3): [[73.14081, 31.445769], [73.14365, 31.447906], [73.145117, 31.448895]] ... [[73.03447, 31.602425], [73.034742, 31.602694], [73.034832, 31.602523]]
2026-03-29 22:55:53.284 | INFO     | optimization.store_routes:compute_fee_per_student:32 - Fee calc: 32738 PKR/student | dist=81.8km | students=12
2026-03-29 22:55:53.802 | DEBUG    | optimization.store_routes:reverse_geocode_stop_name:176 - Stop name resolved: (31.4458, 73.1408) → 'West Canal Expressway, Faisalabad City Tehsil'
2026-03-29 22:55:54.341 | DEBUG    | optimization.store_routes:store_optimized_routes:272 - Assigned seat S1 to student 7DxKX1nW4ZdeWHKXM2Vf5OIfGvr1
2026-03-29 22:55:55.342 | DEBUG    | optimization.store_routes:store_optimized_routes:295 - Stored stop R2_stop1 | name='West Canal Expressway, Faisalabad City Tehsil' | route=R2
2026-03-29 22:55:57.297 | DEBUG    | optimization.store_routes:reverse_geocode_stop_name:176 - Stop name resolved: (31.4641, 73.1683) → 'Faisal Gardens, Faisalabad City Tehsil'
2026-03-29 22:55:57.838 | DEBUG    | optimization.store_routes:store_optimized_routes:272 - Assigned seat S2 to student UpNOyWoNcXaW1O5jadyyddeniWj2
2026-03-29 22:56:00.083 | DEBUG    | optimization.store_routes:store_optimized_routes:295 - Stored stop R2_stop2 | name='Faisal Gardens, Faisalabad City Tehsil' | route=R2
2026-03-29 22:56:01.887 | DEBUG    | optimization.store_routes:reverse_geocode_stop_name:176 - Stop name resolved: (31.4694, 73.1601) → 'Faisalabad District, Faisalabad City Tehsil'
2026-03-29 22:56:02.419 | DEBUG    | optimization.store_routes:store_optimized_routes:272 - Assigned seat S3 to student qwxNS37KPQSeME1Rb86ZDMnXjYX2
2026-03-29 22:56:03.405 | DEBUG    | optimization.store_routes:store_optimized_routes:295 - Stored stop R2_stop3 | name='Faisalabad District, Faisalabad City Tehsil' | route=R2
2026-03-29 22:56:05.446 | DEBUG    | optimization.store_routes:reverse_geocode_stop_name:176 - Stop name resolved: (31.4767, 73.1677) → 'Faisalabad District'
2026-03-29 22:56:05.984 | DEBUG    | optimization.store_routes:store_optimized_routes:272 - Assigned seat S4 to student unEE7hJDp7cMFEu2M568RmrtWRq2
2026-03-29 22:56:06.512 | DEBUG    | optimization.store_routes:store_optimized_routes:295 - Stored stop R2_stop4 | name='Faisalabad District' | route=R2
2026-03-29 22:56:08.252 | DEBUG    | optimization.store_routes:reverse_geocode_stop_name:176 - Stop name resolved: (31.5041, 73.1584) → 'Faisalabad District'
2026-03-29 22:56:08.798 | DEBUG    | optimization.store_routes:store_optimized_routes:272 - Assigned seat S5 to student vQHRPPdjWmTjASjEQvAqjzPhHdm2
2026-03-29 22:56:09.323 | DEBUG    | optimization.store_routes:store_optimized_routes:295 - Stored stop R2_stop5 | name='Faisalabad District' | route=R2
2026-03-29 22:56:11.110 | DEBUG    | optimization.store_routes:reverse_geocode_stop_name:176 - Stop name resolved: (31.5101, 73.1504) → 'Faisalabad District'
2026-03-29 22:56:11.636 | DEBUG    | optimization.store_routes:store_optimized_routes:272 - Assigned seat S6 to student SXxBaOHsDPhcbAy5QSfe0NZxZM83
2026-03-29 22:56:12.152 | DEBUG    | optimization.store_routes:store_optimized_routes:295 - Stored stop R2_stop6 | name='Faisalabad District' | route=R2
2026-03-29 22:56:13.719 | DEBUG    | optimization.store_routes:reverse_geocode_stop_name:176 - Stop name resolved: (31.5487, 73.1501) → 'Faisalabad Bypass'
2026-03-29 22:56:14.243 | DEBUG    | optimization.store_routes:store_optimized_routes:272 - Assigned seat S7 to student DS0YCp1l3RXIwCBzxzmEzv99Zii1
2026-03-29 22:56:14.776 | DEBUG    | optimization.store_routes:store_optimized_routes:295 - Stored stop R2_stop7 | name='Faisalabad Bypass' | route=R2
2026-03-29 22:56:16.388 | DEBUG    | optimization.store_routes:reverse_geocode_stop_name:176 - Stop name resolved: (31.5276, 73.0552) → 'Faisalabad District'
2026-03-29 22:56:16.967 | DEBUG    | optimization.store_routes:store_optimized_routes:272 - Assigned seat S8 to student NkZ3VPHBNtS3wxSmCjfBkRWPaZQ2
2026-03-29 22:56:17.499 | DEBUG    | optimization.store_routes:store_optimized_routes:295 - Stored stop R2_stop8 | name='Faisalabad District' | route=R2
2026-03-29 22:56:19.450 | DEBUG    | optimization.store_routes:reverse_geocode_stop_name:176 - Stop name resolved: (31.5431, 73.1283) → 'Dialgarh'
2026-03-29 22:56:19.985 | DEBUG    | optimization.store_routes:store_optimized_routes:272 - Assigned seat S9 to student VMbnLGOyDuRi41R8XPG6toeooJt1
2026-03-29 22:56:20.983 | DEBUG    | optimization.store_routes:store_optimized_routes:272 - Assigned seat S10 to student e3D31VgcVrXKjMfjS13MWcxDZgi1
2026-03-29 22:56:21.575 | DEBUG    | optimization.store_routes:store_optimized_routes:295 - Stored stop R2_stop9 | name='Dialgarh' | route=R2
2026-03-29 22:56:23.409 | DEBUG    | optimization.store_routes:reverse_geocode_stop_name:176 - Stop name resolved: (31.4743, 73.1047) → 'Faisalabad District, Faisalabad City Tehsil'
2026-03-29 22:56:23.942 | DEBUG    | optimization.store_routes:store_optimized_routes:272 - Assigned seat S11 to student n5w74mESTuV3BSMbnAo4AqNZ3oT2
2026-03-29 22:56:24.514 | DEBUG    | optimization.store_routes:store_optimized_routes:295 - Stored stop R2_stop10 | name='Faisalabad District, Faisalabad City Tehsil' | route=R2
2026-03-29 22:56:26.307 | DEBUG    | optimization.store_routes:reverse_geocode_stop_name:176 - Stop name resolved: (31.4467, 73.1271) → 'Kashmir Road, Faisalabad City Tehsil'
2026-03-29 22:56:26.847 | DEBUG    | optimization.store_routes:store_optimized_routes:272 - Assigned seat S12 to student GydB2I2Y0Ec14olrl5Hbtm8ziZF3
2026-03-29 22:56:27.387 | DEBUG    | optimization.store_routes:store_optimized_routes:295 - Stored stop R2_stop11 | name='Kashmir Road, Faisalabad City Tehsil' | route=R2
2026-03-29 22:56:28.427 | INFO     | optimization.store_routes:store_optimized_routes:318 - Stored route route_1 (R2): 11 stops, 81.84 km, Fuel Cost: 327372.8 PKR
2026-03-29 22:56:29.333 | INFO     | optimization.tsp_solver:get_road_distance_matrix:38 - ORS matrix computed: 12x12
2026-03-29 22:56:44.335 | INFO     | optimization.tsp_solver:solve_tsp:123 - TSP solved: 11 stops, distance 72708 m, objective 72708
2026-03-29 22:56:44.336 | DEBUG    | optimization.tsp_solver:solve_tsp:124 - Order: ['unknown', 'unknown', 'unknown', 'unknown', 'unknown', 'unknown', 'unknown', 'unknown', 'unknown', 'unknown', 'unknown']
2026-03-29 22:56:44.336 | DEBUG    | optimization.route_generator:generate_route_path:57 - Requesting ORS route with 12 waypoints
2026-03-29 22:56:45.637 | INFO     | optimization.route_generator:generate_route_path:74 - ORS route generated successfully (bug-free)
2026-03-29 22:56:45.639 | INFO     | optimization.route_generator:generate_route_path:75 -   Waypoints: 11 stops → University
2026-03-29 22:56:45.639 | INFO     | optimization.route_generator:generate_route_path:76 -   Distance: 99.05 km
2026-03-29 22:56:45.639 | INFO     | optimization.route_generator:generate_route_path:77 -   Duration: 1.92 h (115 min)
2026-03-29 22:56:45.639 | DEBUG    | optimization.route_generator:generate_route_path:78 - Geometry sample (first 3 & last 3): [[73.051461, 31.369153], [73.051213, 31.36893], [73.050868, 31.368599]] ... [[73.03447, 31.602425], [73.034742, 31.602694], [73.034832, 31.602523]]
2026-03-29 22:56:45.641 | INFO     | optimization.store_routes:compute_fee_per_student:32 - Fee calc: 43223 PKR/student | dist=99.1km | students=11
2026-03-29 22:56:46.229 | DEBUG    | optimization.store_routes:reverse_geocode_stop_name:176 - Stop name resolved: (31.3692, 73.0515) → 'Fatenabad'
2026-03-29 22:56:46.747 | DEBUG    | optimization.store_routes:store_optimized_routes:272 - Assigned seat S1 to student 3CNKLBNknvMId9G9MJ1cVoQjkpw2
2026-03-29 22:56:47.272 | DEBUG    | optimization.store_routes:store_optimized_routes:295 - Stored stop R3_stop1 | name='Fatenabad' | route=R3
2026-03-29 22:56:48.933 | DEBUG    | optimization.store_routes:reverse_geocode_stop_name:176 - Stop name resolved: (31.4001, 73.0127) → 'Faisalabad District, Shadab Colony'
2026-03-29 22:56:49.481 | DEBUG    | optimization.store_routes:store_optimized_routes:272 - Assigned seat S2 to student KbkXVOhtA3hfwjvwsS5w2IIOki93
2026-03-29 22:56:50.001 | DEBUG    | optimization.store_routes:store_optimized_routes:295 - Stored stop R3_stop2 | name='Faisalabad District, Shadab Colony' | route=R3
2026-03-29 22:56:51.800 | DEBUG    | optimization.store_routes:reverse_geocode_stop_name:176 - Stop name resolved: (31.3985, 73.0264) → 'Jhang Road, Partab Nagar'
2026-03-29 22:56:52.319 | DEBUG    | optimization.store_routes:store_optimized_routes:272 - Assigned seat S3 to student WRVMbOeJLLdnIPhcWnncdjhPSjb2
2026-03-29 22:56:52.842 | DEBUG    | optimization.store_routes:store_optimized_routes:295 - Stored stop R3_stop3 | name='Jhang Road, Partab Nagar' | route=R3
2026-03-29 22:56:54.701 | DEBUG    | optimization.store_routes:reverse_geocode_stop_name:176 - Stop name resolved: (31.4193, 73.0416) → 'Bakar Mandi Road, Faisalabad City Tehsil'
2026-03-29 22:56:55.241 | DEBUG    | optimization.store_routes:store_optimized_routes:272 - Assigned seat S4 to student SOWTJArpcRRKPC0v7cWYW0XJk6v1
2026-03-29 22:56:55.781 | DEBUG    | optimization.store_routes:store_optimized_routes:295 - Stored stop R3_stop4 | name='Bakar Mandi Road, Faisalabad City Tehsil' | route=R3
2026-03-29 22:56:57.372 | DEBUG    | optimization.store_routes:reverse_geocode_stop_name:176 - Stop name resolved: (31.4773, 73.0052) → 'Faisalabad District'
2026-03-29 22:56:57.899 | DEBUG    | optimization.store_routes:store_optimized_routes:272 - Assigned seat S5 to student shSuBEXnw4TLpoUGH1D5uwg8QKr1
2026-03-29 22:56:58.427 | DEBUG    | optimization.store_routes:store_optimized_routes:295 - Stored stop R3_stop5 | name='Faisalabad District' | route=R3
2026-03-29 22:57:00.264 | DEBUG    | optimization.store_routes:reverse_geocode_stop_name:176 - Stop name resolved: (31.4601, 73.0666) → 'Faisalabad District, Faisalabad City Tehsil'
2026-03-29 22:57:00.791 | DEBUG    | optimization.store_routes:store_optimized_routes:272 - Assigned seat S6 to student bvudy4BMDIZ3KxtxPyHvDJd3rjf2
2026-03-29 22:57:01.315 | DEBUG    | optimization.store_routes:store_optimized_routes:295 - Stored stop R3_stop6 | name='Faisalabad District, Faisalabad City Tehsil' | route=R3
2026-03-29 22:57:03.097 | DEBUG    | optimization.store_routes:reverse_geocode_stop_name:176 - Stop name resolved: (31.4061, 73.1115) → 'Faisalabad District, Faisalabad City Tehsil'
2026-03-29 22:57:03.611 | DEBUG    | optimization.store_routes:store_optimized_routes:272 - Assigned seat S7 to student rtsUd2Aeg0W2HTpXZhrpSlqMhdL2
2026-03-29 22:57:04.140 | DEBUG    | optimization.store_routes:store_optimized_routes:295 - Stored stop R3_stop7 | name='Faisalabad District, Faisalabad City Tehsil' | route=R3
2026-03-29 22:57:05.741 | DEBUG    | optimization.store_routes:reverse_geocode_stop_name:176 - Stop name resolved: (31.4052, 73.0874) → 'Itthad Road, Faisalabad City Tehsil'
2026-03-29 22:57:06.297 | DEBUG    | optimization.store_routes:store_optimized_routes:272 - Assigned seat S8 to student x2LmEXZ95YfrQpxSQgrBTDTWbk83
2026-03-29 22:57:06.820 | DEBUG    | optimization.store_routes:store_optimized_routes:295 - Stored stop R3_stop8 | name='Itthad Road, Faisalabad City Tehsil' | route=R3
2026-03-29 22:57:08.654 | DEBUG    | optimization.store_routes:reverse_geocode_stop_name:176 - Stop name resolved: (31.3836, 73.0641) → 'Faisalabad District, Nowaban Wala'
2026-03-29 22:57:09.648 | DEBUG    | optimization.store_routes:store_optimized_routes:272 - Assigned seat S9 to student GBGXh21H2VefIT4NkSWu8FQldkF3
2026-03-29 22:57:10.185 | DEBUG    | optimization.store_routes:store_optimized_routes:295 - Stored stop R3_stop9 | name='Faisalabad District, Nowaban Wala' | route=R3
2026-03-29 22:57:11.840 | DEBUG    | optimization.store_routes:reverse_geocode_stop_name:176 - Stop name resolved: (31.3304, 73.0696) → 'Four Seasons Housing'
2026-03-29 22:57:12.356 | DEBUG    | optimization.store_routes:store_optimized_routes:272 - Assigned seat S10 to student I6aLScqZSSeAF3ug6jDkoPrt6g23
2026-03-29 22:57:12.884 | DEBUG    | optimization.store_routes:store_optimized_routes:295 - Stored stop R3_stop10 | name='Four Seasons Housing' | route=R3
2026-03-29 22:57:14.666 | DEBUG    | optimization.store_routes:reverse_geocode_stop_name:176 - Stop name resolved: (31.3447, 73.0586) → 'Four Seasons Housing'
2026-03-29 22:57:15.191 | DEBUG    | optimization.store_routes:store_optimized_routes:272 - Assigned seat S11 to student VItoVj8ml0ZAMdLtqGCBxaDdkWj1
2026-03-29 22:57:15.718 | DEBUG    | optimization.store_routes:store_optimized_routes:295 - Stored stop R3_stop11 | name='Four Seasons Housing' | route=R3
2026-03-29 22:57:16.974 | INFO     | optimization.store_routes:store_optimized_routes:318 - Stored route route_2 (R3): 11 stops, 99.05 km, Fuel Cost: 396205.2 PKR
2026-03-29 22:57:16.974 | INFO     | optimization.store_routes:store_optimized_routes:324 - Back-filling route_id on 28 stops + students...
2026-03-29 22:57:32.030 | DEBUG    | optimization.store_routes:store_optimized_routes:353 - Final batch: 58 writes
2026-03-29 22:57:32.031 | INFO     | optimization.store_routes:store_optimized_routes:356 - Phase 3: Storing per-student fees...
2026-03-29 22:57:32.825 | INFO     | optimization.store_routes:compute_fee_per_student:32 - Fee calc: 40410 PKR/student | dist=58.9km | students=7
2026-03-29 22:57:33.345 | DEBUG    | optimization.store_routes:store_optimized_routes:393 - Stored fee for 61fbjUraIhPuzNx8BY68aYewSG02: 40410 PKR
2026-03-29 22:57:33.859 | DEBUG    | optimization.store_routes:store_optimized_routes:393 - Stored fee for KSn42uZ4dDaMueZxSsk9yyYYMbU2: 40410 PKR
2026-03-29 22:57:34.366 | DEBUG    | optimization.store_routes:store_optimized_routes:393 - Stored fee for SF9XoWomQLQm1mkqTnpp8bDSyxG3: 40410 PKR
2026-03-29 22:57:34.887 | DEBUG    | optimization.store_routes:store_optimized_routes:393 - Stored fee for Os55fn9jigeXpNaUlGTOSD1kzUH3: 40410 PKR
2026-03-29 22:57:35.399 | DEBUG    | optimization.store_routes:store_optimized_routes:393 - Stored fee for XmlYR1ejNvTp0enFtavXMQRl9l62: 40410 PKR
2026-03-29 22:57:35.921 | DEBUG    | optimization.store_routes:store_optimized_routes:393 - Stored fee for XuCFaAxIj3RH4cDaJKu6xmWSwfi1: 40410 PKR
2026-03-29 22:57:36.682 | DEBUG    | optimization.store_routes:store_optimized_routes:393 - Stored fee for vjz604g8oKerN5zBKZ7mU7mG2M03: 40410 PKR
2026-03-29 22:57:37.681 | INFO     | optimization.store_routes:compute_fee_per_student:32 - Fee calc: 32736 PKR/student | dist=81.8km | students=12
2026-03-29 22:57:38.185 | DEBUG    | optimization.store_routes:store_optimized_routes:393 - Stored fee for 7DxKX1nW4ZdeWHKXM2Vf5OIfGvr1: 32736 PKR
2026-03-29 22:57:38.968 | DEBUG    | optimization.store_routes:store_optimized_routes:393 - Stored fee for DS0YCp1l3RXIwCBzxzmEzv99Zii1: 32736 PKR
2026-03-29 22:57:39.485 | DEBUG    | optimization.store_routes:store_optimized_routes:393 - Stored fee for GydB2I2Y0Ec14olrl5Hbtm8ziZF3: 32736 PKR
2026-03-29 22:57:40.015 | DEBUG    | optimization.store_routes:store_optimized_routes:393 - Stored fee for NkZ3VPHBNtS3wxSmCjfBkRWPaZQ2: 32736 PKR
2026-03-29 22:57:40.544 | DEBUG    | optimization.store_routes:store_optimized_routes:393 - Stored fee for SXxBaOHsDPhcbAy5QSfe0NZxZM83: 32736 PKR
2026-03-29 22:57:41.062 | DEBUG    | optimization.store_routes:store_optimized_routes:393 - Stored fee for UpNOyWoNcXaW1O5jadyyddeniWj2: 32736 PKR
2026-03-29 22:57:41.671 | DEBUG    | optimization.store_routes:store_optimized_routes:393 - Stored fee for VMbnLGOyDuRi41R8XPG6toeooJt1: 32736 PKR
2026-03-29 22:57:42.287 | DEBUG    | optimization.store_routes:store_optimized_routes:393 - Stored fee for e3D31VgcVrXKjMfjS13MWcxDZgi1: 32736 PKR
2026-03-29 22:57:42.976 | DEBUG    | optimization.store_routes:store_optimized_routes:393 - Stored fee for n5w74mESTuV3BSMbnAo4AqNZ3oT2: 32736 PKR
2026-03-29 22:57:43.854 | DEBUG    | optimization.store_routes:store_optimized_routes:393 - Stored fee for qwxNS37KPQSeME1Rb86ZDMnXjYX2: 32736 PKR
2026-03-29 22:57:44.383 | DEBUG    | optimization.store_routes:store_optimized_routes:393 - Stored fee for unEE7hJDp7cMFEu2M568RmrtWRq2: 32736 PKR
2026-03-29 22:57:44.903 | DEBUG    | optimization.store_routes:store_optimized_routes:393 - Stored fee for vQHRPPdjWmTjASjEQvAqjzPhHdm2: 32736 PKR
2026-03-29 22:57:45.926 | INFO     | optimization.store_routes:compute_fee_per_student:32 - Fee calc: 43222 PKR/student | dist=99.0km | students=11
2026-03-29 22:57:46.431 | DEBUG    | optimization.store_routes:store_optimized_routes:393 - Stored fee for 3CNKLBNknvMId9G9MJ1cVoQjkpw2: 43222 PKR
2026-03-29 22:57:46.962 | DEBUG    | optimization.store_routes:store_optimized_routes:393 - Stored fee for GBGXh21H2VefIT4NkSWu8FQldkF3: 43222 PKR
2026-03-29 22:57:47.481 | DEBUG    | optimization.store_routes:store_optimized_routes:393 - Stored fee for I6aLScqZSSeAF3ug6jDkoPrt6g23: 43222 PKR
2026-03-29 22:57:47.999 | DEBUG    | optimization.store_routes:store_optimized_routes:393 - Stored fee for KbkXVOhtA3hfwjvwsS5w2IIOki93: 43222 PKR
2026-03-29 22:57:48.516 | DEBUG    | optimization.store_routes:store_optimized_routes:393 - Stored fee for SOWTJArpcRRKPC0v7cWYW0XJk6v1: 43222 PKR
2026-03-29 22:57:49.025 | DEBUG    | optimization.store_routes:store_optimized_routes:393 - Stored fee for VItoVj8ml0ZAMdLtqGCBxaDdkWj1: 43222 PKR
2026-03-29 22:57:49.534 | DEBUG    | optimization.store_routes:store_optimized_routes:393 - Stored fee for WRVMbOeJLLdnIPhcWnncdjhPSjb2: 43222 PKR
2026-03-29 22:57:50.044 | DEBUG    | optimization.store_routes:store_optimized_routes:393 - Stored fee for bvudy4BMDIZ3KxtxPyHvDJd3rjf2: 43222 PKR
2026-03-29 22:57:50.563 | DEBUG    | optimization.store_routes:store_optimized_routes:393 - Stored fee for rtsUd2Aeg0W2HTpXZhrpSlqMhdL2: 43222 PKR
2026-03-29 22:57:51.069 | DEBUG    | optimization.store_routes:store_optimized_routes:393 - Stored fee for shSuBEXnw4TLpoUGH1D5uwg8QKr1: 43222 PKR
2026-03-29 22:57:51.583 | DEBUG    | optimization.store_routes:store_optimized_routes:393 - Stored fee for x2LmEXZ95YfrQpxSQgrBTDTWbk83: 43222 PKR
2026-03-29 22:57:51.583 | INFO     | optimization.store_routes:store_optimized_routes:395 - Phase 3 complete: 30 fee records stored
2026-03-29 22:57:51.583 | INFO     | optimization.store_routes:store_optimized_routes:398 - Final step: Updating registration_status to 'successful' for all processed students...
2026-03-29 22:57:52.187 | INFO     | optimization.store_routes:store_optimized_routes:422 - Updated 30 students to 'successful' registration status.
2026-03-29 22:57:52.190 | INFO     | optimization.store_routes:store_optimized_routes:425 - Overall done: 3 routes | 28 stops | 30 fees
2026-03-29 22:57:53.944 | INFO     | optimization.tsp_solver:get_road_distance_matrix:38 - ORS matrix computed: 7x7
2026-03-29 22:58:08.947 | INFO     | optimization.tsp_solver:solve_tsp:123 - TSP solved: 6 stops, distance 33064 m, objective 33064
2026-03-29 22:58:08.949 | DEBUG    | optimization.tsp_solver:solve_tsp:124 - Order: ['unknown', 'unknown', 'unknown', 'unknown', 'unknown', 'unknown']
2026-03-29 22:58:08.950 | DEBUG    | optimization.route_generator:generate_route_path:57 - Requesting ORS route with 7 waypoints
2026-03-29 22:58:10.322 | INFO     | optimization.route_generator:generate_route_path:74 - ORS route generated successfully (bug-free)
2026-03-29 22:58:10.333 | INFO     | optimization.route_generator:generate_route_path:75 -   Waypoints: 6 stops → University
2026-03-29 22:58:10.335 | INFO     | optimization.route_generator:generate_route_path:76 -   Distance: 58.93 km
2026-03-29 22:58:10.343 | INFO     | optimization.route_generator:generate_route_path:77 -   Duration: 1.20 h (72 min)
2026-03-29 22:58:10.343 | DEBUG    | optimization.route_generator:generate_route_path:78 - Geometry sample (first 3 & last 3): [[73.157798, 31.378719], [73.16044, 31.376661], [73.161875, 31.375597]] ... [[73.03447, 31.602425], [73.034742, 31.602694], [73.034832, 31.602523]]
2026-03-29 22:58:10.345 | INFO     | optimization.store_routes:compute_fee_per_student:32 - Fee calc: 40412 PKR/student | dist=58.9km | students=7
2026-03-29 22:58:12.641 | DEBUG    | optimization.store_routes:reverse_geocode_stop_name:176 - Stop name resolved: (31.3787, 73.1578) → 'Punjab Social Security Housing Colony'
2026-03-29 22:58:13.163 | DEBUG    | optimization.store_routes:store_optimized_routes:502 - Assigned seat S1 to student 61fbjUraIhPuzNx8BY68aYewSG02
2026-03-29 22:58:13.689 | DEBUG    | optimization.store_routes:store_optimized_routes:528 - Stored stop R1_stop1 | name='Punjab Social Security Housing Colony' | route=R1
2026-03-29 22:58:15.029 | DEBUG    | optimization.store_routes:reverse_geocode_stop_name:176 - Stop name resolved: (31.3907, 73.1897) → 'Karar Wala'
2026-03-29 22:58:15.557 | DEBUG    | optimization.store_routes:store_optimized_routes:502 - Assigned seat S2 to student vjz604g8oKerN5zBKZ7mU7mG2M03
2026-03-29 22:58:16.081 | DEBUG    | optimization.store_routes:store_optimized_routes:528 - Stored stop R1_stop2 | name='Karar Wala' | route=R1
2026-03-29 22:58:17.433 | DEBUG    | optimization.store_routes:reverse_geocode_stop_name:176 - Stop name resolved: (31.3414, 73.1852) → 'Khojewala'
2026-03-29 22:58:17.949 | DEBUG    | optimization.store_routes:store_optimized_routes:502 - Assigned seat S3 to student KSn42uZ4dDaMueZxSsk9yyYYMbU2
2026-03-29 22:58:18.474 | DEBUG    | optimization.store_routes:store_optimized_routes:502 - Assigned seat S4 to student SF9XoWomQLQm1mkqTnpp8bDSyxG3
2026-03-29 22:58:18.987 | DEBUG    | optimization.store_routes:store_optimized_routes:528 - Stored stop R1_stop3 | name='Khojewala' | route=R1
2026-03-29 22:58:20.339 | DEBUG    | optimization.store_routes:reverse_geocode_stop_name:176 - Stop name resolved: (31.3190, 73.1756) → 'Faialabad - chak 363 G.B Road'
2026-03-29 22:58:20.870 | DEBUG    | optimization.store_routes:store_optimized_routes:502 - Assigned seat S5 to student XmlYR1ejNvTp0enFtavXMQRl9l62
2026-03-29 22:58:21.500 | DEBUG    | optimization.store_routes:store_optimized_routes:528 - Stored stop R1_stop4 | name='Faialabad - chak 363 G.B Road' | route=R1
2026-03-29 22:58:22.843 | DEBUG    | optimization.store_routes:reverse_geocode_stop_name:176 - Stop name resolved: (31.3282, 73.1302) → 'Faisalabad ByPass'
2026-03-29 22:58:23.371 | DEBUG    | optimization.store_routes:store_optimized_routes:502 - Assigned seat S6 to student Os55fn9jigeXpNaUlGTOSD1kzUH3
2026-03-29 22:58:23.905 | DEBUG    | optimization.store_routes:store_optimized_routes:528 - Stored stop R1_stop5 | name='Faisalabad ByPass' | route=R1
2026-03-29 22:58:25.525 | DEBUG    | optimization.store_routes:reverse_geocode_stop_name:176 - Stop name resolved: (31.3558, 73.1451) → 'Satiana Road'
2026-03-29 22:58:26.072 | DEBUG    | optimization.store_routes:store_optimized_routes:502 - Assigned seat S7 to student XuCFaAxIj3RH4cDaJKu6xmWSwfi1
2026-03-29 22:58:26.605 | DEBUG    | optimization.store_routes:store_optimized_routes:528 - Stored stop R1_stop6 | name='Satiana Road' | route=R1
2026-03-29 22:58:27.436 | INFO     | optimization.store_routes:store_optimized_routes:553 - Stored route route_0 (R1): 6 stops, 58.93 km
2026-03-29 22:58:28.400 | INFO     | optimization.tsp_solver:get_road_distance_matrix:38 - ORS matrix computed: 12x12
2026-03-29 22:58:43.402 | INFO     | optimization.tsp_solver:solve_tsp:123 - TSP solved: 11 stops, distance 60287 m, objective 60287
2026-03-29 22:58:43.403 | DEBUG    | optimization.tsp_solver:solve_tsp:124 - Order: ['unknown', 'unknown', 'unknown', 'unknown', 'unknown', 'unknown', 'unknown', 'unknown', 'unknown', 'unknown', 'unknown']
2026-03-29 22:58:43.403 | DEBUG    | optimization.route_generator:generate_route_path:57 - Requesting ORS route with 12 waypoints
2026-03-29 22:58:44.435 | INFO     | optimization.route_generator:generate_route_path:74 - ORS route generated successfully (bug-free)
2026-03-29 22:58:44.435 | INFO     | optimization.route_generator:generate_route_path:75 -   Waypoints: 11 stops → University
2026-03-29 22:58:44.435 | INFO     | optimization.route_generator:generate_route_path:76 -   Distance: 81.84 km
2026-03-29 22:58:44.436 | INFO     | optimization.route_generator:generate_route_path:77 -   Duration: 1.68 h (101 min)
2026-03-29 22:58:44.436 | DEBUG    | optimization.route_generator:generate_route_path:78 - Geometry sample (first 3 & last 3): [[73.14081, 31.445769], [73.14365, 31.447906], [73.145117, 31.448895]] ... [[73.03447, 31.602425], [73.034742, 31.602694], [73.034832, 31.602523]]
2026-03-29 22:58:44.437 | INFO     | optimization.store_routes:compute_fee_per_student:32 - Fee calc: 32738 PKR/student | dist=81.8km | students=12
2026-03-29 22:58:44.757 | DEBUG    | optimization.store_routes:reverse_geocode_stop_name:176 - Stop name resolved: (31.4458, 73.1408) → 'West Canal Expressway, Faisalabad City Tehsil'
2026-03-29 22:58:45.759 | DEBUG    | optimization.store_routes:store_optimized_routes:502 - Assigned seat S1 to student 7DxKX1nW4ZdeWHKXM2Vf5OIfGvr1
2026-03-29 22:58:46.276 | DEBUG    | optimization.store_routes:store_optimized_routes:528 - Stored stop R2_stop1 | name='West Canal Expressway, Faisalabad City Tehsil' | route=R2
2026-03-29 22:58:47.643 | DEBUG    | optimization.store_routes:reverse_geocode_stop_name:176 - Stop name resolved: (31.4641, 73.1683) → 'Faisal Gardens, Faisalabad City Tehsil'
2026-03-29 22:58:48.155 | DEBUG    | optimization.store_routes:store_optimized_routes:502 - Assigned seat S2 to student UpNOyWoNcXaW1O5jadyyddeniWj2
2026-03-29 22:58:48.680 | DEBUG    | optimization.store_routes:store_optimized_routes:528 - Stored stop R2_stop2 | name='Faisal Gardens, Faisalabad City Tehsil' | route=R2
2026-03-29 22:58:50.101 | DEBUG    | optimization.store_routes:reverse_geocode_stop_name:176 - Stop name resolved: (31.4694, 73.1601) → 'Faisalabad District, Faisalabad City Tehsil'
2026-03-29 22:58:50.612 | DEBUG    | optimization.store_routes:store_optimized_routes:502 - Assigned seat S3 to student qwxNS37KPQSeME1Rb86ZDMnXjYX2
2026-03-29 22:58:51.186 | DEBUG    | optimization.store_routes:store_optimized_routes:528 - Stored stop R2_stop3 | name='Faisalabad District, Faisalabad City Tehsil' | route=R2
2026-03-29 22:58:52.510 | DEBUG    | optimization.store_routes:reverse_geocode_stop_name:176 - Stop name resolved: (31.4767, 73.1677) → 'Faisalabad District'
2026-03-29 22:58:53.029 | DEBUG    | optimization.store_routes:store_optimized_routes:502 - Assigned seat S4 to student unEE7hJDp7cMFEu2M568RmrtWRq2
2026-03-29 22:58:53.548 | DEBUG    | optimization.store_routes:store_optimized_routes:528 - Stored stop R2_stop4 | name='Faisalabad District' | route=R2
2026-03-29 22:58:54.899 | DEBUG    | optimization.store_routes:reverse_geocode_stop_name:176 - Stop name resolved: (31.5041, 73.1584) → 'Faisalabad District'
2026-03-29 22:58:55.458 | DEBUG    | optimization.store_routes:store_optimized_routes:502 - Assigned seat S5 to student vQHRPPdjWmTjASjEQvAqjzPhHdm2
2026-03-29 22:58:55.972 | DEBUG    | optimization.store_routes:store_optimized_routes:528 - Stored stop R2_stop5 | name='Faisalabad District' | route=R2
2026-03-29 22:58:57.436 | DEBUG    | optimization.store_routes:reverse_geocode_stop_name:176 - Stop name resolved: (31.5101, 73.1504) → 'Faisalabad District'
2026-03-29 22:58:57.956 | DEBUG    | optimization.store_routes:store_optimized_routes:502 - Assigned seat S6 to student SXxBaOHsDPhcbAy5QSfe0NZxZM83
2026-03-29 22:58:58.481 | DEBUG    | optimization.store_routes:store_optimized_routes:528 - Stored stop R2_stop6 | name='Faisalabad District' | route=R2
2026-03-29 22:58:59.817 | DEBUG    | optimization.store_routes:reverse_geocode_stop_name:176 - Stop name resolved: (31.5487, 73.1501) → 'Faisalabad Bypass'
2026-03-29 22:59:00.341 | DEBUG    | optimization.store_routes:store_optimized_routes:502 - Assigned seat S7 to student DS0YCp1l3RXIwCBzxzmEzv99Zii1
2026-03-29 22:59:00.855 | DEBUG    | optimization.store_routes:store_optimized_routes:528 - Stored stop R2_stop7 | name='Faisalabad Bypass' | route=R2
2026-03-29 22:59:02.206 | DEBUG    | optimization.store_routes:reverse_geocode_stop_name:176 - Stop name resolved: (31.5276, 73.0552) → 'Faisalabad District'
2026-03-29 22:59:02.721 | DEBUG    | optimization.store_routes:store_optimized_routes:502 - Assigned seat S8 to student NkZ3VPHBNtS3wxSmCjfBkRWPaZQ2
2026-03-29 22:59:03.240 | DEBUG    | optimization.store_routes:store_optimized_routes:528 - Stored stop R2_stop8 | name='Faisalabad District' | route=R2
2026-03-29 22:59:04.557 | DEBUG    | optimization.store_routes:reverse_geocode_stop_name:176 - Stop name resolved: (31.5431, 73.1283) → 'Dialgarh'
2026-03-29 22:59:05.082 | DEBUG    | optimization.store_routes:store_optimized_routes:502 - Assigned seat S9 to student VMbnLGOyDuRi41R8XPG6toeooJt1
2026-03-29 22:59:05.601 | DEBUG    | optimization.store_routes:store_optimized_routes:502 - Assigned seat S10 to student e3D31VgcVrXKjMfjS13MWcxDZgi1
2026-03-29 22:59:06.120 | DEBUG    | optimization.store_routes:store_optimized_routes:528 - Stored stop R2_stop9 | name='Dialgarh' | route=R2
2026-03-29 22:59:07.457 | DEBUG    | optimization.store_routes:reverse_geocode_stop_name:176 - Stop name resolved: (31.4743, 73.1047) → 'Faisalabad District, Faisalabad City Tehsil'
2026-03-29 22:59:07.976 | DEBUG    | optimization.store_routes:store_optimized_routes:502 - Assigned seat S11 to student n5w74mESTuV3BSMbnAo4AqNZ3oT2
2026-03-29 22:59:08.488 | DEBUG    | optimization.store_routes:store_optimized_routes:528 - Stored stop R2_stop10 | name='Faisalabad District, Faisalabad City Tehsil' | route=R2
2026-03-29 22:59:09.807 | DEBUG    | optimization.store_routes:reverse_geocode_stop_name:176 - Stop name resolved: (31.4467, 73.1271) → 'Kashmir Road, Faisalabad City Tehsil'
2026-03-29 22:59:10.783 | DEBUG    | optimization.store_routes:store_optimized_routes:502 - Assigned seat S12 to student GydB2I2Y0Ec14olrl5Hbtm8ziZF3
2026-03-29 22:59:11.303 | DEBUG    | optimization.store_routes:store_optimized_routes:528 - Stored stop R2_stop11 | name='Kashmir Road, Faisalabad City Tehsil' | route=R2
2026-03-29 22:59:12.165 | INFO     | optimization.store_routes:store_optimized_routes:553 - Stored route route_1 (R2): 11 stops, 81.84 km
2026-03-29 22:59:13.298 | INFO     | optimization.tsp_solver:get_road_distance_matrix:38 - ORS matrix computed: 12x12
2026-03-29 22:59:28.301 | INFO     | optimization.tsp_solver:solve_tsp:123 - TSP solved: 11 stops, distance 72708 m, objective 72708
2026-03-29 22:59:28.302 | DEBUG    | optimization.tsp_solver:solve_tsp:124 - Order: ['unknown', 'unknown', 'unknown', 'unknown', 'unknown', 'unknown', 'unknown', 'unknown', 'unknown', 'unknown', 'unknown']
2026-03-29 22:59:28.302 | DEBUG    | optimization.route_generator:generate_route_path:57 - Requesting ORS route with 12 waypoints
2026-03-29 22:59:29.552 | INFO     | optimization.route_generator:generate_route_path:74 - ORS route generated successfully (bug-free)
2026-03-29 22:59:29.552 | INFO     | optimization.route_generator:generate_route_path:75 -   Waypoints: 11 stops → University
2026-03-29 22:59:29.552 | INFO     | optimization.route_generator:generate_route_path:76 -   Distance: 99.05 km
2026-03-29 22:59:29.552 | INFO     | optimization.route_generator:generate_route_path:77 -   Duration: 1.92 h (115 min)
2026-03-29 22:59:29.553 | DEBUG    | optimization.route_generator:generate_route_path:78 - Geometry sample (first 3 & last 3): [[73.051461, 31.369153], [73.051213, 31.36893], [73.050868, 31.368599]] ... [[73.03447, 31.602425], [73.034742, 31.602694], [73.034832, 31.602523]]
2026-03-29 22:59:29.554 | INFO     | optimization.store_routes:compute_fee_per_student:32 - Fee calc: 43223 PKR/student | dist=99.1km | students=11
2026-03-29 22:59:29.901 | DEBUG    | optimization.store_routes:reverse_geocode_stop_name:176 - Stop name resolved: (31.3692, 73.0515) → 'Fatenabad'
2026-03-29 22:59:30.426 | DEBUG    | optimization.store_routes:store_optimized_routes:502 - Assigned seat S1 to student 3CNKLBNknvMId9G9MJ1cVoQjkpw2
2026-03-29 22:59:30.951 | DEBUG    | optimization.store_routes:store_optimized_routes:528 - Stored stop R3_stop1 | name='Fatenabad' | route=R3
2026-03-29 22:59:32.394 | DEBUG    | optimization.store_routes:reverse_geocode_stop_name:176 - Stop name resolved: (31.4001, 73.0127) → 'Faisalabad District, Shadab Colony'
2026-03-29 22:59:32.924 | DEBUG    | optimization.store_routes:store_optimized_routes:502 - Assigned seat S2 to student KbkXVOhtA3hfwjvwsS5w2IIOki93
2026-03-29 22:59:33.457 | DEBUG    | optimization.store_routes:store_optimized_routes:528 - Stored stop R3_stop2 | name='Faisalabad District, Shadab Colony' | route=R3
2026-03-29 22:59:34.816 | DEBUG    | optimization.store_routes:reverse_geocode_stop_name:176 - Stop name resolved: (31.3985, 73.0264) → 'Jhang Road, Partab Nagar'
2026-03-29 22:59:35.341 | DEBUG    | optimization.store_routes:store_optimized_routes:502 - Assigned seat S3 to student WRVMbOeJLLdnIPhcWnncdjhPSjb2
2026-03-29 22:59:35.859 | DEBUG    | optimization.store_routes:store_optimized_routes:528 - Stored stop R3_stop3 | name='Jhang Road, Partab Nagar' | route=R3
2026-03-29 22:59:37.194 | DEBUG    | optimization.store_routes:reverse_geocode_stop_name:176 - Stop name resolved: (31.4193, 73.0416) → 'Bakar Mandi Road, Faisalabad City Tehsil'
2026-03-29 22:59:37.723 | DEBUG    | optimization.store_routes:store_optimized_routes:502 - Assigned seat S4 to student SOWTJArpcRRKPC0v7cWYW0XJk6v1
2026-03-29 22:59:38.237 | DEBUG    | optimization.store_routes:store_optimized_routes:528 - Stored stop R3_stop4 | name='Bakar Mandi Road, Faisalabad City Tehsil' | route=R3
2026-03-29 22:59:39.537 | DEBUG    | optimization.store_routes:reverse_geocode_stop_name:176 - Stop name resolved: (31.4773, 73.0052) → 'Faisalabad District'
2026-03-29 22:59:40.051 | DEBUG    | optimization.store_routes:store_optimized_routes:502 - Assigned seat S5 to student shSuBEXnw4TLpoUGH1D5uwg8QKr1
2026-03-29 22:59:40.574 | DEBUG    | optimization.store_routes:store_optimized_routes:528 - Stored stop R3_stop5 | name='Faisalabad District' | route=R3
2026-03-29 22:59:41.900 | DEBUG    | optimization.store_routes:reverse_geocode_stop_name:176 - Stop name resolved: (31.4601, 73.0666) → 'Faisalabad District, Faisalabad City Tehsil'
2026-03-29 22:59:42.430 | DEBUG    | optimization.store_routes:store_optimized_routes:502 - Assigned seat S6 to student bvudy4BMDIZ3KxtxPyHvDJd3rjf2
2026-03-29 22:59:42.939 | DEBUG    | optimization.store_routes:store_optimized_routes:528 - Stored stop R3_stop6 | name='Faisalabad District, Faisalabad City Tehsil' | route=R3
2026-03-29 22:59:44.274 | DEBUG    | optimization.store_routes:reverse_geocode_stop_name:176 - Stop name resolved: (31.4061, 73.1115) → 'Faisalabad District, Faisalabad City Tehsil'
2026-03-29 22:59:44.787 | DEBUG    | optimization.store_routes:store_optimized_routes:502 - Assigned seat S7 to student rtsUd2Aeg0W2HTpXZhrpSlqMhdL2
2026-03-29 22:59:45.299 | DEBUG    | optimization.store_routes:store_optimized_routes:528 - Stored stop R3_stop7 | name='Faisalabad District, Faisalabad City Tehsil' | route=R3
2026-03-29 22:59:46.644 | DEBUG    | optimization.store_routes:reverse_geocode_stop_name:176 - Stop name resolved: (31.4052, 73.0874) → 'Itthad Road, Faisalabad City Tehsil'
2026-03-29 22:59:47.171 | DEBUG    | optimization.store_routes:store_optimized_routes:502 - Assigned seat S8 to student x2LmEXZ95YfrQpxSQgrBTDTWbk83
2026-03-29 22:59:47.695 | DEBUG    | optimization.store_routes:store_optimized_routes:528 - Stored stop R3_stop8 | name='Itthad Road, Faisalabad City Tehsil' | route=R3
2026-03-29 22:59:49.033 | DEBUG    | optimization.store_routes:reverse_geocode_stop_name:176 - Stop name resolved: (31.3836, 73.0641) → 'Faisalabad District, Nowaban Wala'
2026-03-29 22:59:49.553 | DEBUG    | optimization.store_routes:store_optimized_routes:502 - Assigned seat S9 to student GBGXh21H2VefIT4NkSWu8FQldkF3
2026-03-29 22:59:50.089 | DEBUG    | optimization.store_routes:store_optimized_routes:528 - Stored stop R3_stop9 | name='Faisalabad District, Nowaban Wala' | route=R3
2026-03-29 22:59:51.500 | DEBUG    | optimization.store_routes:reverse_geocode_stop_name:176 - Stop name resolved: (31.3304, 73.0696) → 'Four Seasons Housing'
2026-03-29 22:59:52.055 | DEBUG    | optimization.store_routes:store_optimized_routes:502 - Assigned seat S10 to student I6aLScqZSSeAF3ug6jDkoPrt6g23
2026-03-29 22:59:52.585 | DEBUG    | optimization.store_routes:store_optimized_routes:528 - Stored stop R3_stop10 | name='Four Seasons Housing' | route=R3
2026-03-29 22:59:53.985 | DEBUG    | optimization.store_routes:reverse_geocode_stop_name:176 - Stop name resolved: (31.3447, 73.0586) → 'Four Seasons Housing'
2026-03-29 22:59:54.510 | DEBUG    | optimization.store_routes:store_optimized_routes:502 - Assigned seat S11 to student VItoVj8ml0ZAMdLtqGCBxaDdkWj1
2026-03-29 22:59:55.024 | DEBUG    | optimization.store_routes:store_optimized_routes:528 - Stored stop R3_stop11 | name='Four Seasons Housing' | route=R3
2026-03-29 22:59:56.284 | INFO     | optimization.store_routes:store_optimized_routes:553 - Stored route route_2 (R3): 11 stops, 99.05 km
2026-03-29 22:59:56.284 | INFO     | optimization.store_routes:store_optimized_routes:559 - Back-filling route_id on 28 stops + students...
2026-03-29 23:00:11.257 | DEBUG    | optimization.store_routes:store_optimized_routes:590 - Final batch: 58 writes
2026-03-29 23:00:11.258 | INFO     | optimization.store_routes:store_optimized_routes:593 - Phase 3: Storing per-student fees...
2026-03-29 23:00:12.040 | INFO     | optimization.store_routes:compute_fee_per_student:32 - Fee calc: 40410 PKR/student | dist=58.9km | students=7
2026-03-29 23:00:12.569 | DEBUG    | optimization.store_routes:store_optimized_routes:633 - Stored fee for 61fbjUraIhPuzNx8BY68aYewSG02: 40410 PKR
2026-03-29 23:00:13.087 | DEBUG    | optimization.store_routes:store_optimized_routes:633 - Stored fee for KSn42uZ4dDaMueZxSsk9yyYYMbU2: 40410 PKR
2026-03-29 23:00:13.613 | DEBUG    | optimization.store_routes:store_optimized_routes:633 - Stored fee for SF9XoWomQLQm1mkqTnpp8bDSyxG3: 40410 PKR
2026-03-29 23:00:14.131 | DEBUG    | optimization.store_routes:store_optimized_routes:633 - Stored fee for Os55fn9jigeXpNaUlGTOSD1kzUH3: 40410 PKR
2026-03-29 23:00:14.649 | DEBUG    | optimization.store_routes:store_optimized_routes:633 - Stored fee for XmlYR1ejNvTp0enFtavXMQRl9l62: 40410 PKR
2026-03-29 23:00:15.163 | DEBUG    | optimization.store_routes:store_optimized_routes:633 - Stored fee for XuCFaAxIj3RH4cDaJKu6xmWSwfi1: 40410 PKR
2026-03-29 23:00:15.676 | DEBUG    | optimization.store_routes:store_optimized_routes:633 - Stored fee for vjz604g8oKerN5zBKZ7mU7mG2M03: 40410 PKR
2026-03-29 23:00:16.691 | INFO     | optimization.store_routes:compute_fee_per_student:32 - Fee calc: 32736 PKR/student | dist=81.8km | students=12
2026-03-29 23:00:17.221 | DEBUG    | optimization.store_routes:store_optimized_routes:633 - Stored fee for 7DxKX1nW4ZdeWHKXM2Vf5OIfGvr1: 32736 PKR
2026-03-29 23:00:17.763 | DEBUG    | optimization.store_routes:store_optimized_routes:633 - Stored fee for DS0YCp1l3RXIwCBzxzmEzv99Zii1: 32736 PKR
2026-03-29 23:00:18.278 | DEBUG    | optimization.store_routes:store_optimized_routes:633 - Stored fee for GydB2I2Y0Ec14olrl5Hbtm8ziZF3: 32736 PKR
2026-03-29 23:00:18.788 | DEBUG    | optimization.store_routes:store_optimized_routes:633 - Stored fee for NkZ3VPHBNtS3wxSmCjfBkRWPaZQ2: 32736 PKR
2026-03-29 23:00:19.293 | DEBUG    | optimization.store_routes:store_optimized_routes:633 - Stored fee for SXxBaOHsDPhcbAy5QSfe0NZxZM83: 32736 PKR
2026-03-29 23:00:19.813 | DEBUG    | optimization.store_routes:store_optimized_routes:633 - Stored fee for UpNOyWoNcXaW1O5jadyyddeniWj2: 32736 PKR
2026-03-29 23:00:20.329 | DEBUG    | optimization.store_routes:store_optimized_routes:633 - Stored fee for VMbnLGOyDuRi41R8XPG6toeooJt1: 32736 PKR
2026-03-29 23:00:20.861 | DEBUG    | optimization.store_routes:store_optimized_routes:633 - Stored fee for e3D31VgcVrXKjMfjS13MWcxDZgi1: 32736 PKR
2026-03-29 23:00:21.376 | DEBUG    | optimization.store_routes:store_optimized_routes:633 - Stored fee for n5w74mESTuV3BSMbnAo4AqNZ3oT2: 32736 PKR
2026-03-29 23:00:21.885 | DEBUG    | optimization.store_routes:store_optimized_routes:633 - Stored fee for qwxNS37KPQSeME1Rb86ZDMnXjYX2: 32736 PKR
2026-03-29 23:00:22.396 | DEBUG    | optimization.store_routes:store_optimized_routes:633 - Stored fee for unEE7hJDp7cMFEu2M568RmrtWRq2: 32736 PKR
2026-03-29 23:00:22.907 | DEBUG    | optimization.store_routes:store_optimized_routes:633 - Stored fee for vQHRPPdjWmTjASjEQvAqjzPhHdm2: 32736 PKR
2026-03-29 23:00:24.075 | INFO     | optimization.store_routes:compute_fee_per_student:32 - Fee calc: 43222 PKR/student | dist=99.0km | students=11
2026-03-29 23:00:24.584 | DEBUG    | optimization.store_routes:store_optimized_routes:633 - Stored fee for 3CNKLBNknvMId9G9MJ1cVoQjkpw2: 43222 PKR
2026-03-29 23:00:25.102 | DEBUG    | optimization.store_routes:store_optimized_routes:633 - Stored fee for GBGXh21H2VefIT4NkSWu8FQldkF3: 43222 PKR
2026-03-29 23:00:25.641 | DEBUG    | optimization.store_routes:store_optimized_routes:633 - Stored fee for I6aLScqZSSeAF3ug6jDkoPrt6g23: 43222 PKR
2026-03-29 23:00:26.223 | DEBUG    | optimization.store_routes:store_optimized_routes:633 - Stored fee for KbkXVOhtA3hfwjvwsS5w2IIOki93: 43222 PKR
2026-03-29 23:00:26.731 | DEBUG    | optimization.store_routes:store_optimized_routes:633 - Stored fee for SOWTJArpcRRKPC0v7cWYW0XJk6v1: 43222 PKR
2026-03-29 23:00:27.247 | DEBUG    | optimization.store_routes:store_optimized_routes:633 - Stored fee for VItoVj8ml0ZAMdLtqGCBxaDdkWj1: 43222 PKR
2026-03-29 23:00:27.764 | DEBUG    | optimization.store_routes:store_optimized_routes:633 - Stored fee for WRVMbOeJLLdnIPhcWnncdjhPSjb2: 43222 PKR
2026-03-29 23:00:28.285 | DEBUG    | optimization.store_routes:store_optimized_routes:633 - Stored fee for bvudy4BMDIZ3KxtxPyHvDJd3rjf2: 43222 PKR
2026-03-29 23:00:28.802 | DEBUG    | optimization.store_routes:store_optimized_routes:633 - Stored fee for rtsUd2Aeg0W2HTpXZhrpSlqMhdL2: 43222 PKR
2026-03-29 23:00:29.307 | DEBUG    | optimization.store_routes:store_optimized_routes:633 - Stored fee for shSuBEXnw4TLpoUGH1D5uwg8QKr1: 43222 PKR
2026-03-29 23:00:29.827 | DEBUG    | optimization.store_routes:store_optimized_routes:633 - Stored fee for x2LmEXZ95YfrQpxSQgrBTDTWbk83: 43222 PKR
2026-03-29 23:00:29.827 | INFO     | optimization.store_routes:store_optimized_routes:635 - Phase 3 complete: 30 fee records stored
2026-03-29 23:00:29.827 | INFO     | optimization.store_routes:store_optimized_routes:637 - Overall done: 3 routes | 28 stops | 30 fees
2026-03-29 23:00:29.827 | INFO     | optimization.store_routes:store_optimized_routes:639 - Done: 3 routes | 28 stops stored
2026-03-29 23:00:29.828 | INFO     | optimization.store_routes:store_optimized_routes:642 - Phase 3 complete: 30 fee records stored
2026-03-29 23:00:29.828 | INFO     | optimization.store_routes:store_optimized_routes:645 - Final step: Updating registration_status to 'successful' for all processed students...
2026-03-29 23:00:30.431 | INFO     | optimization.store_routes:store_optimized_routes:669 - Updated 30 students to 'successful' registration status.
2026-03-29 23:00:30.432 | INFO     | optimization.store_routes:store_optimized_routes:672 - Overall done: 3 routes | 28 stops | 30 fees
2026-03-29 23:00:30.433 | INFO     | api.main:run_optimization:64 - Pipeline completed successfully | 3 buses processed
2026-03-29 23:07:20.193 | INFO     | database.firebase:<module>:12 - Firebase Admin SDK initialized successfully
2026-03-29 23:07:34.964 | INFO     | api.main:run_optimization:29 - Starting full route optimization pipeline
2026-03-29 23:07:39.267 | INFO     | data_pipeline.student_loader:load_student_stops:42 - Loaded 30 student stops from Firestore
2026-03-29 23:07:39.267 | DEBUG    | data_pipeline.student_loader:load_student_stops:43 - First 3 stops (sample): [{'student_id': '3CNKLBNknvMId9G9MJ1cVoQjkpw2', 'name': 'Test Student 12', 'roll_no': 'TEST-4382', 'lat': 31.369289, 'lng': 73.051406, 'student_count': 1, 'contact': '03597900028', 'semester': 'Spring 2026', 'fee_status': 'unpaid', 'registration_status': 'successful'}, {'student_id': '61fbjUraIhPuzNx8BY68aYewSG02', 'name': 'Test Student 28', 'roll_no': 'TEST-7403', 'lat': 31.380283, 'lng': 73.159195, 'student_count': 1, 'contact': '03344993000', 'semester': 'Spring 2026', 'fee_status': 'unpaid', 'registration_status': 'successful'}, {'student_id': '7DxKX1nW4ZdeWHKXM2Vf5OIfGvr1', 'name': 'Test Student 10', 'roll_no': 'TEST-9142', 'lat': 31.446304, 'lng': 73.140169, 'student_count': 1, 'contact': '03537549971', 'semester': 'Spring 2026', 'fee_status': 'unpaid', 'registration_status': 'successful'}]
2026-03-29 23:07:39.268 | INFO     | osm.fetch_roads:fetch_or_load_road_graph:19 - Loading cached Faisalabad road graph...
2026-03-29 23:07:49.368 | INFO     | osm.fetch_roads:fetch_or_load_road_graph:21 - Loaded graph with 50872 nodes and 144715 edges
2026-03-29 23:07:49.604 | INFO     | osm.road_filter:filter_main_roads:38 - Filtered graph:
2026-03-29 23:07:49.653 | INFO     | osm.road_filter:filter_main_roads:39 -   Original: 50872 nodes, 144715 edges
2026-03-29 23:07:49.823 | INFO     | osm.road_filter:filter_main_roads:40 -   After filter (main roads only): 7460 nodes, 12863 edges
2026-03-29 23:07:50.186 | DEBUG    | utils.distance_utils:build_node_balltree:29 - Built BallTree with 7460 nodes
2026-03-29 23:07:50.188 | DEBUG    | utils.geo_utils:haversine_distance:20 - Haversine: (31.369289, 73.051406) → (31.3691526, 73.0514611) = 16.0 m
2026-03-29 23:07:50.188 | DEBUG    | utils.distance_utils:find_nearest_road_point:56 - Nearest road node to (31.369289, 73.051406): (31.369153, 73.051461) — 16.0m
2026-03-29 23:07:50.189 | DEBUG    | utils.geo_utils:haversine_distance:20 - Haversine: (31.369289, 73.051406) → (31.3691526, 73.0514611) = 16.0 m
2026-03-29 23:07:50.189 | DEBUG    | data_pipeline.stop_builder:snap_stops_to_roads:38 - Snapped Test Student 12 (TEST-4382): 16.0m
2026-03-29 23:07:50.220 | DEBUG    | utils.distance_utils:build_node_balltree:29 - Built BallTree with 7460 nodes
2026-03-29 23:07:50.222 | DEBUG    | utils.geo_utils:haversine_distance:20 - Haversine: (31.380283, 73.159195) → (31.3787188, 73.157798) = 218.7 m
2026-03-29 23:07:50.222 | DEBUG    | utils.distance_utils:find_nearest_road_point:56 - Nearest road node to (31.380283, 73.159195): (31.378719, 73.157798) — 218.7m
2026-03-29 23:07:50.222 | DEBUG    | utils.geo_utils:haversine_distance:20 - Haversine: (31.380283, 73.159195) → (31.3787188, 73.157798) = 218.7 m
2026-03-29 23:07:50.222 | DEBUG    | data_pipeline.stop_builder:snap_stops_to_roads:38 - Snapped Test Student 28 (TEST-7403): 218.7m
2026-03-29 23:07:50.256 | DEBUG    | utils.distance_utils:build_node_balltree:29 - Built BallTree with 7460 nodes
2026-03-29 23:07:50.257 | DEBUG    | utils.geo_utils:haversine_distance:20 - Haversine: (31.446304, 73.140169) → (31.4457694, 73.1408101) = 85.0 m
2026-03-29 23:07:50.257 | DEBUG    | utils.distance_utils:find_nearest_road_point:56 - Nearest road node to (31.446304, 73.140169): (31.445769, 73.140810) — 85.0m
2026-03-29 23:07:50.258 | DEBUG    | utils.geo_utils:haversine_distance:20 - Haversine: (31.446304, 73.140169) → (31.4457694, 73.1408101) = 85.0 m
2026-03-29 23:07:50.258 | DEBUG    | data_pipeline.stop_builder:snap_stops_to_roads:38 - Snapped Test Student 10 (TEST-9142): 85.0m
2026-03-29 23:07:50.293 | DEBUG    | utils.distance_utils:build_node_balltree:29 - Built BallTree with 7460 nodes
2026-03-29 23:07:50.296 | DEBUG    | utils.geo_utils:haversine_distance:20 - Haversine: (31.548998, 73.147656) → (31.5487412, 73.1501112) = 234.4 m
2026-03-29 23:07:50.296 | DEBUG    | utils.distance_utils:find_nearest_road_point:56 - Nearest road node to (31.548998, 73.147656): (31.548741, 73.150111) — 234.4m
2026-03-29 23:07:50.296 | DEBUG    | utils.geo_utils:haversine_distance:20 - Haversine: (31.548998, 73.147656) → (31.5487412, 73.1501112) = 234.4 m
2026-03-29 23:07:50.297 | DEBUG    | data_pipeline.stop_builder:snap_stops_to_roads:38 - Snapped Test Student 14 (TEST-9162): 234.4m
2026-03-29 23:07:50.330 | DEBUG    | utils.distance_utils:build_node_balltree:29 - Built BallTree with 7460 nodes
2026-03-29 23:07:50.332 | DEBUG    | utils.geo_utils:haversine_distance:20 - Haversine: (31.384254, 73.063765) → (31.3836456, 73.0640586) = 73.2 m
2026-03-29 23:07:50.332 | DEBUG    | utils.distance_utils:find_nearest_road_point:56 - Nearest road node to (31.384254, 73.063765): (31.383646, 73.064059) — 73.2m
2026-03-29 23:07:50.333 | DEBUG    | utils.geo_utils:haversine_distance:20 - Haversine: (31.384254, 73.063765) → (31.3836456, 73.0640586) = 73.2 m
2026-03-29 23:07:50.333 | DEBUG    | data_pipeline.stop_builder:snap_stops_to_roads:38 - Snapped Test Student 30 (TEST-6182): 73.2m
2026-03-29 23:07:50.356 | DEBUG    | utils.distance_utils:build_node_balltree:29 - Built BallTree with 7460 nodes
2026-03-29 23:07:50.359 | DEBUG    | utils.geo_utils:haversine_distance:20 - Haversine: (31.450094, 73.130742) → (31.4467219, 73.1271368) = 507.5 m
2026-03-29 23:07:50.360 | DEBUG    | utils.distance_utils:find_nearest_road_point:56 - Nearest road node to (31.450094, 73.130742): (31.446722, 73.127137) — 507.5m
2026-03-29 23:07:50.360 | DEBUG    | utils.geo_utils:haversine_distance:20 - Haversine: (31.450094, 73.130742) → (31.4467219, 73.1271368) = 507.5 m
2026-03-29 23:07:50.360 | DEBUG    | data_pipeline.stop_builder:snap_stops_to_roads:38 - Snapped Test Student 23 (TEST-9957): 507.5m
2026-03-29 23:07:50.391 | DEBUG    | utils.distance_utils:build_node_balltree:29 - Built BallTree with 7460 nodes
2026-03-29 23:07:50.392 | DEBUG    | utils.geo_utils:haversine_distance:20 - Haversine: (31.327595, 73.065724) → (31.330396, 73.0696448) = 485.5 m
2026-03-29 23:07:50.392 | DEBUG    | utils.distance_utils:find_nearest_road_point:56 - Nearest road node to (31.327595, 73.065724): (31.330396, 73.069645) — 485.5m
2026-03-29 23:07:50.392 | DEBUG    | utils.geo_utils:haversine_distance:20 - Haversine: (31.327595, 73.065724) → (31.330396, 73.0696448) = 485.5 m
2026-03-29 23:07:50.393 | DEBUG    | data_pipeline.stop_builder:snap_stops_to_roads:38 - Snapped Test Student 13 (TEST-5755): 485.5m
2026-03-29 23:07:50.428 | DEBUG    | utils.distance_utils:build_node_balltree:29 - Built BallTree with 7460 nodes
2026-03-29 23:07:50.431 | DEBUG    | utils.geo_utils:haversine_distance:20 - Haversine: (31.343859, 73.18566) → (31.3413852, 73.1852291) = 278.1 m
2026-03-29 23:07:50.431 | DEBUG    | utils.distance_utils:find_nearest_road_point:56 - Nearest road node to (31.343859, 73.18566): (31.341385, 73.185229) — 278.1m
2026-03-29 23:07:50.432 | DEBUG    | utils.geo_utils:haversine_distance:20 - Haversine: (31.343859, 73.18566) → (31.3413852, 73.1852291) = 278.1 m
2026-03-29 23:07:50.432 | DEBUG    | data_pipeline.stop_builder:snap_stops_to_roads:38 - Snapped Test Student 7 (TEST-9790): 278.1m
2026-03-29 23:07:50.467 | DEBUG    | utils.distance_utils:build_node_balltree:29 - Built BallTree with 7460 nodes
2026-03-29 23:07:50.470 | DEBUG    | utils.geo_utils:haversine_distance:20 - Haversine: (31.401088, 73.01135) → (31.4000755, 73.0126538) = 167.3 m
2026-03-29 23:07:50.471 | DEBUG    | utils.distance_utils:find_nearest_road_point:56 - Nearest road node to (31.401088, 73.01135): (31.400075, 73.012654) — 167.3m
2026-03-29 23:07:50.471 | DEBUG    | utils.geo_utils:haversine_distance:20 - Haversine: (31.401088, 73.01135) → (31.4000755, 73.0126538) = 167.3 m
2026-03-29 23:07:50.472 | DEBUG    | data_pipeline.stop_builder:snap_stops_to_roads:38 - Snapped Test Student 3 (TEST-2055): 167.3m
2026-03-29 23:07:50.514 | DEBUG    | utils.distance_utils:build_node_balltree:29 - Built BallTree with 7460 nodes
2026-03-29 23:07:50.516 | DEBUG    | utils.geo_utils:haversine_distance:20 - Haversine: (31.526254, 73.053671) → (31.527645, 73.0552285) = 213.8 m
2026-03-29 23:07:50.516 | DEBUG    | utils.distance_utils:find_nearest_road_point:56 - Nearest road node to (31.526254, 73.053671): (31.527645, 73.055228) — 213.8m
2026-03-29 23:07:50.517 | DEBUG    | utils.geo_utils:haversine_distance:20 - Haversine: (31.526254, 73.053671) → (31.527645, 73.0552285) = 213.8 m
2026-03-29 23:07:50.517 | DEBUG    | data_pipeline.stop_builder:snap_stops_to_roads:38 - Snapped Test Student 25 (TEST-4783): 213.8m
2026-03-29 23:07:50.555 | DEBUG    | utils.distance_utils:build_node_balltree:29 - Built BallTree with 7460 nodes
2026-03-29 23:07:50.557 | DEBUG    | utils.geo_utils:haversine_distance:20 - Haversine: (31.319581, 73.129629) → (31.3281703, 73.1302408) = 956.9 m
2026-03-29 23:07:50.557 | DEBUG    | utils.distance_utils:find_nearest_road_point:56 - Nearest road node to (31.319581, 73.129629): (31.328170, 73.130241) — 956.9m
2026-03-29 23:07:50.557 | DEBUG    | utils.geo_utils:haversine_distance:20 - Haversine: (31.319581, 73.129629) → (31.3281703, 73.1302408) = 956.9 m
2026-03-29 23:07:50.557 | DEBUG    | data_pipeline.stop_builder:snap_stops_to_roads:38 - Snapped Test Student 11 (TEST-6729): 956.9m
2026-03-29 23:07:50.589 | DEBUG    | utils.distance_utils:build_node_balltree:29 - Built BallTree with 7460 nodes
2026-03-29 23:07:50.591 | DEBUG    | utils.geo_utils:haversine_distance:20 - Haversine: (31.342673, 73.180091) → (31.3434454, 73.1825193) = 246.1 m
2026-03-29 23:07:50.592 | DEBUG    | utils.distance_utils:find_nearest_road_point:56 - Nearest road node to (31.342673, 73.180091): (31.343445, 73.182519) — 246.1m
2026-03-29 23:07:50.592 | DEBUG    | utils.geo_utils:haversine_distance:20 - Haversine: (31.342673, 73.180091) → (31.3434454, 73.1825193) = 246.1 m
2026-03-29 23:07:50.592 | DEBUG    | data_pipeline.stop_builder:snap_stops_to_roads:38 - Snapped Test Student 1 (TEST-1717): 246.1m
2026-03-29 23:07:50.627 | DEBUG    | utils.distance_utils:build_node_balltree:29 - Built BallTree with 7460 nodes
2026-03-29 23:07:50.628 | DEBUG    | utils.geo_utils:haversine_distance:20 - Haversine: (31.419161, 73.04138) → (31.4192659, 73.0416323) = 26.6 m
2026-03-29 23:07:50.628 | DEBUG    | utils.distance_utils:find_nearest_road_point:56 - Nearest road node to (31.419161, 73.04138): (31.419266, 73.041632) — 26.6m
2026-03-29 23:07:50.629 | DEBUG    | utils.geo_utils:haversine_distance:20 - Haversine: (31.419161, 73.04138) → (31.4192659, 73.0416323) = 26.6 m
2026-03-29 23:07:50.629 | DEBUG    | data_pipeline.stop_builder:snap_stops_to_roads:38 - Snapped Test Student 27 (TEST-3106): 26.6m
2026-03-29 23:07:50.656 | DEBUG    | utils.distance_utils:build_node_balltree:29 - Built BallTree with 7460 nodes
2026-03-29 23:07:50.658 | DEBUG    | utils.geo_utils:haversine_distance:20 - Haversine: (31.513945, 73.145) → (31.5101284, 73.1503952) = 664.6 m
2026-03-29 23:07:50.658 | DEBUG    | utils.distance_utils:find_nearest_road_point:56 - Nearest road node to (31.513945, 73.145): (31.510128, 73.150395) — 664.6m
2026-03-29 23:07:50.659 | DEBUG    | utils.geo_utils:haversine_distance:20 - Haversine: (31.513945, 73.145) → (31.5101284, 73.1503952) = 664.6 m
2026-03-29 23:07:50.659 | DEBUG    | data_pipeline.stop_builder:snap_stops_to_roads:38 - Snapped Test Student 20 (TEST-7495): 664.6m
2026-03-29 23:07:50.692 | DEBUG    | utils.distance_utils:build_node_balltree:29 - Built BallTree with 7460 nodes
2026-03-29 23:07:50.694 | DEBUG    | utils.geo_utils:haversine_distance:20 - Haversine: (31.462728, 73.168167) → (31.4641337, 73.1683411) = 157.2 m
2026-03-29 23:07:50.694 | DEBUG    | utils.distance_utils:find_nearest_road_point:56 - Nearest road node to (31.462728, 73.168167): (31.464134, 73.168341) — 157.2m
2026-03-29 23:07:50.695 | DEBUG    | utils.geo_utils:haversine_distance:20 - Haversine: (31.462728, 73.168167) → (31.4641337, 73.1683411) = 157.2 m
2026-03-29 23:07:50.695 | DEBUG    | data_pipeline.stop_builder:snap_stops_to_roads:38 - Snapped Test Student 15 (TEST-5668): 157.2m
2026-03-29 23:07:50.734 | DEBUG    | utils.distance_utils:build_node_balltree:29 - Built BallTree with 7460 nodes
2026-03-29 23:07:50.737 | DEBUG    | utils.geo_utils:haversine_distance:20 - Haversine: (31.346116, 73.056539) → (31.3446991, 73.0585627) = 248.5 m
2026-03-29 23:07:50.738 | DEBUG    | utils.distance_utils:find_nearest_road_point:56 - Nearest road node to (31.346116, 73.056539): (31.344699, 73.058563) — 248.5m
2026-03-29 23:07:50.738 | DEBUG    | utils.geo_utils:haversine_distance:20 - Haversine: (31.346116, 73.056539) → (31.3446991, 73.0585627) = 248.5 m
2026-03-29 23:07:50.738 | DEBUG    | data_pipeline.stop_builder:snap_stops_to_roads:38 - Snapped Test Student 9 (TEST-8987): 248.5m
2026-03-29 23:07:50.778 | DEBUG    | utils.distance_utils:build_node_balltree:29 - Built BallTree with 7460 nodes
2026-03-29 23:07:50.780 | DEBUG    | utils.geo_utils:haversine_distance:20 - Haversine: (31.544202, 73.128686) → (31.5431453, 73.1283131) = 122.7 m
2026-03-29 23:07:50.780 | DEBUG    | utils.distance_utils:find_nearest_road_point:56 - Nearest road node to (31.544202, 73.128686): (31.543145, 73.128313) — 122.7m
2026-03-29 23:07:50.780 | DEBUG    | utils.geo_utils:haversine_distance:20 - Haversine: (31.544202, 73.128686) → (31.5431453, 73.1283131) = 122.7 m
2026-03-29 23:07:50.781 | DEBUG    | data_pipeline.stop_builder:snap_stops_to_roads:38 - Snapped Test Student 4 (TEST-9428): 122.7m
2026-03-29 23:07:50.814 | DEBUG    | utils.distance_utils:build_node_balltree:29 - Built BallTree with 7460 nodes
2026-03-29 23:07:50.816 | DEBUG    | utils.geo_utils:haversine_distance:20 - Haversine: (31.393089, 73.028228) → (31.398463, 73.0263855) = 622.6 m
2026-03-29 23:07:50.816 | DEBUG    | utils.distance_utils:find_nearest_road_point:56 - Nearest road node to (31.393089, 73.028228): (31.398463, 73.026386) — 622.6m
2026-03-29 23:07:50.816 | DEBUG    | utils.geo_utils:haversine_distance:20 - Haversine: (31.393089, 73.028228) → (31.398463, 73.0263855) = 622.6 m
2026-03-29 23:07:50.817 | DEBUG    | data_pipeline.stop_builder:snap_stops_to_roads:38 - Snapped Test Student 5 (TEST-5892): 622.6m
2026-03-29 23:07:50.860 | DEBUG    | utils.distance_utils:build_node_balltree:29 - Built BallTree with 7460 nodes
2026-03-29 23:07:50.863 | DEBUG    | utils.geo_utils:haversine_distance:20 - Haversine: (31.318863, 73.183249) → (31.3190478, 73.1756414) = 723.0 m
2026-03-29 23:07:50.863 | DEBUG    | utils.distance_utils:find_nearest_road_point:56 - Nearest road node to (31.318863, 73.183249): (31.319048, 73.175641) — 723.0m
2026-03-29 23:07:50.865 | DEBUG    | utils.geo_utils:haversine_distance:20 - Haversine: (31.318863, 73.183249) → (31.3190478, 73.1756414) = 723.0 m
2026-03-29 23:07:50.865 | DEBUG    | data_pipeline.stop_builder:snap_stops_to_roads:38 - Snapped Test Student 29 (TEST-7084): 723.0m
2026-03-29 23:07:50.907 | DEBUG    | utils.distance_utils:build_node_balltree:29 - Built BallTree with 7460 nodes
2026-03-29 23:07:50.909 | DEBUG    | utils.geo_utils:haversine_distance:20 - Haversine: (31.354815, 73.143189) → (31.3557607, 73.1450675) = 207.1 m
2026-03-29 23:07:50.909 | DEBUG    | utils.distance_utils:find_nearest_road_point:56 - Nearest road node to (31.354815, 73.143189): (31.355761, 73.145067) — 207.1m
2026-03-29 23:07:50.910 | DEBUG    | utils.geo_utils:haversine_distance:20 - Haversine: (31.354815, 73.143189) → (31.3557607, 73.1450675) = 207.1 m
2026-03-29 23:07:50.910 | DEBUG    | data_pipeline.stop_builder:snap_stops_to_roads:38 - Snapped Test Student 17 (TEST-4072): 207.1m
2026-03-29 23:07:50.949 | DEBUG    | utils.distance_utils:build_node_balltree:29 - Built BallTree with 7460 nodes
2026-03-29 23:07:50.951 | DEBUG    | utils.geo_utils:haversine_distance:20 - Haversine: (31.459172, 73.066434) → (31.4601458, 73.0666137) = 109.6 m
2026-03-29 23:07:50.951 | DEBUG    | utils.distance_utils:find_nearest_road_point:56 - Nearest road node to (31.459172, 73.066434): (31.460146, 73.066614) — 109.6m
2026-03-29 23:07:50.951 | DEBUG    | utils.geo_utils:haversine_distance:20 - Haversine: (31.459172, 73.066434) → (31.4601458, 73.0666137) = 109.6 m
2026-03-29 23:07:50.951 | DEBUG    | data_pipeline.stop_builder:snap_stops_to_roads:38 - Snapped Test Student 18 (TEST-9353): 109.6m
2026-03-29 23:07:50.983 | DEBUG    | utils.distance_utils:build_node_balltree:29 - Built BallTree with 7460 nodes
2026-03-29 23:07:50.985 | DEBUG    | utils.geo_utils:haversine_distance:20 - Haversine: (31.537509, 73.124448) → (31.5426468, 73.1258022) = 585.5 m
2026-03-29 23:07:50.985 | DEBUG    | utils.distance_utils:find_nearest_road_point:56 - Nearest road node to (31.537509, 73.124448): (31.542647, 73.125802) — 585.5m
2026-03-29 23:07:50.988 | DEBUG    | utils.geo_utils:haversine_distance:20 - Haversine: (31.537509, 73.124448) → (31.5426468, 73.1258022) = 585.5 m
2026-03-29 23:07:50.988 | DEBUG    | data_pipeline.stop_builder:snap_stops_to_roads:38 - Snapped Test Student 6 (TEST-3775): 585.5m
2026-03-29 23:07:51.054 | DEBUG    | utils.distance_utils:build_node_balltree:29 - Built BallTree with 7460 nodes
2026-03-29 23:07:51.056 | DEBUG    | utils.geo_utils:haversine_distance:20 - Haversine: (31.473589, 73.112736) → (31.4743292, 73.1046958) = 766.9 m
2026-03-29 23:07:51.056 | DEBUG    | utils.distance_utils:find_nearest_road_point:56 - Nearest road node to (31.473589, 73.112736): (31.474329, 73.104696) — 766.9m
2026-03-29 23:07:51.057 | DEBUG    | utils.geo_utils:haversine_distance:20 - Haversine: (31.473589, 73.112736) → (31.4743292, 73.1046958) = 766.9 m
2026-03-29 23:07:51.057 | DEBUG    | data_pipeline.stop_builder:snap_stops_to_roads:38 - Snapped Test Student 22 (TEST-9109): 766.9m
2026-03-29 23:07:51.099 | DEBUG    | utils.distance_utils:build_node_balltree:29 - Built BallTree with 7460 nodes
2026-03-29 23:07:51.100 | DEBUG    | utils.geo_utils:haversine_distance:20 - Haversine: (31.468675, 73.160721) → (31.4693742, 73.1600766) = 98.9 m
2026-03-29 23:07:51.100 | DEBUG    | utils.distance_utils:find_nearest_road_point:56 - Nearest road node to (31.468675, 73.160721): (31.469374, 73.160077) — 98.9m
2026-03-29 23:07:51.101 | DEBUG    | utils.geo_utils:haversine_distance:20 - Haversine: (31.468675, 73.160721) → (31.4693742, 73.1600766) = 98.9 m
2026-03-29 23:07:51.101 | DEBUG    | data_pipeline.stop_builder:snap_stops_to_roads:38 - Snapped Test Student 19 (TEST-9533): 98.9m
2026-03-29 23:07:51.137 | DEBUG    | utils.distance_utils:build_node_balltree:29 - Built BallTree with 7460 nodes
2026-03-29 23:07:51.139 | DEBUG    | utils.geo_utils:haversine_distance:20 - Haversine: (31.405239, 73.112616) → (31.4060883, 73.1115478) = 138.5 m
2026-03-29 23:07:51.139 | DEBUG    | utils.distance_utils:find_nearest_road_point:56 - Nearest road node to (31.405239, 73.112616): (31.406088, 73.111548) — 138.5m
2026-03-29 23:07:51.139 | DEBUG    | utils.geo_utils:haversine_distance:20 - Haversine: (31.405239, 73.112616) → (31.4060883, 73.1115478) = 138.5 m
2026-03-29 23:07:51.140 | DEBUG    | data_pipeline.stop_builder:snap_stops_to_roads:38 - Snapped Test Student 26 (TEST-5354): 138.5m
2026-03-29 23:07:51.176 | DEBUG    | utils.distance_utils:build_node_balltree:29 - Built BallTree with 7460 nodes
2026-03-29 23:07:51.178 | DEBUG    | utils.geo_utils:haversine_distance:20 - Haversine: (31.470598, 73.008555) → (31.4773379, 73.0052033) = 814.1 m
2026-03-29 23:07:51.178 | DEBUG    | utils.distance_utils:find_nearest_road_point:56 - Nearest road node to (31.470598, 73.008555): (31.477338, 73.005203) — 814.1m
2026-03-29 23:07:51.179 | DEBUG    | utils.geo_utils:haversine_distance:20 - Haversine: (31.470598, 73.008555) → (31.4773379, 73.0052033) = 814.1 m
2026-03-29 23:07:51.179 | DEBUG    | data_pipeline.stop_builder:snap_stops_to_roads:38 - Snapped Test Student 24 (TEST-8754): 814.1m
2026-03-29 23:07:51.210 | DEBUG    | utils.distance_utils:build_node_balltree:29 - Built BallTree with 7460 nodes
2026-03-29 23:07:51.211 | DEBUG    | utils.geo_utils:haversine_distance:20 - Haversine: (31.480136, 73.16337) → (31.4766945, 73.1677037) = 561.5 m
2026-03-29 23:07:51.212 | DEBUG    | utils.distance_utils:find_nearest_road_point:56 - Nearest road node to (31.480136, 73.16337): (31.476695, 73.167704) — 561.5m
2026-03-29 23:07:51.212 | DEBUG    | utils.geo_utils:haversine_distance:20 - Haversine: (31.480136, 73.16337) → (31.4766945, 73.1677037) = 561.5 m
2026-03-29 23:07:51.212 | DEBUG    | data_pipeline.stop_builder:snap_stops_to_roads:38 - Snapped Test Student 21 (TEST-9356): 561.5m
2026-03-29 23:07:51.239 | DEBUG    | utils.distance_utils:build_node_balltree:29 - Built BallTree with 7460 nodes
2026-03-29 23:07:51.241 | DEBUG    | utils.geo_utils:haversine_distance:20 - Haversine: (31.503809, 73.163047) → (31.504101, 73.1583633) = 445.2 m
2026-03-29 23:07:51.241 | DEBUG    | utils.distance_utils:find_nearest_road_point:56 - Nearest road node to (31.503809, 73.163047): (31.504101, 73.158363) — 445.2m
2026-03-29 23:07:51.241 | DEBUG    | utils.geo_utils:haversine_distance:20 - Haversine: (31.503809, 73.163047) → (31.504101, 73.1583633) = 445.2 m
2026-03-29 23:07:51.241 | DEBUG    | data_pipeline.stop_builder:snap_stops_to_roads:38 - Snapped Test Student 2 (TEST-1842): 445.2m
2026-03-29 23:07:51.270 | DEBUG    | utils.distance_utils:build_node_balltree:29 - Built BallTree with 7460 nodes
2026-03-29 23:07:51.271 | DEBUG    | utils.geo_utils:haversine_distance:20 - Haversine: (31.388719, 73.18885) → (31.3907077, 73.1897443) = 236.9 m
2026-03-29 23:07:51.271 | DEBUG    | utils.distance_utils:find_nearest_road_point:56 - Nearest road node to (31.388719, 73.18885): (31.390708, 73.189744) — 236.9m
2026-03-29 23:07:51.271 | DEBUG    | utils.geo_utils:haversine_distance:20 - Haversine: (31.388719, 73.18885) → (31.3907077, 73.1897443) = 236.9 m
2026-03-29 23:07:51.272 | DEBUG    | data_pipeline.stop_builder:snap_stops_to_roads:38 - Snapped Test Student 16 (TEST-8203): 236.9m
2026-03-29 23:07:51.306 | DEBUG    | utils.distance_utils:build_node_balltree:29 - Built BallTree with 7460 nodes
2026-03-29 23:07:51.308 | DEBUG    | utils.geo_utils:haversine_distance:20 - Haversine: (31.406549, 73.086759) → (31.4052045, 73.0873694) = 160.3 m
2026-03-29 23:07:51.308 | DEBUG    | utils.distance_utils:find_nearest_road_point:56 - Nearest road node to (31.406549, 73.086759): (31.405204, 73.087369) — 160.3m
2026-03-29 23:07:51.309 | DEBUG    | utils.geo_utils:haversine_distance:20 - Haversine: (31.406549, 73.086759) → (31.4052045, 73.0873694) = 160.3 m
2026-03-29 23:07:51.309 | DEBUG    | data_pipeline.stop_builder:snap_stops_to_roads:38 - Snapped Test Student 8 (TEST-8476): 160.3m
2026-03-29 23:07:51.309 | INFO     | data_pipeline.stop_builder:snap_stops_to_roads:47 - Snapping complete:
2026-03-29 23:07:51.310 | INFO     | data_pipeline.stop_builder:snap_stops_to_roads:48 -   Input stops: 30
2026-03-29 23:07:51.310 | INFO     | data_pipeline.stop_builder:snap_stops_to_roads:49 -   Snapped successfully: 30
2026-03-29 23:07:51.310 | INFO     | data_pipeline.stop_builder:snap_stops_to_roads:50 -   Skipped (too far): 0
2026-03-29 23:07:51.311 | DEBUG    | data_pipeline.stop_builder:snap_stops_to_roads:53 - First snapped stop example: {'student_id': '3CNKLBNknvMId9G9MJ1cVoQjkpw2', 'name': 'Test Student 12', 'roll_no': 'TEST-4382', 'lat': 31.3691526, 'lng': 73.0514611, 'student_count': 1, 'contact': '03597900028', 'semester': 'Spring 2026', 'fee_status': 'unpaid', 'registration_status': 'successful', 'original_lat': 31.369289, 'original_lng': 73.051406, 'snap_distance_m': 16.04}
2026-03-29 23:07:51.311 | DEBUG    | utils.geo_utils:haversine_distance:20 - Haversine: (31.3787188, 73.157798) → (31.3691526, 73.0514611) = 10151.2 m
2026-03-29 23:07:51.311 | DEBUG    | utils.geo_utils:haversine_distance:20 - Haversine: (31.4457694, 73.1408101) → (31.3691526, 73.0514611) = 12020.1 m
2026-03-29 23:07:51.311 | DEBUG    | utils.geo_utils:haversine_distance:20 - Haversine: (31.4457694, 73.1408101) → (31.3787188, 73.157798) = 7628.0 m
2026-03-29 23:07:51.311 | DEBUG    | utils.geo_utils:haversine_distance:20 - Haversine: (31.5487412, 73.1501112) → (31.3691526, 73.0514611) = 22052.9 m
2026-03-29 23:07:51.311 | DEBUG    | utils.geo_utils:haversine_distance:20 - Haversine: (31.5487412, 73.1501112) → (31.3787188, 73.157798) = 18919.7 m
2026-03-29 23:07:51.311 | DEBUG    | utils.geo_utils:haversine_distance:20 - Haversine: (31.5487412, 73.1501112) → (31.4457694, 73.1408101) = 11483.9 m
2026-03-29 23:07:51.311 | DEBUG    | utils.geo_utils:haversine_distance:20 - Haversine: (31.3836456, 73.0640586) → (31.3691526, 73.0514611) = 2006.8 m
2026-03-29 23:07:51.311 | DEBUG    | utils.geo_utils:haversine_distance:20 - Haversine: (31.3836456, 73.0640586) → (31.3787188, 73.157798) = 8915.5 m
2026-03-29 23:07:51.311 | DEBUG    | utils.geo_utils:haversine_distance:20 - Haversine: (31.3836456, 73.0640586) → (31.4457694, 73.1408101) = 10038.2 m
2026-03-29 23:07:51.311 | DEBUG    | utils.geo_utils:haversine_distance:20 - Haversine: (31.3836456, 73.0640586) → (31.5487412, 73.1501112) = 20090.3 m
2026-03-29 23:07:51.311 | DEBUG    | utils.geo_utils:haversine_distance:20 - Haversine: (31.4467219, 73.1271368) → (31.3691526, 73.0514611) = 11223.8 m
2026-03-29 23:07:51.311 | DEBUG    | utils.geo_utils:haversine_distance:20 - Haversine: (31.4467219, 73.1271368) → (31.3787188, 73.157798) = 8102.1 m
2026-03-29 23:07:51.312 | DEBUG    | utils.geo_utils:haversine_distance:20 - Haversine: (31.4467219, 73.1271368) → (31.4457694, 73.1408101) = 1301.4 m
2026-03-29 23:07:51.312 | DEBUG    | utils.geo_utils:haversine_distance:20 - Haversine: (31.4467219, 73.1271368) → (31.5487412, 73.1501112) = 11551.3 m
2026-03-29 23:07:51.312 | DEBUG    | utils.geo_utils:haversine_distance:20 - Haversine: (31.4467219, 73.1271368) → (31.3836456, 73.0640586) = 9220.8 m
2026-03-29 23:07:51.312 | DEBUG    | utils.geo_utils:haversine_distance:20 - Haversine: (31.330396, 73.0696448) → (31.3691526, 73.0514611) = 4642.6 m
2026-03-29 23:07:51.312 | DEBUG    | utils.geo_utils:haversine_distance:20 - Haversine: (31.330396, 73.0696448) → (31.3787188, 73.157798) = 9946.9 m
2026-03-29 23:07:51.312 | DEBUG    | utils.geo_utils:haversine_distance:20 - Haversine: (31.330396, 73.0696448) → (31.4457694, 73.1408101) = 14498.8 m
2026-03-29 23:07:51.312 | DEBUG    | utils.geo_utils:haversine_distance:20 - Haversine: (31.330396, 73.0696448) → (31.5487412, 73.1501112) = 25450.7 m
2026-03-29 23:07:51.312 | DEBUG    | utils.geo_utils:haversine_distance:20 - Haversine: (31.330396, 73.0696448) → (31.3836456, 73.0640586) = 5944.8 m
2026-03-29 23:07:51.312 | DEBUG    | utils.geo_utils:haversine_distance:20 - Haversine: (31.330396, 73.0696448) → (31.4467219, 73.1271368) = 14038.9 m
2026-03-29 23:07:51.312 | DEBUG    | utils.geo_utils:haversine_distance:20 - Haversine: (31.3413852, 73.1852291) → (31.3691526, 73.0514611) = 13071.9 m
2026-03-29 23:07:51.312 | DEBUG    | utils.geo_utils:haversine_distance:20 - Haversine: (31.3413852, 73.1852291) → (31.3787188, 73.157798) = 4900.7 m
2026-03-29 23:07:51.312 | DEBUG    | utils.geo_utils:haversine_distance:20 - Haversine: (31.3413852, 73.1852291) → (31.4457694, 73.1408101) = 12349.0 m
2026-03-29 23:07:51.313 | DEBUG    | utils.geo_utils:haversine_distance:20 - Haversine: (31.3413852, 73.1852291) → (31.5487412, 73.1501112) = 23296.4 m
2026-03-29 23:07:51.313 | DEBUG    | utils.geo_utils:haversine_distance:20 - Haversine: (31.3413852, 73.1852291) → (31.3836456, 73.0640586) = 12427.6 m
2026-03-29 23:07:51.313 | DEBUG    | utils.geo_utils:haversine_distance:20 - Haversine: (31.3413852, 73.1852291) → (31.4467219, 73.1271368) = 12945.9 m
2026-03-29 23:07:51.313 | DEBUG    | utils.geo_utils:haversine_distance:20 - Haversine: (31.3413852, 73.1852291) → (31.330396, 73.0696448) = 11045.4 m
2026-03-29 23:07:51.313 | DEBUG    | utils.geo_utils:haversine_distance:20 - Haversine: (31.4000755, 73.0126538) → (31.3691526, 73.0514611) = 5039.2 m
2026-03-29 23:07:51.313 | DEBUG    | utils.geo_utils:haversine_distance:20 - Haversine: (31.4000755, 73.0126538) → (31.3787188, 73.157798) = 13980.4 m
2026-03-29 23:07:51.313 | DEBUG    | utils.geo_utils:haversine_distance:20 - Haversine: (31.4000755, 73.0126538) → (31.4457694, 73.1408101) = 13179.2 m
2026-03-29 23:07:51.313 | DEBUG    | utils.geo_utils:haversine_distance:20 - Haversine: (31.4000755, 73.0126538) → (31.5487412, 73.1501112) = 21052.4 m
2026-03-29 23:07:51.313 | DEBUG    | utils.geo_utils:haversine_distance:20 - Haversine: (31.4000755, 73.0126538) → (31.3836456, 73.0640586) = 5210.1 m
2026-03-29 23:07:51.313 | DEBUG    | utils.geo_utils:haversine_distance:20 - Haversine: (31.4000755, 73.0126538) → (31.4467219, 73.1271368) = 12037.7 m
2026-03-29 23:07:51.313 | DEBUG    | utils.geo_utils:haversine_distance:20 - Haversine: (31.4000755, 73.0126538) → (31.330396, 73.0696448) = 9450.5 m
2026-03-29 23:07:51.314 | DEBUG    | utils.geo_utils:haversine_distance:20 - Haversine: (31.4000755, 73.0126538) → (31.3413852, 73.1852291) = 17636.2 m
2026-03-29 23:07:51.314 | DEBUG    | utils.geo_utils:haversine_distance:20 - Haversine: (31.527645, 73.0552285) → (31.3691526, 73.0514611) = 17627.2 m
2026-03-29 23:07:51.314 | DEBUG    | utils.geo_utils:haversine_distance:20 - Haversine: (31.527645, 73.0552285) → (31.3787188, 73.157798) = 19206.5 m
2026-03-29 23:07:51.314 | DEBUG    | utils.geo_utils:haversine_distance:20 - Haversine: (31.527645, 73.0552285) → (31.4457694, 73.1408101) = 12195.9 m
2026-03-29 23:07:51.314 | DEBUG    | utils.geo_utils:haversine_distance:20 - Haversine: (31.527645, 73.0552285) → (31.5487412, 73.1501112) = 9293.0 m
2026-03-29 23:07:51.314 | DEBUG    | utils.geo_utils:haversine_distance:20 - Haversine: (31.527645, 73.0552285) → (31.3836456, 73.0640586) = 16033.9 m
2026-03-29 23:07:51.314 | DEBUG    | utils.geo_utils:haversine_distance:20 - Haversine: (31.527645, 73.0552285) → (31.4467219, 73.1271368) = 11289.8 m
2026-03-29 23:07:51.314 | DEBUG    | utils.geo_utils:haversine_distance:20 - Haversine: (31.527645, 73.0552285) → (31.330396, 73.0696448) = 21975.7 m
2026-03-29 23:07:51.314 | DEBUG    | utils.geo_utils:haversine_distance:20 - Haversine: (31.527645, 73.0552285) → (31.3413852, 73.1852291) = 24105.5 m
2026-03-29 23:07:51.314 | DEBUG    | utils.geo_utils:haversine_distance:20 - Haversine: (31.527645, 73.0552285) → (31.4000755, 73.0126538) = 14748.6 m
2026-03-29 23:07:51.315 | DEBUG    | utils.geo_utils:haversine_distance:20 - Haversine: (31.3281703, 73.1302408) → (31.3691526, 73.0514611) = 8759.8 m
2026-03-29 23:07:51.315 | DEBUG    | utils.geo_utils:haversine_distance:20 - Haversine: (31.3281703, 73.1302408) → (31.3787188, 73.157798) = 6200.0 m
2026-03-29 23:07:51.315 | DEBUG    | utils.geo_utils:haversine_distance:20 - Haversine: (31.3281703, 73.1302408) → (31.4457694, 73.1408101) = 13114.9 m
2026-03-29 23:07:51.315 | DEBUG    | utils.geo_utils:haversine_distance:20 - Haversine: (31.3281703, 73.1302408) → (31.5487412, 73.1501112) = 24598.7 m
2026-03-29 23:07:51.315 | DEBUG    | utils.geo_utils:haversine_distance:20 - Haversine: (31.3281703, 73.1302408) → (31.3836456, 73.0640586) = 8805.9 m
2026-03-29 23:07:51.315 | DEBUG    | utils.geo_utils:haversine_distance:20 - Haversine: (31.3281703, 73.1302408) → (31.4467219, 73.1271368) = 13185.6 m
2026-03-29 23:07:51.315 | DEBUG    | utils.geo_utils:haversine_distance:20 - Haversine: (31.3281703, 73.1302408) → (31.330396, 73.0696448) = 5760.8 m
2026-03-29 23:07:51.315 | DEBUG    | utils.geo_utils:haversine_distance:20 - Haversine: (31.3281703, 73.1302408) → (31.3413852, 73.1852291) = 5425.4 m
2026-03-29 23:07:51.315 | DEBUG    | utils.geo_utils:haversine_distance:20 - Haversine: (31.3281703, 73.1302408) → (31.4000755, 73.0126538) = 13732.2 m
2026-03-29 23:07:51.315 | DEBUG    | utils.geo_utils:haversine_distance:20 - Haversine: (31.3281703, 73.1302408) → (31.527645, 73.0552285) = 23294.5 m
2026-03-29 23:07:51.315 | DEBUG    | utils.geo_utils:haversine_distance:20 - Haversine: (31.3434454, 73.1825193) → (31.3691526, 73.0514611) = 12768.7 m
2026-03-29 23:07:51.316 | DEBUG    | utils.geo_utils:haversine_distance:20 - Haversine: (31.3434454, 73.1825193) → (31.3787188, 73.157798) = 4570.9 m
2026-03-29 23:07:51.316 | DEBUG    | utils.geo_utils:haversine_distance:20 - Haversine: (31.3434454, 73.1825193) → (31.4457694, 73.1408101) = 12047.0 m
2026-03-29 23:07:51.316 | DEBUG    | utils.geo_utils:haversine_distance:20 - Haversine: (31.3434454, 73.1825193) → (31.5487412, 73.1501112) = 23033.9 m
2026-03-29 23:07:51.316 | DEBUG    | utils.geo_utils:haversine_distance:20 - Haversine: (31.3434454, 73.1825193) → (31.3836456, 73.0640586) = 12103.2 m
2026-03-29 23:07:51.316 | DEBUG    | utils.geo_utils:haversine_distance:20 - Haversine: (31.3434454, 73.1825193) → (31.4467219, 73.1271368) = 12629.8 m
2026-03-29 23:07:51.316 | DEBUG    | utils.geo_utils:haversine_distance:20 - Haversine: (31.3434454, 73.1825193) → (31.330396, 73.0696448) = 10817.9 m
2026-03-29 23:07:51.316 | DEBUG    | utils.geo_utils:haversine_distance:20 - Haversine: (31.3434454, 73.1825193) → (31.3413852, 73.1852291) = 344.5 m
2026-03-29 23:07:51.316 | DEBUG    | utils.geo_utils:haversine_distance:20 - Haversine: (31.4192659, 73.0416323) → (31.3691526, 73.0514611) = 5649.9 m
2026-03-29 23:07:51.316 | DEBUG    | utils.geo_utils:haversine_distance:20 - Haversine: (31.4192659, 73.0416323) → (31.3787188, 73.157798) = 11911.7 m
2026-03-29 23:07:51.316 | DEBUG    | utils.geo_utils:haversine_distance:20 - Haversine: (31.4192659, 73.0416323) → (31.4457694, 73.1408101) = 9860.5 m
2026-03-29 23:07:51.316 | DEBUG    | utils.geo_utils:haversine_distance:20 - Haversine: (31.4192659, 73.0416323) → (31.5487412, 73.1501112) = 17694.3 m
2026-03-29 23:07:51.317 | DEBUG    | utils.geo_utils:haversine_distance:20 - Haversine: (31.4192659, 73.0416323) → (31.3836456, 73.0640586) = 4496.5 m
2026-03-29 23:07:51.317 | DEBUG    | utils.geo_utils:haversine_distance:20 - Haversine: (31.4192659, 73.0416323) → (31.4467219, 73.1271368) = 8667.9 m
2026-03-29 23:07:51.317 | DEBUG    | utils.geo_utils:haversine_distance:20 - Haversine: (31.4192659, 73.0416323) → (31.330396, 73.0696448) = 10233.5 m
2026-03-29 23:07:51.317 | DEBUG    | utils.geo_utils:haversine_distance:20 - Haversine: (31.4192659, 73.0416323) → (31.3413852, 73.1852291) = 16149.9 m
2026-03-29 23:07:51.317 | DEBUG    | utils.geo_utils:haversine_distance:20 - Haversine: (31.4192659, 73.0416323) → (31.4000755, 73.0126538) = 3480.9 m
2026-03-29 23:07:51.317 | DEBUG    | utils.geo_utils:haversine_distance:20 - Haversine: (31.4192659, 73.0416323) → (31.527645, 73.0552285) = 12120.0 m
2026-03-29 23:07:51.317 | DEBUG    | utils.geo_utils:haversine_distance:20 - Haversine: (31.4192659, 73.0416323) → (31.3281703, 73.1302408) = 13167.0 m
2026-03-29 23:07:51.317 | DEBUG    | utils.geo_utils:haversine_distance:20 - Haversine: (31.5101284, 73.1503952) → (31.3691526, 73.0514611) = 18270.9 m
2026-03-29 23:07:51.317 | DEBUG    | utils.geo_utils:haversine_distance:20 - Haversine: (31.5101284, 73.1503952) → (31.3787188, 73.157798) = 14628.9 m
2026-03-29 23:07:51.317 | DEBUG    | utils.geo_utils:haversine_distance:20 - Haversine: (31.5101284, 73.1503952) → (31.4457694, 73.1408101) = 7213.9 m
2026-03-29 23:07:51.319 | DEBUG    | utils.geo_utils:haversine_distance:20 - Haversine: (31.5101284, 73.1503952) → (31.5487412, 73.1501112) = 4293.6 m
2026-03-29 23:07:51.321 | DEBUG    | utils.geo_utils:haversine_distance:20 - Haversine: (31.5101284, 73.1503952) → (31.3836456, 73.0640586) = 16275.2 m
2026-03-29 23:07:51.321 | DEBUG    | utils.geo_utils:haversine_distance:20 - Haversine: (31.5101284, 73.1503952) → (31.4467219, 73.1271368) = 7387.4 m
2026-03-29 23:07:51.321 | DEBUG    | utils.geo_utils:haversine_distance:20 - Haversine: (31.5101284, 73.1503952) → (31.330396, 73.0696448) = 21403.9 m
2026-03-29 23:07:51.322 | DEBUG    | utils.geo_utils:haversine_distance:20 - Haversine: (31.5101284, 73.1503952) → (31.3413852, 73.1852291) = 19052.3 m
2026-03-29 23:07:51.322 | DEBUG    | utils.geo_utils:haversine_distance:20 - Haversine: (31.5101284, 73.1503952) → (31.4000755, 73.0126538) = 17901.3 m
2026-03-29 23:07:51.322 | DEBUG    | utils.geo_utils:haversine_distance:20 - Haversine: (31.5101284, 73.1503952) → (31.527645, 73.0552285) = 9228.7 m
2026-03-29 23:07:51.322 | DEBUG    | utils.geo_utils:haversine_distance:20 - Haversine: (31.5101284, 73.1503952) → (31.3281703, 73.1302408) = 20323.0 m
2026-03-29 23:07:51.323 | DEBUG    | utils.geo_utils:haversine_distance:20 - Haversine: (31.5101284, 73.1503952) → (31.4192659, 73.0416323) = 14439.2 m
2026-03-29 23:07:51.323 | DEBUG    | utils.geo_utils:haversine_distance:20 - Haversine: (31.4641337, 73.1683411) → (31.3691526, 73.0514611) = 15315.3 m
2026-03-29 23:07:51.323 | DEBUG    | utils.geo_utils:haversine_distance:20 - Haversine: (31.4641337, 73.1683411) → (31.3787188, 73.157798) = 9550.2 m
2026-03-29 23:07:51.324 | DEBUG    | utils.geo_utils:haversine_distance:20 - Haversine: (31.4641337, 73.1683411) → (31.4457694, 73.1408101) = 3315.0 m
2026-03-29 23:07:51.324 | DEBUG    | utils.geo_utils:haversine_distance:20 - Haversine: (31.4641337, 73.1683411) → (31.5487412, 73.1501112) = 9565.3 m
2026-03-29 23:07:51.324 | DEBUG    | utils.geo_utils:haversine_distance:20 - Haversine: (31.4641337, 73.1683411) → (31.3836456, 73.0640586) = 13342.1 m
2026-03-29 23:07:51.324 | DEBUG    | utils.geo_utils:haversine_distance:20 - Haversine: (31.4641337, 73.1683411) → (31.4467219, 73.1271368) = 4361.7 m
2026-03-29 23:07:51.324 | DEBUG    | utils.geo_utils:haversine_distance:20 - Haversine: (31.4641337, 73.1683411) → (31.330396, 73.0696448) = 17575.5 m
2026-03-29 23:07:51.324 | DEBUG    | utils.geo_utils:haversine_distance:20 - Haversine: (31.4641337, 73.1683411) → (31.3413852, 73.1852291) = 13742.8 m
2026-03-29 23:07:51.324 | DEBUG    | utils.geo_utils:haversine_distance:20 - Haversine: (31.4641337, 73.1683411) → (31.4000755, 73.0126538) = 16399.0 m
2026-03-29 23:07:51.324 | DEBUG    | utils.geo_utils:haversine_distance:20 - Haversine: (31.4641337, 73.1683411) → (31.527645, 73.0552285) = 12841.0 m
2026-03-29 23:07:51.324 | DEBUG    | utils.geo_utils:haversine_distance:20 - Haversine: (31.4641337, 73.1683411) → (31.3281703, 73.1302408) = 15544.9 m
2026-03-29 23:07:51.324 | DEBUG    | utils.geo_utils:haversine_distance:20 - Haversine: (31.4641337, 73.1683411) → (31.4192659, 73.0416323) = 13014.9 m
2026-03-29 23:07:51.324 | DEBUG    | utils.geo_utils:haversine_distance:20 - Haversine: (31.4641337, 73.1683411) → (31.5101284, 73.1503952) = 5390.0 m
2026-03-29 23:07:51.325 | DEBUG    | utils.geo_utils:haversine_distance:20 - Haversine: (31.3446991, 73.0585627) → (31.3691526, 73.0514611) = 2801.5 m
2026-03-29 23:07:51.325 | DEBUG    | utils.geo_utils:haversine_distance:20 - Haversine: (31.3446991, 73.0585627) → (31.3787188, 73.157798) = 10153.3 m
2026-03-29 23:07:51.325 | DEBUG    | utils.geo_utils:haversine_distance:20 - Haversine: (31.3446991, 73.0585627) → (31.4457694, 73.1408101) = 13683.8 m
2026-03-29 23:07:51.325 | DEBUG    | utils.geo_utils:haversine_distance:20 - Haversine: (31.3446991, 73.0585627) → (31.5487412, 73.1501112) = 24293.8 m
2026-03-29 23:07:51.325 | DEBUG    | utils.geo_utils:haversine_distance:20 - Haversine: (31.3446991, 73.0585627) → (31.3836456, 73.0640586) = 4362.0 m
2026-03-29 23:07:51.325 | DEBUG    | utils.geo_utils:haversine_distance:20 - Haversine: (31.3446991, 73.0585627) → (31.4467219, 73.1271368) = 13079.0 m
2026-03-29 23:07:51.325 | DEBUG    | utils.geo_utils:haversine_distance:20 - Haversine: (31.3446991, 73.0585627) → (31.330396, 73.0696448) = 1907.2 m
2026-03-29 23:07:51.325 | DEBUG    | utils.geo_utils:haversine_distance:20 - Haversine: (31.3446991, 73.0585627) → (31.3413852, 73.1852291) = 12034.9 m
2026-03-29 23:07:51.325 | DEBUG    | utils.geo_utils:haversine_distance:20 - Haversine: (31.3446991, 73.0585627) → (31.4000755, 73.0126538) = 7544.0 m
2026-03-29 23:07:51.325 | DEBUG    | utils.geo_utils:haversine_distance:20 - Haversine: (31.3446991, 73.0585627) → (31.527645, 73.0552285) = 20345.1 m
2026-03-29 23:07:51.326 | DEBUG    | utils.geo_utils:haversine_distance:20 - Haversine: (31.3446991, 73.0585627) → (31.3281703, 73.1302408) = 7051.3 m
2026-03-29 23:07:51.326 | DEBUG    | utils.geo_utils:haversine_distance:20 - Haversine: (31.3446991, 73.0585627) → (31.4192659, 73.0416323) = 8445.8 m
2026-03-29 23:07:51.326 | DEBUG    | utils.geo_utils:haversine_distance:20 - Haversine: (31.3446991, 73.0585627) → (31.5101284, 73.1503952) = 20354.2 m
2026-03-29 23:07:51.327 | DEBUG    | utils.geo_utils:haversine_distance:20 - Haversine: (31.3446991, 73.0585627) → (31.4641337, 73.1683411) = 16879.6 m
2026-03-29 23:07:51.327 | DEBUG    | utils.geo_utils:haversine_distance:20 - Haversine: (31.5431453, 73.1283131) → (31.3691526, 73.0514611) = 20674.9 m
2026-03-29 23:07:51.327 | DEBUG    | utils.geo_utils:haversine_distance:20 - Haversine: (31.5431453, 73.1283131) → (31.3787188, 73.157798) = 18496.0 m
2026-03-29 23:07:51.327 | DEBUG    | utils.geo_utils:haversine_distance:20 - Haversine: (31.5431453, 73.1283131) → (31.4457694, 73.1408101) = 10892.3 m
2026-03-29 23:07:51.327 | DEBUG    | utils.geo_utils:haversine_distance:20 - Haversine: (31.5431453, 73.1283131) → (31.5487412, 73.1501112) = 2157.3 m
2026-03-29 23:07:51.327 | DEBUG    | utils.geo_utils:haversine_distance:20 - Haversine: (31.5431453, 73.1283131) → (31.3836456, 73.0640586) = 18753.4 m
2026-03-29 23:07:51.327 | DEBUG    | utils.geo_utils:haversine_distance:20 - Haversine: (31.5431453, 73.1283131) → (31.4467219, 73.1271368) = 10722.4 m
2026-03-29 23:07:51.327 | DEBUG    | utils.geo_utils:haversine_distance:20 - Haversine: (31.5431453, 73.1283131) → (31.330396, 73.0696448) = 24302.6 m
2026-03-29 23:07:51.327 | DEBUG    | utils.geo_utils:haversine_distance:20 - Haversine: (31.5431453, 73.1283131) → (31.3413852, 73.1852291) = 23075.3 m
2026-03-29 23:07:51.327 | DEBUG    | utils.geo_utils:haversine_distance:20 - Haversine: (31.5431453, 73.1283131) → (31.4000755, 73.0126538) = 19323.6 m
2026-03-29 23:07:51.327 | DEBUG    | utils.geo_utils:haversine_distance:20 - Haversine: (31.5431453, 73.1283131) → (31.527645, 73.0552285) = 7137.7 m
2026-03-29 23:07:51.327 | DEBUG    | utils.geo_utils:haversine_distance:20 - Haversine: (31.5431453, 73.1283131) → (31.3281703, 73.1302408) = 23904.8 m
2026-03-29 23:07:51.327 | DEBUG    | utils.geo_utils:haversine_distance:20 - Haversine: (31.5431453, 73.1283131) → (31.4192659, 73.0416323) = 16040.9 m
2026-03-29 23:07:51.327 | DEBUG    | utils.geo_utils:haversine_distance:20 - Haversine: (31.5431453, 73.1283131) → (31.5101284, 73.1503952) = 4226.0 m
2026-03-29 23:07:51.328 | DEBUG    | utils.geo_utils:haversine_distance:20 - Haversine: (31.5431453, 73.1283131) → (31.4641337, 73.1683411) = 9570.2 m
2026-03-29 23:07:51.328 | DEBUG    | utils.geo_utils:haversine_distance:20 - Haversine: (31.5431453, 73.1283131) → (31.3446991, 73.0585627) = 23037.0 m
2026-03-29 23:07:51.328 | DEBUG    | utils.geo_utils:haversine_distance:20 - Haversine: (31.398463, 73.0263855) → (31.3691526, 73.0514611) = 4035.9 m
2026-03-29 23:07:51.328 | DEBUG    | utils.geo_utils:haversine_distance:20 - Haversine: (31.398463, 73.0263855) → (31.3787188, 73.157798) = 12665.7 m
2026-03-29 23:07:51.328 | DEBUG    | utils.geo_utils:haversine_distance:20 - Haversine: (31.398463, 73.0263855) → (31.4457694, 73.1408101) = 12064.7 m
2026-03-29 23:07:51.328 | DEBUG    | utils.geo_utils:haversine_distance:20 - Haversine: (31.398463, 73.0263855) → (31.5487412, 73.1501112) = 20418.3 m
2026-03-29 23:07:51.328 | DEBUG    | utils.geo_utils:haversine_distance:20 - Haversine: (31.398463, 73.0263855) → (31.3836456, 73.0640586) = 3937.2 m
2026-03-29 23:07:51.328 | DEBUG    | utils.geo_utils:haversine_distance:20 - Haversine: (31.398463, 73.0263855) → (31.4467219, 73.1271368) = 10963.1 m
2026-03-29 23:07:51.328 | DEBUG    | utils.geo_utils:haversine_distance:20 - Haversine: (31.398463, 73.0263855) → (31.330396, 73.0696448) = 8611.4 m
2026-03-29 23:07:51.328 | DEBUG    | utils.geo_utils:haversine_distance:20 - Haversine: (31.398463, 73.0263855) → (31.3413852, 73.1852291) = 16361.9 m
2026-03-29 23:07:51.328 | DEBUG    | utils.geo_utils:haversine_distance:20 - Haversine: (31.398463, 73.0263855) → (31.4000755, 73.0126538) = 1315.6 m
2026-03-29 23:07:51.329 | DEBUG    | utils.geo_utils:haversine_distance:20 - Haversine: (31.398463, 73.0263855) → (31.527645, 73.0552285) = 14622.6 m
2026-03-29 23:07:51.329 | DEBUG    | utils.geo_utils:haversine_distance:20 - Haversine: (31.398463, 73.0263855) → (31.3281703, 73.1302408) = 12582.9 m
2026-03-29 23:07:51.329 | DEBUG    | utils.geo_utils:haversine_distance:20 - Haversine: (31.398463, 73.0263855) → (31.4192659, 73.0416323) = 2728.4 m
2026-03-29 23:07:51.329 | DEBUG    | utils.geo_utils:haversine_distance:20 - Haversine: (31.398463, 73.0263855) → (31.5101284, 73.1503952) = 17103.8 m
2026-03-29 23:07:51.329 | DEBUG    | utils.geo_utils:haversine_distance:20 - Haversine: (31.398463, 73.0263855) → (31.4641337, 73.1683411) = 15320.8 m
2026-03-29 23:07:51.330 | DEBUG    | utils.geo_utils:haversine_distance:20 - Haversine: (31.398463, 73.0263855) → (31.3446991, 73.0585627) = 6713.6 m
2026-03-29 23:07:51.330 | DEBUG    | utils.geo_utils:haversine_distance:20 - Haversine: (31.398463, 73.0263855) → (31.5431453, 73.1283131) = 18768.8 m
2026-03-29 23:07:51.330 | DEBUG    | utils.geo_utils:haversine_distance:20 - Haversine: (31.3190478, 73.1756414) → (31.3691526, 73.0514611) = 13042.9 m
2026-03-29 23:07:51.330 | DEBUG    | utils.geo_utils:haversine_distance:20 - Haversine: (31.3190478, 73.1756414) → (31.3787188, 73.157798) = 6848.1 m
2026-03-29 23:07:51.330 | DEBUG    | utils.geo_utils:haversine_distance:20 - Haversine: (31.3190478, 73.1756414) → (31.4457694, 73.1408101) = 14473.5 m
2026-03-29 23:07:51.330 | DEBUG    | utils.geo_utils:haversine_distance:20 - Haversine: (31.3190478, 73.1756414) → (31.5487412, 73.1501112) = 25655.3 m
2026-03-29 23:07:51.331 | DEBUG    | utils.geo_utils:haversine_distance:20 - Haversine: (31.3190478, 73.1756414) → (31.3836456, 73.0640586) = 12801.1 m
2026-03-29 23:07:51.331 | DEBUG    | utils.geo_utils:haversine_distance:20 - Haversine: (31.3190478, 73.1756414) → (31.4467219, 73.1271368) = 14924.7 m
2026-03-29 23:07:51.331 | DEBUG    | utils.geo_utils:haversine_distance:20 - Haversine: (31.3190478, 73.1756414) → (31.330396, 73.0696448) = 10147.0 m
2026-03-29 23:07:51.331 | DEBUG    | utils.geo_utils:haversine_distance:20 - Haversine: (31.3190478, 73.1756414) → (31.3413852, 73.1852291) = 2645.5 m
2026-03-29 23:07:51.331 | DEBUG    | utils.geo_utils:haversine_distance:20 - Haversine: (31.3190478, 73.1756414) → (31.4000755, 73.0126538) = 17907.6 m
2026-03-29 23:07:51.332 | DEBUG    | utils.geo_utils:haversine_distance:20 - Haversine: (31.3190478, 73.1756414) → (31.527645, 73.0552285) = 25856.3 m
2026-03-29 23:07:51.332 | DEBUG    | utils.geo_utils:haversine_distance:20 - Haversine: (31.3190478, 73.1756414) → (31.3281703, 73.1302408) = 4430.2 m
2026-03-29 23:07:51.332 | DEBUG    | utils.geo_utils:haversine_distance:20 - Haversine: (31.3190478, 73.1756414) → (31.4192659, 73.0416323) = 16913.3 m
2026-03-29 23:07:51.332 | DEBUG    | utils.geo_utils:haversine_distance:20 - Haversine: (31.3190478, 73.1756414) → (31.5101284, 73.1503952) = 21381.8 m
2026-03-29 23:07:51.332 | DEBUG    | utils.geo_utils:haversine_distance:20 - Haversine: (31.3190478, 73.1756414) → (31.4641337, 73.1683411) = 16147.7 m
2026-03-29 23:07:51.332 | DEBUG    | utils.geo_utils:haversine_distance:20 - Haversine: (31.3190478, 73.1756414) → (31.3446991, 73.0585627) = 11480.0 m
2026-03-29 23:07:51.332 | DEBUG    | utils.geo_utils:haversine_distance:20 - Haversine: (31.3190478, 73.1756414) → (31.5431453, 73.1283131) = 25319.9 m
2026-03-29 23:07:51.333 | DEBUG    | utils.geo_utils:haversine_distance:20 - Haversine: (31.3190478, 73.1756414) → (31.398463, 73.0263855) = 16698.2 m
2026-03-29 23:07:51.333 | DEBUG    | utils.geo_utils:haversine_distance:20 - Haversine: (31.3557607, 73.1450675) → (31.3691526, 73.0514611) = 9011.7 m
2026-03-29 23:07:51.333 | DEBUG    | utils.geo_utils:haversine_distance:20 - Haversine: (31.3557607, 73.1450675) → (31.3787188, 73.157798) = 2824.5 m
2026-03-29 23:07:51.333 | DEBUG    | utils.geo_utils:haversine_distance:20 - Haversine: (31.3557607, 73.1450675) → (31.4457694, 73.1408101) = 10016.7 m
2026-03-29 23:07:51.333 | DEBUG    | utils.geo_utils:haversine_distance:20 - Haversine: (31.3557607, 73.1450675) → (31.5487412, 73.1501112) = 21463.8 m
2026-03-29 23:07:51.334 | DEBUG    | utils.geo_utils:haversine_distance:20 - Haversine: (31.3557607, 73.1450675) → (31.3836456, 73.0640586) = 8292.6 m
2026-03-29 23:07:51.334 | DEBUG    | utils.geo_utils:haversine_distance:20 - Haversine: (31.3557607, 73.1450675) → (31.4467219, 73.1271368) = 10256.6 m
2026-03-29 23:07:51.334 | DEBUG    | utils.geo_utils:haversine_distance:20 - Haversine: (31.3557607, 73.1450675) → (31.330396, 73.0696448) = 7698.0 m
2026-03-29 23:07:51.334 | DEBUG    | utils.geo_utils:haversine_distance:20 - Haversine: (31.3557607, 73.1450675) → (31.3413852, 73.1852291) = 4135.3 m
2026-03-29 23:07:51.334 | DEBUG    | utils.geo_utils:haversine_distance:20 - Haversine: (31.3557607, 73.1450675) → (31.4000755, 73.0126538) = 13501.7 m
2026-03-29 23:07:51.334 | DEBUG    | utils.geo_utils:haversine_distance:20 - Haversine: (31.3557607, 73.1450675) → (31.527645, 73.0552285) = 20926.9 m
2026-03-29 23:07:51.335 | DEBUG    | utils.geo_utils:haversine_distance:20 - Haversine: (31.3557607, 73.1450675) → (31.3281703, 73.1302408) = 3375.6 m
2026-03-29 23:07:51.336 | DEBUG    | utils.geo_utils:haversine_distance:20 - Haversine: (31.3557607, 73.1450675) → (31.4192659, 73.0416323) = 12094.0 m
2026-03-29 23:07:51.336 | DEBUG    | utils.geo_utils:haversine_distance:20 - Haversine: (31.3557607, 73.1450675) → (31.5101284, 73.1503952) = 17172.3 m
2026-03-29 23:07:51.336 | DEBUG    | utils.geo_utils:haversine_distance:20 - Haversine: (31.3557607, 73.1450675) → (31.4641337, 73.1683411) = 12251.3 m
2026-03-29 23:07:51.338 | DEBUG    | utils.geo_utils:haversine_distance:20 - Haversine: (31.3557607, 73.1450675) → (31.3446991, 73.0585627) = 8306.1 m
2026-03-29 23:07:51.338 | DEBUG    | utils.geo_utils:haversine_distance:20 - Haversine: (31.3557607, 73.1450675) → (31.5431453, 73.1283131) = 20896.7 m
2026-03-29 23:07:51.338 | DEBUG    | utils.geo_utils:haversine_distance:20 - Haversine: (31.3557607, 73.1450675) → (31.398463, 73.0263855) = 12226.6 m
2026-03-29 23:07:51.343 | DEBUG    | utils.geo_utils:haversine_distance:20 - Haversine: (31.3557607, 73.1450675) → (31.3190478, 73.1756414) = 5009.7 m
2026-03-29 23:07:51.344 | DEBUG    | utils.geo_utils:haversine_distance:20 - Haversine: (31.4601458, 73.0666137) → (31.3691526, 73.0514611) = 10219.6 m
2026-03-29 23:07:51.344 | DEBUG    | utils.geo_utils:haversine_distance:20 - Haversine: (31.4601458, 73.0666137) → (31.3787188, 73.157798) = 12523.8 m
2026-03-29 23:07:51.344 | DEBUG    | utils.geo_utils:haversine_distance:20 - Haversine: (31.4601458, 73.0666137) → (31.4457694, 73.1408101) = 7217.3 m
2026-03-29 23:07:51.345 | DEBUG    | utils.geo_utils:haversine_distance:20 - Haversine: (31.4601458, 73.0666137) → (31.5487412, 73.1501112) = 12637.7 m
2026-03-29 23:07:51.345 | DEBUG    | utils.geo_utils:haversine_distance:20 - Haversine: (31.4601458, 73.0666137) → (31.3836456, 73.0640586) = 8509.9 m
2026-03-29 23:07:51.345 | DEBUG    | utils.geo_utils:haversine_distance:20 - Haversine: (31.4601458, 73.0666137) → (31.4467219, 73.1271368) = 5931.9 m
2026-03-29 23:07:51.345 | DEBUG    | utils.geo_utils:haversine_distance:20 - Haversine: (31.4601458, 73.0666137) → (31.330396, 73.0696448) = 14430.4 m
2026-03-29 23:07:51.345 | DEBUG    | utils.geo_utils:haversine_distance:20 - Haversine: (31.4601458, 73.0666137) → (31.3413852, 73.1852291) = 17352.9 m
2026-03-29 23:07:51.346 | DEBUG    | utils.geo_utils:haversine_distance:20 - Haversine: (31.4601458, 73.0666137) → (31.4000755, 73.0126538) = 8415.9 m
2026-03-29 23:07:51.346 | DEBUG    | utils.geo_utils:haversine_distance:20 - Haversine: (31.4601458, 73.0666137) → (31.527645, 73.0552285) = 7582.8 m
2026-03-29 23:07:51.346 | DEBUG    | utils.geo_utils:haversine_distance:20 - Haversine: (31.4601458, 73.0666137) → (31.3281703, 73.1302408) = 15869.1 m
2026-03-29 23:07:51.346 | DEBUG    | utils.geo_utils:haversine_distance:20 - Haversine: (31.4601458, 73.0666137) → (31.4192659, 73.0416323) = 5126.4 m
2026-03-29 23:07:51.346 | DEBUG    | utils.geo_utils:haversine_distance:20 - Haversine: (31.4601458, 73.0666137) → (31.5101284, 73.1503952) = 9695.6 m
2026-03-29 23:07:51.346 | DEBUG    | utils.geo_utils:haversine_distance:20 - Haversine: (31.4601458, 73.0666137) → (31.4641337, 73.1683411) = 9658.8 m
2026-03-29 23:07:51.347 | DEBUG    | utils.geo_utils:haversine_distance:20 - Haversine: (31.4601458, 73.0666137) → (31.3446991, 73.0585627) = 12859.8 m
2026-03-29 23:07:51.347 | DEBUG    | utils.geo_utils:haversine_distance:20 - Haversine: (31.4601458, 73.0666137) → (31.5431453, 73.1283131) = 10926.8 m
2026-03-29 23:07:51.347 | DEBUG    | utils.geo_utils:haversine_distance:20 - Haversine: (31.4601458, 73.0666137) → (31.398463, 73.0263855) = 7849.3 m
2026-03-29 23:07:51.347 | DEBUG    | utils.geo_utils:haversine_distance:20 - Haversine: (31.4601458, 73.0666137) → (31.3190478, 73.1756414) = 18795.2 m
2026-03-29 23:07:51.347 | DEBUG    | utils.geo_utils:haversine_distance:20 - Haversine: (31.4601458, 73.0666137) → (31.3557607, 73.1450675) = 13789.8 m
2026-03-29 23:07:51.348 | DEBUG    | utils.geo_utils:haversine_distance:20 - Haversine: (31.5426468, 73.1258022) → (31.3691526, 73.0514611) = 20540.0 m
2026-03-29 23:07:51.348 | DEBUG    | utils.geo_utils:haversine_distance:20 - Haversine: (31.5426468, 73.1258022) → (31.3787188, 73.157798) = 18478.9 m
2026-03-29 23:07:51.348 | DEBUG    | utils.geo_utils:haversine_distance:20 - Haversine: (31.5426468, 73.1258022) → (31.4457694, 73.1408101) = 10865.9 m
2026-03-29 23:07:51.348 | DEBUG    | utils.geo_utils:haversine_distance:20 - Haversine: (31.5426468, 73.1258022) → (31.5487412, 73.1501112) = 2401.2 m
2026-03-29 23:07:51.348 | DEBUG    | utils.geo_utils:haversine_distance:20 - Haversine: (31.5426468, 73.1258022) → (31.3836456, 73.0640586) = 18624.8 m
2026-03-29 23:07:51.348 | DEBUG    | utils.geo_utils:haversine_distance:20 - Haversine: (31.5426468, 73.1258022) → (31.4467219, 73.1271368) = 10667.1 m
2026-03-29 23:07:51.349 | DEBUG    | utils.geo_utils:haversine_distance:20 - Haversine: (31.5426468, 73.1258022) → (31.330396, 73.0696448) = 24195.1 m
2026-03-29 23:07:51.349 | DEBUG    | utils.geo_utils:haversine_distance:20 - Haversine: (31.5426468, 73.1258022) → (31.3413852, 73.1852291) = 23078.5 m
2026-03-29 23:07:51.349 | DEBUG    | utils.geo_utils:haversine_distance:20 - Haversine: (31.5426468, 73.1258022) → (31.4000755, 73.0126538) = 19143.5 m
2026-03-29 23:07:51.349 | DEBUG    | utils.geo_utils:haversine_distance:20 - Haversine: (31.5426468, 73.1258022) → (31.527645, 73.0552285) = 6893.4 m
2026-03-29 23:07:51.349 | DEBUG    | utils.geo_utils:haversine_distance:20 - Haversine: (31.5426468, 73.1258022) → (31.3281703, 73.1302408) = 23852.4 m
2026-03-29 23:07:51.350 | DEBUG    | utils.geo_utils:haversine_distance:20 - Haversine: (31.5426468, 73.1258022) → (31.4192659, 73.0416323) = 15872.2 m
2026-03-29 23:07:51.350 | DEBUG    | utils.geo_utils:haversine_distance:20 - Haversine: (31.5426468, 73.1258022) → (31.5101284, 73.1503952) = 4302.1 m
2026-03-29 23:07:51.350 | DEBUG    | utils.geo_utils:haversine_distance:20 - Haversine: (31.5426468, 73.1258022) → (31.4641337, 73.1683411) = 9616.8 m
2026-03-29 23:07:51.350 | DEBUG    | utils.geo_utils:haversine_distance:20 - Haversine: (31.5426468, 73.1258022) → (31.3446991, 73.0585627) = 22916.4 m
2026-03-29 23:07:51.350 | DEBUG    | utils.geo_utils:haversine_distance:20 - Haversine: (31.5426468, 73.1258022) → (31.5431453, 73.1283131) = 244.3 m
2026-03-29 23:07:51.350 | DEBUG    | utils.geo_utils:haversine_distance:20 - Haversine: (31.4743292, 73.1046958) → (31.3691526, 73.0514611) = 12739.4 m
2026-03-29 23:07:51.352 | DEBUG    | utils.geo_utils:haversine_distance:20 - Haversine: (31.4743292, 73.1046958) → (31.3787188, 73.157798) = 11764.9 m
2026-03-29 23:07:51.353 | DEBUG    | utils.geo_utils:haversine_distance:20 - Haversine: (31.4743292, 73.1046958) → (31.4457694, 73.1408101) = 4671.0 m
2026-03-29 23:07:51.353 | DEBUG    | utils.geo_utils:haversine_distance:20 - Haversine: (31.4743292, 73.1046958) → (31.5487412, 73.1501112) = 9327.3 m
2026-03-29 23:07:51.353 | DEBUG    | utils.geo_utils:haversine_distance:20 - Haversine: (31.4743292, 73.1046958) → (31.3836456, 73.0640586) = 10795.6 m
2026-03-29 23:07:51.353 | DEBUG    | utils.geo_utils:haversine_distance:20 - Haversine: (31.4743292, 73.1046958) → (31.4467219, 73.1271368) = 3735.5 m
2026-03-29 23:07:51.353 | DEBUG    | utils.geo_utils:haversine_distance:20 - Haversine: (31.4743292, 73.1046958) → (31.330396, 73.0696448) = 16346.7 m
2026-03-29 23:07:51.353 | DEBUG    | utils.geo_utils:haversine_distance:20 - Haversine: (31.4743292, 73.1046958) → (31.3413852, 73.1852291) = 16641.5 m
2026-03-29 23:07:51.353 | DEBUG    | utils.geo_utils:haversine_distance:20 - Haversine: (31.4743292, 73.1046958) → (31.4000755, 73.0126538) = 12017.7 m
2026-03-29 23:07:51.354 | DEBUG    | utils.geo_utils:haversine_distance:20 - Haversine: (31.4743292, 73.1046958) → (31.527645, 73.0552285) = 7559.2 m
2026-03-29 23:07:51.354 | DEBUG    | utils.geo_utils:haversine_distance:20 - Haversine: (31.4743292, 73.1046958) → (31.3281703, 73.1302408) = 16432.0 m
2026-03-29 23:07:51.354 | DEBUG    | utils.geo_utils:haversine_distance:20 - Haversine: (31.4743292, 73.1046958) → (31.4192659, 73.0416323) = 8560.2 m
2026-03-29 23:07:51.354 | DEBUG    | utils.geo_utils:haversine_distance:20 - Haversine: (31.4743292, 73.1046958) → (31.5101284, 73.1503952) = 5884.0 m
2026-03-29 23:07:51.354 | DEBUG    | utils.geo_utils:haversine_distance:20 - Haversine: (31.4743292, 73.1046958) → (31.4641337, 73.1683411) = 6141.7 m
2026-03-29 23:07:51.355 | DEBUG    | utils.geo_utils:haversine_distance:20 - Haversine: (31.4743292, 73.1046958) → (31.3446991, 73.0585627) = 15064.4 m
2026-03-29 23:07:51.355 | DEBUG    | utils.geo_utils:haversine_distance:20 - Haversine: (31.4743292, 73.1046958) → (31.5431453, 73.1283131) = 7972.8 m
2026-03-29 23:07:51.355 | DEBUG    | utils.geo_utils:haversine_distance:20 - Haversine: (31.4743292, 73.1046958) → (31.398463, 73.0263855) = 11241.2 m
2026-03-29 23:07:51.355 | DEBUG    | utils.geo_utils:haversine_distance:20 - Haversine: (31.4743292, 73.1046958) → (31.3190478, 73.1756414) = 18533.1 m
2026-03-29 23:07:51.355 | DEBUG    | utils.geo_utils:haversine_distance:20 - Haversine: (31.4743292, 73.1046958) → (31.3557607, 73.1450675) = 13729.6 m
2026-03-29 23:07:51.356 | DEBUG    | utils.geo_utils:haversine_distance:20 - Haversine: (31.4743292, 73.1046958) → (31.4601458, 73.0666137) = 3941.1 m
2026-03-29 23:07:51.356 | DEBUG    | utils.geo_utils:haversine_distance:20 - Haversine: (31.4693742, 73.1600766) → (31.3691526, 73.0514611) = 15179.5 m
2026-03-29 23:07:51.356 | DEBUG    | utils.geo_utils:haversine_distance:20 - Haversine: (31.4693742, 73.1600766) → (31.3787188, 73.157798) = 10082.7 m
2026-03-29 23:07:51.356 | DEBUG    | utils.geo_utils:haversine_distance:20 - Haversine: (31.4693742, 73.1600766) → (31.4457694, 73.1408101) = 3198.3 m
2026-03-29 23:07:51.356 | DEBUG    | utils.geo_utils:haversine_distance:20 - Haversine: (31.4693742, 73.1600766) → (31.5487412, 73.1501112) = 8875.6 m
2026-03-29 23:07:51.357 | DEBUG    | utils.geo_utils:haversine_distance:20 - Haversine: (31.4693742, 73.1600766) → (31.3836456, 73.0640586) = 13186.1 m
2026-03-29 23:07:51.357 | DEBUG    | utils.geo_utils:haversine_distance:20 - Haversine: (31.4693742, 73.1600766) → (31.4467219, 73.1271368) = 4013.3 m
2026-03-29 23:07:51.357 | DEBUG    | utils.geo_utils:haversine_distance:20 - Haversine: (31.4693742, 73.1600766) → (31.330396, 73.0696448) = 17677.2 m
2026-03-29 23:07:51.357 | DEBUG    | utils.geo_utils:haversine_distance:20 - Haversine: (31.4693742, 73.1600766) → (31.3413852, 73.1852291) = 14430.5 m
2026-03-29 23:07:51.357 | DEBUG    | utils.geo_utils:haversine_distance:20 - Haversine: (31.4693742, 73.1600766) → (31.4000755, 73.0126538) = 15969.0 m
2026-03-29 23:07:51.357 | DEBUG    | utils.geo_utils:haversine_distance:20 - Haversine: (31.4693742, 73.1600766) → (31.527645, 73.0552285) = 11866.0 m
2026-03-29 23:07:51.358 | DEBUG    | utils.geo_utils:haversine_distance:20 - Haversine: (31.4693742, 73.1600766) → (31.3281703, 73.1302408) = 15954.5 m
2026-03-29 23:07:51.358 | DEBUG    | utils.geo_utils:haversine_distance:20 - Haversine: (31.4693742, 73.1600766) → (31.4192659, 73.0416323) = 12541.9 m
2026-03-29 23:07:51.358 | DEBUG    | utils.geo_utils:haversine_distance:20 - Haversine: (31.4693742, 73.1600766) → (31.5101284, 73.1503952) = 4623.7 m
2026-03-29 23:07:51.358 | DEBUG    | utils.geo_utils:haversine_distance:20 - Haversine: (31.4693742, 73.1600766) → (31.4641337, 73.1683411) = 976.7 m
2026-03-29 23:07:51.358 | DEBUG    | utils.geo_utils:haversine_distance:20 - Haversine: (31.4693742, 73.1600766) → (31.3446991, 73.0585627) = 16882.0 m
2026-03-29 23:07:51.358 | DEBUG    | utils.geo_utils:haversine_distance:20 - Haversine: (31.4693742, 73.1600766) → (31.5431453, 73.1283131) = 8738.2 m
2026-03-29 23:07:51.359 | DEBUG    | utils.geo_utils:haversine_distance:20 - Haversine: (31.4693742, 73.1600766) → (31.398463, 73.0263855) = 14935.2 m
2026-03-29 23:07:51.359 | DEBUG    | utils.geo_utils:haversine_distance:20 - Haversine: (31.4693742, 73.1600766) → (31.3190478, 73.1756414) = 16780.7 m
2026-03-29 23:07:51.359 | DEBUG    | utils.geo_utils:haversine_distance:20 - Haversine: (31.4693742, 73.1600766) → (31.3557607, 73.1450675) = 12713.3 m
2026-03-29 23:07:51.359 | DEBUG    | utils.geo_utils:haversine_distance:20 - Haversine: (31.4693742, 73.1600766) → (31.4601458, 73.0666137) = 8923.7 m
2026-03-29 23:07:51.359 | DEBUG    | utils.geo_utils:haversine_distance:20 - Haversine: (31.4693742, 73.1600766) → (31.4743292, 73.1046958) = 5281.0 m
2026-03-29 23:07:51.360 | DEBUG    | utils.geo_utils:haversine_distance:20 - Haversine: (31.4060883, 73.1115478) → (31.3691526, 73.0514611) = 7028.5 m
2026-03-29 23:07:51.360 | DEBUG    | utils.geo_utils:haversine_distance:20 - Haversine: (31.4060883, 73.1115478) → (31.3787188, 73.157798) = 5341.7 m
2026-03-29 23:07:51.360 | DEBUG    | utils.geo_utils:haversine_distance:20 - Haversine: (31.4060883, 73.1115478) → (31.4457694, 73.1408101) = 5213.2 m
2026-03-29 23:07:51.360 | DEBUG    | utils.geo_utils:haversine_distance:20 - Haversine: (31.4060883, 73.1115478) → (31.5487412, 73.1501112) = 16278.4 m
2026-03-29 23:07:51.360 | DEBUG    | utils.geo_utils:haversine_distance:20 - Haversine: (31.4060883, 73.1115478) → (31.3836456, 73.0640586) = 5152.2 m
2026-03-29 23:07:51.360 | DEBUG    | utils.geo_utils:haversine_distance:20 - Haversine: (31.4060883, 73.1115478) → (31.4467219, 73.1271368) = 4754.2 m
2026-03-29 23:07:51.361 | DEBUG    | utils.geo_utils:haversine_distance:20 - Haversine: (31.4060883, 73.1115478) → (31.330396, 73.0696448) = 9309.5 m
2026-03-29 23:07:51.361 | DEBUG    | utils.geo_utils:haversine_distance:20 - Haversine: (31.4060883, 73.1115478) → (31.3413852, 73.1852291) = 10034.7 m
2026-03-29 23:07:51.361 | DEBUG    | utils.geo_utils:haversine_distance:20 - Haversine: (31.4060883, 73.1115478) → (31.4000755, 73.0126538) = 9409.6 m
2026-03-29 23:07:51.361 | DEBUG    | utils.geo_utils:haversine_distance:20 - Haversine: (31.4060883, 73.1115478) → (31.527645, 73.0552285) = 14533.6 m
2026-03-29 23:07:51.361 | DEBUG    | utils.geo_utils:haversine_distance:20 - Haversine: (31.4060883, 73.1115478) → (31.3281703, 73.1302408) = 8844.0 m
2026-03-29 23:07:51.361 | DEBUG    | utils.geo_utils:haversine_distance:20 - Haversine: (31.4060883, 73.1115478) → (31.4192659, 73.0416323) = 6794.7 m
2026-03-29 23:07:51.362 | DEBUG    | utils.geo_utils:haversine_distance:20 - Haversine: (31.4060883, 73.1115478) → (31.5101284, 73.1503952) = 12141.4 m
2026-03-29 23:07:51.362 | DEBUG    | utils.geo_utils:haversine_distance:20 - Haversine: (31.4060883, 73.1115478) → (31.4641337, 73.1683411) = 8407.9 m
2026-03-29 23:07:51.362 | DEBUG    | utils.geo_utils:haversine_distance:20 - Haversine: (31.4060883, 73.1115478) → (31.3446991, 73.0585627) = 8479.3 m
2026-03-29 23:07:51.362 | DEBUG    | utils.geo_utils:haversine_distance:20 - Haversine: (31.4060883, 73.1115478) → (31.5431453, 73.1283131) = 15322.8 m
2026-03-29 23:07:51.362 | DEBUG    | utils.geo_utils:haversine_distance:20 - Haversine: (31.4060883, 73.1115478) → (31.398463, 73.0263855) = 8127.0 m
2026-03-29 23:07:51.362 | DEBUG    | utils.geo_utils:haversine_distance:20 - Haversine: (31.4060883, 73.1115478) → (31.3190478, 73.1756414) = 11432.7 m
2026-03-29 23:07:51.363 | DEBUG    | utils.geo_utils:haversine_distance:20 - Haversine: (31.4060883, 73.1115478) → (31.3557607, 73.1450675) = 6437.6 m
2026-03-29 23:07:51.363 | DEBUG    | utils.geo_utils:haversine_distance:20 - Haversine: (31.4060883, 73.1115478) → (31.4601458, 73.0666137) = 7369.3 m
2026-03-29 23:07:51.363 | DEBUG    | utils.geo_utils:haversine_distance:20 - Haversine: (31.4060883, 73.1115478) → (31.4743292, 73.1046958) = 7615.8 m
2026-03-29 23:07:51.363 | DEBUG    | utils.geo_utils:haversine_distance:20 - Haversine: (31.4060883, 73.1115478) → (31.4693742, 73.1600766) = 8409.4 m
2026-03-29 23:07:51.363 | DEBUG    | utils.geo_utils:haversine_distance:20 - Haversine: (31.4773379, 73.0052033) → (31.3691526, 73.0514611) = 12805.4 m
2026-03-29 23:07:51.363 | DEBUG    | utils.geo_utils:haversine_distance:20 - Haversine: (31.4773379, 73.0052033) → (31.3787188, 73.157798) = 18162.6 m
2026-03-29 23:07:51.364 | DEBUG    | utils.geo_utils:haversine_distance:20 - Haversine: (31.4773379, 73.0052033) → (31.4457694, 73.1408101) = 13332.5 m
2026-03-29 23:07:51.364 | DEBUG    | utils.geo_utils:haversine_distance:20 - Haversine: (31.4773379, 73.0052033) → (31.5487412, 73.1501112) = 15866.2 m
2026-03-29 23:07:51.364 | DEBUG    | utils.geo_utils:haversine_distance:20 - Haversine: (31.4773379, 73.0052033) → (31.3836456, 73.0640586) = 11820.3 m
2026-03-29 23:07:51.364 | DEBUG    | utils.geo_utils:haversine_distance:20 - Haversine: (31.4773379, 73.0052033) → (31.4467219, 73.1271368) = 12055.8 m
2026-03-29 23:07:51.364 | DEBUG    | utils.geo_utils:haversine_distance:20 - Haversine: (31.4773379, 73.0052033) → (31.330396, 73.0696448) = 17446.3 m
2026-03-29 23:07:51.364 | DEBUG    | utils.geo_utils:haversine_distance:20 - Haversine: (31.4773379, 73.0052033) → (31.3413852, 73.1852291) = 22812.6 m
2026-03-29 23:07:51.365 | DEBUG    | utils.geo_utils:haversine_distance:20 - Haversine: (31.4773379, 73.0052033) → (31.4000755, 73.0126538) = 8620.2 m
2026-03-29 23:07:51.365 | DEBUG    | utils.geo_utils:haversine_distance:20 - Haversine: (31.4773379, 73.0052033) → (31.527645, 73.0552285) = 7333.8 m
2026-03-29 23:07:51.365 | DEBUG    | utils.geo_utils:haversine_distance:20 - Haversine: (31.4773379, 73.0052033) → (31.3281703, 73.1302408) = 20394.7 m
2026-03-29 23:07:51.365 | DEBUG    | utils.geo_utils:haversine_distance:20 - Haversine: (31.4773379, 73.0052033) → (31.4192659, 73.0416323) = 7323.9 m
2026-03-29 23:07:51.365 | DEBUG    | utils.geo_utils:haversine_distance:20 - Haversine: (31.4773379, 73.0052033) → (31.5101284, 73.1503952) = 14241.1 m
2026-03-29 23:07:51.365 | DEBUG    | utils.geo_utils:haversine_distance:20 - Haversine: (31.4773379, 73.0052033) → (31.4641337, 73.1683411) = 15541.3 m
2026-03-29 23:07:51.366 | DEBUG    | utils.geo_utils:haversine_distance:20 - Haversine: (31.4773379, 73.0052033) → (31.3446991, 73.0585627) = 15593.8 m
2026-03-29 23:07:51.366 | DEBUG    | utils.geo_utils:haversine_distance:20 - Haversine: (31.4773379, 73.0052033) → (31.5431453, 73.1283131) = 13775.0 m
2026-03-29 23:07:51.366 | DEBUG    | utils.geo_utils:haversine_distance:20 - Haversine: (31.4773379, 73.0052033) → (31.398463, 73.0263855) = 8997.8 m
2026-03-29 23:07:51.366 | DEBUG    | utils.geo_utils:haversine_distance:20 - Haversine: (31.4773379, 73.0052033) → (31.3190478, 73.1756414) = 23905.7 m
2026-03-29 23:07:51.366 | DEBUG    | utils.geo_utils:haversine_distance:20 - Haversine: (31.4773379, 73.0052033) → (31.3557607, 73.1450675) = 18944.9 m
2026-03-29 23:07:51.366 | DEBUG    | utils.geo_utils:haversine_distance:20 - Haversine: (31.4773379, 73.0052033) → (31.4601458, 73.0666137) = 6129.9 m
2026-03-29 23:07:51.367 | DEBUG    | utils.geo_utils:haversine_distance:20 - Haversine: (31.4773379, 73.0052033) → (31.4743292, 73.1046958) = 9441.2 m
2026-03-29 23:07:51.367 | DEBUG    | utils.geo_utils:haversine_distance:20 - Haversine: (31.4773379, 73.0052033) → (31.4693742, 73.1600766) = 14714.3 m
2026-03-29 23:07:51.367 | DEBUG    | utils.geo_utils:haversine_distance:20 - Haversine: (31.4773379, 73.0052033) → (31.4060883, 73.1115478) = 12827.7 m
2026-03-29 23:07:51.367 | DEBUG    | utils.geo_utils:haversine_distance:20 - Haversine: (31.4766945, 73.1677037) → (31.3691526, 73.0514611) = 16268.3 m
2026-03-29 23:07:51.367 | DEBUG    | utils.geo_utils:haversine_distance:20 - Haversine: (31.4766945, 73.1677037) → (31.3787188, 73.157798) = 10934.9 m
2026-03-29 23:07:51.368 | DEBUG    | utils.geo_utils:haversine_distance:20 - Haversine: (31.4766945, 73.1677037) → (31.4457694, 73.1408101) = 4281.5 m
2026-03-29 23:07:51.368 | DEBUG    | utils.geo_utils:haversine_distance:20 - Haversine: (31.4766945, 73.1677037) → (31.5487412, 73.1501112) = 8183.0 m
2026-03-29 23:07:51.368 | DEBUG    | utils.geo_utils:haversine_distance:20 - Haversine: (31.4766945, 73.1677037) → (31.3836456, 73.0640586) = 14274.3 m
2026-03-29 23:07:51.368 | DEBUG    | utils.geo_utils:haversine_distance:20 - Haversine: (31.4766945, 73.1677037) → (31.4467219, 73.1271368) = 5090.4 m
2026-03-29 23:07:51.369 | DEBUG    | utils.geo_utils:haversine_distance:20 - Haversine: (31.4766945, 73.1677037) → (31.330396, 73.0696448) = 18741.6 m
2026-03-29 23:07:51.369 | DEBUG    | utils.geo_utils:haversine_distance:20 - Haversine: (31.4766945, 73.1677037) → (31.3413852, 73.1852291) = 15137.4 m
2026-03-29 23:07:51.369 | DEBUG    | utils.geo_utils:haversine_distance:20 - Haversine: (31.4766945, 73.1677037) → (31.4000755, 73.0126538) = 16998.9 m
2026-03-29 23:07:51.369 | DEBUG    | utils.geo_utils:haversine_distance:20 - Haversine: (31.4766945, 73.1677037) → (31.527645, 73.0552285) = 12075.0 m
2026-03-29 23:07:51.369 | DEBUG    | utils.geo_utils:haversine_distance:20 - Haversine: (31.4766945, 73.1677037) → (31.3281703, 73.1302408) = 16893.5 m
2026-03-29 23:07:51.369 | DEBUG    | utils.geo_utils:haversine_distance:20 - Haversine: (31.4766945, 73.1677037) → (31.4192659, 73.0416323) = 13557.5 m
2026-03-29 23:07:51.369 | DEBUG    | utils.geo_utils:haversine_distance:20 - Haversine: (31.4766945, 73.1677037) → (31.5101284, 73.1503952) = 4063.8 m
2026-03-29 23:07:51.369 | DEBUG    | utils.geo_utils:haversine_distance:20 - Haversine: (31.4766945, 73.1677037) → (31.4641337, 73.1683411) = 1398.0 m
2026-03-29 23:07:51.370 | DEBUG    | utils.geo_utils:haversine_distance:20 - Haversine: (31.4766945, 73.1677037) → (31.3446991, 73.0585627) = 17963.8 m
2026-03-29 23:07:51.370 | DEBUG    | utils.geo_utils:haversine_distance:20 - Haversine: (31.4766945, 73.1677037) → (31.5431453, 73.1283131) = 8279.0 m
2026-03-29 23:07:51.370 | DEBUG    | utils.geo_utils:haversine_distance:20 - Haversine: (31.4766945, 73.1677037) → (31.398463, 73.0263855) = 15982.0 m
2026-03-29 23:07:51.370 | DEBUG    | utils.geo_utils:haversine_distance:20 - Haversine: (31.4766945, 73.1677037) → (31.3190478, 73.1756414) = 17545.7 m
2026-03-29 23:07:51.370 | DEBUG    | utils.geo_utils:haversine_distance:20 - Haversine: (31.4766945, 73.1677037) → (31.3557607, 73.1450675) = 13617.7 m
2026-03-29 23:07:51.370 | DEBUG    | utils.geo_utils:haversine_distance:20 - Haversine: (31.4766945, 73.1677037) → (31.4601458, 73.0666137) = 9762.5 m
2026-03-29 23:07:51.370 | DEBUG    | utils.geo_utils:haversine_distance:20 - Haversine: (31.4766945, 73.1677037) → (31.4743292, 73.1046958) = 5981.1 m
2026-03-29 23:07:51.371 | DEBUG    | utils.geo_utils:haversine_distance:20 - Haversine: (31.4766945, 73.1677037) → (31.4693742, 73.1600766) = 1088.9 m
2026-03-29 23:07:51.371 | DEBUG    | utils.geo_utils:haversine_distance:20 - Haversine: (31.4766945, 73.1677037) → (31.4060883, 73.1115478) = 9487.9 m
2026-03-29 23:07:51.371 | DEBUG    | utils.geo_utils:haversine_distance:20 - Haversine: (31.4766945, 73.1677037) → (31.4773379, 73.0052033) = 15410.5 m
2026-03-29 23:07:51.371 | DEBUG    | utils.geo_utils:haversine_distance:20 - Haversine: (31.504101, 73.1583633) → (31.3691526, 73.0514611) = 18111.6 m
2026-03-29 23:07:51.371 | DEBUG    | utils.geo_utils:haversine_distance:20 - Haversine: (31.504101, 73.1583633) → (31.3787188, 73.157798) = 13942.0 m
2026-03-29 23:07:51.371 | DEBUG    | utils.geo_utils:haversine_distance:20 - Haversine: (31.504101, 73.1583633) → (31.4457694, 73.1408101) = 6696.4 m
2026-03-29 23:07:51.371 | DEBUG    | utils.geo_utils:haversine_distance:20 - Haversine: (31.504101, 73.1583633) → (31.5487412, 73.1501112) = 5025.0 m
2026-03-29 23:07:51.371 | DEBUG    | utils.geo_utils:haversine_distance:20 - Haversine: (31.504101, 73.1583633) → (31.3836456, 73.0640586) = 16107.0 m
2026-03-29 23:07:51.371 | DEBUG    | utils.geo_utils:haversine_distance:20 - Haversine: (31.504101, 73.1583633) → (31.4467219, 73.1271368) = 7034.0 m
2026-03-29 23:07:51.371 | DEBUG    | utils.geo_utils:haversine_distance:20 - Haversine: (31.504101, 73.1583633) → (31.330396, 73.0696448) = 21070.1 m
2026-03-29 23:07:51.371 | DEBUG    | utils.geo_utils:haversine_distance:20 - Haversine: (31.504101, 73.1583633) → (31.3413852, 73.1852291) = 18271.9 m
2026-03-29 23:07:51.371 | DEBUG    | utils.geo_utils:haversine_distance:20 - Haversine: (31.504101, 73.1583633) → (31.4000755, 73.0126538) = 18023.2 m
2026-03-29 23:07:51.371 | DEBUG    | utils.geo_utils:haversine_distance:20 - Haversine: (31.504101, 73.1583633) → (31.527645, 73.0552285) = 10120.9 m
2026-03-29 23:07:51.372 | DEBUG    | utils.geo_utils:haversine_distance:20 - Haversine: (31.504101, 73.1583633) → (31.3281703, 73.1302408) = 19743.8 m
2026-03-29 23:07:51.372 | DEBUG    | utils.geo_utils:haversine_distance:20 - Haversine: (31.504101, 73.1583633) → (31.4192659, 73.0416323) = 14545.4 m
2026-03-29 23:07:51.372 | DEBUG    | utils.geo_utils:haversine_distance:20 - Haversine: (31.504101, 73.1583633) → (31.5101284, 73.1503952) = 1009.9 m
2026-03-29 23:07:51.372 | DEBUG    | utils.geo_utils:haversine_distance:20 - Haversine: (31.504101, 73.1583633) → (31.4641337, 73.1683411) = 4543.8 m
2026-03-29 23:07:51.372 | DEBUG    | utils.geo_utils:haversine_distance:20 - Haversine: (31.504101, 73.1583633) → (31.3446991, 73.0585627) = 20095.7 m
2026-03-29 23:07:51.372 | DEBUG    | utils.geo_utils:haversine_distance:20 - Haversine: (31.504101, 73.1583633) → (31.5431453, 73.1283131) = 5192.5 m
2026-03-29 23:07:51.372 | DEBUG    | utils.geo_utils:haversine_distance:20 - Haversine: (31.504101, 73.1583633) → (31.398463, 73.0263855) = 17167.1 m
2026-03-29 23:07:51.372 | DEBUG    | utils.geo_utils:haversine_distance:20 - Haversine: (31.504101, 73.1583633) → (31.3190478, 73.1756414) = 20642.2 m
2026-03-29 23:07:51.372 | DEBUG    | utils.geo_utils:haversine_distance:20 - Haversine: (31.504101, 73.1583633) → (31.3557607, 73.1450675) = 16542.9 m
2026-03-29 23:07:51.372 | DEBUG    | utils.geo_utils:haversine_distance:20 - Haversine: (31.504101, 73.1583633) → (31.4601458, 73.0666137) = 9979.2 m
2026-03-29 23:07:51.372 | DEBUG    | utils.geo_utils:haversine_distance:20 - Haversine: (31.504101, 73.1583633) → (31.4743292, 73.1046958) = 6070.8 m
2026-03-29 23:07:51.373 | DEBUG    | utils.geo_utils:haversine_distance:20 - Haversine: (31.504101, 73.1583633) → (31.4693742, 73.1600766) = 3864.9 m
2026-03-29 23:07:51.373 | DEBUG    | utils.geo_utils:haversine_distance:20 - Haversine: (31.504101, 73.1583633) → (31.4060883, 73.1115478) = 11768.5 m
2026-03-29 23:07:51.373 | DEBUG    | utils.geo_utils:haversine_distance:20 - Haversine: (31.504101, 73.1583633) → (31.4773379, 73.0052033) = 14824.2 m
2026-03-29 23:07:51.373 | DEBUG    | utils.geo_utils:haversine_distance:20 - Haversine: (31.504101, 73.1583633) → (31.4766945, 73.1677037) = 3173.5 m
2026-03-29 23:07:51.373 | DEBUG    | utils.geo_utils:haversine_distance:20 - Haversine: (31.3907077, 73.1897443) → (31.3691526, 73.0514611) = 13344.3 m
2026-03-29 23:07:51.373 | DEBUG    | utils.geo_utils:haversine_distance:20 - Haversine: (31.3907077, 73.1897443) → (31.3787188, 73.157798) = 3312.6 m
2026-03-29 23:07:51.373 | DEBUG    | utils.geo_utils:haversine_distance:20 - Haversine: (31.3907077, 73.1897443) → (31.4457694, 73.1408101) = 7684.3 m
2026-03-29 23:07:51.373 | DEBUG    | utils.geo_utils:haversine_distance:20 - Haversine: (31.3907077, 73.1897443) → (31.5487412, 73.1501112) = 17970.0 m
2026-03-29 23:07:51.373 | DEBUG    | utils.geo_utils:haversine_distance:20 - Haversine: (31.3907077, 73.1897443) → (31.3836456, 73.0640586) = 11956.3 m
2026-03-29 23:07:51.373 | DEBUG    | utils.geo_utils:haversine_distance:20 - Haversine: (31.3907077, 73.1897443) → (31.4467219, 73.1271368) = 8607.5 m
2026-03-29 23:07:51.374 | DEBUG    | utils.geo_utils:haversine_distance:20 - Haversine: (31.3907077, 73.1897443) → (31.330396, 73.0696448) = 13229.3 m
2026-03-29 23:07:51.374 | DEBUG    | utils.geo_utils:haversine_distance:20 - Haversine: (31.3907077, 73.1897443) → (31.3413852, 73.1852291) = 5501.1 m
2026-03-29 23:07:51.374 | DEBUG    | utils.geo_utils:haversine_distance:20 - Haversine: (31.3907077, 73.1897443) → (31.4000755, 73.0126538) = 16840.8 m
2026-03-29 23:07:51.374 | DEBUG    | utils.geo_utils:haversine_distance:20 - Haversine: (31.3907077, 73.1897443) → (31.527645, 73.0552285) = 19865.6 m
2026-03-29 23:07:51.374 | DEBUG    | utils.geo_utils:haversine_distance:20 - Haversine: (31.3907077, 73.1897443) → (31.3281703, 73.1302408) = 8959.8 m
2026-03-29 23:07:51.374 | DEBUG    | utils.geo_utils:haversine_distance:20 - Haversine: (31.3907077, 73.1897443) → (31.4192659, 73.0416323) = 14410.9 m
2026-03-29 23:07:51.374 | DEBUG    | utils.geo_utils:haversine_distance:20 - Haversine: (31.3907077, 73.1897443) → (31.5101284, 73.1503952) = 13793.6 m
2026-03-29 23:07:51.374 | DEBUG    | utils.geo_utils:haversine_distance:20 - Haversine: (31.3907077, 73.1897443) → (31.4641337, 73.1683411) = 8413.4 m
2026-03-29 23:07:51.374 | DEBUG    | utils.geo_utils:haversine_distance:20 - Haversine: (31.3907077, 73.1897443) → (31.3446991, 73.0585627) = 13464.6 m
2026-03-29 23:07:51.374 | DEBUG    | utils.geo_utils:haversine_distance:20 - Haversine: (31.3907077, 73.1897443) → (31.5431453, 73.1283131) = 17923.7 m
2026-03-29 23:07:51.374 | DEBUG    | utils.geo_utils:haversine_distance:20 - Haversine: (31.3907077, 73.1897443) → (31.398463, 73.0263855) = 15529.3 m
2026-03-29 23:07:51.375 | DEBUG    | utils.geo_utils:haversine_distance:20 - Haversine: (31.3907077, 73.1897443) → (31.3190478, 73.1756414) = 8080.0 m
2026-03-29 23:07:51.375 | DEBUG    | utils.geo_utils:haversine_distance:20 - Haversine: (31.3907077, 73.1897443) → (31.3557607, 73.1450675) = 5752.5 m
2026-03-29 23:07:51.375 | DEBUG    | utils.geo_utils:haversine_distance:20 - Haversine: (31.3907077, 73.1897443) → (31.4601458, 73.0666137) = 14004.1 m
2026-03-29 23:07:51.375 | DEBUG    | utils.geo_utils:haversine_distance:20 - Haversine: (31.3907077, 73.1897443) → (31.4743292, 73.1046958) = 12311.4 m
2026-03-29 23:07:51.375 | DEBUG    | utils.geo_utils:haversine_distance:20 - Haversine: (31.3907077, 73.1897443) → (31.4693742, 73.1600766) = 9189.1 m
2026-03-29 23:07:51.375 | DEBUG    | utils.geo_utils:haversine_distance:20 - Haversine: (31.3907077, 73.1897443) → (31.4060883, 73.1115478) = 7616.3 m
2026-03-29 23:07:51.375 | DEBUG    | utils.geo_utils:haversine_distance:20 - Haversine: (31.3907077, 73.1897443) → (31.4773379, 73.0052033) = 19983.5 m
2026-03-29 23:07:51.375 | DEBUG    | utils.geo_utils:haversine_distance:20 - Haversine: (31.3907077, 73.1897443) → (31.4766945, 73.1677037) = 9787.3 m
2026-03-29 23:07:51.375 | DEBUG    | utils.geo_utils:haversine_distance:20 - Haversine: (31.3907077, 73.1897443) → (31.504101, 73.1583633) = 12955.4 m
2026-03-29 23:07:51.375 | DEBUG    | utils.geo_utils:haversine_distance:20 - Haversine: (31.4052045, 73.0873694) → (31.3691526, 73.0514611) = 5262.0 m
2026-03-29 23:07:51.375 | DEBUG    | utils.geo_utils:haversine_distance:20 - Haversine: (31.4052045, 73.0873694) → (31.3787188, 73.157798) = 7305.0 m
2026-03-29 23:07:51.376 | DEBUG    | utils.geo_utils:haversine_distance:20 - Haversine: (31.4052045, 73.0873694) → (31.4457694, 73.1408101) = 6786.6 m
2026-03-29 23:07:51.376 | DEBUG    | utils.geo_utils:haversine_distance:20 - Haversine: (31.4052045, 73.0873694) → (31.5487412, 73.1501112) = 17033.5 m
2026-03-29 23:07:51.376 | DEBUG    | utils.geo_utils:haversine_distance:20 - Haversine: (31.4052045, 73.0873694) → (31.3836456, 73.0640586) = 3262.2 m
2026-03-29 23:07:51.376 | DEBUG    | utils.geo_utils:haversine_distance:20 - Haversine: (31.4052045, 73.0873694) → (31.4467219, 73.1271368) = 5962.4 m
2026-03-29 23:07:51.376 | DEBUG    | utils.geo_utils:haversine_distance:20 - Haversine: (31.4052045, 73.0873694) → (31.330396, 73.0696448) = 8486.8 m
2026-03-29 23:07:51.376 | DEBUG    | utils.geo_utils:haversine_distance:20 - Haversine: (31.4052045, 73.0873694) → (31.3413852, 73.1852291) = 11690.7 m
2026-03-29 23:07:51.376 | DEBUG    | utils.geo_utils:haversine_distance:20 - Haversine: (31.4052045, 73.0873694) → (31.4000755, 73.0126538) = 7114.0 m
2026-03-29 23:07:51.376 | DEBUG    | utils.geo_utils:haversine_distance:20 - Haversine: (31.4052045, 73.0873694) → (31.527645, 73.0552285) = 13951.9 m
2026-03-29 23:07:51.376 | DEBUG    | utils.geo_utils:haversine_distance:20 - Haversine: (31.4052045, 73.0873694) → (31.3281703, 73.1302408) = 9483.7 m
2026-03-29 23:07:51.376 | DEBUG    | utils.geo_utils:haversine_distance:20 - Haversine: (31.4052045, 73.0873694) → (31.4192659, 73.0416323) = 4613.4 m
2026-03-29 23:07:51.376 | DEBUG    | utils.geo_utils:haversine_distance:20 - Haversine: (31.4052045, 73.0873694) → (31.5101284, 73.1503952) = 13109.4 m
2026-03-29 23:07:51.376 | DEBUG    | utils.geo_utils:haversine_distance:20 - Haversine: (31.4052045, 73.0873694) → (31.4641337, 73.1683411) = 10097.2 m
2026-03-29 23:07:51.377 | DEBUG    | utils.geo_utils:haversine_distance:20 - Haversine: (31.4052045, 73.0873694) → (31.3446991, 73.0585627) = 7262.5 m
2026-03-29 23:07:51.377 | DEBUG    | utils.geo_utils:haversine_distance:20 - Haversine: (31.4052045, 73.0873694) → (31.5431453, 73.1283131) = 15822.2 m
2026-03-29 23:07:51.377 | DEBUG    | utils.geo_utils:haversine_distance:20 - Haversine: (31.4052045, 73.0873694) → (31.398463, 73.0263855) = 5836.2 m
2026-03-29 23:07:51.377 | DEBUG    | utils.geo_utils:haversine_distance:20 - Haversine: (31.4052045, 73.0873694) → (31.3190478, 73.1756414) = 12729.0 m
2026-03-29 23:07:51.377 | DEBUG    | utils.geo_utils:haversine_distance:20 - Haversine: (31.4052045, 73.0873694) → (31.3557607, 73.1450675) = 7760.6 m
2026-03-29 23:07:51.377 | DEBUG    | utils.geo_utils:haversine_distance:20 - Haversine: (31.4052045, 73.0873694) → (31.4601458, 73.0666137) = 6418.7 m
2026-03-29 23:07:51.378 | DEBUG    | utils.geo_utils:haversine_distance:20 - Haversine: (31.4052045, 73.0873694) → (31.4743292, 73.1046958) = 7860.1 m
2026-03-29 23:07:51.378 | DEBUG    | utils.geo_utils:haversine_distance:20 - Haversine: (31.4052045, 73.0873694) → (31.4693742, 73.1600766) = 9924.4 m
2026-03-29 23:07:51.378 | DEBUG    | utils.geo_utils:haversine_distance:20 - Haversine: (31.4052045, 73.0873694) → (31.4060883, 73.1115478) = 2296.7 m
2026-03-29 23:07:51.378 | DEBUG    | utils.geo_utils:haversine_distance:20 - Haversine: (31.4052045, 73.0873694) → (31.4773379, 73.0052033) = 11184.6 m
2026-03-29 23:07:51.378 | DEBUG    | utils.geo_utils:haversine_distance:20 - Haversine: (31.4052045, 73.0873694) → (31.4766945, 73.1677037) = 11012.5 m
2026-03-29 23:07:51.378 | DEBUG    | utils.geo_utils:haversine_distance:20 - Haversine: (31.4052045, 73.0873694) → (31.504101, 73.1583633) = 12894.9 m
2026-03-29 23:07:51.379 | DEBUG    | utils.geo_utils:haversine_distance:20 - Haversine: (31.4052045, 73.0873694) → (31.3907077, 73.1897443) = 9849.5 m
2026-03-29 23:07:51.379 | INFO     | data_pipeline.stop_builder:merge_nearby_stops:91 - Merged stops:
2026-03-29 23:07:51.379 | INFO     | data_pipeline.stop_builder:merge_nearby_stops:92 -   Before merge: 30 stops
2026-03-29 23:07:51.380 | INFO     | data_pipeline.stop_builder:merge_nearby_stops:93 -   After merge : 28 stops (merged 2 pairs/groups)
2026-03-29 23:07:51.380 | DEBUG    | data_pipeline.stop_builder:merge_nearby_stops:95 - First few merged stops: [{'student_id': '3CNKLBNknvMId9G9MJ1cVoQjkpw2', 'name': 'Test Student 12', 'roll_no': 'TEST-4382', 'lat': 31.3691526, 'lng': 73.0514611, 'student_count': 1, 'contact': '03597900028', 'semester': 'Spring 2026', 'fee_status': 'unpaid', 'registration_status': 'successful', 'original_lat': 31.369289, 'original_lng': 73.051406, 'snap_distance_m': 16.04, 'merged_student_ids': ['3CNKLBNknvMId9G9MJ1cVoQjkpw2']}, {'student_id': '61fbjUraIhPuzNx8BY68aYewSG02', 'name': 'Test Student 28', 'roll_no': 'TEST-7403', 'lat': 31.3787188, 'lng': 73.157798, 'student_count': 1, 'contact': '03344993000', 'semester': 'Spring 2026', 'fee_status': 'unpaid', 'registration_status': 'successful', 'original_lat': 31.380283, 'original_lng': 73.159195, 'snap_distance_m': 218.72, 'merged_student_ids': ['61fbjUraIhPuzNx8BY68aYewSG02']}, {'student_id': '7DxKX1nW4ZdeWHKXM2Vf5OIfGvr1', 'name': 'Test Student 10', 'roll_no': 'TEST-9142', 'lat': 31.4457694, 'lng': 73.1408101, 'student_count': 1, 'contact': '03537549971', 'semester': 'Spring 2026', 'fee_status': 'unpaid', 'registration_status': 'successful', 'original_lat': 31.446304, 'original_lng': 73.140169, 'snap_distance_m': 85.04, 'merged_student_ids': ['7DxKX1nW4ZdeWHKXM2Vf5OIfGvr1']}]
2026-03-29 23:07:53.274 | INFO     | clustering.stop_clustering:cluster_stops:45 - Clustered into 3 buses (capacity 10):
2026-03-29 23:07:53.275 | INFO     | clustering.stop_clustering:cluster_stops:48 -   Bus 0: 6 stops, 7 students
2026-03-29 23:07:53.275 | INFO     | clustering.stop_clustering:cluster_stops:48 -   Bus 1: 11 stops, 12 students
2026-03-29 23:07:53.276 | INFO     | clustering.stop_clustering:cluster_stops:48 -   Bus 2: 11 stops, 11 students
2026-03-29 23:07:54.497 | INFO     | optimization.tsp_solver:get_road_distance_matrix:38 - ORS matrix computed: 7x7
2026-03-29 23:08:09.511 | INFO     | optimization.tsp_solver:solve_tsp:123 - TSP solved: 6 stops, distance 33064 m, objective 33064
2026-03-29 23:08:09.512 | DEBUG    | optimization.tsp_solver:solve_tsp:124 - Order: ['unknown', 'unknown', 'unknown', 'unknown', 'unknown', 'unknown']
2026-03-29 23:08:09.512 | DEBUG    | optimization.route_generator:generate_route_path:57 - Requesting ORS route with 7 waypoints
2026-03-29 23:08:11.078 | INFO     | optimization.route_generator:generate_route_path:74 - ORS route generated successfully (bug-free)
2026-03-29 23:08:11.079 | INFO     | optimization.route_generator:generate_route_path:75 -   Waypoints: 6 stops → University
2026-03-29 23:08:11.079 | INFO     | optimization.route_generator:generate_route_path:76 -   Distance: 58.93 km
2026-03-29 23:08:11.080 | INFO     | optimization.route_generator:generate_route_path:77 -   Duration: 1.20 h (72 min)
2026-03-29 23:08:11.080 | DEBUG    | optimization.route_generator:generate_route_path:78 - Geometry sample (first 3 & last 3): [[73.157798, 31.378719], [73.16044, 31.376661], [73.161875, 31.375597]] ... [[73.03447, 31.602425], [73.034742, 31.602694], [73.034832, 31.602523]]
2026-03-29 23:08:11.082 | INFO     | optimization.store_routes:compute_fee_per_student:32 - Fee calc: 40412 PKR/student | dist=58.9km | students=7
2026-03-29 23:08:11.690 | DEBUG    | optimization.store_routes:reverse_geocode_stop_name:176 - Stop name resolved: (31.3787, 73.1578) → 'Punjab Social Security Housing Colony'
2026-03-29 23:08:12.575 | DEBUG    | optimization.store_routes:store_optimized_routes:272 - Assigned seat S1 to student 61fbjUraIhPuzNx8BY68aYewSG02
2026-03-29 23:08:14.818 | DEBUG    | optimization.store_routes:store_optimized_routes:295 - Stored stop R1_stop1 | name='Punjab Social Security Housing Colony' | route=R1
2026-03-29 23:08:16.449 | DEBUG    | optimization.store_routes:reverse_geocode_stop_name:176 - Stop name resolved: (31.3907, 73.1897) → 'Karar Wala'
2026-03-29 23:08:16.993 | DEBUG    | optimization.store_routes:store_optimized_routes:272 - Assigned seat S2 to student vjz604g8oKerN5zBKZ7mU7mG2M03
2026-03-29 23:08:19.487 | DEBUG    | optimization.store_routes:store_optimized_routes:295 - Stored stop R1_stop2 | name='Karar Wala' | route=R1
2026-03-29 23:08:21.106 | DEBUG    | optimization.store_routes:reverse_geocode_stop_name:176 - Stop name resolved: (31.3414, 73.1852) → 'Khojewala'
2026-03-29 23:08:21.631 | DEBUG    | optimization.store_routes:store_optimized_routes:272 - Assigned seat S3 to student KSn42uZ4dDaMueZxSsk9yyYYMbU2
2026-03-29 23:08:22.615 | DEBUG    | optimization.store_routes:store_optimized_routes:272 - Assigned seat S4 to student SF9XoWomQLQm1mkqTnpp8bDSyxG3
2026-03-29 23:08:23.147 | DEBUG    | optimization.store_routes:store_optimized_routes:295 - Stored stop R1_stop3 | name='Khojewala' | route=R1
2026-03-29 23:08:24.781 | DEBUG    | optimization.store_routes:reverse_geocode_stop_name:176 - Stop name resolved: (31.3190, 73.1756) → 'Faialabad - chak 363 G.B Road'
2026-03-29 23:08:25.320 | DEBUG    | optimization.store_routes:store_optimized_routes:272 - Assigned seat S5 to student XmlYR1ejNvTp0enFtavXMQRl9l62
2026-03-29 23:08:25.843 | DEBUG    | optimization.store_routes:store_optimized_routes:295 - Stored stop R1_stop4 | name='Faialabad - chak 363 G.B Road' | route=R1
2026-03-29 23:08:27.579 | DEBUG    | optimization.store_routes:reverse_geocode_stop_name:176 - Stop name resolved: (31.3282, 73.1302) → 'Faisalabad ByPass'
2026-03-29 23:08:28.112 | DEBUG    | optimization.store_routes:store_optimized_routes:272 - Assigned seat S6 to student Os55fn9jigeXpNaUlGTOSD1kzUH3
2026-03-29 23:08:28.636 | DEBUG    | optimization.store_routes:store_optimized_routes:295 - Stored stop R1_stop5 | name='Faisalabad ByPass' | route=R1
2026-03-29 23:08:30.592 | DEBUG    | optimization.store_routes:reverse_geocode_stop_name:176 - Stop name resolved: (31.3558, 73.1451) → 'Satiana Road'
2026-03-29 23:08:31.114 | DEBUG    | optimization.store_routes:store_optimized_routes:272 - Assigned seat S7 to student XuCFaAxIj3RH4cDaJKu6xmWSwfi1
2026-03-29 23:08:31.653 | DEBUG    | optimization.store_routes:store_optimized_routes:295 - Stored stop R1_stop6 | name='Satiana Road' | route=R1
2026-03-29 23:08:32.510 | INFO     | optimization.store_routes:store_optimized_routes:318 - Stored route route_0 (R1): 6 stops, 58.93 km, Fuel Cost: 235734.8 PKR
2026-03-29 23:08:33.710 | INFO     | optimization.tsp_solver:get_road_distance_matrix:38 - ORS matrix computed: 12x12
2026-03-29 23:08:48.721 | INFO     | optimization.tsp_solver:solve_tsp:123 - TSP solved: 11 stops, distance 60287 m, objective 60287
2026-03-29 23:08:48.722 | DEBUG    | optimization.tsp_solver:solve_tsp:124 - Order: ['unknown', 'unknown', 'unknown', 'unknown', 'unknown', 'unknown', 'unknown', 'unknown', 'unknown', 'unknown', 'unknown']
2026-03-29 23:08:48.723 | DEBUG    | optimization.route_generator:generate_route_path:57 - Requesting ORS route with 12 waypoints
2026-03-29 23:08:50.924 | INFO     | optimization.route_generator:generate_route_path:74 - ORS route generated successfully (bug-free)
2026-03-29 23:08:50.925 | INFO     | optimization.route_generator:generate_route_path:75 -   Waypoints: 11 stops → University
2026-03-29 23:08:50.925 | INFO     | optimization.route_generator:generate_route_path:76 -   Distance: 81.84 km
2026-03-29 23:08:50.926 | INFO     | optimization.route_generator:generate_route_path:77 -   Duration: 1.68 h (101 min)
2026-03-29 23:08:50.926 | DEBUG    | optimization.route_generator:generate_route_path:78 - Geometry sample (first 3 & last 3): [[73.14081, 31.445769], [73.14365, 31.447906], [73.145117, 31.448895]] ... [[73.03447, 31.602425], [73.034742, 31.602694], [73.034832, 31.602523]]
2026-03-29 23:08:50.928 | INFO     | optimization.store_routes:compute_fee_per_student:32 - Fee calc: 32738 PKR/student | dist=81.8km | students=12
2026-03-29 23:08:51.568 | DEBUG    | optimization.store_routes:reverse_geocode_stop_name:176 - Stop name resolved: (31.4458, 73.1408) → 'West Canal Expressway, Faisalabad City Tehsil'
2026-03-29 23:08:54.377 | DEBUG    | optimization.store_routes:store_optimized_routes:272 - Assigned seat S1 to student 7DxKX1nW4ZdeWHKXM2Vf5OIfGvr1
2026-03-29 23:08:54.918 | DEBUG    | optimization.store_routes:store_optimized_routes:295 - Stored stop R2_stop1 | name='West Canal Expressway, Faisalabad City Tehsil' | route=R2
2026-03-29 23:08:56.522 | DEBUG    | optimization.store_routes:reverse_geocode_stop_name:176 - Stop name resolved: (31.4641, 73.1683) → 'Faisal Gardens, Faisalabad City Tehsil'
2026-03-29 23:08:57.217 | DEBUG    | optimization.store_routes:store_optimized_routes:272 - Assigned seat S2 to student UpNOyWoNcXaW1O5jadyyddeniWj2
2026-03-29 23:08:57.757 | DEBUG    | optimization.store_routes:store_optimized_routes:295 - Stored stop R2_stop2 | name='Faisal Gardens, Faisalabad City Tehsil' | route=R2
2026-03-29 23:08:59.599 | DEBUG    | optimization.store_routes:reverse_geocode_stop_name:176 - Stop name resolved: (31.4694, 73.1601) → 'Faisalabad District, Faisalabad City Tehsil'
2026-03-29 23:09:00.139 | DEBUG    | optimization.store_routes:store_optimized_routes:272 - Assigned seat S3 to student qwxNS37KPQSeME1Rb86ZDMnXjYX2
2026-03-29 23:09:02.473 | DEBUG    | optimization.store_routes:store_optimized_routes:295 - Stored stop R2_stop3 | name='Faisalabad District, Faisalabad City Tehsil' | route=R2
2026-03-29 23:09:04.096 | DEBUG    | optimization.store_routes:reverse_geocode_stop_name:176 - Stop name resolved: (31.4767, 73.1677) → 'Faisalabad District'
2026-03-29 23:09:04.637 | DEBUG    | optimization.store_routes:store_optimized_routes:272 - Assigned seat S4 to student unEE7hJDp7cMFEu2M568RmrtWRq2
2026-03-29 23:09:05.239 | DEBUG    | optimization.store_routes:store_optimized_routes:295 - Stored stop R2_stop4 | name='Faisalabad District' | route=R2
2026-03-29 23:09:06.996 | DEBUG    | optimization.store_routes:reverse_geocode_stop_name:176 - Stop name resolved: (31.5041, 73.1584) → 'Faisalabad District'
2026-03-29 23:09:07.541 | DEBUG    | optimization.store_routes:store_optimized_routes:272 - Assigned seat S5 to student vQHRPPdjWmTjASjEQvAqjzPhHdm2
2026-03-29 23:09:08.068 | DEBUG    | optimization.store_routes:store_optimized_routes:295 - Stored stop R2_stop5 | name='Faisalabad District' | route=R2
2026-03-29 23:09:09.753 | DEBUG    | optimization.store_routes:reverse_geocode_stop_name:176 - Stop name resolved: (31.5101, 73.1504) → 'Faisalabad District'
2026-03-29 23:09:10.271 | DEBUG    | optimization.store_routes:store_optimized_routes:272 - Assigned seat S6 to student SXxBaOHsDPhcbAy5QSfe0NZxZM83
2026-03-29 23:09:10.802 | DEBUG    | optimization.store_routes:store_optimized_routes:295 - Stored stop R2_stop6 | name='Faisalabad District' | route=R2
2026-03-29 23:09:12.403 | DEBUG    | optimization.store_routes:reverse_geocode_stop_name:176 - Stop name resolved: (31.5487, 73.1501) → 'Faisalabad Bypass'
2026-03-29 23:09:12.916 | DEBUG    | optimization.store_routes:store_optimized_routes:272 - Assigned seat S7 to student DS0YCp1l3RXIwCBzxzmEzv99Zii1
2026-03-29 23:09:13.438 | DEBUG    | optimization.store_routes:store_optimized_routes:295 - Stored stop R2_stop7 | name='Faisalabad Bypass' | route=R2
2026-03-29 23:09:15.140 | DEBUG    | optimization.store_routes:reverse_geocode_stop_name:176 - Stop name resolved: (31.5276, 73.0552) → 'Faisalabad District'
2026-03-29 23:09:16.148 | DEBUG    | optimization.store_routes:store_optimized_routes:272 - Assigned seat S8 to student NkZ3VPHBNtS3wxSmCjfBkRWPaZQ2
2026-03-29 23:09:17.207 | DEBUG    | optimization.store_routes:store_optimized_routes:295 - Stored stop R2_stop8 | name='Faisalabad District' | route=R2
2026-03-29 23:09:19.005 | DEBUG    | optimization.store_routes:reverse_geocode_stop_name:176 - Stop name resolved: (31.5431, 73.1283) → 'Dialgarh'
2026-03-29 23:09:19.567 | DEBUG    | optimization.store_routes:store_optimized_routes:272 - Assigned seat S9 to student VMbnLGOyDuRi41R8XPG6toeooJt1
2026-03-29 23:09:20.093 | DEBUG    | optimization.store_routes:store_optimized_routes:272 - Assigned seat S10 to student e3D31VgcVrXKjMfjS13MWcxDZgi1
2026-03-29 23:09:21.113 | DEBUG    | optimization.store_routes:store_optimized_routes:295 - Stored stop R2_stop9 | name='Dialgarh' | route=R2
2026-03-29 23:09:22.765 | DEBUG    | optimization.store_routes:reverse_geocode_stop_name:176 - Stop name resolved: (31.4743, 73.1047) → 'Faisalabad District, Faisalabad City Tehsil'
2026-03-29 23:09:23.299 | DEBUG    | optimization.store_routes:store_optimized_routes:272 - Assigned seat S11 to student n5w74mESTuV3BSMbnAo4AqNZ3oT2
2026-03-29 23:09:23.828 | DEBUG    | optimization.store_routes:store_optimized_routes:295 - Stored stop R2_stop10 | name='Faisalabad District, Faisalabad City Tehsil' | route=R2
2026-03-29 23:09:25.486 | DEBUG    | optimization.store_routes:reverse_geocode_stop_name:176 - Stop name resolved: (31.4467, 73.1271) → 'Kashmir Road, Faisalabad City Tehsil'
2026-03-29 23:09:26.016 | DEBUG    | optimization.store_routes:store_optimized_routes:272 - Assigned seat S12 to student GydB2I2Y0Ec14olrl5Hbtm8ziZF3
2026-03-29 23:09:26.542 | DEBUG    | optimization.store_routes:store_optimized_routes:295 - Stored stop R2_stop11 | name='Kashmir Road, Faisalabad City Tehsil' | route=R2
2026-03-29 23:09:28.085 | INFO     | optimization.store_routes:store_optimized_routes:318 - Stored route route_1 (R2): 11 stops, 81.84 km, Fuel Cost: 327372.8 PKR
2026-03-29 23:09:29.754 | INFO     | optimization.tsp_solver:get_road_distance_matrix:38 - ORS matrix computed: 12x12
2026-03-29 23:09:44.757 | INFO     | optimization.tsp_solver:solve_tsp:123 - TSP solved: 11 stops, distance 72708 m, objective 72708
2026-03-29 23:09:44.758 | DEBUG    | optimization.tsp_solver:solve_tsp:124 - Order: ['unknown', 'unknown', 'unknown', 'unknown', 'unknown', 'unknown', 'unknown', 'unknown', 'unknown', 'unknown', 'unknown']
2026-03-29 23:09:44.758 | DEBUG    | optimization.route_generator:generate_route_path:57 - Requesting ORS route with 12 waypoints
2026-03-29 23:09:48.684 | INFO     | optimization.route_generator:generate_route_path:74 - ORS route generated successfully (bug-free)
2026-03-29 23:09:48.685 | INFO     | optimization.route_generator:generate_route_path:75 -   Waypoints: 11 stops → University
2026-03-29 23:09:48.685 | INFO     | optimization.route_generator:generate_route_path:76 -   Distance: 99.05 km
2026-03-29 23:09:48.686 | INFO     | optimization.route_generator:generate_route_path:77 -   Duration: 1.92 h (115 min)
2026-03-29 23:09:48.686 | DEBUG    | optimization.route_generator:generate_route_path:78 - Geometry sample (first 3 & last 3): [[73.051461, 31.369153], [73.051213, 31.36893], [73.050868, 31.368599]] ... [[73.03447, 31.602425], [73.034742, 31.602694], [73.034832, 31.602523]]
2026-03-29 23:09:48.689 | INFO     | optimization.store_routes:compute_fee_per_student:32 - Fee calc: 43223 PKR/student | dist=99.1km | students=11
2026-03-29 23:09:49.304 | DEBUG    | optimization.store_routes:reverse_geocode_stop_name:176 - Stop name resolved: (31.3692, 73.0515) → 'Fatenabad'
2026-03-29 23:09:49.830 | DEBUG    | optimization.store_routes:store_optimized_routes:272 - Assigned seat S1 to student 3CNKLBNknvMId9G9MJ1cVoQjkpw2
2026-03-29 23:09:52.243 | DEBUG    | optimization.store_routes:store_optimized_routes:295 - Stored stop R3_stop1 | name='Fatenabad' | route=R3
2026-03-29 23:09:53.887 | DEBUG    | optimization.store_routes:reverse_geocode_stop_name:176 - Stop name resolved: (31.4001, 73.0127) → 'Faisalabad District, Shadab Colony'
2026-03-29 23:09:54.424 | DEBUG    | optimization.store_routes:store_optimized_routes:272 - Assigned seat S2 to student KbkXVOhtA3hfwjvwsS5w2IIOki93
2026-03-29 23:09:54.959 | DEBUG    | optimization.store_routes:store_optimized_routes:295 - Stored stop R3_stop2 | name='Faisalabad District, Shadab Colony' | route=R3
2026-03-29 23:09:56.530 | DEBUG    | optimization.store_routes:reverse_geocode_stop_name:176 - Stop name resolved: (31.3985, 73.0264) → 'Jhang Road, Partab Nagar'
2026-03-29 23:09:57.091 | DEBUG    | optimization.store_routes:store_optimized_routes:272 - Assigned seat S3 to student WRVMbOeJLLdnIPhcWnncdjhPSjb2
2026-03-29 23:09:57.622 | DEBUG    | optimization.store_routes:store_optimized_routes:295 - Stored stop R3_stop3 | name='Jhang Road, Partab Nagar' | route=R3
2026-03-29 23:09:59.156 | DEBUG    | optimization.store_routes:reverse_geocode_stop_name:176 - Stop name resolved: (31.4193, 73.0416) → 'Bakar Mandi Road, Faisalabad City Tehsil'
2026-03-29 23:09:59.686 | DEBUG    | optimization.store_routes:store_optimized_routes:272 - Assigned seat S4 to student SOWTJArpcRRKPC0v7cWYW0XJk6v1
2026-03-29 23:10:00.224 | DEBUG    | optimization.store_routes:store_optimized_routes:295 - Stored stop R3_stop4 | name='Bakar Mandi Road, Faisalabad City Tehsil' | route=R3
2026-03-29 23:10:01.798 | DEBUG    | optimization.store_routes:reverse_geocode_stop_name:176 - Stop name resolved: (31.4773, 73.0052) → 'Faisalabad District'
2026-03-29 23:10:02.332 | DEBUG    | optimization.store_routes:store_optimized_routes:272 - Assigned seat S5 to student shSuBEXnw4TLpoUGH1D5uwg8QKr1
2026-03-29 23:10:02.862 | DEBUG    | optimization.store_routes:store_optimized_routes:295 - Stored stop R3_stop5 | name='Faisalabad District' | route=R3
2026-03-29 23:10:07.311 | DEBUG    | optimization.store_routes:reverse_geocode_stop_name:176 - Stop name resolved: (31.4601, 73.0666) → 'Faisalabad District, Faisalabad City Tehsil'
2026-03-29 23:10:07.843 | DEBUG    | optimization.store_routes:store_optimized_routes:272 - Assigned seat S6 to student bvudy4BMDIZ3KxtxPyHvDJd3rjf2
2026-03-29 23:10:08.366 | DEBUG    | optimization.store_routes:store_optimized_routes:295 - Stored stop R3_stop6 | name='Faisalabad District, Faisalabad City Tehsil' | route=R3
2026-03-29 23:10:11.913 | DEBUG    | optimization.store_routes:reverse_geocode_stop_name:176 - Stop name resolved: (31.4061, 73.1115) → 'Faisalabad District, Faisalabad City Tehsil'
2026-03-29 23:10:12.526 | DEBUG    | optimization.store_routes:store_optimized_routes:272 - Assigned seat S7 to student rtsUd2Aeg0W2HTpXZhrpSlqMhdL2
2026-03-29 23:10:13.089 | DEBUG    | optimization.store_routes:store_optimized_routes:295 - Stored stop R3_stop7 | name='Faisalabad District, Faisalabad City Tehsil' | route=R3
2026-03-29 23:10:16.171 | DEBUG    | optimization.store_routes:reverse_geocode_stop_name:176 - Stop name resolved: (31.4052, 73.0874) → 'Samundari Faisalabad Road, Faisalabad City Tehsil'
2026-03-29 23:10:16.712 | DEBUG    | optimization.store_routes:store_optimized_routes:272 - Assigned seat S8 to student x2LmEXZ95YfrQpxSQgrBTDTWbk83
2026-03-29 23:10:17.232 | DEBUG    | optimization.store_routes:store_optimized_routes:295 - Stored stop R3_stop8 | name='Samundari Faisalabad Road, Faisalabad City Tehsil' | route=R3
2026-03-29 23:10:19.745 | DEBUG    | optimization.store_routes:reverse_geocode_stop_name:176 - Stop name resolved: (31.3836, 73.0641) → 'Faisalabad District, Nowaban Wala'
2026-03-29 23:10:20.768 | DEBUG    | optimization.store_routes:store_optimized_routes:272 - Assigned seat S9 to student GBGXh21H2VefIT4NkSWu8FQldkF3
2026-03-29 23:10:21.298 | DEBUG    | optimization.store_routes:store_optimized_routes:295 - Stored stop R3_stop9 | name='Faisalabad District, Nowaban Wala' | route=R3
2026-03-29 23:10:24.249 | DEBUG    | optimization.store_routes:reverse_geocode_stop_name:176 - Stop name resolved: (31.3304, 73.0696) → 'Four Seasons Housing'
2026-03-29 23:10:24.809 | DEBUG    | optimization.store_routes:store_optimized_routes:272 - Assigned seat S10 to student I6aLScqZSSeAF3ug6jDkoPrt6g23
2026-03-29 23:10:25.453 | DEBUG    | optimization.store_routes:store_optimized_routes:295 - Stored stop R3_stop10 | name='Four Seasons Housing' | route=R3
2026-03-29 23:10:28.263 | DEBUG    | optimization.store_routes:reverse_geocode_stop_name:176 - Stop name resolved: (31.3447, 73.0586) → 'Four Seasons Housing'
2026-03-29 23:10:28.802 | DEBUG    | optimization.store_routes:store_optimized_routes:272 - Assigned seat S11 to student VItoVj8ml0ZAMdLtqGCBxaDdkWj1
2026-03-29 23:10:29.328 | DEBUG    | optimization.store_routes:store_optimized_routes:295 - Stored stop R3_stop11 | name='Four Seasons Housing' | route=R3
2026-03-29 23:10:30.466 | INFO     | optimization.store_routes:store_optimized_routes:318 - Stored route route_2 (R3): 11 stops, 99.05 km, Fuel Cost: 396205.2 PKR
2026-03-29 23:10:30.467 | INFO     | optimization.store_routes:store_optimized_routes:324 - Back-filling route_id on 28 stops + students...
2026-03-29 23:10:46.240 | DEBUG    | optimization.store_routes:store_optimized_routes:353 - Final batch: 58 writes
2026-03-29 23:10:46.241 | INFO     | optimization.store_routes:store_optimized_routes:356 - Phase 3: Storing per-student fees...
2026-03-29 23:10:47.549 | INFO     | optimization.store_routes:compute_fee_per_student:32 - Fee calc: 40410 PKR/student | dist=58.9km | students=7
2026-03-29 23:10:48.239 | DEBUG    | optimization.store_routes:store_optimized_routes:393 - Stored fee for 61fbjUraIhPuzNx8BY68aYewSG02: 40410 PKR
2026-03-29 23:10:48.759 | DEBUG    | optimization.store_routes:store_optimized_routes:393 - Stored fee for KSn42uZ4dDaMueZxSsk9yyYYMbU2: 40410 PKR
2026-03-29 23:10:49.497 | DEBUG    | optimization.store_routes:store_optimized_routes:393 - Stored fee for SF9XoWomQLQm1mkqTnpp8bDSyxG3: 40410 PKR
2026-03-29 23:10:50.023 | DEBUG    | optimization.store_routes:store_optimized_routes:393 - Stored fee for Os55fn9jigeXpNaUlGTOSD1kzUH3: 40410 PKR
2026-03-29 23:10:50.535 | DEBUG    | optimization.store_routes:store_optimized_routes:393 - Stored fee for XmlYR1ejNvTp0enFtavXMQRl9l62: 40410 PKR
2026-03-29 23:10:51.063 | DEBUG    | optimization.store_routes:store_optimized_routes:393 - Stored fee for XuCFaAxIj3RH4cDaJKu6xmWSwfi1: 40410 PKR
2026-03-29 23:10:51.584 | DEBUG    | optimization.store_routes:store_optimized_routes:393 - Stored fee for vjz604g8oKerN5zBKZ7mU7mG2M03: 40410 PKR
2026-03-29 23:10:52.583 | INFO     | optimization.store_routes:compute_fee_per_student:32 - Fee calc: 32736 PKR/student | dist=81.8km | students=12
2026-03-29 23:10:53.096 | DEBUG    | optimization.store_routes:store_optimized_routes:393 - Stored fee for 7DxKX1nW4ZdeWHKXM2Vf5OIfGvr1: 32736 PKR
2026-03-29 23:10:53.633 | DEBUG    | optimization.store_routes:store_optimized_routes:393 - Stored fee for DS0YCp1l3RXIwCBzxzmEzv99Zii1: 32736 PKR
2026-03-29 23:10:54.179 | DEBUG    | optimization.store_routes:store_optimized_routes:393 - Stored fee for GydB2I2Y0Ec14olrl5Hbtm8ziZF3: 32736 PKR
2026-03-29 23:10:54.722 | DEBUG    | optimization.store_routes:store_optimized_routes:393 - Stored fee for NkZ3VPHBNtS3wxSmCjfBkRWPaZQ2: 32736 PKR
2026-03-29 23:10:55.278 | DEBUG    | optimization.store_routes:store_optimized_routes:393 - Stored fee for SXxBaOHsDPhcbAy5QSfe0NZxZM83: 32736 PKR
2026-03-29 23:10:55.822 | DEBUG    | optimization.store_routes:store_optimized_routes:393 - Stored fee for UpNOyWoNcXaW1O5jadyyddeniWj2: 32736 PKR
2026-03-29 23:10:56.355 | DEBUG    | optimization.store_routes:store_optimized_routes:393 - Stored fee for VMbnLGOyDuRi41R8XPG6toeooJt1: 32736 PKR
2026-03-29 23:10:56.877 | DEBUG    | optimization.store_routes:store_optimized_routes:393 - Stored fee for e3D31VgcVrXKjMfjS13MWcxDZgi1: 32736 PKR
2026-03-29 23:10:57.397 | DEBUG    | optimization.store_routes:store_optimized_routes:393 - Stored fee for n5w74mESTuV3BSMbnAo4AqNZ3oT2: 32736 PKR
2026-03-29 23:10:57.924 | DEBUG    | optimization.store_routes:store_optimized_routes:393 - Stored fee for qwxNS37KPQSeME1Rb86ZDMnXjYX2: 32736 PKR
2026-03-29 23:10:58.438 | DEBUG    | optimization.store_routes:store_optimized_routes:393 - Stored fee for unEE7hJDp7cMFEu2M568RmrtWRq2: 32736 PKR
2026-03-29 23:10:58.969 | DEBUG    | optimization.store_routes:store_optimized_routes:393 - Stored fee for vQHRPPdjWmTjASjEQvAqjzPhHdm2: 32736 PKR
2026-03-29 23:11:00.027 | INFO     | optimization.store_routes:compute_fee_per_student:32 - Fee calc: 43222 PKR/student | dist=99.0km | students=11
2026-03-29 23:11:00.662 | DEBUG    | optimization.store_routes:store_optimized_routes:393 - Stored fee for 3CNKLBNknvMId9G9MJ1cVoQjkpw2: 43222 PKR
2026-03-29 23:11:01.196 | DEBUG    | optimization.store_routes:store_optimized_routes:393 - Stored fee for GBGXh21H2VefIT4NkSWu8FQldkF3: 43222 PKR
2026-03-29 23:11:01.725 | DEBUG    | optimization.store_routes:store_optimized_routes:393 - Stored fee for I6aLScqZSSeAF3ug6jDkoPrt6g23: 43222 PKR
2026-03-29 23:11:02.242 | DEBUG    | optimization.store_routes:store_optimized_routes:393 - Stored fee for KbkXVOhtA3hfwjvwsS5w2IIOki93: 43222 PKR
2026-03-29 23:11:02.758 | DEBUG    | optimization.store_routes:store_optimized_routes:393 - Stored fee for SOWTJArpcRRKPC0v7cWYW0XJk6v1: 43222 PKR
2026-03-29 23:11:03.285 | DEBUG    | optimization.store_routes:store_optimized_routes:393 - Stored fee for VItoVj8ml0ZAMdLtqGCBxaDdkWj1: 43222 PKR
2026-03-29 23:11:03.808 | DEBUG    | optimization.store_routes:store_optimized_routes:393 - Stored fee for WRVMbOeJLLdnIPhcWnncdjhPSjb2: 43222 PKR
2026-03-29 23:11:04.354 | DEBUG    | optimization.store_routes:store_optimized_routes:393 - Stored fee for bvudy4BMDIZ3KxtxPyHvDJd3rjf2: 43222 PKR
2026-03-29 23:11:04.868 | DEBUG    | optimization.store_routes:store_optimized_routes:393 - Stored fee for rtsUd2Aeg0W2HTpXZhrpSlqMhdL2: 43222 PKR
2026-03-29 23:11:05.384 | DEBUG    | optimization.store_routes:store_optimized_routes:393 - Stored fee for shSuBEXnw4TLpoUGH1D5uwg8QKr1: 43222 PKR
2026-03-29 23:11:05.905 | DEBUG    | optimization.store_routes:store_optimized_routes:393 - Stored fee for x2LmEXZ95YfrQpxSQgrBTDTWbk83: 43222 PKR
2026-03-29 23:11:05.905 | INFO     | optimization.store_routes:store_optimized_routes:395 - Phase 3 complete: 30 fee records stored
2026-03-29 23:11:05.906 | INFO     | optimization.store_routes:store_optimized_routes:398 - Final step: Updating registration_status to 'successful' for all processed students...
2026-03-29 23:11:06.517 | INFO     | optimization.store_routes:store_optimized_routes:422 - Updated 30 students to 'successful' registration status.
2026-03-29 23:11:06.517 | INFO     | optimization.store_routes:store_optimized_routes:425 - Overall done: 3 routes | 28 stops | 30 fees
2026-03-29 23:11:06.518 | INFO     | api.main:run_optimization:64 - Pipeline completed successfully | 3 buses processed
