2026-03-26 21:22:06.770 | INFO     | database.firebase:<module>:12 - Firebase Admin SDK initialized successfully
2026-03-26 21:24:35.886 | INFO     | api.main:run_optimization:29 - Starting full route optimization pipeline
2026-03-26 21:24:40.307 | INFO     | data_pipeline.student_loader:load_student_stops:42 - Loaded 30 student stops from Firestore
2026-03-26 21:24:40.307 | DEBUG    | data_pipeline.student_loader:load_student_stops:43 - First 3 stops (sample): [{'student_id': '3CNKLBNknvMId9G9MJ1cVoQjkpw2', 'name': 'Test Student 12', 'roll_no': 'TEST-4382', 'lat': 31.369289, 'lng': 73.051406, 'student_count': 1, 'contact': '03597900028', 'semester': 'Spring 2026', 'fee_status': 'unpaid', 'registration_status': 'successful'}, {'student_id': '61fbjUraIhPuzNx8BY68aYewSG02', 'name': 'Test Student 28', 'roll_no': 'TEST-7403', 'lat': 31.380283, 'lng': 73.159195, 'student_count': 1, 'contact': '03344993000', 'semester': 'Spring 2026', 'fee_status': 'unpaid', 'registration_status': 'successful'}, {'student_id': '7DxKX1nW4ZdeWHKXM2Vf5OIfGvr1', 'name': 'Test Student 10', 'roll_no': 'TEST-9142', 'lat': 31.446304, 'lng': 73.140169, 'student_count': 1, 'contact': '03537549971', 'semester': 'Spring 2026', 'fee_status': 'unpaid', 'registration_status': 'successful'}]
2026-03-26 21:24:40.308 | INFO     | osm.fetch_roads:fetch_or_load_road_graph:19 - Loading cached Faisalabad road graph...
2026-03-26 21:24:47.172 | INFO     | osm.fetch_roads:fetch_or_load_road_graph:21 - Loaded graph with 50872 nodes and 144715 edges
2026-03-26 21:24:47.293 | INFO     | osm.road_filter:filter_main_roads:38 - Filtered graph:
2026-03-26 21:24:47.325 | INFO     | osm.road_filter:filter_main_roads:39 -   Original: 50872 nodes, 144715 edges
2026-03-26 21:24:47.422 | INFO     | osm.road_filter:filter_main_roads:40 -   After filter (main roads only): 7460 nodes, 12863 edges
2026-03-26 21:24:47.668 | DEBUG    | utils.distance_utils:build_node_balltree:29 - Built BallTree with 7460 nodes
2026-03-26 21:24:47.670 | DEBUG    | utils.geo_utils:haversine_distance:20 - Haversine: (31.369289, 73.051406) → (31.3691526, 73.0514611) = 16.0 m
2026-03-26 21:24:47.671 | DEBUG    | utils.distance_utils:find_nearest_road_point:56 - Nearest road node to (31.369289, 73.051406): (31.369153, 73.051461) — 16.0m
2026-03-26 21:24:47.671 | DEBUG    | utils.geo_utils:haversine_distance:20 - Haversine: (31.369289, 73.051406) → (31.3691526, 73.0514611) = 16.0 m
2026-03-26 21:24:47.671 | DEBUG    | data_pipeline.stop_builder:snap_stops_to_roads:38 - Snapped Test Student 12 (TEST-4382): 16.0m
2026-03-26 21:24:47.689 | DEBUG    | utils.distance_utils:build_node_balltree:29 - Built BallTree with 7460 nodes
2026-03-26 21:24:47.690 | DEBUG    | utils.geo_utils:haversine_distance:20 - Haversine: (31.380283, 73.159195) → (31.3787188, 73.157798) = 218.7 m
2026-03-26 21:24:47.690 | DEBUG    | utils.distance_utils:find_nearest_road_point:56 - Nearest road node to (31.380283, 73.159195): (31.378719, 73.157798) — 218.7m
2026-03-26 21:24:47.690 | DEBUG    | utils.geo_utils:haversine_distance:20 - Haversine: (31.380283, 73.159195) → (31.3787188, 73.157798) = 218.7 m
2026-03-26 21:24:47.691 | DEBUG    | data_pipeline.stop_builder:snap_stops_to_roads:38 - Snapped Test Student 28 (TEST-7403): 218.7m
2026-03-26 21:24:47.710 | DEBUG    | utils.distance_utils:build_node_balltree:29 - Built BallTree with 7460 nodes
2026-03-26 21:24:47.712 | DEBUG    | utils.geo_utils:haversine_distance:20 - Haversine: (31.446304, 73.140169) → (31.4457694, 73.1408101) = 85.0 m
2026-03-26 21:24:47.712 | DEBUG    | utils.distance_utils:find_nearest_road_point:56 - Nearest road node to (31.446304, 73.140169): (31.445769, 73.140810) — 85.0m
2026-03-26 21:24:47.712 | DEBUG    | utils.geo_utils:haversine_distance:20 - Haversine: (31.446304, 73.140169) → (31.4457694, 73.1408101) = 85.0 m
2026-03-26 21:24:47.713 | DEBUG    | data_pipeline.stop_builder:snap_stops_to_roads:38 - Snapped Test Student 10 (TEST-9142): 85.0m
2026-03-26 21:24:47.729 | DEBUG    | utils.distance_utils:build_node_balltree:29 - Built BallTree with 7460 nodes
2026-03-26 21:24:47.730 | DEBUG    | utils.geo_utils:haversine_distance:20 - Haversine: (31.548998, 73.147656) → (31.5487412, 73.1501112) = 234.4 m
2026-03-26 21:24:47.730 | DEBUG    | utils.distance_utils:find_nearest_road_point:56 - Nearest road node to (31.548998, 73.147656): (31.548741, 73.150111) — 234.4m
2026-03-26 21:24:47.731 | DEBUG    | utils.geo_utils:haversine_distance:20 - Haversine: (31.548998, 73.147656) → (31.5487412, 73.1501112) = 234.4 m
2026-03-26 21:24:47.731 | DEBUG    | data_pipeline.stop_builder:snap_stops_to_roads:38 - Snapped Test Student 14 (TEST-9162): 234.4m
2026-03-26 21:24:47.752 | DEBUG    | utils.distance_utils:build_node_balltree:29 - Built BallTree with 7460 nodes
2026-03-26 21:24:47.754 | DEBUG    | utils.geo_utils:haversine_distance:20 - Haversine: (31.384254, 73.063765) → (31.3836456, 73.0640586) = 73.2 m
2026-03-26 21:24:47.754 | DEBUG    | utils.distance_utils:find_nearest_road_point:56 - Nearest road node to (31.384254, 73.063765): (31.383646, 73.064059) — 73.2m
2026-03-26 21:24:47.754 | DEBUG    | utils.geo_utils:haversine_distance:20 - Haversine: (31.384254, 73.063765) → (31.3836456, 73.0640586) = 73.2 m
2026-03-26 21:24:47.754 | DEBUG    | data_pipeline.stop_builder:snap_stops_to_roads:38 - Snapped Test Student 30 (TEST-6182): 73.2m
2026-03-26 21:24:47.769 | DEBUG    | utils.distance_utils:build_node_balltree:29 - Built BallTree with 7460 nodes
2026-03-26 21:24:47.770 | DEBUG    | utils.geo_utils:haversine_distance:20 - Haversine: (31.450094, 73.130742) → (31.4467219, 73.1271368) = 507.5 m
2026-03-26 21:24:47.771 | DEBUG    | utils.distance_utils:find_nearest_road_point:56 - Nearest road node to (31.450094, 73.130742): (31.446722, 73.127137) — 507.5m
2026-03-26 21:24:47.771 | DEBUG    | utils.geo_utils:haversine_distance:20 - Haversine: (31.450094, 73.130742) → (31.4467219, 73.1271368) = 507.5 m
2026-03-26 21:24:47.771 | DEBUG    | data_pipeline.stop_builder:snap_stops_to_roads:38 - Snapped Test Student 23 (TEST-9957): 507.5m
2026-03-26 21:24:47.788 | DEBUG    | utils.distance_utils:build_node_balltree:29 - Built BallTree with 7460 nodes
2026-03-26 21:24:47.789 | DEBUG    | utils.geo_utils:haversine_distance:20 - Haversine: (31.327595, 73.065724) → (31.330396, 73.0696448) = 485.5 m
2026-03-26 21:24:47.790 | DEBUG    | utils.distance_utils:find_nearest_road_point:56 - Nearest road node to (31.327595, 73.065724): (31.330396, 73.069645) — 485.5m
2026-03-26 21:24:47.790 | DEBUG    | utils.geo_utils:haversine_distance:20 - Haversine: (31.327595, 73.065724) → (31.330396, 73.0696448) = 485.5 m
2026-03-26 21:24:47.790 | DEBUG    | data_pipeline.stop_builder:snap_stops_to_roads:38 - Snapped Test Student 13 (TEST-5755): 485.5m
2026-03-26 21:24:47.810 | DEBUG    | utils.distance_utils:build_node_balltree:29 - Built BallTree with 7460 nodes
2026-03-26 21:24:47.812 | DEBUG    | utils.geo_utils:haversine_distance:20 - Haversine: (31.343859, 73.18566) → (31.3413852, 73.1852291) = 278.1 m
2026-03-26 21:24:47.812 | DEBUG    | utils.distance_utils:find_nearest_road_point:56 - Nearest road node to (31.343859, 73.18566): (31.341385, 73.185229) — 278.1m
2026-03-26 21:24:47.812 | DEBUG    | utils.geo_utils:haversine_distance:20 - Haversine: (31.343859, 73.18566) → (31.3413852, 73.1852291) = 278.1 m
2026-03-26 21:24:47.812 | DEBUG    | data_pipeline.stop_builder:snap_stops_to_roads:38 - Snapped Test Student 7 (TEST-9790): 278.1m
2026-03-26 21:24:47.833 | DEBUG    | utils.distance_utils:build_node_balltree:29 - Built BallTree with 7460 nodes
2026-03-26 21:24:47.835 | DEBUG    | utils.geo_utils:haversine_distance:20 - Haversine: (31.401088, 73.01135) → (31.4000755, 73.0126538) = 167.3 m
2026-03-26 21:24:47.835 | DEBUG    | utils.distance_utils:find_nearest_road_point:56 - Nearest road node to (31.401088, 73.01135): (31.400075, 73.012654) — 167.3m
2026-03-26 21:24:47.835 | DEBUG    | utils.geo_utils:haversine_distance:20 - Haversine: (31.401088, 73.01135) → (31.4000755, 73.0126538) = 167.3 m
2026-03-26 21:24:47.835 | DEBUG    | data_pipeline.stop_builder:snap_stops_to_roads:38 - Snapped Test Student 3 (TEST-2055): 167.3m
2026-03-26 21:24:47.856 | DEBUG    | utils.distance_utils:build_node_balltree:29 - Built BallTree with 7460 nodes
2026-03-26 21:24:47.857 | DEBUG    | utils.geo_utils:haversine_distance:20 - Haversine: (31.526254, 73.053671) → (31.527645, 73.0552285) = 213.8 m
2026-03-26 21:24:47.857 | DEBUG    | utils.distance_utils:find_nearest_road_point:56 - Nearest road node to (31.526254, 73.053671): (31.527645, 73.055228) — 213.8m
2026-03-26 21:24:47.857 | DEBUG    | utils.geo_utils:haversine_distance:20 - Haversine: (31.526254, 73.053671) → (31.527645, 73.0552285) = 213.8 m
2026-03-26 21:24:47.857 | DEBUG    | data_pipeline.stop_builder:snap_stops_to_roads:38 - Snapped Test Student 25 (TEST-4783): 213.8m
2026-03-26 21:24:47.876 | DEBUG    | utils.distance_utils:build_node_balltree:29 - Built BallTree with 7460 nodes
2026-03-26 21:24:47.877 | DEBUG    | utils.geo_utils:haversine_distance:20 - Haversine: (31.319581, 73.129629) → (31.3281703, 73.1302408) = 956.9 m
2026-03-26 21:24:47.878 | DEBUG    | utils.distance_utils:find_nearest_road_point:56 - Nearest road node to (31.319581, 73.129629): (31.328170, 73.130241) — 956.9m
2026-03-26 21:24:47.878 | DEBUG    | utils.geo_utils:haversine_distance:20 - Haversine: (31.319581, 73.129629) → (31.3281703, 73.1302408) = 956.9 m
2026-03-26 21:24:47.878 | DEBUG    | data_pipeline.stop_builder:snap_stops_to_roads:38 - Snapped Test Student 11 (TEST-6729): 956.9m
2026-03-26 21:24:47.898 | DEBUG    | utils.distance_utils:build_node_balltree:29 - Built BallTree with 7460 nodes
2026-03-26 21:24:47.900 | DEBUG    | utils.geo_utils:haversine_distance:20 - Haversine: (31.342673, 73.180091) → (31.3434454, 73.1825193) = 246.1 m
2026-03-26 21:24:47.900 | DEBUG    | utils.distance_utils:find_nearest_road_point:56 - Nearest road node to (31.342673, 73.180091): (31.343445, 73.182519) — 246.1m
2026-03-26 21:24:47.900 | DEBUG    | utils.geo_utils:haversine_distance:20 - Haversine: (31.342673, 73.180091) → (31.3434454, 73.1825193) = 246.1 m
2026-03-26 21:24:47.900 | DEBUG    | data_pipeline.stop_builder:snap_stops_to_roads:38 - Snapped Test Student 1 (TEST-1717): 246.1m
2026-03-26 21:24:47.921 | DEBUG    | utils.distance_utils:build_node_balltree:29 - Built BallTree with 7460 nodes
2026-03-26 21:24:47.922 | DEBUG    | utils.geo_utils:haversine_distance:20 - Haversine: (31.419161, 73.04138) → (31.4192659, 73.0416323) = 26.6 m
2026-03-26 21:24:47.923 | DEBUG    | utils.distance_utils:find_nearest_road_point:56 - Nearest road node to (31.419161, 73.04138): (31.419266, 73.041632) — 26.6m
2026-03-26 21:24:47.923 | DEBUG    | utils.geo_utils:haversine_distance:20 - Haversine: (31.419161, 73.04138) → (31.4192659, 73.0416323) = 26.6 m
2026-03-26 21:24:47.923 | DEBUG    | data_pipeline.stop_builder:snap_stops_to_roads:38 - Snapped Test Student 27 (TEST-3106): 26.6m
2026-03-26 21:24:47.945 | DEBUG    | utils.distance_utils:build_node_balltree:29 - Built BallTree with 7460 nodes
2026-03-26 21:24:47.947 | DEBUG    | utils.geo_utils:haversine_distance:20 - Haversine: (31.513945, 73.145) → (31.5101284, 73.1503952) = 664.6 m
2026-03-26 21:24:47.947 | DEBUG    | utils.distance_utils:find_nearest_road_point:56 - Nearest road node to (31.513945, 73.145): (31.510128, 73.150395) — 664.6m
2026-03-26 21:24:47.947 | DEBUG    | utils.geo_utils:haversine_distance:20 - Haversine: (31.513945, 73.145) → (31.5101284, 73.1503952) = 664.6 m
2026-03-26 21:24:47.947 | DEBUG    | data_pipeline.stop_builder:snap_stops_to_roads:38 - Snapped Test Student 20 (TEST-7495): 664.6m
2026-03-26 21:24:47.966 | DEBUG    | utils.distance_utils:build_node_balltree:29 - Built BallTree with 7460 nodes
2026-03-26 21:24:47.968 | DEBUG    | utils.geo_utils:haversine_distance:20 - Haversine: (31.462728, 73.168167) → (31.4641337, 73.1683411) = 157.2 m
2026-03-26 21:24:47.968 | DEBUG    | utils.distance_utils:find_nearest_road_point:56 - Nearest road node to (31.462728, 73.168167): (31.464134, 73.168341) — 157.2m
2026-03-26 21:24:47.968 | DEBUG    | utils.geo_utils:haversine_distance:20 - Haversine: (31.462728, 73.168167) → (31.4641337, 73.1683411) = 157.2 m
2026-03-26 21:24:47.969 | DEBUG    | data_pipeline.stop_builder:snap_stops_to_roads:38 - Snapped Test Student 15 (TEST-5668): 157.2m
2026-03-26 21:24:47.989 | DEBUG    | utils.distance_utils:build_node_balltree:29 - Built BallTree with 7460 nodes
2026-03-26 21:24:47.991 | DEBUG    | utils.geo_utils:haversine_distance:20 - Haversine: (31.346116, 73.056539) → (31.3446991, 73.0585627) = 248.5 m
2026-03-26 21:24:47.991 | DEBUG    | utils.distance_utils:find_nearest_road_point:56 - Nearest road node to (31.346116, 73.056539): (31.344699, 73.058563) — 248.5m
2026-03-26 21:24:47.991 | DEBUG    | utils.geo_utils:haversine_distance:20 - Haversine: (31.346116, 73.056539) → (31.3446991, 73.0585627) = 248.5 m
2026-03-26 21:24:47.991 | DEBUG    | data_pipeline.stop_builder:snap_stops_to_roads:38 - Snapped Test Student 9 (TEST-8987): 248.5m
2026-03-26 21:24:48.011 | DEBUG    | utils.distance_utils:build_node_balltree:29 - Built BallTree with 7460 nodes
2026-03-26 21:24:48.013 | DEBUG    | utils.geo_utils:haversine_distance:20 - Haversine: (31.544202, 73.128686) → (31.5431453, 73.1283131) = 122.7 m
2026-03-26 21:24:48.013 | DEBUG    | utils.distance_utils:find_nearest_road_point:56 - Nearest road node to (31.544202, 73.128686): (31.543145, 73.128313) — 122.7m
2026-03-26 21:24:48.013 | DEBUG    | utils.geo_utils:haversine_distance:20 - Haversine: (31.544202, 73.128686) → (31.5431453, 73.1283131) = 122.7 m
2026-03-26 21:24:48.013 | DEBUG    | data_pipeline.stop_builder:snap_stops_to_roads:38 - Snapped Test Student 4 (TEST-9428): 122.7m
2026-03-26 21:24:48.029 | DEBUG    | utils.distance_utils:build_node_balltree:29 - Built BallTree with 7460 nodes
2026-03-26 21:24:48.030 | DEBUG    | utils.geo_utils:haversine_distance:20 - Haversine: (31.393089, 73.028228) → (31.398463, 73.0263855) = 622.6 m
2026-03-26 21:24:48.030 | DEBUG    | utils.distance_utils:find_nearest_road_point:56 - Nearest road node to (31.393089, 73.028228): (31.398463, 73.026386) — 622.6m
2026-03-26 21:24:48.030 | DEBUG    | utils.geo_utils:haversine_distance:20 - Haversine: (31.393089, 73.028228) → (31.398463, 73.0263855) = 622.6 m
2026-03-26 21:24:48.030 | DEBUG    | data_pipeline.stop_builder:snap_stops_to_roads:38 - Snapped Test Student 5 (TEST-5892): 622.6m
2026-03-26 21:24:48.047 | DEBUG    | utils.distance_utils:build_node_balltree:29 - Built BallTree with 7460 nodes
2026-03-26 21:24:48.049 | DEBUG    | utils.geo_utils:haversine_distance:20 - Haversine: (31.318863, 73.183249) → (31.3190478, 73.1756414) = 723.0 m
2026-03-26 21:24:48.049 | DEBUG    | utils.distance_utils:find_nearest_road_point:56 - Nearest road node to (31.318863, 73.183249): (31.319048, 73.175641) — 723.0m
2026-03-26 21:24:48.049 | DEBUG    | utils.geo_utils:haversine_distance:20 - Haversine: (31.318863, 73.183249) → (31.3190478, 73.1756414) = 723.0 m
2026-03-26 21:24:48.049 | DEBUG    | data_pipeline.stop_builder:snap_stops_to_roads:38 - Snapped Test Student 29 (TEST-7084): 723.0m
2026-03-26 21:24:48.067 | DEBUG    | utils.distance_utils:build_node_balltree:29 - Built BallTree with 7460 nodes
2026-03-26 21:24:48.068 | DEBUG    | utils.geo_utils:haversine_distance:20 - Haversine: (31.354815, 73.143189) → (31.3557607, 73.1450675) = 207.1 m
2026-03-26 21:24:48.068 | DEBUG    | utils.distance_utils:find_nearest_road_point:56 - Nearest road node to (31.354815, 73.143189): (31.355761, 73.145067) — 207.1m
2026-03-26 21:24:48.068 | DEBUG    | utils.geo_utils:haversine_distance:20 - Haversine: (31.354815, 73.143189) → (31.3557607, 73.1450675) = 207.1 m
2026-03-26 21:24:48.068 | DEBUG    | data_pipeline.stop_builder:snap_stops_to_roads:38 - Snapped Test Student 17 (TEST-4072): 207.1m
2026-03-26 21:24:48.084 | DEBUG    | utils.distance_utils:build_node_balltree:29 - Built BallTree with 7460 nodes
2026-03-26 21:24:48.085 | DEBUG    | utils.geo_utils:haversine_distance:20 - Haversine: (31.459172, 73.066434) → (31.4601458, 73.0666137) = 109.6 m
2026-03-26 21:24:48.085 | DEBUG    | utils.distance_utils:find_nearest_road_point:56 - Nearest road node to (31.459172, 73.066434): (31.460146, 73.066614) — 109.6m
2026-03-26 21:24:48.085 | DEBUG    | utils.geo_utils:haversine_distance:20 - Haversine: (31.459172, 73.066434) → (31.4601458, 73.0666137) = 109.6 m
2026-03-26 21:24:48.086 | DEBUG    | data_pipeline.stop_builder:snap_stops_to_roads:38 - Snapped Test Student 18 (TEST-9353): 109.6m
2026-03-26 21:24:48.104 | DEBUG    | utils.distance_utils:build_node_balltree:29 - Built BallTree with 7460 nodes
2026-03-26 21:24:48.105 | DEBUG    | utils.geo_utils:haversine_distance:20 - Haversine: (31.537509, 73.124448) → (31.5426468, 73.1258022) = 585.5 m
2026-03-26 21:24:48.105 | DEBUG    | utils.distance_utils:find_nearest_road_point:56 - Nearest road node to (31.537509, 73.124448): (31.542647, 73.125802) — 585.5m
2026-03-26 21:24:48.105 | DEBUG    | utils.geo_utils:haversine_distance:20 - Haversine: (31.537509, 73.124448) → (31.5426468, 73.1258022) = 585.5 m
2026-03-26 21:24:48.105 | DEBUG    | data_pipeline.stop_builder:snap_stops_to_roads:38 - Snapped Test Student 6 (TEST-3775): 585.5m
2026-03-26 21:24:48.117 | DEBUG    | utils.distance_utils:build_node_balltree:29 - Built BallTree with 7460 nodes
2026-03-26 21:24:48.118 | DEBUG    | utils.geo_utils:haversine_distance:20 - Haversine: (31.473589, 73.112736) → (31.4743292, 73.1046958) = 766.9 m
2026-03-26 21:24:48.118 | DEBUG    | utils.distance_utils:find_nearest_road_point:56 - Nearest road node to (31.473589, 73.112736): (31.474329, 73.104696) — 766.9m
2026-03-26 21:24:48.118 | DEBUG    | utils.geo_utils:haversine_distance:20 - Haversine: (31.473589, 73.112736) → (31.4743292, 73.1046958) = 766.9 m
2026-03-26 21:24:48.118 | DEBUG    | data_pipeline.stop_builder:snap_stops_to_roads:38 - Snapped Test Student 22 (TEST-9109): 766.9m
2026-03-26 21:24:48.133 | DEBUG    | utils.distance_utils:build_node_balltree:29 - Built BallTree with 7460 nodes
2026-03-26 21:24:48.134 | DEBUG    | utils.geo_utils:haversine_distance:20 - Haversine: (31.468675, 73.160721) → (31.4693742, 73.1600766) = 98.9 m
2026-03-26 21:24:48.134 | DEBUG    | utils.distance_utils:find_nearest_road_point:56 - Nearest road node to (31.468675, 73.160721): (31.469374, 73.160077) — 98.9m
2026-03-26 21:24:48.134 | DEBUG    | utils.geo_utils:haversine_distance:20 - Haversine: (31.468675, 73.160721) → (31.4693742, 73.1600766) = 98.9 m
2026-03-26 21:24:48.135 | DEBUG    | data_pipeline.stop_builder:snap_stops_to_roads:38 - Snapped Test Student 19 (TEST-9533): 98.9m
2026-03-26 21:24:48.154 | DEBUG    | utils.distance_utils:build_node_balltree:29 - Built BallTree with 7460 nodes
2026-03-26 21:24:48.155 | DEBUG    | utils.geo_utils:haversine_distance:20 - Haversine: (31.405239, 73.112616) → (31.4060883, 73.1115478) = 138.5 m
2026-03-26 21:24:48.155 | DEBUG    | utils.distance_utils:find_nearest_road_point:56 - Nearest road node to (31.405239, 73.112616): (31.406088, 73.111548) — 138.5m
2026-03-26 21:24:48.155 | DEBUG    | utils.geo_utils:haversine_distance:20 - Haversine: (31.405239, 73.112616) → (31.4060883, 73.1115478) = 138.5 m
2026-03-26 21:24:48.156 | DEBUG    | data_pipeline.stop_builder:snap_stops_to_roads:38 - Snapped Test Student 26 (TEST-5354): 138.5m
2026-03-26 21:24:48.175 | DEBUG    | utils.distance_utils:build_node_balltree:29 - Built BallTree with 7460 nodes
2026-03-26 21:24:48.176 | DEBUG    | utils.geo_utils:haversine_distance:20 - Haversine: (31.470598, 73.008555) → (31.4773379, 73.0052033) = 814.1 m
2026-03-26 21:24:48.176 | DEBUG    | utils.distance_utils:find_nearest_road_point:56 - Nearest road node to (31.470598, 73.008555): (31.477338, 73.005203) — 814.1m
2026-03-26 21:24:48.177 | DEBUG    | utils.geo_utils:haversine_distance:20 - Haversine: (31.470598, 73.008555) → (31.4773379, 73.0052033) = 814.1 m
2026-03-26 21:24:48.177 | DEBUG    | data_pipeline.stop_builder:snap_stops_to_roads:38 - Snapped Test Student 24 (TEST-8754): 814.1m
2026-03-26 21:24:48.193 | DEBUG    | utils.distance_utils:build_node_balltree:29 - Built BallTree with 7460 nodes
2026-03-26 21:24:48.195 | DEBUG    | utils.geo_utils:haversine_distance:20 - Haversine: (31.480136, 73.16337) → (31.4766945, 73.1677037) = 561.5 m
2026-03-26 21:24:48.195 | DEBUG    | utils.distance_utils:find_nearest_road_point:56 - Nearest road node to (31.480136, 73.16337): (31.476695, 73.167704) — 561.5m
2026-03-26 21:24:48.195 | DEBUG    | utils.geo_utils:haversine_distance:20 - Haversine: (31.480136, 73.16337) → (31.4766945, 73.1677037) = 561.5 m
2026-03-26 21:24:48.195 | DEBUG    | data_pipeline.stop_builder:snap_stops_to_roads:38 - Snapped Test Student 21 (TEST-9356): 561.5m
2026-03-26 21:24:48.213 | DEBUG    | utils.distance_utils:build_node_balltree:29 - Built BallTree with 7460 nodes
2026-03-26 21:24:48.214 | DEBUG    | utils.geo_utils:haversine_distance:20 - Haversine: (31.503809, 73.163047) → (31.504101, 73.1583633) = 445.2 m
2026-03-26 21:24:48.214 | DEBUG    | utils.distance_utils:find_nearest_road_point:56 - Nearest road node to (31.503809, 73.163047): (31.504101, 73.158363) — 445.2m
2026-03-26 21:24:48.214 | DEBUG    | utils.geo_utils:haversine_distance:20 - Haversine: (31.503809, 73.163047) → (31.504101, 73.1583633) = 445.2 m
2026-03-26 21:24:48.214 | DEBUG    | data_pipeline.stop_builder:snap_stops_to_roads:38 - Snapped Test Student 2 (TEST-1842): 445.2m
2026-03-26 21:24:48.227 | DEBUG    | utils.distance_utils:build_node_balltree:29 - Built BallTree with 7460 nodes
2026-03-26 21:24:48.228 | DEBUG    | utils.geo_utils:haversine_distance:20 - Haversine: (31.388719, 73.18885) → (31.3907077, 73.1897443) = 236.9 m
2026-03-26 21:24:48.228 | DEBUG    | utils.distance_utils:find_nearest_road_point:56 - Nearest road node to (31.388719, 73.18885): (31.390708, 73.189744) — 236.9m
2026-03-26 21:24:48.228 | DEBUG    | utils.geo_utils:haversine_distance:20 - Haversine: (31.388719, 73.18885) → (31.3907077, 73.1897443) = 236.9 m
2026-03-26 21:24:48.228 | DEBUG    | data_pipeline.stop_builder:snap_stops_to_roads:38 - Snapped Test Student 16 (TEST-8203): 236.9m
2026-03-26 21:24:48.247 | DEBUG    | utils.distance_utils:build_node_balltree:29 - Built BallTree with 7460 nodes
2026-03-26 21:24:48.248 | DEBUG    | utils.geo_utils:haversine_distance:20 - Haversine: (31.406549, 73.086759) → (31.4052045, 73.0873694) = 160.3 m
2026-03-26 21:24:48.248 | DEBUG    | utils.distance_utils:find_nearest_road_point:56 - Nearest road node to (31.406549, 73.086759): (31.405204, 73.087369) — 160.3m
2026-03-26 21:24:48.249 | DEBUG    | utils.geo_utils:haversine_distance:20 - Haversine: (31.406549, 73.086759) → (31.4052045, 73.0873694) = 160.3 m
2026-03-26 21:24:48.249 | DEBUG    | data_pipeline.stop_builder:snap_stops_to_roads:38 - Snapped Test Student 8 (TEST-8476): 160.3m
2026-03-26 21:24:48.249 | INFO     | data_pipeline.stop_builder:snap_stops_to_roads:47 - Snapping complete:
2026-03-26 21:24:48.250 | INFO     | data_pipeline.stop_builder:snap_stops_to_roads:48 -   Input stops: 30
2026-03-26 21:24:48.250 | INFO     | data_pipeline.stop_builder:snap_stops_to_roads:49 -   Snapped successfully: 30
2026-03-26 21:24:48.251 | INFO     | data_pipeline.stop_builder:snap_stops_to_roads:50 -   Skipped (too far): 0
2026-03-26 21:24:48.251 | DEBUG    | data_pipeline.stop_builder:snap_stops_to_roads:53 - First snapped stop example: {'student_id': '3CNKLBNknvMId9G9MJ1cVoQjkpw2', 'name': 'Test Student 12', 'roll_no': 'TEST-4382', 'lat': 31.3691526, 'lng': 73.0514611, 'student_count': 1, 'contact': '03597900028', 'semester': 'Spring 2026', 'fee_status': 'unpaid', 'registration_status': 'successful', 'original_lat': 31.369289, 'original_lng': 73.051406, 'snap_distance_m': 16.04}
2026-03-26 21:24:48.251 | DEBUG    | utils.geo_utils:haversine_distance:20 - Haversine: (31.3787188, 73.157798) → (31.3691526, 73.0514611) = 10151.2 m
2026-03-26 21:24:48.251 | DEBUG    | utils.geo_utils:haversine_distance:20 - Haversine: (31.4457694, 73.1408101) → (31.3691526, 73.0514611) = 12020.1 m
2026-03-26 21:24:48.251 | DEBUG    | utils.geo_utils:haversine_distance:20 - Haversine: (31.4457694, 73.1408101) → (31.3787188, 73.157798) = 7628.0 m
2026-03-26 21:24:48.251 | DEBUG    | utils.geo_utils:haversine_distance:20 - Haversine: (31.5487412, 73.1501112) → (31.3691526, 73.0514611) = 22052.9 m
2026-03-26 21:24:48.251 | DEBUG    | utils.geo_utils:haversine_distance:20 - Haversine: (31.5487412, 73.1501112) → (31.3787188, 73.157798) = 18919.7 m
2026-03-26 21:24:48.252 | DEBUG    | utils.geo_utils:haversine_distance:20 - Haversine: (31.5487412, 73.1501112) → (31.4457694, 73.1408101) = 11483.9 m
2026-03-26 21:24:48.252 | DEBUG    | utils.geo_utils:haversine_distance:20 - Haversine: (31.3836456, 73.0640586) → (31.3691526, 73.0514611) = 2006.8 m
2026-03-26 21:24:48.252 | DEBUG    | utils.geo_utils:haversine_distance:20 - Haversine: (31.3836456, 73.0640586) → (31.3787188, 73.157798) = 8915.5 m
2026-03-26 21:24:48.252 | DEBUG    | utils.geo_utils:haversine_distance:20 - Haversine: (31.3836456, 73.0640586) → (31.4457694, 73.1408101) = 10038.2 m
2026-03-26 21:24:48.252 | DEBUG    | utils.geo_utils:haversine_distance:20 - Haversine: (31.3836456, 73.0640586) → (31.5487412, 73.1501112) = 20090.3 m
2026-03-26 21:24:48.252 | DEBUG    | utils.geo_utils:haversine_distance:20 - Haversine: (31.4467219, 73.1271368) → (31.3691526, 73.0514611) = 11223.8 m
2026-03-26 21:24:48.252 | DEBUG    | utils.geo_utils:haversine_distance:20 - Haversine: (31.4467219, 73.1271368) → (31.3787188, 73.157798) = 8102.1 m
2026-03-26 21:24:48.252 | DEBUG    | utils.geo_utils:haversine_distance:20 - Haversine: (31.4467219, 73.1271368) → (31.4457694, 73.1408101) = 1301.4 m
2026-03-26 21:24:48.253 | DEBUG    | utils.geo_utils:haversine_distance:20 - Haversine: (31.4467219, 73.1271368) → (31.5487412, 73.1501112) = 11551.3 m
2026-03-26 21:24:48.253 | DEBUG    | utils.geo_utils:haversine_distance:20 - Haversine: (31.4467219, 73.1271368) → (31.3836456, 73.0640586) = 9220.8 m
2026-03-26 21:24:48.253 | DEBUG    | utils.geo_utils:haversine_distance:20 - Haversine: (31.330396, 73.0696448) → (31.3691526, 73.0514611) = 4642.6 m
2026-03-26 21:24:48.253 | DEBUG    | utils.geo_utils:haversine_distance:20 - Haversine: (31.330396, 73.0696448) → (31.3787188, 73.157798) = 9946.9 m
2026-03-26 21:24:48.253 | DEBUG    | utils.geo_utils:haversine_distance:20 - Haversine: (31.330396, 73.0696448) → (31.4457694, 73.1408101) = 14498.8 m
2026-03-26 21:24:48.253 | DEBUG    | utils.geo_utils:haversine_distance:20 - Haversine: (31.330396, 73.0696448) → (31.5487412, 73.1501112) = 25450.7 m
2026-03-26 21:24:48.253 | DEBUG    | utils.geo_utils:haversine_distance:20 - Haversine: (31.330396, 73.0696448) → (31.3836456, 73.0640586) = 5944.8 m
2026-03-26 21:24:48.253 | DEBUG    | utils.geo_utils:haversine_distance:20 - Haversine: (31.330396, 73.0696448) → (31.4467219, 73.1271368) = 14038.9 m
2026-03-26 21:24:48.253 | DEBUG    | utils.geo_utils:haversine_distance:20 - Haversine: (31.3413852, 73.1852291) → (31.3691526, 73.0514611) = 13071.9 m
2026-03-26 21:24:48.253 | DEBUG    | utils.geo_utils:haversine_distance:20 - Haversine: (31.3413852, 73.1852291) → (31.3787188, 73.157798) = 4900.7 m
2026-03-26 21:24:48.253 | DEBUG    | utils.geo_utils:haversine_distance:20 - Haversine: (31.3413852, 73.1852291) → (31.4457694, 73.1408101) = 12349.0 m
2026-03-26 21:24:48.253 | DEBUG    | utils.geo_utils:haversine_distance:20 - Haversine: (31.3413852, 73.1852291) → (31.5487412, 73.1501112) = 23296.4 m
2026-03-26 21:24:48.253 | DEBUG    | utils.geo_utils:haversine_distance:20 - Haversine: (31.3413852, 73.1852291) → (31.3836456, 73.0640586) = 12427.6 m
2026-03-26 21:24:48.253 | DEBUG    | utils.geo_utils:haversine_distance:20 - Haversine: (31.3413852, 73.1852291) → (31.4467219, 73.1271368) = 12945.9 m
2026-03-26 21:24:48.253 | DEBUG    | utils.geo_utils:haversine_distance:20 - Haversine: (31.3413852, 73.1852291) → (31.330396, 73.0696448) = 11045.4 m
2026-03-26 21:24:48.253 | DEBUG    | utils.geo_utils:haversine_distance:20 - Haversine: (31.4000755, 73.0126538) → (31.3691526, 73.0514611) = 5039.2 m
2026-03-26 21:24:48.254 | DEBUG    | utils.geo_utils:haversine_distance:20 - Haversine: (31.4000755, 73.0126538) → (31.3787188, 73.157798) = 13980.4 m
2026-03-26 21:24:48.254 | DEBUG    | utils.geo_utils:haversine_distance:20 - Haversine: (31.4000755, 73.0126538) → (31.4457694, 73.1408101) = 13179.2 m
2026-03-26 21:24:48.254 | DEBUG    | utils.geo_utils:haversine_distance:20 - Haversine: (31.4000755, 73.0126538) → (31.5487412, 73.1501112) = 21052.4 m
2026-03-26 21:24:48.254 | DEBUG    | utils.geo_utils:haversine_distance:20 - Haversine: (31.4000755, 73.0126538) → (31.3836456, 73.0640586) = 5210.1 m
2026-03-26 21:24:48.254 | DEBUG    | utils.geo_utils:haversine_distance:20 - Haversine: (31.4000755, 73.0126538) → (31.4467219, 73.1271368) = 12037.7 m
2026-03-26 21:24:48.254 | DEBUG    | utils.geo_utils:haversine_distance:20 - Haversine: (31.4000755, 73.0126538) → (31.330396, 73.0696448) = 9450.5 m
2026-03-26 21:24:48.254 | DEBUG    | utils.geo_utils:haversine_distance:20 - Haversine: (31.4000755, 73.0126538) → (31.3413852, 73.1852291) = 17636.2 m
2026-03-26 21:24:48.254 | DEBUG    | utils.geo_utils:haversine_distance:20 - Haversine: (31.527645, 73.0552285) → (31.3691526, 73.0514611) = 17627.2 m
2026-03-26 21:24:48.254 | DEBUG    | utils.geo_utils:haversine_distance:20 - Haversine: (31.527645, 73.0552285) → (31.3787188, 73.157798) = 19206.5 m
2026-03-26 21:24:48.254 | DEBUG    | utils.geo_utils:haversine_distance:20 - Haversine: (31.527645, 73.0552285) → (31.4457694, 73.1408101) = 12195.9 m
2026-03-26 21:24:48.254 | DEBUG    | utils.geo_utils:haversine_distance:20 - Haversine: (31.527645, 73.0552285) → (31.5487412, 73.1501112) = 9293.0 m
2026-03-26 21:24:48.254 | DEBUG    | utils.geo_utils:haversine_distance:20 - Haversine: (31.527645, 73.0552285) → (31.3836456, 73.0640586) = 16033.9 m
2026-03-26 21:24:48.254 | DEBUG    | utils.geo_utils:haversine_distance:20 - Haversine: (31.527645, 73.0552285) → (31.4467219, 73.1271368) = 11289.8 m
2026-03-26 21:24:48.254 | DEBUG    | utils.geo_utils:haversine_distance:20 - Haversine: (31.527645, 73.0552285) → (31.330396, 73.0696448) = 21975.7 m
2026-03-26 21:24:48.254 | DEBUG    | utils.geo_utils:haversine_distance:20 - Haversine: (31.527645, 73.0552285) → (31.3413852, 73.1852291) = 24105.5 m
2026-03-26 21:24:48.254 | DEBUG    | utils.geo_utils:haversine_distance:20 - Haversine: (31.527645, 73.0552285) → (31.4000755, 73.0126538) = 14748.6 m
2026-03-26 21:24:48.255 | DEBUG    | utils.geo_utils:haversine_distance:20 - Haversine: (31.3281703, 73.1302408) → (31.3691526, 73.0514611) = 8759.8 m
2026-03-26 21:24:48.255 | DEBUG    | utils.geo_utils:haversine_distance:20 - Haversine: (31.3281703, 73.1302408) → (31.3787188, 73.157798) = 6200.0 m
2026-03-26 21:24:48.255 | DEBUG    | utils.geo_utils:haversine_distance:20 - Haversine: (31.3281703, 73.1302408) → (31.4457694, 73.1408101) = 13114.9 m
2026-03-26 21:24:48.255 | DEBUG    | utils.geo_utils:haversine_distance:20 - Haversine: (31.3281703, 73.1302408) → (31.5487412, 73.1501112) = 24598.7 m
2026-03-26 21:24:48.255 | DEBUG    | utils.geo_utils:haversine_distance:20 - Haversine: (31.3281703, 73.1302408) → (31.3836456, 73.0640586) = 8805.9 m
2026-03-26 21:24:48.255 | DEBUG    | utils.geo_utils:haversine_distance:20 - Haversine: (31.3281703, 73.1302408) → (31.4467219, 73.1271368) = 13185.6 m
2026-03-26 21:24:48.255 | DEBUG    | utils.geo_utils:haversine_distance:20 - Haversine: (31.3281703, 73.1302408) → (31.330396, 73.0696448) = 5760.8 m
2026-03-26 21:24:48.255 | DEBUG    | utils.geo_utils:haversine_distance:20 - Haversine: (31.3281703, 73.1302408) → (31.3413852, 73.1852291) = 5425.4 m
2026-03-26 21:24:48.255 | DEBUG    | utils.geo_utils:haversine_distance:20 - Haversine: (31.3281703, 73.1302408) → (31.4000755, 73.0126538) = 13732.2 m
2026-03-26 21:24:48.255 | DEBUG    | utils.geo_utils:haversine_distance:20 - Haversine: (31.3281703, 73.1302408) → (31.527645, 73.0552285) = 23294.5 m
2026-03-26 21:24:48.255 | DEBUG    | utils.geo_utils:haversine_distance:20 - Haversine: (31.3434454, 73.1825193) → (31.3691526, 73.0514611) = 12768.7 m
2026-03-26 21:24:48.255 | DEBUG    | utils.geo_utils:haversine_distance:20 - Haversine: (31.3434454, 73.1825193) → (31.3787188, 73.157798) = 4570.9 m
2026-03-26 21:24:48.255 | DEBUG    | utils.geo_utils:haversine_distance:20 - Haversine: (31.3434454, 73.1825193) → (31.4457694, 73.1408101) = 12047.0 m
2026-03-26 21:24:48.255 | DEBUG    | utils.geo_utils:haversine_distance:20 - Haversine: (31.3434454, 73.1825193) → (31.5487412, 73.1501112) = 23033.9 m
2026-03-26 21:24:48.255 | DEBUG    | utils.geo_utils:haversine_distance:20 - Haversine: (31.3434454, 73.1825193) → (31.3836456, 73.0640586) = 12103.2 m
2026-03-26 21:24:48.255 | DEBUG    | utils.geo_utils:haversine_distance:20 - Haversine: (31.3434454, 73.1825193) → (31.4467219, 73.1271368) = 12629.8 m
2026-03-26 21:24:48.256 | DEBUG    | utils.geo_utils:haversine_distance:20 - Haversine: (31.3434454, 73.1825193) → (31.330396, 73.0696448) = 10817.9 m
2026-03-26 21:24:48.256 | DEBUG    | utils.geo_utils:haversine_distance:20 - Haversine: (31.3434454, 73.1825193) → (31.3413852, 73.1852291) = 344.5 m
2026-03-26 21:24:48.256 | DEBUG    | utils.geo_utils:haversine_distance:20 - Haversine: (31.4192659, 73.0416323) → (31.3691526, 73.0514611) = 5649.9 m
2026-03-26 21:24:48.256 | DEBUG    | utils.geo_utils:haversine_distance:20 - Haversine: (31.4192659, 73.0416323) → (31.3787188, 73.157798) = 11911.7 m
2026-03-26 21:24:48.256 | DEBUG    | utils.geo_utils:haversine_distance:20 - Haversine: (31.4192659, 73.0416323) → (31.4457694, 73.1408101) = 9860.5 m
2026-03-26 21:24:48.256 | DEBUG    | utils.geo_utils:haversine_distance:20 - Haversine: (31.4192659, 73.0416323) → (31.5487412, 73.1501112) = 17694.3 m
2026-03-26 21:24:48.256 | DEBUG    | utils.geo_utils:haversine_distance:20 - Haversine: (31.4192659, 73.0416323) → (31.3836456, 73.0640586) = 4496.5 m
2026-03-26 21:24:48.256 | DEBUG    | utils.geo_utils:haversine_distance:20 - Haversine: (31.4192659, 73.0416323) → (31.4467219, 73.1271368) = 8667.9 m
2026-03-26 21:24:48.256 | DEBUG    | utils.geo_utils:haversine_distance:20 - Haversine: (31.4192659, 73.0416323) → (31.330396, 73.0696448) = 10233.5 m
2026-03-26 21:24:48.256 | DEBUG    | utils.geo_utils:haversine_distance:20 - Haversine: (31.4192659, 73.0416323) → (31.3413852, 73.1852291) = 16149.9 m
2026-03-26 21:24:48.256 | DEBUG    | utils.geo_utils:haversine_distance:20 - Haversine: (31.4192659, 73.0416323) → (31.4000755, 73.0126538) = 3480.9 m
2026-03-26 21:24:48.256 | DEBUG    | utils.geo_utils:haversine_distance:20 - Haversine: (31.4192659, 73.0416323) → (31.527645, 73.0552285) = 12120.0 m
2026-03-26 21:24:48.256 | DEBUG    | utils.geo_utils:haversine_distance:20 - Haversine: (31.4192659, 73.0416323) → (31.3281703, 73.1302408) = 13167.0 m
2026-03-26 21:24:48.256 | DEBUG    | utils.geo_utils:haversine_distance:20 - Haversine: (31.5101284, 73.1503952) → (31.3691526, 73.0514611) = 18270.9 m
2026-03-26 21:24:48.256 | DEBUG    | utils.geo_utils:haversine_distance:20 - Haversine: (31.5101284, 73.1503952) → (31.3787188, 73.157798) = 14628.9 m
2026-03-26 21:24:48.256 | DEBUG    | utils.geo_utils:haversine_distance:20 - Haversine: (31.5101284, 73.1503952) → (31.4457694, 73.1408101) = 7213.9 m
2026-03-26 21:24:48.256 | DEBUG    | utils.geo_utils:haversine_distance:20 - Haversine: (31.5101284, 73.1503952) → (31.5487412, 73.1501112) = 4293.6 m
2026-03-26 21:24:48.256 | DEBUG    | utils.geo_utils:haversine_distance:20 - Haversine: (31.5101284, 73.1503952) → (31.3836456, 73.0640586) = 16275.2 m
2026-03-26 21:24:48.256 | DEBUG    | utils.geo_utils:haversine_distance:20 - Haversine: (31.5101284, 73.1503952) → (31.4467219, 73.1271368) = 7387.4 m
2026-03-26 21:24:48.256 | DEBUG    | utils.geo_utils:haversine_distance:20 - Haversine: (31.5101284, 73.1503952) → (31.330396, 73.0696448) = 21403.9 m
2026-03-26 21:24:48.257 | DEBUG    | utils.geo_utils:haversine_distance:20 - Haversine: (31.5101284, 73.1503952) → (31.3413852, 73.1852291) = 19052.3 m
2026-03-26 21:24:48.257 | DEBUG    | utils.geo_utils:haversine_distance:20 - Haversine: (31.5101284, 73.1503952) → (31.4000755, 73.0126538) = 17901.3 m
2026-03-26 21:24:48.257 | DEBUG    | utils.geo_utils:haversine_distance:20 - Haversine: (31.5101284, 73.1503952) → (31.527645, 73.0552285) = 9228.7 m
2026-03-26 21:24:48.257 | DEBUG    | utils.geo_utils:haversine_distance:20 - Haversine: (31.5101284, 73.1503952) → (31.3281703, 73.1302408) = 20323.0 m
2026-03-26 21:24:48.257 | DEBUG    | utils.geo_utils:haversine_distance:20 - Haversine: (31.5101284, 73.1503952) → (31.4192659, 73.0416323) = 14439.2 m
2026-03-26 21:24:48.257 | DEBUG    | utils.geo_utils:haversine_distance:20 - Haversine: (31.4641337, 73.1683411) → (31.3691526, 73.0514611) = 15315.3 m
2026-03-26 21:24:48.257 | DEBUG    | utils.geo_utils:haversine_distance:20 - Haversine: (31.4641337, 73.1683411) → (31.3787188, 73.157798) = 9550.2 m
2026-03-26 21:24:48.257 | DEBUG    | utils.geo_utils:haversine_distance:20 - Haversine: (31.4641337, 73.1683411) → (31.4457694, 73.1408101) = 3315.0 m
2026-03-26 21:24:48.257 | DEBUG    | utils.geo_utils:haversine_distance:20 - Haversine: (31.4641337, 73.1683411) → (31.5487412, 73.1501112) = 9565.3 m
2026-03-26 21:24:48.257 | DEBUG    | utils.geo_utils:haversine_distance:20 - Haversine: (31.4641337, 73.1683411) → (31.3836456, 73.0640586) = 13342.1 m
2026-03-26 21:24:48.257 | DEBUG    | utils.geo_utils:haversine_distance:20 - Haversine: (31.4641337, 73.1683411) → (31.4467219, 73.1271368) = 4361.7 m
2026-03-26 21:24:48.257 | DEBUG    | utils.geo_utils:haversine_distance:20 - Haversine: (31.4641337, 73.1683411) → (31.330396, 73.0696448) = 17575.5 m
2026-03-26 21:24:48.257 | DEBUG    | utils.geo_utils:haversine_distance:20 - Haversine: (31.4641337, 73.1683411) → (31.3413852, 73.1852291) = 13742.8 m
2026-03-26 21:24:48.257 | DEBUG    | utils.geo_utils:haversine_distance:20 - Haversine: (31.4641337, 73.1683411) → (31.4000755, 73.0126538) = 16399.0 m
2026-03-26 21:24:48.257 | DEBUG    | utils.geo_utils:haversine_distance:20 - Haversine: (31.4641337, 73.1683411) → (31.527645, 73.0552285) = 12841.0 m
2026-03-26 21:24:48.257 | DEBUG    | utils.geo_utils:haversine_distance:20 - Haversine: (31.4641337, 73.1683411) → (31.3281703, 73.1302408) = 15544.9 m
2026-03-26 21:24:48.258 | DEBUG    | utils.geo_utils:haversine_distance:20 - Haversine: (31.4641337, 73.1683411) → (31.4192659, 73.0416323) = 13014.9 m
2026-03-26 21:24:48.258 | DEBUG    | utils.geo_utils:haversine_distance:20 - Haversine: (31.4641337, 73.1683411) → (31.5101284, 73.1503952) = 5390.0 m
2026-03-26 21:24:48.258 | DEBUG    | utils.geo_utils:haversine_distance:20 - Haversine: (31.3446991, 73.0585627) → (31.3691526, 73.0514611) = 2801.5 m
2026-03-26 21:24:48.258 | DEBUG    | utils.geo_utils:haversine_distance:20 - Haversine: (31.3446991, 73.0585627) → (31.3787188, 73.157798) = 10153.3 m
2026-03-26 21:24:48.258 | DEBUG    | utils.geo_utils:haversine_distance:20 - Haversine: (31.3446991, 73.0585627) → (31.4457694, 73.1408101) = 13683.8 m
2026-03-26 21:24:48.258 | DEBUG    | utils.geo_utils:haversine_distance:20 - Haversine: (31.3446991, 73.0585627) → (31.5487412, 73.1501112) = 24293.8 m
2026-03-26 21:24:48.258 | DEBUG    | utils.geo_utils:haversine_distance:20 - Haversine: (31.3446991, 73.0585627) → (31.3836456, 73.0640586) = 4362.0 m
2026-03-26 21:24:48.258 | DEBUG    | utils.geo_utils:haversine_distance:20 - Haversine: (31.3446991, 73.0585627) → (31.4467219, 73.1271368) = 13079.0 m
2026-03-26 21:24:48.258 | DEBUG    | utils.geo_utils:haversine_distance:20 - Haversine: (31.3446991, 73.0585627) → (31.330396, 73.0696448) = 1907.2 m
2026-03-26 21:24:48.258 | DEBUG    | utils.geo_utils:haversine_distance:20 - Haversine: (31.3446991, 73.0585627) → (31.3413852, 73.1852291) = 12034.9 m
2026-03-26 21:24:48.258 | DEBUG    | utils.geo_utils:haversine_distance:20 - Haversine: (31.3446991, 73.0585627) → (31.4000755, 73.0126538) = 7544.0 m
2026-03-26 21:24:48.258 | DEBUG    | utils.geo_utils:haversine_distance:20 - Haversine: (31.3446991, 73.0585627) → (31.527645, 73.0552285) = 20345.1 m
2026-03-26 21:24:48.258 | DEBUG    | utils.geo_utils:haversine_distance:20 - Haversine: (31.3446991, 73.0585627) → (31.3281703, 73.1302408) = 7051.3 m
2026-03-26 21:24:48.258 | DEBUG    | utils.geo_utils:haversine_distance:20 - Haversine: (31.3446991, 73.0585627) → (31.4192659, 73.0416323) = 8445.8 m
2026-03-26 21:24:48.258 | DEBUG    | utils.geo_utils:haversine_distance:20 - Haversine: (31.3446991, 73.0585627) → (31.5101284, 73.1503952) = 20354.2 m
2026-03-26 21:24:48.258 | DEBUG    | utils.geo_utils:haversine_distance:20 - Haversine: (31.3446991, 73.0585627) → (31.4641337, 73.1683411) = 16879.6 m
2026-03-26 21:24:48.259 | DEBUG    | utils.geo_utils:haversine_distance:20 - Haversine: (31.5431453, 73.1283131) → (31.3691526, 73.0514611) = 20674.9 m
2026-03-26 21:24:48.259 | DEBUG    | utils.geo_utils:haversine_distance:20 - Haversine: (31.5431453, 73.1283131) → (31.3787188, 73.157798) = 18496.0 m
2026-03-26 21:24:48.259 | DEBUG    | utils.geo_utils:haversine_distance:20 - Haversine: (31.5431453, 73.1283131) → (31.4457694, 73.1408101) = 10892.3 m
2026-03-26 21:24:48.259 | DEBUG    | utils.geo_utils:haversine_distance:20 - Haversine: (31.5431453, 73.1283131) → (31.5487412, 73.1501112) = 2157.3 m
2026-03-26 21:24:48.259 | DEBUG    | utils.geo_utils:haversine_distance:20 - Haversine: (31.5431453, 73.1283131) → (31.3836456, 73.0640586) = 18753.4 m
2026-03-26 21:24:48.259 | DEBUG    | utils.geo_utils:haversine_distance:20 - Haversine: (31.5431453, 73.1283131) → (31.4467219, 73.1271368) = 10722.4 m
2026-03-26 21:24:48.259 | DEBUG    | utils.geo_utils:haversine_distance:20 - Haversine: (31.5431453, 73.1283131) → (31.330396, 73.0696448) = 24302.6 m
2026-03-26 21:24:48.259 | DEBUG    | utils.geo_utils:haversine_distance:20 - Haversine: (31.5431453, 73.1283131) → (31.3413852, 73.1852291) = 23075.3 m
2026-03-26 21:24:48.259 | DEBUG    | utils.geo_utils:haversine_distance:20 - Haversine: (31.5431453, 73.1283131) → (31.4000755, 73.0126538) = 19323.6 m
2026-03-26 21:24:48.259 | DEBUG    | utils.geo_utils:haversine_distance:20 - Haversine: (31.5431453, 73.1283131) → (31.527645, 73.0552285) = 7137.7 m
2026-03-26 21:24:48.259 | DEBUG    | utils.geo_utils:haversine_distance:20 - Haversine: (31.5431453, 73.1283131) → (31.3281703, 73.1302408) = 23904.8 m
2026-03-26 21:24:48.259 | DEBUG    | utils.geo_utils:haversine_distance:20 - Haversine: (31.5431453, 73.1283131) → (31.4192659, 73.0416323) = 16040.9 m
2026-03-26 21:24:48.259 | DEBUG    | utils.geo_utils:haversine_distance:20 - Haversine: (31.5431453, 73.1283131) → (31.5101284, 73.1503952) = 4226.0 m
2026-03-26 21:24:48.260 | DEBUG    | utils.geo_utils:haversine_distance:20 - Haversine: (31.5431453, 73.1283131) → (31.4641337, 73.1683411) = 9570.2 m
2026-03-26 21:24:48.260 | DEBUG    | utils.geo_utils:haversine_distance:20 - Haversine: (31.5431453, 73.1283131) → (31.3446991, 73.0585627) = 23037.0 m
2026-03-26 21:24:48.260 | DEBUG    | utils.geo_utils:haversine_distance:20 - Haversine: (31.398463, 73.0263855) → (31.3691526, 73.0514611) = 4035.9 m
2026-03-26 21:24:48.260 | DEBUG    | utils.geo_utils:haversine_distance:20 - Haversine: (31.398463, 73.0263855) → (31.3787188, 73.157798) = 12665.7 m
2026-03-26 21:24:48.260 | DEBUG    | utils.geo_utils:haversine_distance:20 - Haversine: (31.398463, 73.0263855) → (31.4457694, 73.1408101) = 12064.7 m
2026-03-26 21:24:48.260 | DEBUG    | utils.geo_utils:haversine_distance:20 - Haversine: (31.398463, 73.0263855) → (31.5487412, 73.1501112) = 20418.3 m
2026-03-26 21:24:48.260 | DEBUG    | utils.geo_utils:haversine_distance:20 - Haversine: (31.398463, 73.0263855) → (31.3836456, 73.0640586) = 3937.2 m
2026-03-26 21:24:48.260 | DEBUG    | utils.geo_utils:haversine_distance:20 - Haversine: (31.398463, 73.0263855) → (31.4467219, 73.1271368) = 10963.1 m
2026-03-26 21:24:48.260 | DEBUG    | utils.geo_utils:haversine_distance:20 - Haversine: (31.398463, 73.0263855) → (31.330396, 73.0696448) = 8611.4 m
2026-03-26 21:24:48.260 | DEBUG    | utils.geo_utils:haversine_distance:20 - Haversine: (31.398463, 73.0263855) → (31.3413852, 73.1852291) = 16361.9 m
2026-03-26 21:24:48.260 | DEBUG    | utils.geo_utils:haversine_distance:20 - Haversine: (31.398463, 73.0263855) → (31.4000755, 73.0126538) = 1315.6 m
2026-03-26 21:24:48.260 | DEBUG    | utils.geo_utils:haversine_distance:20 - Haversine: (31.398463, 73.0263855) → (31.527645, 73.0552285) = 14622.6 m
2026-03-26 21:24:48.261 | DEBUG    | utils.geo_utils:haversine_distance:20 - Haversine: (31.398463, 73.0263855) → (31.3281703, 73.1302408) = 12582.9 m
2026-03-26 21:24:48.261 | DEBUG    | utils.geo_utils:haversine_distance:20 - Haversine: (31.398463, 73.0263855) → (31.4192659, 73.0416323) = 2728.4 m
2026-03-26 21:24:48.261 | DEBUG    | utils.geo_utils:haversine_distance:20 - Haversine: (31.398463, 73.0263855) → (31.5101284, 73.1503952) = 17103.8 m
2026-03-26 21:24:48.261 | DEBUG    | utils.geo_utils:haversine_distance:20 - Haversine: (31.398463, 73.0263855) → (31.4641337, 73.1683411) = 15320.8 m
2026-03-26 21:24:48.261 | DEBUG    | utils.geo_utils:haversine_distance:20 - Haversine: (31.398463, 73.0263855) → (31.3446991, 73.0585627) = 6713.6 m
2026-03-26 21:24:48.261 | DEBUG    | utils.geo_utils:haversine_distance:20 - Haversine: (31.398463, 73.0263855) → (31.5431453, 73.1283131) = 18768.8 m
2026-03-26 21:24:48.261 | DEBUG    | utils.geo_utils:haversine_distance:20 - Haversine: (31.3190478, 73.1756414) → (31.3691526, 73.0514611) = 13042.9 m
2026-03-26 21:24:48.261 | DEBUG    | utils.geo_utils:haversine_distance:20 - Haversine: (31.3190478, 73.1756414) → (31.3787188, 73.157798) = 6848.1 m
2026-03-26 21:24:48.261 | DEBUG    | utils.geo_utils:haversine_distance:20 - Haversine: (31.3190478, 73.1756414) → (31.4457694, 73.1408101) = 14473.5 m
2026-03-26 21:24:48.261 | DEBUG    | utils.geo_utils:haversine_distance:20 - Haversine: (31.3190478, 73.1756414) → (31.5487412, 73.1501112) = 25655.3 m
2026-03-26 21:24:48.261 | DEBUG    | utils.geo_utils:haversine_distance:20 - Haversine: (31.3190478, 73.1756414) → (31.3836456, 73.0640586) = 12801.1 m
2026-03-26 21:24:48.261 | DEBUG    | utils.geo_utils:haversine_distance:20 - Haversine: (31.3190478, 73.1756414) → (31.4467219, 73.1271368) = 14924.7 m
2026-03-26 21:24:48.261 | DEBUG    | utils.geo_utils:haversine_distance:20 - Haversine: (31.3190478, 73.1756414) → (31.330396, 73.0696448) = 10147.0 m
2026-03-26 21:24:48.261 | DEBUG    | utils.geo_utils:haversine_distance:20 - Haversine: (31.3190478, 73.1756414) → (31.3413852, 73.1852291) = 2645.5 m
2026-03-26 21:24:48.261 | DEBUG    | utils.geo_utils:haversine_distance:20 - Haversine: (31.3190478, 73.1756414) → (31.4000755, 73.0126538) = 17907.6 m
2026-03-26 21:24:48.262 | DEBUG    | utils.geo_utils:haversine_distance:20 - Haversine: (31.3190478, 73.1756414) → (31.527645, 73.0552285) = 25856.3 m
2026-03-26 21:24:48.262 | DEBUG    | utils.geo_utils:haversine_distance:20 - Haversine: (31.3190478, 73.1756414) → (31.3281703, 73.1302408) = 4430.2 m
2026-03-26 21:24:48.262 | DEBUG    | utils.geo_utils:haversine_distance:20 - Haversine: (31.3190478, 73.1756414) → (31.4192659, 73.0416323) = 16913.3 m
2026-03-26 21:24:48.262 | DEBUG    | utils.geo_utils:haversine_distance:20 - Haversine: (31.3190478, 73.1756414) → (31.5101284, 73.1503952) = 21381.8 m
2026-03-26 21:24:48.262 | DEBUG    | utils.geo_utils:haversine_distance:20 - Haversine: (31.3190478, 73.1756414) → (31.4641337, 73.1683411) = 16147.7 m
2026-03-26 21:24:48.262 | DEBUG    | utils.geo_utils:haversine_distance:20 - Haversine: (31.3190478, 73.1756414) → (31.3446991, 73.0585627) = 11480.0 m
2026-03-26 21:24:48.262 | DEBUG    | utils.geo_utils:haversine_distance:20 - Haversine: (31.3190478, 73.1756414) → (31.5431453, 73.1283131) = 25319.9 m
2026-03-26 21:24:48.262 | DEBUG    | utils.geo_utils:haversine_distance:20 - Haversine: (31.3190478, 73.1756414) → (31.398463, 73.0263855) = 16698.2 m
2026-03-26 21:24:48.262 | DEBUG    | utils.geo_utils:haversine_distance:20 - Haversine: (31.3557607, 73.1450675) → (31.3691526, 73.0514611) = 9011.7 m
2026-03-26 21:24:48.262 | DEBUG    | utils.geo_utils:haversine_distance:20 - Haversine: (31.3557607, 73.1450675) → (31.3787188, 73.157798) = 2824.5 m
2026-03-26 21:24:48.262 | DEBUG    | utils.geo_utils:haversine_distance:20 - Haversine: (31.3557607, 73.1450675) → (31.4457694, 73.1408101) = 10016.7 m
2026-03-26 21:24:48.262 | DEBUG    | utils.geo_utils:haversine_distance:20 - Haversine: (31.3557607, 73.1450675) → (31.5487412, 73.1501112) = 21463.8 m
2026-03-26 21:24:48.262 | DEBUG    | utils.geo_utils:haversine_distance:20 - Haversine: (31.3557607, 73.1450675) → (31.3836456, 73.0640586) = 8292.6 m
2026-03-26 21:24:48.262 | DEBUG    | utils.geo_utils:haversine_distance:20 - Haversine: (31.3557607, 73.1450675) → (31.4467219, 73.1271368) = 10256.6 m
2026-03-26 21:24:48.262 | DEBUG    | utils.geo_utils:haversine_distance:20 - Haversine: (31.3557607, 73.1450675) → (31.330396, 73.0696448) = 7698.0 m
2026-03-26 21:24:48.263 | DEBUG    | utils.geo_utils:haversine_distance:20 - Haversine: (31.3557607, 73.1450675) → (31.3413852, 73.1852291) = 4135.3 m
2026-03-26 21:24:48.263 | DEBUG    | utils.geo_utils:haversine_distance:20 - Haversine: (31.3557607, 73.1450675) → (31.4000755, 73.0126538) = 13501.7 m
2026-03-26 21:24:48.263 | DEBUG    | utils.geo_utils:haversine_distance:20 - Haversine: (31.3557607, 73.1450675) → (31.527645, 73.0552285) = 20926.9 m
2026-03-26 21:24:48.263 | DEBUG    | utils.geo_utils:haversine_distance:20 - Haversine: (31.3557607, 73.1450675) → (31.3281703, 73.1302408) = 3375.6 m
2026-03-26 21:24:48.263 | DEBUG    | utils.geo_utils:haversine_distance:20 - Haversine: (31.3557607, 73.1450675) → (31.4192659, 73.0416323) = 12094.0 m
2026-03-26 21:24:48.263 | DEBUG    | utils.geo_utils:haversine_distance:20 - Haversine: (31.3557607, 73.1450675) → (31.5101284, 73.1503952) = 17172.3 m
2026-03-26 21:24:48.263 | DEBUG    | utils.geo_utils:haversine_distance:20 - Haversine: (31.3557607, 73.1450675) → (31.4641337, 73.1683411) = 12251.3 m
2026-03-26 21:24:48.263 | DEBUG    | utils.geo_utils:haversine_distance:20 - Haversine: (31.3557607, 73.1450675) → (31.3446991, 73.0585627) = 8306.1 m
2026-03-26 21:24:48.263 | DEBUG    | utils.geo_utils:haversine_distance:20 - Haversine: (31.3557607, 73.1450675) → (31.5431453, 73.1283131) = 20896.7 m
2026-03-26 21:24:48.263 | DEBUG    | utils.geo_utils:haversine_distance:20 - Haversine: (31.3557607, 73.1450675) → (31.398463, 73.0263855) = 12226.6 m
2026-03-26 21:24:48.263 | DEBUG    | utils.geo_utils:haversine_distance:20 - Haversine: (31.3557607, 73.1450675) → (31.3190478, 73.1756414) = 5009.7 m
2026-03-26 21:24:48.263 | DEBUG    | utils.geo_utils:haversine_distance:20 - Haversine: (31.4601458, 73.0666137) → (31.3691526, 73.0514611) = 10219.6 m
2026-03-26 21:24:48.263 | DEBUG    | utils.geo_utils:haversine_distance:20 - Haversine: (31.4601458, 73.0666137) → (31.3787188, 73.157798) = 12523.8 m
2026-03-26 21:24:48.263 | DEBUG    | utils.geo_utils:haversine_distance:20 - Haversine: (31.4601458, 73.0666137) → (31.4457694, 73.1408101) = 7217.3 m
2026-03-26 21:24:48.263 | DEBUG    | utils.geo_utils:haversine_distance:20 - Haversine: (31.4601458, 73.0666137) → (31.5487412, 73.1501112) = 12637.7 m
2026-03-26 21:24:48.264 | DEBUG    | utils.geo_utils:haversine_distance:20 - Haversine: (31.4601458, 73.0666137) → (31.3836456, 73.0640586) = 8509.9 m
2026-03-26 21:24:48.264 | DEBUG    | utils.geo_utils:haversine_distance:20 - Haversine: (31.4601458, 73.0666137) → (31.4467219, 73.1271368) = 5931.9 m
2026-03-26 21:24:48.264 | DEBUG    | utils.geo_utils:haversine_distance:20 - Haversine: (31.4601458, 73.0666137) → (31.330396, 73.0696448) = 14430.4 m
2026-03-26 21:24:48.264 | DEBUG    | utils.geo_utils:haversine_distance:20 - Haversine: (31.4601458, 73.0666137) → (31.3413852, 73.1852291) = 17352.9 m
2026-03-26 21:24:48.264 | DEBUG    | utils.geo_utils:haversine_distance:20 - Haversine: (31.4601458, 73.0666137) → (31.4000755, 73.0126538) = 8415.9 m
2026-03-26 21:24:48.264 | DEBUG    | utils.geo_utils:haversine_distance:20 - Haversine: (31.4601458, 73.0666137) → (31.527645, 73.0552285) = 7582.8 m
2026-03-26 21:24:48.264 | DEBUG    | utils.geo_utils:haversine_distance:20 - Haversine: (31.4601458, 73.0666137) → (31.3281703, 73.1302408) = 15869.1 m
2026-03-26 21:24:48.264 | DEBUG    | utils.geo_utils:haversine_distance:20 - Haversine: (31.4601458, 73.0666137) → (31.4192659, 73.0416323) = 5126.4 m
2026-03-26 21:24:48.264 | DEBUG    | utils.geo_utils:haversine_distance:20 - Haversine: (31.4601458, 73.0666137) → (31.5101284, 73.1503952) = 9695.6 m
2026-03-26 21:24:48.264 | DEBUG    | utils.geo_utils:haversine_distance:20 - Haversine: (31.4601458, 73.0666137) → (31.4641337, 73.1683411) = 9658.8 m
2026-03-26 21:24:48.264 | DEBUG    | utils.geo_utils:haversine_distance:20 - Haversine: (31.4601458, 73.0666137) → (31.3446991, 73.0585627) = 12859.8 m
2026-03-26 21:24:48.264 | DEBUG    | utils.geo_utils:haversine_distance:20 - Haversine: (31.4601458, 73.0666137) → (31.5431453, 73.1283131) = 10926.8 m
2026-03-26 21:24:48.264 | DEBUG    | utils.geo_utils:haversine_distance:20 - Haversine: (31.4601458, 73.0666137) → (31.398463, 73.0263855) = 7849.3 m
2026-03-26 21:24:48.264 | DEBUG    | utils.geo_utils:haversine_distance:20 - Haversine: (31.4601458, 73.0666137) → (31.3190478, 73.1756414) = 18795.2 m
2026-03-26 21:24:48.264 | DEBUG    | utils.geo_utils:haversine_distance:20 - Haversine: (31.4601458, 73.0666137) → (31.3557607, 73.1450675) = 13789.8 m
2026-03-26 21:24:48.264 | DEBUG    | utils.geo_utils:haversine_distance:20 - Haversine: (31.5426468, 73.1258022) → (31.3691526, 73.0514611) = 20540.0 m
2026-03-26 21:24:48.265 | DEBUG    | utils.geo_utils:haversine_distance:20 - Haversine: (31.5426468, 73.1258022) → (31.3787188, 73.157798) = 18478.9 m
2026-03-26 21:24:48.265 | DEBUG    | utils.geo_utils:haversine_distance:20 - Haversine: (31.5426468, 73.1258022) → (31.4457694, 73.1408101) = 10865.9 m
2026-03-26 21:24:48.265 | DEBUG    | utils.geo_utils:haversine_distance:20 - Haversine: (31.5426468, 73.1258022) → (31.5487412, 73.1501112) = 2401.2 m
2026-03-26 21:24:48.265 | DEBUG    | utils.geo_utils:haversine_distance:20 - Haversine: (31.5426468, 73.1258022) → (31.3836456, 73.0640586) = 18624.8 m
2026-03-26 21:24:48.265 | DEBUG    | utils.geo_utils:haversine_distance:20 - Haversine: (31.5426468, 73.1258022) → (31.4467219, 73.1271368) = 10667.1 m
2026-03-26 21:24:48.265 | DEBUG    | utils.geo_utils:haversine_distance:20 - Haversine: (31.5426468, 73.1258022) → (31.330396, 73.0696448) = 24195.1 m
2026-03-26 21:24:48.265 | DEBUG    | utils.geo_utils:haversine_distance:20 - Haversine: (31.5426468, 73.1258022) → (31.3413852, 73.1852291) = 23078.5 m
2026-03-26 21:24:48.265 | DEBUG    | utils.geo_utils:haversine_distance:20 - Haversine: (31.5426468, 73.1258022) → (31.4000755, 73.0126538) = 19143.5 m
2026-03-26 21:24:48.265 | DEBUG    | utils.geo_utils:haversine_distance:20 - Haversine: (31.5426468, 73.1258022) → (31.527645, 73.0552285) = 6893.4 m
2026-03-26 21:24:48.265 | DEBUG    | utils.geo_utils:haversine_distance:20 - Haversine: (31.5426468, 73.1258022) → (31.3281703, 73.1302408) = 23852.4 m
2026-03-26 21:24:48.265 | DEBUG    | utils.geo_utils:haversine_distance:20 - Haversine: (31.5426468, 73.1258022) → (31.4192659, 73.0416323) = 15872.2 m
2026-03-26 21:24:48.265 | DEBUG    | utils.geo_utils:haversine_distance:20 - Haversine: (31.5426468, 73.1258022) → (31.5101284, 73.1503952) = 4302.1 m
2026-03-26 21:24:48.265 | DEBUG    | utils.geo_utils:haversine_distance:20 - Haversine: (31.5426468, 73.1258022) → (31.4641337, 73.1683411) = 9616.8 m
2026-03-26 21:24:48.265 | DEBUG    | utils.geo_utils:haversine_distance:20 - Haversine: (31.5426468, 73.1258022) → (31.3446991, 73.0585627) = 22916.4 m
2026-03-26 21:24:48.265 | DEBUG    | utils.geo_utils:haversine_distance:20 - Haversine: (31.5426468, 73.1258022) → (31.5431453, 73.1283131) = 244.3 m
2026-03-26 21:24:48.265 | DEBUG    | utils.geo_utils:haversine_distance:20 - Haversine: (31.4743292, 73.1046958) → (31.3691526, 73.0514611) = 12739.4 m
2026-03-26 21:24:48.266 | DEBUG    | utils.geo_utils:haversine_distance:20 - Haversine: (31.4743292, 73.1046958) → (31.3787188, 73.157798) = 11764.9 m
2026-03-26 21:24:48.266 | DEBUG    | utils.geo_utils:haversine_distance:20 - Haversine: (31.4743292, 73.1046958) → (31.4457694, 73.1408101) = 4671.0 m
2026-03-26 21:24:48.266 | DEBUG    | utils.geo_utils:haversine_distance:20 - Haversine: (31.4743292, 73.1046958) → (31.5487412, 73.1501112) = 9327.3 m
2026-03-26 21:24:48.266 | DEBUG    | utils.geo_utils:haversine_distance:20 - Haversine: (31.4743292, 73.1046958) → (31.3836456, 73.0640586) = 10795.6 m
2026-03-26 21:24:48.266 | DEBUG    | utils.geo_utils:haversine_distance:20 - Haversine: (31.4743292, 73.1046958) → (31.4467219, 73.1271368) = 3735.5 m
2026-03-26 21:24:48.266 | DEBUG    | utils.geo_utils:haversine_distance:20 - Haversine: (31.4743292, 73.1046958) → (31.330396, 73.0696448) = 16346.7 m
2026-03-26 21:24:48.266 | DEBUG    | utils.geo_utils:haversine_distance:20 - Haversine: (31.4743292, 73.1046958) → (31.3413852, 73.1852291) = 16641.5 m
2026-03-26 21:24:48.266 | DEBUG    | utils.geo_utils:haversine_distance:20 - Haversine: (31.4743292, 73.1046958) → (31.4000755, 73.0126538) = 12017.7 m
2026-03-26 21:24:48.266 | DEBUG    | utils.geo_utils:haversine_distance:20 - Haversine: (31.4743292, 73.1046958) → (31.527645, 73.0552285) = 7559.2 m
2026-03-26 21:24:48.266 | DEBUG    | utils.geo_utils:haversine_distance:20 - Haversine: (31.4743292, 73.1046958) → (31.3281703, 73.1302408) = 16432.0 m
2026-03-26 21:24:48.266 | DEBUG    | utils.geo_utils:haversine_distance:20 - Haversine: (31.4743292, 73.1046958) → (31.4192659, 73.0416323) = 8560.2 m
2026-03-26 21:24:48.266 | DEBUG    | utils.geo_utils:haversine_distance:20 - Haversine: (31.4743292, 73.1046958) → (31.5101284, 73.1503952) = 5884.0 m
2026-03-26 21:24:48.266 | DEBUG    | utils.geo_utils:haversine_distance:20 - Haversine: (31.4743292, 73.1046958) → (31.4641337, 73.1683411) = 6141.7 m
2026-03-26 21:24:48.266 | DEBUG    | utils.geo_utils:haversine_distance:20 - Haversine: (31.4743292, 73.1046958) → (31.3446991, 73.0585627) = 15064.4 m
2026-03-26 21:24:48.266 | DEBUG    | utils.geo_utils:haversine_distance:20 - Haversine: (31.4743292, 73.1046958) → (31.5431453, 73.1283131) = 7972.8 m
2026-03-26 21:24:48.267 | DEBUG    | utils.geo_utils:haversine_distance:20 - Haversine: (31.4743292, 73.1046958) → (31.398463, 73.0263855) = 11241.2 m
2026-03-26 21:24:48.267 | DEBUG    | utils.geo_utils:haversine_distance:20 - Haversine: (31.4743292, 73.1046958) → (31.3190478, 73.1756414) = 18533.1 m
2026-03-26 21:24:48.267 | DEBUG    | utils.geo_utils:haversine_distance:20 - Haversine: (31.4743292, 73.1046958) → (31.3557607, 73.1450675) = 13729.6 m
2026-03-26 21:24:48.267 | DEBUG    | utils.geo_utils:haversine_distance:20 - Haversine: (31.4743292, 73.1046958) → (31.4601458, 73.0666137) = 3941.1 m
2026-03-26 21:24:48.267 | DEBUG    | utils.geo_utils:haversine_distance:20 - Haversine: (31.4693742, 73.1600766) → (31.3691526, 73.0514611) = 15179.5 m
2026-03-26 21:24:48.267 | DEBUG    | utils.geo_utils:haversine_distance:20 - Haversine: (31.4693742, 73.1600766) → (31.3787188, 73.157798) = 10082.7 m
2026-03-26 21:24:48.267 | DEBUG    | utils.geo_utils:haversine_distance:20 - Haversine: (31.4693742, 73.1600766) → (31.4457694, 73.1408101) = 3198.3 m
2026-03-26 21:24:48.267 | DEBUG    | utils.geo_utils:haversine_distance:20 - Haversine: (31.4693742, 73.1600766) → (31.5487412, 73.1501112) = 8875.6 m
2026-03-26 21:24:48.267 | DEBUG    | utils.geo_utils:haversine_distance:20 - Haversine: (31.4693742, 73.1600766) → (31.3836456, 73.0640586) = 13186.1 m
2026-03-26 21:24:48.267 | DEBUG    | utils.geo_utils:haversine_distance:20 - Haversine: (31.4693742, 73.1600766) → (31.4467219, 73.1271368) = 4013.3 m
2026-03-26 21:24:48.267 | DEBUG    | utils.geo_utils:haversine_distance:20 - Haversine: (31.4693742, 73.1600766) → (31.330396, 73.0696448) = 17677.2 m
2026-03-26 21:24:48.267 | DEBUG    | utils.geo_utils:haversine_distance:20 - Haversine: (31.4693742, 73.1600766) → (31.3413852, 73.1852291) = 14430.5 m
2026-03-26 21:24:48.267 | DEBUG    | utils.geo_utils:haversine_distance:20 - Haversine: (31.4693742, 73.1600766) → (31.4000755, 73.0126538) = 15969.0 m
2026-03-26 21:24:48.267 | DEBUG    | utils.geo_utils:haversine_distance:20 - Haversine: (31.4693742, 73.1600766) → (31.527645, 73.0552285) = 11866.0 m
2026-03-26 21:24:48.268 | DEBUG    | utils.geo_utils:haversine_distance:20 - Haversine: (31.4693742, 73.1600766) → (31.3281703, 73.1302408) = 15954.5 m
2026-03-26 21:24:48.268 | DEBUG    | utils.geo_utils:haversine_distance:20 - Haversine: (31.4693742, 73.1600766) → (31.4192659, 73.0416323) = 12541.9 m
2026-03-26 21:24:48.268 | DEBUG    | utils.geo_utils:haversine_distance:20 - Haversine: (31.4693742, 73.1600766) → (31.5101284, 73.1503952) = 4623.7 m
2026-03-26 21:24:48.268 | DEBUG    | utils.geo_utils:haversine_distance:20 - Haversine: (31.4693742, 73.1600766) → (31.4641337, 73.1683411) = 976.7 m
2026-03-26 21:24:48.270 | DEBUG    | utils.geo_utils:haversine_distance:20 - Haversine: (31.4693742, 73.1600766) → (31.3446991, 73.0585627) = 16882.0 m
2026-03-26 21:24:48.271 | DEBUG    | utils.geo_utils:haversine_distance:20 - Haversine: (31.4693742, 73.1600766) → (31.5431453, 73.1283131) = 8738.2 m
2026-03-26 21:24:48.271 | DEBUG    | utils.geo_utils:haversine_distance:20 - Haversine: (31.4693742, 73.1600766) → (31.398463, 73.0263855) = 14935.2 m
2026-03-26 21:24:48.271 | DEBUG    | utils.geo_utils:haversine_distance:20 - Haversine: (31.4693742, 73.1600766) → (31.3190478, 73.1756414) = 16780.7 m
2026-03-26 21:24:48.271 | DEBUG    | utils.geo_utils:haversine_distance:20 - Haversine: (31.4693742, 73.1600766) → (31.3557607, 73.1450675) = 12713.3 m
2026-03-26 21:24:48.271 | DEBUG    | utils.geo_utils:haversine_distance:20 - Haversine: (31.4693742, 73.1600766) → (31.4601458, 73.0666137) = 8923.7 m
2026-03-26 21:24:48.271 | DEBUG    | utils.geo_utils:haversine_distance:20 - Haversine: (31.4693742, 73.1600766) → (31.4743292, 73.1046958) = 5281.0 m
2026-03-26 21:24:48.272 | DEBUG    | utils.geo_utils:haversine_distance:20 - Haversine: (31.4060883, 73.1115478) → (31.3691526, 73.0514611) = 7028.5 m
2026-03-26 21:24:48.272 | DEBUG    | utils.geo_utils:haversine_distance:20 - Haversine: (31.4060883, 73.1115478) → (31.3787188, 73.157798) = 5341.7 m
2026-03-26 21:24:48.272 | DEBUG    | utils.geo_utils:haversine_distance:20 - Haversine: (31.4060883, 73.1115478) → (31.4457694, 73.1408101) = 5213.2 m
2026-03-26 21:24:48.272 | DEBUG    | utils.geo_utils:haversine_distance:20 - Haversine: (31.4060883, 73.1115478) → (31.5487412, 73.1501112) = 16278.4 m
2026-03-26 21:24:48.272 | DEBUG    | utils.geo_utils:haversine_distance:20 - Haversine: (31.4060883, 73.1115478) → (31.3836456, 73.0640586) = 5152.2 m
2026-03-26 21:24:48.272 | DEBUG    | utils.geo_utils:haversine_distance:20 - Haversine: (31.4060883, 73.1115478) → (31.4467219, 73.1271368) = 4754.2 m
2026-03-26 21:24:48.277 | DEBUG    | utils.geo_utils:haversine_distance:20 - Haversine: (31.4060883, 73.1115478) → (31.330396, 73.0696448) = 9309.5 m
2026-03-26 21:24:48.278 | DEBUG    | utils.geo_utils:haversine_distance:20 - Haversine: (31.4060883, 73.1115478) → (31.3413852, 73.1852291) = 10034.7 m
2026-03-26 21:24:48.278 | DEBUG    | utils.geo_utils:haversine_distance:20 - Haversine: (31.4060883, 73.1115478) → (31.4000755, 73.0126538) = 9409.6 m
2026-03-26 21:24:48.278 | DEBUG    | utils.geo_utils:haversine_distance:20 - Haversine: (31.4060883, 73.1115478) → (31.527645, 73.0552285) = 14533.6 m
2026-03-26 21:24:48.278 | DEBUG    | utils.geo_utils:haversine_distance:20 - Haversine: (31.4060883, 73.1115478) → (31.3281703, 73.1302408) = 8844.0 m
2026-03-26 21:24:48.278 | DEBUG    | utils.geo_utils:haversine_distance:20 - Haversine: (31.4060883, 73.1115478) → (31.4192659, 73.0416323) = 6794.7 m
2026-03-26 21:24:48.278 | DEBUG    | utils.geo_utils:haversine_distance:20 - Haversine: (31.4060883, 73.1115478) → (31.5101284, 73.1503952) = 12141.4 m
2026-03-26 21:24:48.278 | DEBUG    | utils.geo_utils:haversine_distance:20 - Haversine: (31.4060883, 73.1115478) → (31.4641337, 73.1683411) = 8407.9 m
2026-03-26 21:24:48.279 | DEBUG    | utils.geo_utils:haversine_distance:20 - Haversine: (31.4060883, 73.1115478) → (31.3446991, 73.0585627) = 8479.3 m
2026-03-26 21:24:48.279 | DEBUG    | utils.geo_utils:haversine_distance:20 - Haversine: (31.4060883, 73.1115478) → (31.5431453, 73.1283131) = 15322.8 m
2026-03-26 21:24:48.279 | DEBUG    | utils.geo_utils:haversine_distance:20 - Haversine: (31.4060883, 73.1115478) → (31.398463, 73.0263855) = 8127.0 m
2026-03-26 21:24:48.279 | DEBUG    | utils.geo_utils:haversine_distance:20 - Haversine: (31.4060883, 73.1115478) → (31.3190478, 73.1756414) = 11432.7 m
2026-03-26 21:24:48.279 | DEBUG    | utils.geo_utils:haversine_distance:20 - Haversine: (31.4060883, 73.1115478) → (31.3557607, 73.1450675) = 6437.6 m
2026-03-26 21:24:48.279 | DEBUG    | utils.geo_utils:haversine_distance:20 - Haversine: (31.4060883, 73.1115478) → (31.4601458, 73.0666137) = 7369.3 m
2026-03-26 21:24:48.279 | DEBUG    | utils.geo_utils:haversine_distance:20 - Haversine: (31.4060883, 73.1115478) → (31.4743292, 73.1046958) = 7615.8 m
2026-03-26 21:24:48.279 | DEBUG    | utils.geo_utils:haversine_distance:20 - Haversine: (31.4060883, 73.1115478) → (31.4693742, 73.1600766) = 8409.4 m
2026-03-26 21:24:48.279 | DEBUG    | utils.geo_utils:haversine_distance:20 - Haversine: (31.4773379, 73.0052033) → (31.3691526, 73.0514611) = 12805.4 m
2026-03-26 21:24:48.279 | DEBUG    | utils.geo_utils:haversine_distance:20 - Haversine: (31.4773379, 73.0052033) → (31.3787188, 73.157798) = 18162.6 m
2026-03-26 21:24:48.280 | DEBUG    | utils.geo_utils:haversine_distance:20 - Haversine: (31.4773379, 73.0052033) → (31.4457694, 73.1408101) = 13332.5 m
2026-03-26 21:24:48.280 | DEBUG    | utils.geo_utils:haversine_distance:20 - Haversine: (31.4773379, 73.0052033) → (31.5487412, 73.1501112) = 15866.2 m
2026-03-26 21:24:48.280 | DEBUG    | utils.geo_utils:haversine_distance:20 - Haversine: (31.4773379, 73.0052033) → (31.3836456, 73.0640586) = 11820.3 m
2026-03-26 21:24:48.280 | DEBUG    | utils.geo_utils:haversine_distance:20 - Haversine: (31.4773379, 73.0052033) → (31.4467219, 73.1271368) = 12055.8 m
2026-03-26 21:24:48.280 | DEBUG    | utils.geo_utils:haversine_distance:20 - Haversine: (31.4773379, 73.0052033) → (31.330396, 73.0696448) = 17446.3 m
2026-03-26 21:24:48.280 | DEBUG    | utils.geo_utils:haversine_distance:20 - Haversine: (31.4773379, 73.0052033) → (31.3413852, 73.1852291) = 22812.6 m
2026-03-26 21:24:48.280 | DEBUG    | utils.geo_utils:haversine_distance:20 - Haversine: (31.4773379, 73.0052033) → (31.4000755, 73.0126538) = 8620.2 m
2026-03-26 21:24:48.281 | DEBUG    | utils.geo_utils:haversine_distance:20 - Haversine: (31.4773379, 73.0052033) → (31.527645, 73.0552285) = 7333.8 m
2026-03-26 21:24:48.281 | DEBUG    | utils.geo_utils:haversine_distance:20 - Haversine: (31.4773379, 73.0052033) → (31.3281703, 73.1302408) = 20394.7 m
2026-03-26 21:24:48.282 | DEBUG    | utils.geo_utils:haversine_distance:20 - Haversine: (31.4773379, 73.0052033) → (31.4192659, 73.0416323) = 7323.9 m
2026-03-26 21:24:48.282 | DEBUG    | utils.geo_utils:haversine_distance:20 - Haversine: (31.4773379, 73.0052033) → (31.5101284, 73.1503952) = 14241.1 m
2026-03-26 21:24:48.282 | DEBUG    | utils.geo_utils:haversine_distance:20 - Haversine: (31.4773379, 73.0052033) → (31.4641337, 73.1683411) = 15541.3 m
2026-03-26 21:24:48.282 | DEBUG    | utils.geo_utils:haversine_distance:20 - Haversine: (31.4773379, 73.0052033) → (31.3446991, 73.0585627) = 15593.8 m
2026-03-26 21:24:48.282 | DEBUG    | utils.geo_utils:haversine_distance:20 - Haversine: (31.4773379, 73.0052033) → (31.5431453, 73.1283131) = 13775.0 m
2026-03-26 21:24:48.282 | DEBUG    | utils.geo_utils:haversine_distance:20 - Haversine: (31.4773379, 73.0052033) → (31.398463, 73.0263855) = 8997.8 m
2026-03-26 21:24:48.282 | DEBUG    | utils.geo_utils:haversine_distance:20 - Haversine: (31.4773379, 73.0052033) → (31.3190478, 73.1756414) = 23905.7 m
2026-03-26 21:24:48.283 | DEBUG    | utils.geo_utils:haversine_distance:20 - Haversine: (31.4773379, 73.0052033) → (31.3557607, 73.1450675) = 18944.9 m
2026-03-26 21:24:48.283 | DEBUG    | utils.geo_utils:haversine_distance:20 - Haversine: (31.4773379, 73.0052033) → (31.4601458, 73.0666137) = 6129.9 m
2026-03-26 21:24:48.283 | DEBUG    | utils.geo_utils:haversine_distance:20 - Haversine: (31.4773379, 73.0052033) → (31.4743292, 73.1046958) = 9441.2 m
2026-03-26 21:24:48.283 | DEBUG    | utils.geo_utils:haversine_distance:20 - Haversine: (31.4773379, 73.0052033) → (31.4693742, 73.1600766) = 14714.3 m
2026-03-26 21:24:48.283 | DEBUG    | utils.geo_utils:haversine_distance:20 - Haversine: (31.4773379, 73.0052033) → (31.4060883, 73.1115478) = 12827.7 m
2026-03-26 21:24:48.283 | DEBUG    | utils.geo_utils:haversine_distance:20 - Haversine: (31.4766945, 73.1677037) → (31.3691526, 73.0514611) = 16268.3 m
2026-03-26 21:24:48.283 | DEBUG    | utils.geo_utils:haversine_distance:20 - Haversine: (31.4766945, 73.1677037) → (31.3787188, 73.157798) = 10934.9 m
2026-03-26 21:24:48.283 | DEBUG    | utils.geo_utils:haversine_distance:20 - Haversine: (31.4766945, 73.1677037) → (31.4457694, 73.1408101) = 4281.5 m
2026-03-26 21:24:48.283 | DEBUG    | utils.geo_utils:haversine_distance:20 - Haversine: (31.4766945, 73.1677037) → (31.5487412, 73.1501112) = 8183.0 m
2026-03-26 21:24:48.284 | DEBUG    | utils.geo_utils:haversine_distance:20 - Haversine: (31.4766945, 73.1677037) → (31.3836456, 73.0640586) = 14274.3 m
2026-03-26 21:24:48.284 | DEBUG    | utils.geo_utils:haversine_distance:20 - Haversine: (31.4766945, 73.1677037) → (31.4467219, 73.1271368) = 5090.4 m
2026-03-26 21:24:48.284 | DEBUG    | utils.geo_utils:haversine_distance:20 - Haversine: (31.4766945, 73.1677037) → (31.330396, 73.0696448) = 18741.6 m
2026-03-26 21:24:48.284 | DEBUG    | utils.geo_utils:haversine_distance:20 - Haversine: (31.4766945, 73.1677037) → (31.3413852, 73.1852291) = 15137.4 m
2026-03-26 21:24:48.284 | DEBUG    | utils.geo_utils:haversine_distance:20 - Haversine: (31.4766945, 73.1677037) → (31.4000755, 73.0126538) = 16998.9 m
2026-03-26 21:24:48.284 | DEBUG    | utils.geo_utils:haversine_distance:20 - Haversine: (31.4766945, 73.1677037) → (31.527645, 73.0552285) = 12075.0 m
2026-03-26 21:24:48.284 | DEBUG    | utils.geo_utils:haversine_distance:20 - Haversine: (31.4766945, 73.1677037) → (31.3281703, 73.1302408) = 16893.5 m
2026-03-26 21:24:48.284 | DEBUG    | utils.geo_utils:haversine_distance:20 - Haversine: (31.4766945, 73.1677037) → (31.4192659, 73.0416323) = 13557.5 m
2026-03-26 21:24:48.284 | DEBUG    | utils.geo_utils:haversine_distance:20 - Haversine: (31.4766945, 73.1677037) → (31.5101284, 73.1503952) = 4063.8 m
2026-03-26 21:24:48.284 | DEBUG    | utils.geo_utils:haversine_distance:20 - Haversine: (31.4766945, 73.1677037) → (31.4641337, 73.1683411) = 1398.0 m
2026-03-26 21:24:48.284 | DEBUG    | utils.geo_utils:haversine_distance:20 - Haversine: (31.4766945, 73.1677037) → (31.3446991, 73.0585627) = 17963.8 m
2026-03-26 21:24:48.284 | DEBUG    | utils.geo_utils:haversine_distance:20 - Haversine: (31.4766945, 73.1677037) → (31.5431453, 73.1283131) = 8279.0 m
2026-03-26 21:24:48.284 | DEBUG    | utils.geo_utils:haversine_distance:20 - Haversine: (31.4766945, 73.1677037) → (31.398463, 73.0263855) = 15982.0 m
2026-03-26 21:24:48.284 | DEBUG    | utils.geo_utils:haversine_distance:20 - Haversine: (31.4766945, 73.1677037) → (31.3190478, 73.1756414) = 17545.7 m
2026-03-26 21:24:48.284 | DEBUG    | utils.geo_utils:haversine_distance:20 - Haversine: (31.4766945, 73.1677037) → (31.3557607, 73.1450675) = 13617.7 m
2026-03-26 21:24:48.285 | DEBUG    | utils.geo_utils:haversine_distance:20 - Haversine: (31.4766945, 73.1677037) → (31.4601458, 73.0666137) = 9762.5 m
2026-03-26 21:24:48.285 | DEBUG    | utils.geo_utils:haversine_distance:20 - Haversine: (31.4766945, 73.1677037) → (31.4743292, 73.1046958) = 5981.1 m
2026-03-26 21:24:48.285 | DEBUG    | utils.geo_utils:haversine_distance:20 - Haversine: (31.4766945, 73.1677037) → (31.4693742, 73.1600766) = 1088.9 m
2026-03-26 21:24:48.285 | DEBUG    | utils.geo_utils:haversine_distance:20 - Haversine: (31.4766945, 73.1677037) → (31.4060883, 73.1115478) = 9487.9 m
2026-03-26 21:24:48.285 | DEBUG    | utils.geo_utils:haversine_distance:20 - Haversine: (31.4766945, 73.1677037) → (31.4773379, 73.0052033) = 15410.5 m
2026-03-26 21:24:48.285 | DEBUG    | utils.geo_utils:haversine_distance:20 - Haversine: (31.504101, 73.1583633) → (31.3691526, 73.0514611) = 18111.6 m
2026-03-26 21:24:48.285 | DEBUG    | utils.geo_utils:haversine_distance:20 - Haversine: (31.504101, 73.1583633) → (31.3787188, 73.157798) = 13942.0 m
2026-03-26 21:24:48.285 | DEBUG    | utils.geo_utils:haversine_distance:20 - Haversine: (31.504101, 73.1583633) → (31.4457694, 73.1408101) = 6696.4 m
2026-03-26 21:24:48.285 | DEBUG    | utils.geo_utils:haversine_distance:20 - Haversine: (31.504101, 73.1583633) → (31.5487412, 73.1501112) = 5025.0 m
2026-03-26 21:24:48.286 | DEBUG    | utils.geo_utils:haversine_distance:20 - Haversine: (31.504101, 73.1583633) → (31.3836456, 73.0640586) = 16107.0 m
2026-03-26 21:24:48.286 | DEBUG    | utils.geo_utils:haversine_distance:20 - Haversine: (31.504101, 73.1583633) → (31.4467219, 73.1271368) = 7034.0 m
2026-03-26 21:24:48.286 | DEBUG    | utils.geo_utils:haversine_distance:20 - Haversine: (31.504101, 73.1583633) → (31.330396, 73.0696448) = 21070.1 m
2026-03-26 21:24:48.286 | DEBUG    | utils.geo_utils:haversine_distance:20 - Haversine: (31.504101, 73.1583633) → (31.3413852, 73.1852291) = 18271.9 m
2026-03-26 21:24:48.286 | DEBUG    | utils.geo_utils:haversine_distance:20 - Haversine: (31.504101, 73.1583633) → (31.4000755, 73.0126538) = 18023.2 m
2026-03-26 21:24:48.286 | DEBUG    | utils.geo_utils:haversine_distance:20 - Haversine: (31.504101, 73.1583633) → (31.527645, 73.0552285) = 10120.9 m
2026-03-26 21:24:48.286 | DEBUG    | utils.geo_utils:haversine_distance:20 - Haversine: (31.504101, 73.1583633) → (31.3281703, 73.1302408) = 19743.8 m
2026-03-26 21:24:48.286 | DEBUG    | utils.geo_utils:haversine_distance:20 - Haversine: (31.504101, 73.1583633) → (31.4192659, 73.0416323) = 14545.4 m
2026-03-26 21:24:48.286 | DEBUG    | utils.geo_utils:haversine_distance:20 - Haversine: (31.504101, 73.1583633) → (31.5101284, 73.1503952) = 1009.9 m
2026-03-26 21:24:48.286 | DEBUG    | utils.geo_utils:haversine_distance:20 - Haversine: (31.504101, 73.1583633) → (31.4641337, 73.1683411) = 4543.8 m
2026-03-26 21:24:48.287 | DEBUG    | utils.geo_utils:haversine_distance:20 - Haversine: (31.504101, 73.1583633) → (31.3446991, 73.0585627) = 20095.7 m
2026-03-26 21:24:48.287 | DEBUG    | utils.geo_utils:haversine_distance:20 - Haversine: (31.504101, 73.1583633) → (31.5431453, 73.1283131) = 5192.5 m
2026-03-26 21:24:48.287 | DEBUG    | utils.geo_utils:haversine_distance:20 - Haversine: (31.504101, 73.1583633) → (31.398463, 73.0263855) = 17167.1 m
2026-03-26 21:24:48.287 | DEBUG    | utils.geo_utils:haversine_distance:20 - Haversine: (31.504101, 73.1583633) → (31.3190478, 73.1756414) = 20642.2 m
2026-03-26 21:24:48.287 | DEBUG    | utils.geo_utils:haversine_distance:20 - Haversine: (31.504101, 73.1583633) → (31.3557607, 73.1450675) = 16542.9 m
2026-03-26 21:24:48.287 | DEBUG    | utils.geo_utils:haversine_distance:20 - Haversine: (31.504101, 73.1583633) → (31.4601458, 73.0666137) = 9979.2 m
2026-03-26 21:24:48.287 | DEBUG    | utils.geo_utils:haversine_distance:20 - Haversine: (31.504101, 73.1583633) → (31.4743292, 73.1046958) = 6070.8 m
2026-03-26 21:24:48.287 | DEBUG    | utils.geo_utils:haversine_distance:20 - Haversine: (31.504101, 73.1583633) → (31.4693742, 73.1600766) = 3864.9 m
2026-03-26 21:24:48.287 | DEBUG    | utils.geo_utils:haversine_distance:20 - Haversine: (31.504101, 73.1583633) → (31.4060883, 73.1115478) = 11768.5 m
2026-03-26 21:24:48.287 | DEBUG    | utils.geo_utils:haversine_distance:20 - Haversine: (31.504101, 73.1583633) → (31.4773379, 73.0052033) = 14824.2 m
2026-03-26 21:24:48.287 | DEBUG    | utils.geo_utils:haversine_distance:20 - Haversine: (31.504101, 73.1583633) → (31.4766945, 73.1677037) = 3173.5 m
2026-03-26 21:24:48.287 | DEBUG    | utils.geo_utils:haversine_distance:20 - Haversine: (31.3907077, 73.1897443) → (31.3691526, 73.0514611) = 13344.3 m
2026-03-26 21:24:48.287 | DEBUG    | utils.geo_utils:haversine_distance:20 - Haversine: (31.3907077, 73.1897443) → (31.3787188, 73.157798) = 3312.6 m
2026-03-26 21:24:48.287 | DEBUG    | utils.geo_utils:haversine_distance:20 - Haversine: (31.3907077, 73.1897443) → (31.4457694, 73.1408101) = 7684.3 m
2026-03-26 21:24:48.288 | DEBUG    | utils.geo_utils:haversine_distance:20 - Haversine: (31.3907077, 73.1897443) → (31.5487412, 73.1501112) = 17970.0 m
2026-03-26 21:24:48.288 | DEBUG    | utils.geo_utils:haversine_distance:20 - Haversine: (31.3907077, 73.1897443) → (31.3836456, 73.0640586) = 11956.3 m
2026-03-26 21:24:48.288 | DEBUG    | utils.geo_utils:haversine_distance:20 - Haversine: (31.3907077, 73.1897443) → (31.4467219, 73.1271368) = 8607.5 m
2026-03-26 21:24:48.288 | DEBUG    | utils.geo_utils:haversine_distance:20 - Haversine: (31.3907077, 73.1897443) → (31.330396, 73.0696448) = 13229.3 m
2026-03-26 21:24:48.288 | DEBUG    | utils.geo_utils:haversine_distance:20 - Haversine: (31.3907077, 73.1897443) → (31.3413852, 73.1852291) = 5501.1 m
2026-03-26 21:24:48.288 | DEBUG    | utils.geo_utils:haversine_distance:20 - Haversine: (31.3907077, 73.1897443) → (31.4000755, 73.0126538) = 16840.8 m
2026-03-26 21:24:48.288 | DEBUG    | utils.geo_utils:haversine_distance:20 - Haversine: (31.3907077, 73.1897443) → (31.527645, 73.0552285) = 19865.6 m
2026-03-26 21:24:48.288 | DEBUG    | utils.geo_utils:haversine_distance:20 - Haversine: (31.3907077, 73.1897443) → (31.3281703, 73.1302408) = 8959.8 m
2026-03-26 21:24:48.288 | DEBUG    | utils.geo_utils:haversine_distance:20 - Haversine: (31.3907077, 73.1897443) → (31.4192659, 73.0416323) = 14410.9 m
2026-03-26 21:24:48.288 | DEBUG    | utils.geo_utils:haversine_distance:20 - Haversine: (31.3907077, 73.1897443) → (31.5101284, 73.1503952) = 13793.6 m
2026-03-26 21:24:48.288 | DEBUG    | utils.geo_utils:haversine_distance:20 - Haversine: (31.3907077, 73.1897443) → (31.4641337, 73.1683411) = 8413.4 m
2026-03-26 21:24:48.288 | DEBUG    | utils.geo_utils:haversine_distance:20 - Haversine: (31.3907077, 73.1897443) → (31.3446991, 73.0585627) = 13464.6 m
2026-03-26 21:24:48.288 | DEBUG    | utils.geo_utils:haversine_distance:20 - Haversine: (31.3907077, 73.1897443) → (31.5431453, 73.1283131) = 17923.7 m
2026-03-26 21:24:48.288 | DEBUG    | utils.geo_utils:haversine_distance:20 - Haversine: (31.3907077, 73.1897443) → (31.398463, 73.0263855) = 15529.3 m
2026-03-26 21:24:48.288 | DEBUG    | utils.geo_utils:haversine_distance:20 - Haversine: (31.3907077, 73.1897443) → (31.3190478, 73.1756414) = 8080.0 m
2026-03-26 21:24:48.288 | DEBUG    | utils.geo_utils:haversine_distance:20 - Haversine: (31.3907077, 73.1897443) → (31.3557607, 73.1450675) = 5752.5 m
2026-03-26 21:24:48.288 | DEBUG    | utils.geo_utils:haversine_distance:20 - Haversine: (31.3907077, 73.1897443) → (31.4601458, 73.0666137) = 14004.1 m
2026-03-26 21:24:48.288 | DEBUG    | utils.geo_utils:haversine_distance:20 - Haversine: (31.3907077, 73.1897443) → (31.4743292, 73.1046958) = 12311.4 m
2026-03-26 21:24:48.288 | DEBUG    | utils.geo_utils:haversine_distance:20 - Haversine: (31.3907077, 73.1897443) → (31.4693742, 73.1600766) = 9189.1 m
2026-03-26 21:24:48.288 | DEBUG    | utils.geo_utils:haversine_distance:20 - Haversine: (31.3907077, 73.1897443) → (31.4060883, 73.1115478) = 7616.3 m
2026-03-26 21:24:48.288 | DEBUG    | utils.geo_utils:haversine_distance:20 - Haversine: (31.3907077, 73.1897443) → (31.4773379, 73.0052033) = 19983.5 m
2026-03-26 21:24:48.289 | DEBUG    | utils.geo_utils:haversine_distance:20 - Haversine: (31.3907077, 73.1897443) → (31.4766945, 73.1677037) = 9787.3 m
2026-03-26 21:24:48.289 | DEBUG    | utils.geo_utils:haversine_distance:20 - Haversine: (31.3907077, 73.1897443) → (31.504101, 73.1583633) = 12955.4 m
2026-03-26 21:24:48.289 | DEBUG    | utils.geo_utils:haversine_distance:20 - Haversine: (31.4052045, 73.0873694) → (31.3691526, 73.0514611) = 5262.0 m
2026-03-26 21:24:48.289 | DEBUG    | utils.geo_utils:haversine_distance:20 - Haversine: (31.4052045, 73.0873694) → (31.3787188, 73.157798) = 7305.0 m
2026-03-26 21:24:48.289 | DEBUG    | utils.geo_utils:haversine_distance:20 - Haversine: (31.4052045, 73.0873694) → (31.4457694, 73.1408101) = 6786.6 m
2026-03-26 21:24:48.289 | DEBUG    | utils.geo_utils:haversine_distance:20 - Haversine: (31.4052045, 73.0873694) → (31.5487412, 73.1501112) = 17033.5 m
2026-03-26 21:24:48.289 | DEBUG    | utils.geo_utils:haversine_distance:20 - Haversine: (31.4052045, 73.0873694) → (31.3836456, 73.0640586) = 3262.2 m
2026-03-26 21:24:48.289 | DEBUG    | utils.geo_utils:haversine_distance:20 - Haversine: (31.4052045, 73.0873694) → (31.4467219, 73.1271368) = 5962.4 m
2026-03-26 21:24:48.289 | DEBUG    | utils.geo_utils:haversine_distance:20 - Haversine: (31.4052045, 73.0873694) → (31.330396, 73.0696448) = 8486.8 m
2026-03-26 21:24:48.289 | DEBUG    | utils.geo_utils:haversine_distance:20 - Haversine: (31.4052045, 73.0873694) → (31.3413852, 73.1852291) = 11690.7 m
2026-03-26 21:24:48.289 | DEBUG    | utils.geo_utils:haversine_distance:20 - Haversine: (31.4052045, 73.0873694) → (31.4000755, 73.0126538) = 7114.0 m
2026-03-26 21:24:48.289 | DEBUG    | utils.geo_utils:haversine_distance:20 - Haversine: (31.4052045, 73.0873694) → (31.527645, 73.0552285) = 13951.9 m
2026-03-26 21:24:48.289 | DEBUG    | utils.geo_utils:haversine_distance:20 - Haversine: (31.4052045, 73.0873694) → (31.3281703, 73.1302408) = 9483.7 m
2026-03-26 21:24:48.290 | DEBUG    | utils.geo_utils:haversine_distance:20 - Haversine: (31.4052045, 73.0873694) → (31.4192659, 73.0416323) = 4613.4 m
2026-03-26 21:24:48.290 | DEBUG    | utils.geo_utils:haversine_distance:20 - Haversine: (31.4052045, 73.0873694) → (31.5101284, 73.1503952) = 13109.4 m
2026-03-26 21:24:48.290 | DEBUG    | utils.geo_utils:haversine_distance:20 - Haversine: (31.4052045, 73.0873694) → (31.4641337, 73.1683411) = 10097.2 m
2026-03-26 21:24:48.290 | DEBUG    | utils.geo_utils:haversine_distance:20 - Haversine: (31.4052045, 73.0873694) → (31.3446991, 73.0585627) = 7262.5 m
2026-03-26 21:24:48.290 | DEBUG    | utils.geo_utils:haversine_distance:20 - Haversine: (31.4052045, 73.0873694) → (31.5431453, 73.1283131) = 15822.2 m
2026-03-26 21:24:48.290 | DEBUG    | utils.geo_utils:haversine_distance:20 - Haversine: (31.4052045, 73.0873694) → (31.398463, 73.0263855) = 5836.2 m
2026-03-26 21:24:48.290 | DEBUG    | utils.geo_utils:haversine_distance:20 - Haversine: (31.4052045, 73.0873694) → (31.3190478, 73.1756414) = 12729.0 m
2026-03-26 21:24:48.290 | DEBUG    | utils.geo_utils:haversine_distance:20 - Haversine: (31.4052045, 73.0873694) → (31.3557607, 73.1450675) = 7760.6 m
2026-03-26 21:24:48.290 | DEBUG    | utils.geo_utils:haversine_distance:20 - Haversine: (31.4052045, 73.0873694) → (31.4601458, 73.0666137) = 6418.7 m
2026-03-26 21:24:48.290 | DEBUG    | utils.geo_utils:haversine_distance:20 - Haversine: (31.4052045, 73.0873694) → (31.4743292, 73.1046958) = 7860.1 m
2026-03-26 21:24:48.290 | DEBUG    | utils.geo_utils:haversine_distance:20 - Haversine: (31.4052045, 73.0873694) → (31.4693742, 73.1600766) = 9924.4 m
2026-03-26 21:24:48.290 | DEBUG    | utils.geo_utils:haversine_distance:20 - Haversine: (31.4052045, 73.0873694) → (31.4060883, 73.1115478) = 2296.7 m
2026-03-26 21:24:48.291 | DEBUG    | utils.geo_utils:haversine_distance:20 - Haversine: (31.4052045, 73.0873694) → (31.4773379, 73.0052033) = 11184.6 m
2026-03-26 21:24:48.291 | DEBUG    | utils.geo_utils:haversine_distance:20 - Haversine: (31.4052045, 73.0873694) → (31.4766945, 73.1677037) = 11012.5 m
2026-03-26 21:24:48.291 | DEBUG    | utils.geo_utils:haversine_distance:20 - Haversine: (31.4052045, 73.0873694) → (31.504101, 73.1583633) = 12894.9 m
2026-03-26 21:24:48.291 | DEBUG    | utils.geo_utils:haversine_distance:20 - Haversine: (31.4052045, 73.0873694) → (31.3907077, 73.1897443) = 9849.5 m
2026-03-26 21:24:48.291 | INFO     | data_pipeline.stop_builder:merge_nearby_stops:91 - Merged stops:
2026-03-26 21:24:48.292 | INFO     | data_pipeline.stop_builder:merge_nearby_stops:92 -   Before merge: 30 stops
2026-03-26 21:24:48.292 | INFO     | data_pipeline.stop_builder:merge_nearby_stops:93 -   After merge : 28 stops (merged 2 pairs/groups)
2026-03-26 21:24:48.293 | DEBUG    | data_pipeline.stop_builder:merge_nearby_stops:95 - First few merged stops: [{'student_id': '3CNKLBNknvMId9G9MJ1cVoQjkpw2', 'name': 'Test Student 12', 'roll_no': 'TEST-4382', 'lat': 31.3691526, 'lng': 73.0514611, 'student_count': 1, 'contact': '03597900028', 'semester': 'Spring 2026', 'fee_status': 'unpaid', 'registration_status': 'successful', 'original_lat': 31.369289, 'original_lng': 73.051406, 'snap_distance_m': 16.04, 'merged_student_ids': ['3CNKLBNknvMId9G9MJ1cVoQjkpw2']}, {'student_id': '61fbjUraIhPuzNx8BY68aYewSG02', 'name': 'Test Student 28', 'roll_no': 'TEST-7403', 'lat': 31.3787188, 'lng': 73.157798, 'student_count': 1, 'contact': '03344993000', 'semester': 'Spring 2026', 'fee_status': 'unpaid', 'registration_status': 'successful', 'original_lat': 31.380283, 'original_lng': 73.159195, 'snap_distance_m': 218.72, 'merged_student_ids': ['61fbjUraIhPuzNx8BY68aYewSG02']}, {'student_id': '7DxKX1nW4ZdeWHKXM2Vf5OIfGvr1', 'name': 'Test Student 10', 'roll_no': 'TEST-9142', 'lat': 31.4457694, 'lng': 73.1408101, 'student_count': 1, 'contact': '03537549971', 'semester': 'Spring 2026', 'fee_status': 'unpaid', 'registration_status': 'successful', 'original_lat': 31.446304, 'original_lng': 73.140169, 'snap_distance_m': 85.04, 'merged_student_ids': ['7DxKX1nW4ZdeWHKXM2Vf5OIfGvr1']}]
2026-03-26 21:24:50.795 | INFO     | clustering.stop_clustering:cluster_stops:45 - Clustered into 3 buses (capacity 10):
2026-03-26 21:24:50.795 | INFO     | clustering.stop_clustering:cluster_stops:48 -   Bus 0: 6 stops, 7 students
2026-03-26 21:24:50.795 | INFO     | clustering.stop_clustering:cluster_stops:48 -   Bus 1: 11 stops, 12 students
2026-03-26 21:24:50.795 | INFO     | clustering.stop_clustering:cluster_stops:48 -   Bus 2: 11 stops, 11 students
2026-03-26 21:24:52.270 | INFO     | optimization.tsp_solver:get_road_distance_matrix:38 - ORS matrix computed: 7x7
2026-03-26 21:25:07.318 | INFO     | optimization.tsp_solver:solve_tsp:123 - TSP solved: 6 stops, distance 33064 m, objective 33064
2026-03-26 21:25:07.319 | DEBUG    | optimization.tsp_solver:solve_tsp:124 - Order: ['unknown', 'unknown', 'unknown', 'unknown', 'unknown', 'unknown']
2026-03-26 21:25:07.319 | DEBUG    | optimization.route_generator:generate_route_path:57 - Requesting ORS route with 7 waypoints
2026-03-26 21:25:08.605 | INFO     | optimization.route_generator:generate_route_path:74 - ORS route generated successfully (bug-free)
2026-03-26 21:25:08.605 | INFO     | optimization.route_generator:generate_route_path:75 -   Waypoints: 6 stops → University
2026-03-26 21:25:08.606 | INFO     | optimization.route_generator:generate_route_path:76 -   Distance: 58.93 km
2026-03-26 21:25:08.606 | INFO     | optimization.route_generator:generate_route_path:77 -   Duration: 1.20 h (72 min)
2026-03-26 21:25:08.607 | DEBUG    | optimization.route_generator:generate_route_path:78 - Geometry sample (first 3 & last 3): [[73.157798, 31.378719], [73.16044, 31.376661], [73.161875, 31.375597]] ... [[73.03447, 31.602425], [73.034742, 31.602694], [73.034832, 31.602523]]
2026-03-26 21:25:08.608 | INFO     | optimization.store_routes:compute_fee_per_student:32 - Fee calc: 40412 PKR/student | dist=58.9km | students=7
2026-03-26 21:25:10.178 | DEBUG    | optimization.store_routes:reverse_geocode_stop_name:176 - Stop name resolved: (31.3787, 73.1578) → 'Punjab Social Security Housing Colony'
2026-03-26 21:25:10.762 | DEBUG    | optimization.store_routes:store_optimized_routes:270 - Assigned seat S1 to student 61fbjUraIhPuzNx8BY68aYewSG02
2026-03-26 21:25:12.992 | DEBUG    | optimization.store_routes:store_optimized_routes:296 - Stored stop R1_stop1 | name='Punjab Social Security Housing Colony' | route=R1
2026-03-26 21:25:15.619 | DEBUG    | optimization.store_routes:reverse_geocode_stop_name:176 - Stop name resolved: (31.3907, 73.1897) → 'Karar Wala'
2026-03-26 21:25:16.172 | DEBUG    | optimization.store_routes:store_optimized_routes:270 - Assigned seat S2 to student vjz604g8oKerN5zBKZ7mU7mG2M03
2026-03-26 21:25:18.420 | DEBUG    | optimization.store_routes:store_optimized_routes:296 - Stored stop R1_stop2 | name='Karar Wala' | route=R1
2026-03-26 21:25:20.958 | DEBUG    | optimization.store_routes:reverse_geocode_stop_name:176 - Stop name resolved: (31.3414, 73.1852) → 'Khojewala'
2026-03-26 21:25:21.508 | DEBUG    | optimization.store_routes:store_optimized_routes:270 - Assigned seat S3 to student KSn42uZ4dDaMueZxSsk9yyYYMbU2
2026-03-26 21:25:23.756 | DEBUG    | optimization.store_routes:store_optimized_routes:270 - Assigned seat S4 to student SF9XoWomQLQm1mkqTnpp8bDSyxG3
2026-03-26 21:25:24.306 | DEBUG    | optimization.store_routes:store_optimized_routes:296 - Stored stop R1_stop3 | name='Khojewala' | route=R1
2026-03-26 21:25:26.828 | DEBUG    | optimization.store_routes:reverse_geocode_stop_name:176 - Stop name resolved: (31.3190, 73.1756) → 'Faialabad - chak 363 G.B Road'
2026-03-26 21:25:27.372 | DEBUG    | optimization.store_routes:store_optimized_routes:270 - Assigned seat S5 to student XmlYR1ejNvTp0enFtavXMQRl9l62
2026-03-26 21:25:27.903 | DEBUG    | optimization.store_routes:store_optimized_routes:296 - Stored stop R1_stop4 | name='Faialabad - chak 363 G.B Road' | route=R1
2026-03-26 21:25:30.341 | DEBUG    | optimization.store_routes:reverse_geocode_stop_name:176 - Stop name resolved: (31.3282, 73.1302) → 'Faisalabad ByPass'
2026-03-26 21:25:33.119 | DEBUG    | optimization.store_routes:store_optimized_routes:270 - Assigned seat S6 to student Os55fn9jigeXpNaUlGTOSD1kzUH3
2026-03-26 21:25:33.671 | DEBUG    | optimization.store_routes:store_optimized_routes:296 - Stored stop R1_stop5 | name='Faisalabad ByPass' | route=R1
2026-03-26 21:25:36.054 | DEBUG    | optimization.store_routes:reverse_geocode_stop_name:176 - Stop name resolved: (31.3558, 73.1451) → 'Satiana Road'
2026-03-26 21:25:36.594 | DEBUG    | optimization.store_routes:store_optimized_routes:270 - Assigned seat S7 to student XuCFaAxIj3RH4cDaJKu6xmWSwfi1
2026-03-26 21:25:38.881 | DEBUG    | optimization.store_routes:store_optimized_routes:296 - Stored stop R1_stop6 | name='Satiana Road' | route=R1
2026-03-26 21:25:39.778 | INFO     | optimization.store_routes:store_optimized_routes:321 - Stored route route_0 (R1): 6 stops, 58.93 km
2026-03-26 21:25:40.698 | INFO     | optimization.tsp_solver:get_road_distance_matrix:38 - ORS matrix computed: 12x12
2026-03-26 21:25:55.700 | INFO     | optimization.tsp_solver:solve_tsp:123 - TSP solved: 11 stops, distance 60287 m, objective 60287
2026-03-26 21:25:55.701 | DEBUG    | optimization.tsp_solver:solve_tsp:124 - Order: ['unknown', 'unknown', 'unknown', 'unknown', 'unknown', 'unknown', 'unknown', 'unknown', 'unknown', 'unknown', 'unknown']
2026-03-26 21:25:55.701 | DEBUG    | optimization.route_generator:generate_route_path:57 - Requesting ORS route with 12 waypoints
2026-03-26 21:25:56.964 | INFO     | optimization.route_generator:generate_route_path:74 - ORS route generated successfully (bug-free)
2026-03-26 21:25:56.964 | INFO     | optimization.route_generator:generate_route_path:75 -   Waypoints: 11 stops → University
2026-03-26 21:25:56.964 | INFO     | optimization.route_generator:generate_route_path:76 -   Distance: 81.84 km
2026-03-26 21:25:56.965 | INFO     | optimization.route_generator:generate_route_path:77 -   Duration: 1.68 h (101 min)
2026-03-26 21:25:56.965 | DEBUG    | optimization.route_generator:generate_route_path:78 - Geometry sample (first 3 & last 3): [[73.14081, 31.445769], [73.14365, 31.447906], [73.145117, 31.448895]] ... [[73.03447, 31.602425], [73.034742, 31.602694], [73.034832, 31.602523]]
2026-03-26 21:25:56.966 | INFO     | optimization.store_routes:compute_fee_per_student:32 - Fee calc: 32738 PKR/student | dist=81.8km | students=12
2026-03-26 21:25:58.406 | DEBUG    | optimization.store_routes:reverse_geocode_stop_name:176 - Stop name resolved: (31.4458, 73.1408) → 'West Canal Expressway, Faisalabad City Tehsil'
2026-03-26 21:25:58.947 | DEBUG    | optimization.store_routes:store_optimized_routes:270 - Assigned seat S1 to student 7DxKX1nW4ZdeWHKXM2Vf5OIfGvr1
2026-03-26 21:26:01.199 | DEBUG    | optimization.store_routes:store_optimized_routes:296 - Stored stop R2_stop1 | name='West Canal Expressway, Faisalabad City Tehsil' | route=R2
2026-03-26 21:26:06.043 | DEBUG    | optimization.store_routes:reverse_geocode_stop_name:176 - Stop name resolved: (31.4641, 73.1683) → 'Faisal Gardens, Faisalabad City Tehsil'
2026-03-26 21:26:06.588 | DEBUG    | optimization.store_routes:store_optimized_routes:270 - Assigned seat S2 to student UpNOyWoNcXaW1O5jadyyddeniWj2
2026-03-26 21:26:07.928 | DEBUG    | optimization.store_routes:store_optimized_routes:296 - Stored stop R2_stop2 | name='Faisal Gardens, Faisalabad City Tehsil' | route=R2
2026-03-26 21:26:10.329 | DEBUG    | optimization.store_routes:reverse_geocode_stop_name:176 - Stop name resolved: (31.4694, 73.1601) → 'Bagewal Road, Faisalabad City Tehsil'
2026-03-26 21:26:10.857 | DEBUG    | optimization.store_routes:store_optimized_routes:270 - Assigned seat S3 to student qwxNS37KPQSeME1Rb86ZDMnXjYX2
2026-03-26 21:26:11.378 | DEBUG    | optimization.store_routes:store_optimized_routes:296 - Stored stop R2_stop3 | name='Bagewal Road, Faisalabad City Tehsil' | route=R2
2026-03-26 21:26:13.547 | DEBUG    | optimization.store_routes:reverse_geocode_stop_name:176 - Stop name resolved: (31.4767, 73.1677) → 'Bagewal Road, Sabina Town'
2026-03-26 21:26:14.081 | DEBUG    | optimization.store_routes:store_optimized_routes:270 - Assigned seat S4 to student unEE7hJDp7cMFEu2M568RmrtWRq2
2026-03-26 21:26:14.594 | DEBUG    | optimization.store_routes:store_optimized_routes:296 - Stored stop R2_stop4 | name='Bagewal Road, Sabina Town' | route=R2
2026-03-26 21:26:17.906 | DEBUG    | optimization.store_routes:reverse_geocode_stop_name:176 - Stop name resolved: (31.5041, 73.1584) → 'Faisalabad District'
2026-03-26 21:26:18.445 | DEBUG    | optimization.store_routes:store_optimized_routes:270 - Assigned seat S5 to student vQHRPPdjWmTjASjEQvAqjzPhHdm2
2026-03-26 21:26:18.979 | DEBUG    | optimization.store_routes:store_optimized_routes:296 - Stored stop R2_stop5 | name='Faisalabad District' | route=R2
2026-03-26 21:26:21.594 | DEBUG    | optimization.store_routes:reverse_geocode_stop_name:176 - Stop name resolved: (31.5101, 73.1504) → 'Faisalabad District'
2026-03-26 21:26:22.705 | DEBUG    | optimization.store_routes:store_optimized_routes:270 - Assigned seat S6 to student SXxBaOHsDPhcbAy5QSfe0NZxZM83
2026-03-26 21:26:23.235 | DEBUG    | optimization.store_routes:store_optimized_routes:296 - Stored stop R2_stop6 | name='Faisalabad District' | route=R2
2026-03-26 21:26:25.634 | DEBUG    | optimization.store_routes:reverse_geocode_stop_name:176 - Stop name resolved: (31.5487, 73.1501) → 'Faisalabad Bypass'
2026-03-26 21:26:26.150 | DEBUG    | optimization.store_routes:store_optimized_routes:270 - Assigned seat S7 to student DS0YCp1l3RXIwCBzxzmEzv99Zii1
2026-03-26 21:26:27.130 | DEBUG    | optimization.store_routes:store_optimized_routes:296 - Stored stop R2_stop7 | name='Faisalabad Bypass' | route=R2
2026-03-26 21:26:29.651 | DEBUG    | optimization.store_routes:reverse_geocode_stop_name:176 - Stop name resolved: (31.5276, 73.0552) → 'Faisalabad District'
2026-03-26 21:26:30.200 | DEBUG    | optimization.store_routes:store_optimized_routes:270 - Assigned seat S8 to student NkZ3VPHBNtS3wxSmCjfBkRWPaZQ2
2026-03-26 21:26:32.467 | DEBUG    | optimization.store_routes:store_optimized_routes:296 - Stored stop R2_stop8 | name='Faisalabad District' | route=R2
2026-03-26 21:26:34.460 | DEBUG    | optimization.store_routes:reverse_geocode_stop_name:176 - Stop name resolved: (31.5431, 73.1283) → 'Dialgarh'
2026-03-26 21:26:35.004 | DEBUG    | optimization.store_routes:store_optimized_routes:270 - Assigned seat S9 to student VMbnLGOyDuRi41R8XPG6toeooJt1
2026-03-26 21:26:35.521 | DEBUG    | optimization.store_routes:store_optimized_routes:270 - Assigned seat S10 to student e3D31VgcVrXKjMfjS13MWcxDZgi1
2026-03-26 21:26:36.500 | DEBUG    | optimization.store_routes:store_optimized_routes:296 - Stored stop R2_stop9 | name='Dialgarh' | route=R2
2026-03-26 21:26:38.866 | DEBUG    | optimization.store_routes:reverse_geocode_stop_name:176 - Stop name resolved: (31.4743, 73.1047) → 'Faisalabad District, Faisalabad City Tehsil'
2026-03-26 21:26:39.406 | DEBUG    | optimization.store_routes:store_optimized_routes:270 - Assigned seat S11 to student n5w74mESTuV3BSMbnAo4AqNZ3oT2
2026-03-26 21:26:39.956 | DEBUG    | optimization.store_routes:store_optimized_routes:296 - Stored stop R2_stop10 | name='Faisalabad District, Faisalabad City Tehsil' | route=R2
2026-03-26 21:26:41.963 | DEBUG    | optimization.store_routes:reverse_geocode_stop_name:176 - Stop name resolved: (31.4467, 73.1271) → 'Faisalabad District, Faisalabad City Tehsil'
2026-03-26 21:26:42.508 | DEBUG    | optimization.store_routes:store_optimized_routes:270 - Assigned seat S12 to student GydB2I2Y0Ec14olrl5Hbtm8ziZF3
2026-03-26 21:26:43.038 | DEBUG    | optimization.store_routes:store_optimized_routes:296 - Stored stop R2_stop11 | name='Faisalabad District, Faisalabad City Tehsil' | route=R2
2026-03-26 21:26:44.165 | INFO     | optimization.store_routes:store_optimized_routes:321 - Stored route route_1 (R2): 11 stops, 81.84 km
2026-03-26 21:26:45.089 | INFO     | optimization.tsp_solver:get_road_distance_matrix:38 - ORS matrix computed: 12x12
2026-03-26 21:27:00.091 | INFO     | optimization.tsp_solver:solve_tsp:123 - TSP solved: 11 stops, distance 72708 m, objective 72708
2026-03-26 21:27:00.092 | DEBUG    | optimization.tsp_solver:solve_tsp:124 - Order: ['unknown', 'unknown', 'unknown', 'unknown', 'unknown', 'unknown', 'unknown', 'unknown', 'unknown', 'unknown', 'unknown']
2026-03-26 21:27:00.093 | DEBUG    | optimization.route_generator:generate_route_path:57 - Requesting ORS route with 12 waypoints
2026-03-26 21:27:01.294 | INFO     | optimization.route_generator:generate_route_path:74 - ORS route generated successfully (bug-free)
2026-03-26 21:27:01.294 | INFO     | optimization.route_generator:generate_route_path:75 -   Waypoints: 11 stops → University
2026-03-26 21:27:01.294 | INFO     | optimization.route_generator:generate_route_path:76 -   Distance: 99.05 km
2026-03-26 21:27:01.294 | INFO     | optimization.route_generator:generate_route_path:77 -   Duration: 1.92 h (115 min)
2026-03-26 21:27:01.295 | DEBUG    | optimization.route_generator:generate_route_path:78 - Geometry sample (first 3 & last 3): [[73.051461, 31.369153], [73.051213, 31.36893], [73.050868, 31.368599]] ... [[73.03447, 31.602425], [73.034742, 31.602694], [73.034832, 31.602523]]
2026-03-26 21:27:01.296 | INFO     | optimization.store_routes:compute_fee_per_student:32 - Fee calc: 43223 PKR/student | dist=99.1km | students=11
2026-03-26 21:27:02.316 | DEBUG    | optimization.store_routes:reverse_geocode_stop_name:176 - Stop name resolved: (31.3692, 73.0515) → 'Fatenabad'
2026-03-26 21:27:02.863 | DEBUG    | optimization.store_routes:store_optimized_routes:270 - Assigned seat S1 to student 3CNKLBNknvMId9G9MJ1cVoQjkpw2
2026-03-26 21:27:03.392 | DEBUG    | optimization.store_routes:store_optimized_routes:296 - Stored stop R3_stop1 | name='Fatenabad' | route=R3
2026-03-26 21:27:05.603 | DEBUG    | optimization.store_routes:reverse_geocode_stop_name:176 - Stop name resolved: (31.4001, 73.0127) → 'Faisalabad District, Shadab Colony'
2026-03-26 21:27:06.133 | DEBUG    | optimization.store_routes:store_optimized_routes:270 - Assigned seat S2 to student KbkXVOhtA3hfwjvwsS5w2IIOki93
2026-03-26 21:27:06.656 | DEBUG    | optimization.store_routes:store_optimized_routes:296 - Stored stop R3_stop2 | name='Faisalabad District, Shadab Colony' | route=R3
2026-03-26 21:27:09.209 | DEBUG    | optimization.store_routes:reverse_geocode_stop_name:176 - Stop name resolved: (31.3985, 73.0264) → 'Faisalabad District'
2026-03-26 21:27:09.753 | DEBUG    | optimization.store_routes:store_optimized_routes:270 - Assigned seat S3 to student WRVMbOeJLLdnIPhcWnncdjhPSjb2
2026-03-26 21:27:10.281 | DEBUG    | optimization.store_routes:store_optimized_routes:296 - Stored stop R3_stop3 | name='Faisalabad District' | route=R3
2026-03-26 21:27:12.895 | DEBUG    | optimization.store_routes:reverse_geocode_stop_name:176 - Stop name resolved: (31.4193, 73.0416) → 'Faisalabad District, Faisalabad City Tehsil'
2026-03-26 21:27:13.437 | DEBUG    | optimization.store_routes:store_optimized_routes:270 - Assigned seat S4 to student SOWTJArpcRRKPC0v7cWYW0XJk6v1
2026-03-26 21:27:13.965 | DEBUG    | optimization.store_routes:store_optimized_routes:296 - Stored stop R3_stop4 | name='Faisalabad District, Faisalabad City Tehsil' | route=R3
2026-03-26 21:27:16.004 | DEBUG    | optimization.store_routes:reverse_geocode_stop_name:176 - Stop name resolved: (31.4773, 73.0052) → 'Faisalabad bypass'
2026-03-26 21:27:16.528 | DEBUG    | optimization.store_routes:store_optimized_routes:270 - Assigned seat S5 to student shSuBEXnw4TLpoUGH1D5uwg8QKr1
2026-03-26 21:27:17.070 | DEBUG    | optimization.store_routes:store_optimized_routes:296 - Stored stop R3_stop5 | name='Faisalabad bypass' | route=R3
2026-03-26 21:27:19.983 | DEBUG    | optimization.store_routes:reverse_geocode_stop_name:176 - Stop name resolved: (31.4601, 73.0666) → 'Faisalabad District, Faisalabad City Tehsil'
2026-03-26 21:27:20.966 | DEBUG    | optimization.store_routes:store_optimized_routes:270 - Assigned seat S6 to student bvudy4BMDIZ3KxtxPyHvDJd3rjf2
2026-03-26 21:27:21.500 | DEBUG    | optimization.store_routes:store_optimized_routes:296 - Stored stop R3_stop6 | name='Faisalabad District, Faisalabad City Tehsil' | route=R3
2026-03-26 21:27:23.896 | DEBUG    | optimization.store_routes:reverse_geocode_stop_name:176 - Stop name resolved: (31.4061, 73.1115) → 'Faisalabad District, Faisalabad City Tehsil'
2026-03-26 21:27:24.418 | DEBUG    | optimization.store_routes:store_optimized_routes:270 - Assigned seat S7 to student rtsUd2Aeg0W2HTpXZhrpSlqMhdL2
2026-03-26 21:27:24.944 | DEBUG    | optimization.store_routes:store_optimized_routes:296 - Stored stop R3_stop7 | name='Faisalabad District, Faisalabad City Tehsil' | route=R3
2026-03-26 21:27:27.370 | DEBUG    | optimization.store_routes:reverse_geocode_stop_name:176 - Stop name resolved: (31.4052, 73.0874) → 'Itthad Road, Faisalabad City Tehsil'
2026-03-26 21:27:27.888 | DEBUG    | optimization.store_routes:store_optimized_routes:270 - Assigned seat S8 to student x2LmEXZ95YfrQpxSQgrBTDTWbk83
2026-03-26 21:27:28.412 | DEBUG    | optimization.store_routes:store_optimized_routes:296 - Stored stop R3_stop8 | name='Itthad Road, Faisalabad City Tehsil' | route=R3
2026-03-26 21:27:30.853 | DEBUG    | optimization.store_routes:reverse_geocode_stop_name:176 - Stop name resolved: (31.3836, 73.0641) → 'Faisalabad District, Nowaban Wala'
2026-03-26 21:27:31.374 | DEBUG    | optimization.store_routes:store_optimized_routes:270 - Assigned seat S9 to student GBGXh21H2VefIT4NkSWu8FQldkF3
2026-03-26 21:27:31.894 | DEBUG    | optimization.store_routes:store_optimized_routes:296 - Stored stop R3_stop9 | name='Faisalabad District, Nowaban Wala' | route=R3
2026-03-26 21:27:34.946 | DEBUG    | optimization.store_routes:reverse_geocode_stop_name:176 - Stop name resolved: (31.3304, 73.0696) → 'Four Seasons Housing'
2026-03-26 21:27:35.466 | DEBUG    | optimization.store_routes:store_optimized_routes:270 - Assigned seat S10 to student I6aLScqZSSeAF3ug6jDkoPrt6g23
2026-03-26 21:27:35.988 | DEBUG    | optimization.store_routes:store_optimized_routes:296 - Stored stop R3_stop10 | name='Four Seasons Housing' | route=R3
2026-03-26 21:27:38.725 | DEBUG    | optimization.store_routes:reverse_geocode_stop_name:176 - Stop name resolved: (31.3447, 73.0586) → 'Samundari Faisalabad Road'
2026-03-26 21:27:39.238 | DEBUG    | optimization.store_routes:store_optimized_routes:270 - Assigned seat S11 to student VItoVj8ml0ZAMdLtqGCBxaDdkWj1
2026-03-26 21:27:39.768 | DEBUG    | optimization.store_routes:store_optimized_routes:296 - Stored stop R3_stop11 | name='Samundari Faisalabad Road' | route=R3
2026-03-26 21:27:41.142 | INFO     | optimization.store_routes:store_optimized_routes:321 - Stored route route_2 (R3): 11 stops, 99.05 km
2026-03-26 21:27:41.142 | INFO     | optimization.store_routes:store_optimized_routes:327 - Back-filling route_id on 28 stops + students...
2026-03-26 21:27:56.403 | DEBUG    | optimization.store_routes:store_optimized_routes:358 - Final batch: 58 writes
2026-03-26 21:27:56.404 | INFO     | optimization.store_routes:store_optimized_routes:361 - Phase 3: Storing per-student fees...
2026-03-26 21:27:57.173 | INFO     | optimization.store_routes:compute_fee_per_student:32 - Fee calc: 40410 PKR/student | dist=58.9km | students=7
2026-03-26 21:27:57.688 | DEBUG    | optimization.store_routes:store_optimized_routes:401 - Stored fee for 61fbjUraIhPuzNx8BY68aYewSG02: 40410 PKR
2026-03-26 21:27:58.199 | DEBUG    | optimization.store_routes:store_optimized_routes:401 - Stored fee for KSn42uZ4dDaMueZxSsk9yyYYMbU2: 40410 PKR
2026-03-26 21:27:58.733 | DEBUG    | optimization.store_routes:store_optimized_routes:401 - Stored fee for SF9XoWomQLQm1mkqTnpp8bDSyxG3: 40410 PKR
2026-03-26 21:27:59.256 | DEBUG    | optimization.store_routes:store_optimized_routes:401 - Stored fee for Os55fn9jigeXpNaUlGTOSD1kzUH3: 40410 PKR
2026-03-26 21:27:59.773 | DEBUG    | optimization.store_routes:store_optimized_routes:401 - Stored fee for XmlYR1ejNvTp0enFtavXMQRl9l62: 40410 PKR
2026-03-26 21:28:00.288 | DEBUG    | optimization.store_routes:store_optimized_routes:401 - Stored fee for XuCFaAxIj3RH4cDaJKu6xmWSwfi1: 40410 PKR
2026-03-26 21:28:00.806 | DEBUG    | optimization.store_routes:store_optimized_routes:401 - Stored fee for vjz604g8oKerN5zBKZ7mU7mG2M03: 40410 PKR
2026-03-26 21:28:01.808 | INFO     | optimization.store_routes:compute_fee_per_student:32 - Fee calc: 32736 PKR/student | dist=81.8km | students=12
2026-03-26 21:28:02.329 | DEBUG    | optimization.store_routes:store_optimized_routes:401 - Stored fee for 7DxKX1nW4ZdeWHKXM2Vf5OIfGvr1: 32736 PKR
2026-03-26 21:28:02.841 | DEBUG    | optimization.store_routes:store_optimized_routes:401 - Stored fee for DS0YCp1l3RXIwCBzxzmEzv99Zii1: 32736 PKR
2026-03-26 21:28:03.372 | DEBUG    | optimization.store_routes:store_optimized_routes:401 - Stored fee for GydB2I2Y0Ec14olrl5Hbtm8ziZF3: 32736 PKR
2026-03-26 21:28:03.881 | DEBUG    | optimization.store_routes:store_optimized_routes:401 - Stored fee for NkZ3VPHBNtS3wxSmCjfBkRWPaZQ2: 32736 PKR
2026-03-26 21:28:04.405 | DEBUG    | optimization.store_routes:store_optimized_routes:401 - Stored fee for SXxBaOHsDPhcbAy5QSfe0NZxZM83: 32736 PKR
2026-03-26 21:28:04.943 | DEBUG    | optimization.store_routes:store_optimized_routes:401 - Stored fee for UpNOyWoNcXaW1O5jadyyddeniWj2: 32736 PKR
2026-03-26 21:28:05.459 | DEBUG    | optimization.store_routes:store_optimized_routes:401 - Stored fee for VMbnLGOyDuRi41R8XPG6toeooJt1: 32736 PKR
2026-03-26 21:28:05.981 | DEBUG    | optimization.store_routes:store_optimized_routes:401 - Stored fee for e3D31VgcVrXKjMfjS13MWcxDZgi1: 32736 PKR
2026-03-26 21:28:06.524 | DEBUG    | optimization.store_routes:store_optimized_routes:401 - Stored fee for n5w74mESTuV3BSMbnAo4AqNZ3oT2: 32736 PKR
2026-03-26 21:28:07.049 | DEBUG    | optimization.store_routes:store_optimized_routes:401 - Stored fee for qwxNS37KPQSeME1Rb86ZDMnXjYX2: 32736 PKR
2026-03-26 21:28:07.561 | DEBUG    | optimization.store_routes:store_optimized_routes:401 - Stored fee for unEE7hJDp7cMFEu2M568RmrtWRq2: 32736 PKR
2026-03-26 21:28:08.082 | DEBUG    | optimization.store_routes:store_optimized_routes:401 - Stored fee for vQHRPPdjWmTjASjEQvAqjzPhHdm2: 32736 PKR
2026-03-26 21:28:09.254 | INFO     | optimization.store_routes:compute_fee_per_student:32 - Fee calc: 43222 PKR/student | dist=99.0km | students=11
2026-03-26 21:28:09.764 | DEBUG    | optimization.store_routes:store_optimized_routes:401 - Stored fee for 3CNKLBNknvMId9G9MJ1cVoQjkpw2: 43222 PKR
2026-03-26 21:28:10.284 | DEBUG    | optimization.store_routes:store_optimized_routes:401 - Stored fee for GBGXh21H2VefIT4NkSWu8FQldkF3: 43222 PKR
2026-03-26 21:28:10.800 | DEBUG    | optimization.store_routes:store_optimized_routes:401 - Stored fee for I6aLScqZSSeAF3ug6jDkoPrt6g23: 43222 PKR
2026-03-26 21:28:11.316 | DEBUG    | optimization.store_routes:store_optimized_routes:401 - Stored fee for KbkXVOhtA3hfwjvwsS5w2IIOki93: 43222 PKR
2026-03-26 21:28:11.825 | DEBUG    | optimization.store_routes:store_optimized_routes:401 - Stored fee for SOWTJArpcRRKPC0v7cWYW0XJk6v1: 43222 PKR
2026-03-26 21:28:12.351 | DEBUG    | optimization.store_routes:store_optimized_routes:401 - Stored fee for VItoVj8ml0ZAMdLtqGCBxaDdkWj1: 43222 PKR
2026-03-26 21:28:12.865 | DEBUG    | optimization.store_routes:store_optimized_routes:401 - Stored fee for WRVMbOeJLLdnIPhcWnncdjhPSjb2: 43222 PKR
2026-03-26 21:28:13.383 | DEBUG    | optimization.store_routes:store_optimized_routes:401 - Stored fee for bvudy4BMDIZ3KxtxPyHvDJd3rjf2: 43222 PKR
2026-03-26 21:28:13.908 | DEBUG    | optimization.store_routes:store_optimized_routes:401 - Stored fee for rtsUd2Aeg0W2HTpXZhrpSlqMhdL2: 43222 PKR
2026-03-26 21:28:14.419 | DEBUG    | optimization.store_routes:store_optimized_routes:401 - Stored fee for shSuBEXnw4TLpoUGH1D5uwg8QKr1: 43222 PKR
2026-03-26 21:28:14.942 | DEBUG    | optimization.store_routes:store_optimized_routes:401 - Stored fee for x2LmEXZ95YfrQpxSQgrBTDTWbk83: 43222 PKR
2026-03-26 21:28:14.942 | INFO     | optimization.store_routes:store_optimized_routes:403 - Phase 3 complete: 30 fee records stored
2026-03-26 21:28:14.943 | INFO     | optimization.store_routes:store_optimized_routes:405 - Overall done: 3 routes | 28 stops | 30 fees
2026-03-26 21:28:14.944 | INFO     | optimization.store_routes:store_optimized_routes:407 - Done: 3 routes | 28 stops stored
2026-03-26 21:28:14.944 | INFO     | optimization.store_routes:store_optimized_routes:410 - Phase 3 complete: 30 fee records stored
2026-03-26 21:28:14.944 | INFO     | optimization.store_routes:store_optimized_routes:413 - Final step: Updating registration_status to 'successful' for all processed students...
2026-03-26 21:28:15.561 | INFO     | optimization.store_routes:store_optimized_routes:437 - Updated 30 students to 'successful' registration status.
2026-03-26 21:28:15.563 | INFO     | optimization.store_routes:store_optimized_routes:440 - Overall done: 3 routes | 28 stops | 30 fees
2026-03-26 21:28:15.564 | INFO     | api.main:run_optimization:64 - Pipeline completed successfully | 3 buses processed
2026-03-26 21:40:45.551 | INFO     | api.main:run_optimization:29 - Starting full route optimization pipeline
2026-03-26 21:40:48.940 | INFO     | data_pipeline.student_loader:load_student_stops:42 - Loaded 30 student stops from Firestore
2026-03-26 21:40:48.940 | DEBUG    | data_pipeline.student_loader:load_student_stops:43 - First 3 stops (sample): [{'student_id': '3CNKLBNknvMId9G9MJ1cVoQjkpw2', 'name': 'Test Student 12', 'roll_no': 'TEST-4382', 'lat': 31.369289, 'lng': 73.051406, 'student_count': 1, 'contact': '03597900028', 'semester': 'Spring 2026', 'fee_status': 'unpaid', 'registration_status': 'successful'}, {'student_id': '61fbjUraIhPuzNx8BY68aYewSG02', 'name': 'Test Student 28', 'roll_no': 'TEST-7403', 'lat': 31.380283, 'lng': 73.159195, 'student_count': 1, 'contact': '03344993000', 'semester': 'Spring 2026', 'fee_status': 'unpaid', 'registration_status': 'successful'}, {'student_id': '7DxKX1nW4ZdeWHKXM2Vf5OIfGvr1', 'name': 'Test Student 10', 'roll_no': 'TEST-9142', 'lat': 31.446304, 'lng': 73.140169, 'student_count': 1, 'contact': '03537549971', 'semester': 'Spring 2026', 'fee_status': 'unpaid', 'registration_status': 'successful'}]
2026-03-26 21:40:48.940 | INFO     | osm.fetch_roads:fetch_or_load_road_graph:19 - Loading cached Faisalabad road graph...
2026-03-26 21:40:57.402 | INFO     | osm.fetch_roads:fetch_or_load_road_graph:21 - Loaded graph with 50872 nodes and 144715 edges
2026-03-26 21:40:57.664 | INFO     | osm.road_filter:filter_main_roads:38 - Filtered graph:
2026-03-26 21:40:57.688 | INFO     | osm.road_filter:filter_main_roads:39 -   Original: 50872 nodes, 144715 edges
2026-03-26 21:40:57.787 | INFO     | osm.road_filter:filter_main_roads:40 -   After filter (main roads only): 7460 nodes, 12863 edges
2026-03-26 21:40:58.073 | DEBUG    | utils.distance_utils:build_node_balltree:29 - Built BallTree with 7460 nodes
2026-03-26 21:40:58.074 | DEBUG    | utils.geo_utils:haversine_distance:20 - Haversine: (31.369289, 73.051406) → (31.3691526, 73.0514611) = 16.0 m
2026-03-26 21:40:58.074 | DEBUG    | utils.distance_utils:find_nearest_road_point:56 - Nearest road node to (31.369289, 73.051406): (31.369153, 73.051461) — 16.0m
2026-03-26 21:40:58.074 | DEBUG    | utils.geo_utils:haversine_distance:20 - Haversine: (31.369289, 73.051406) → (31.3691526, 73.0514611) = 16.0 m
2026-03-26 21:40:58.075 | DEBUG    | data_pipeline.stop_builder:snap_stops_to_roads:38 - Snapped Test Student 12 (TEST-4382): 16.0m
2026-03-26 21:40:58.100 | DEBUG    | utils.distance_utils:build_node_balltree:29 - Built BallTree with 7460 nodes
2026-03-26 21:40:58.101 | DEBUG    | utils.geo_utils:haversine_distance:20 - Haversine: (31.380283, 73.159195) → (31.3787188, 73.157798) = 218.7 m
2026-03-26 21:40:58.101 | DEBUG    | utils.distance_utils:find_nearest_road_point:56 - Nearest road node to (31.380283, 73.159195): (31.378719, 73.157798) — 218.7m
2026-03-26 21:40:58.101 | DEBUG    | utils.geo_utils:haversine_distance:20 - Haversine: (31.380283, 73.159195) → (31.3787188, 73.157798) = 218.7 m
2026-03-26 21:40:58.101 | DEBUG    | data_pipeline.stop_builder:snap_stops_to_roads:38 - Snapped Test Student 28 (TEST-7403): 218.7m
2026-03-26 21:40:58.121 | DEBUG    | utils.distance_utils:build_node_balltree:29 - Built BallTree with 7460 nodes
2026-03-26 21:40:58.122 | DEBUG    | utils.geo_utils:haversine_distance:20 - Haversine: (31.446304, 73.140169) → (31.4457694, 73.1408101) = 85.0 m
2026-03-26 21:40:58.122 | DEBUG    | utils.distance_utils:find_nearest_road_point:56 - Nearest road node to (31.446304, 73.140169): (31.445769, 73.140810) — 85.0m
2026-03-26 21:40:58.123 | DEBUG    | utils.geo_utils:haversine_distance:20 - Haversine: (31.446304, 73.140169) → (31.4457694, 73.1408101) = 85.0 m
2026-03-26 21:40:58.123 | DEBUG    | data_pipeline.stop_builder:snap_stops_to_roads:38 - Snapped Test Student 10 (TEST-9142): 85.0m
2026-03-26 21:40:58.142 | DEBUG    | utils.distance_utils:build_node_balltree:29 - Built BallTree with 7460 nodes
2026-03-26 21:40:58.143 | DEBUG    | utils.geo_utils:haversine_distance:20 - Haversine: (31.548998, 73.147656) → (31.5487412, 73.1501112) = 234.4 m
2026-03-26 21:40:58.143 | DEBUG    | utils.distance_utils:find_nearest_road_point:56 - Nearest road node to (31.548998, 73.147656): (31.548741, 73.150111) — 234.4m
2026-03-26 21:40:58.144 | DEBUG    | utils.geo_utils:haversine_distance:20 - Haversine: (31.548998, 73.147656) → (31.5487412, 73.1501112) = 234.4 m
2026-03-26 21:40:58.144 | DEBUG    | data_pipeline.stop_builder:snap_stops_to_roads:38 - Snapped Test Student 14 (TEST-9162): 234.4m
2026-03-26 21:40:58.165 | DEBUG    | utils.distance_utils:build_node_balltree:29 - Built BallTree with 7460 nodes
2026-03-26 21:40:58.166 | DEBUG    | utils.geo_utils:haversine_distance:20 - Haversine: (31.384254, 73.063765) → (31.3836456, 73.0640586) = 73.2 m
2026-03-26 21:40:58.167 | DEBUG    | utils.distance_utils:find_nearest_road_point:56 - Nearest road node to (31.384254, 73.063765): (31.383646, 73.064059) — 73.2m
2026-03-26 21:40:58.167 | DEBUG    | utils.geo_utils:haversine_distance:20 - Haversine: (31.384254, 73.063765) → (31.3836456, 73.0640586) = 73.2 m
2026-03-26 21:40:58.167 | DEBUG    | data_pipeline.stop_builder:snap_stops_to_roads:38 - Snapped Test Student 30 (TEST-6182): 73.2m
2026-03-26 21:40:58.188 | DEBUG    | utils.distance_utils:build_node_balltree:29 - Built BallTree with 7460 nodes
2026-03-26 21:40:58.190 | DEBUG    | utils.geo_utils:haversine_distance:20 - Haversine: (31.450094, 73.130742) → (31.4467219, 73.1271368) = 507.5 m
2026-03-26 21:40:58.190 | DEBUG    | utils.distance_utils:find_nearest_road_point:56 - Nearest road node to (31.450094, 73.130742): (31.446722, 73.127137) — 507.5m
2026-03-26 21:40:58.190 | DEBUG    | utils.geo_utils:haversine_distance:20 - Haversine: (31.450094, 73.130742) → (31.4467219, 73.1271368) = 507.5 m
2026-03-26 21:40:58.190 | DEBUG    | data_pipeline.stop_builder:snap_stops_to_roads:38 - Snapped Test Student 23 (TEST-9957): 507.5m
2026-03-26 21:40:58.212 | DEBUG    | utils.distance_utils:build_node_balltree:29 - Built BallTree with 7460 nodes
2026-03-26 21:40:58.216 | DEBUG    | utils.geo_utils:haversine_distance:20 - Haversine: (31.327595, 73.065724) → (31.330396, 73.0696448) = 485.5 m
2026-03-26 21:40:58.216 | DEBUG    | utils.distance_utils:find_nearest_road_point:56 - Nearest road node to (31.327595, 73.065724): (31.330396, 73.069645) — 485.5m
2026-03-26 21:40:58.217 | DEBUG    | utils.geo_utils:haversine_distance:20 - Haversine: (31.327595, 73.065724) → (31.330396, 73.0696448) = 485.5 m
2026-03-26 21:40:58.217 | DEBUG    | data_pipeline.stop_builder:snap_stops_to_roads:38 - Snapped Test Student 13 (TEST-5755): 485.5m
2026-03-26 21:40:58.238 | DEBUG    | utils.distance_utils:build_node_balltree:29 - Built BallTree with 7460 nodes
2026-03-26 21:40:58.240 | DEBUG    | utils.geo_utils:haversine_distance:20 - Haversine: (31.343859, 73.18566) → (31.3413852, 73.1852291) = 278.1 m
2026-03-26 21:40:58.240 | DEBUG    | utils.distance_utils:find_nearest_road_point:56 - Nearest road node to (31.343859, 73.18566): (31.341385, 73.185229) — 278.1m
2026-03-26 21:40:58.240 | DEBUG    | utils.geo_utils:haversine_distance:20 - Haversine: (31.343859, 73.18566) → (31.3413852, 73.1852291) = 278.1 m
2026-03-26 21:40:58.240 | DEBUG    | data_pipeline.stop_builder:snap_stops_to_roads:38 - Snapped Test Student 7 (TEST-9790): 278.1m
2026-03-26 21:40:58.259 | DEBUG    | utils.distance_utils:build_node_balltree:29 - Built BallTree with 7460 nodes
2026-03-26 21:40:58.260 | DEBUG    | utils.geo_utils:haversine_distance:20 - Haversine: (31.401088, 73.01135) → (31.4000755, 73.0126538) = 167.3 m
2026-03-26 21:40:58.260 | DEBUG    | utils.distance_utils:find_nearest_road_point:56 - Nearest road node to (31.401088, 73.01135): (31.400075, 73.012654) — 167.3m
2026-03-26 21:40:58.260 | DEBUG    | utils.geo_utils:haversine_distance:20 - Haversine: (31.401088, 73.01135) → (31.4000755, 73.0126538) = 167.3 m
2026-03-26 21:40:58.260 | DEBUG    | data_pipeline.stop_builder:snap_stops_to_roads:38 - Snapped Test Student 3 (TEST-2055): 167.3m
2026-03-26 21:40:58.281 | DEBUG    | utils.distance_utils:build_node_balltree:29 - Built BallTree with 7460 nodes
2026-03-26 21:40:58.285 | DEBUG    | utils.geo_utils:haversine_distance:20 - Haversine: (31.526254, 73.053671) → (31.527645, 73.0552285) = 213.8 m
2026-03-26 21:40:58.285 | DEBUG    | utils.distance_utils:find_nearest_road_point:56 - Nearest road node to (31.526254, 73.053671): (31.527645, 73.055228) — 213.8m
2026-03-26 21:40:58.285 | DEBUG    | utils.geo_utils:haversine_distance:20 - Haversine: (31.526254, 73.053671) → (31.527645, 73.0552285) = 213.8 m
2026-03-26 21:40:58.285 | DEBUG    | data_pipeline.stop_builder:snap_stops_to_roads:38 - Snapped Test Student 25 (TEST-4783): 213.8m
2026-03-26 21:40:58.344 | DEBUG    | utils.distance_utils:build_node_balltree:29 - Built BallTree with 7460 nodes
2026-03-26 21:40:58.351 | DEBUG    | utils.geo_utils:haversine_distance:20 - Haversine: (31.319581, 73.129629) → (31.3281703, 73.1302408) = 956.9 m
2026-03-26 21:40:58.351 | DEBUG    | utils.distance_utils:find_nearest_road_point:56 - Nearest road node to (31.319581, 73.129629): (31.328170, 73.130241) — 956.9m
2026-03-26 21:40:58.351 | DEBUG    | utils.geo_utils:haversine_distance:20 - Haversine: (31.319581, 73.129629) → (31.3281703, 73.1302408) = 956.9 m
2026-03-26 21:40:58.351 | DEBUG    | data_pipeline.stop_builder:snap_stops_to_roads:38 - Snapped Test Student 11 (TEST-6729): 956.9m
2026-03-26 21:40:58.400 | DEBUG    | utils.distance_utils:build_node_balltree:29 - Built BallTree with 7460 nodes
2026-03-26 21:40:58.404 | DEBUG    | utils.geo_utils:haversine_distance:20 - Haversine: (31.342673, 73.180091) → (31.3434454, 73.1825193) = 246.1 m
2026-03-26 21:40:58.404 | DEBUG    | utils.distance_utils:find_nearest_road_point:56 - Nearest road node to (31.342673, 73.180091): (31.343445, 73.182519) — 246.1m
2026-03-26 21:40:58.404 | DEBUG    | utils.geo_utils:haversine_distance:20 - Haversine: (31.342673, 73.180091) → (31.3434454, 73.1825193) = 246.1 m
2026-03-26 21:40:58.405 | DEBUG    | data_pipeline.stop_builder:snap_stops_to_roads:38 - Snapped Test Student 1 (TEST-1717): 246.1m
2026-03-26 21:40:58.453 | DEBUG    | utils.distance_utils:build_node_balltree:29 - Built BallTree with 7460 nodes
2026-03-26 21:40:58.454 | DEBUG    | utils.geo_utils:haversine_distance:20 - Haversine: (31.419161, 73.04138) → (31.4192659, 73.0416323) = 26.6 m
2026-03-26 21:40:58.455 | DEBUG    | utils.distance_utils:find_nearest_road_point:56 - Nearest road node to (31.419161, 73.04138): (31.419266, 73.041632) — 26.6m
2026-03-26 21:40:58.457 | DEBUG    | utils.geo_utils:haversine_distance:20 - Haversine: (31.419161, 73.04138) → (31.4192659, 73.0416323) = 26.6 m
2026-03-26 21:40:58.457 | DEBUG    | data_pipeline.stop_builder:snap_stops_to_roads:38 - Snapped Test Student 27 (TEST-3106): 26.6m
2026-03-26 21:40:58.497 | DEBUG    | utils.distance_utils:build_node_balltree:29 - Built BallTree with 7460 nodes
2026-03-26 21:40:58.503 | DEBUG    | utils.geo_utils:haversine_distance:20 - Haversine: (31.513945, 73.145) → (31.5101284, 73.1503952) = 664.6 m
2026-03-26 21:40:58.504 | DEBUG    | utils.distance_utils:find_nearest_road_point:56 - Nearest road node to (31.513945, 73.145): (31.510128, 73.150395) — 664.6m
2026-03-26 21:40:58.506 | DEBUG    | utils.geo_utils:haversine_distance:20 - Haversine: (31.513945, 73.145) → (31.5101284, 73.1503952) = 664.6 m
2026-03-26 21:40:58.507 | DEBUG    | data_pipeline.stop_builder:snap_stops_to_roads:38 - Snapped Test Student 20 (TEST-7495): 664.6m
2026-03-26 21:40:58.671 | DEBUG    | utils.distance_utils:build_node_balltree:29 - Built BallTree with 7460 nodes
2026-03-26 21:40:58.674 | DEBUG    | utils.geo_utils:haversine_distance:20 - Haversine: (31.462728, 73.168167) → (31.4641337, 73.1683411) = 157.2 m
2026-03-26 21:40:58.674 | DEBUG    | utils.distance_utils:find_nearest_road_point:56 - Nearest road node to (31.462728, 73.168167): (31.464134, 73.168341) — 157.2m
2026-03-26 21:40:58.675 | DEBUG    | utils.geo_utils:haversine_distance:20 - Haversine: (31.462728, 73.168167) → (31.4641337, 73.1683411) = 157.2 m
2026-03-26 21:40:58.675 | DEBUG    | data_pipeline.stop_builder:snap_stops_to_roads:38 - Snapped Test Student 15 (TEST-5668): 157.2m
2026-03-26 21:40:58.741 | DEBUG    | utils.distance_utils:build_node_balltree:29 - Built BallTree with 7460 nodes
2026-03-26 21:40:58.743 | DEBUG    | utils.geo_utils:haversine_distance:20 - Haversine: (31.346116, 73.056539) → (31.3446991, 73.0585627) = 248.5 m
2026-03-26 21:40:58.743 | DEBUG    | utils.distance_utils:find_nearest_road_point:56 - Nearest road node to (31.346116, 73.056539): (31.344699, 73.058563) — 248.5m
2026-03-26 21:40:58.743 | DEBUG    | utils.geo_utils:haversine_distance:20 - Haversine: (31.346116, 73.056539) → (31.3446991, 73.0585627) = 248.5 m
2026-03-26 21:40:58.744 | DEBUG    | data_pipeline.stop_builder:snap_stops_to_roads:38 - Snapped Test Student 9 (TEST-8987): 248.5m
2026-03-26 21:40:58.790 | DEBUG    | utils.distance_utils:build_node_balltree:29 - Built BallTree with 7460 nodes
2026-03-26 21:40:58.794 | DEBUG    | utils.geo_utils:haversine_distance:20 - Haversine: (31.544202, 73.128686) → (31.5431453, 73.1283131) = 122.7 m
2026-03-26 21:40:58.795 | DEBUG    | utils.distance_utils:find_nearest_road_point:56 - Nearest road node to (31.544202, 73.128686): (31.543145, 73.128313) — 122.7m
2026-03-26 21:40:58.795 | DEBUG    | utils.geo_utils:haversine_distance:20 - Haversine: (31.544202, 73.128686) → (31.5431453, 73.1283131) = 122.7 m
2026-03-26 21:40:58.795 | DEBUG    | data_pipeline.stop_builder:snap_stops_to_roads:38 - Snapped Test Student 4 (TEST-9428): 122.7m
2026-03-26 21:40:58.844 | DEBUG    | utils.distance_utils:build_node_balltree:29 - Built BallTree with 7460 nodes
2026-03-26 21:40:58.846 | DEBUG    | utils.geo_utils:haversine_distance:20 - Haversine: (31.393089, 73.028228) → (31.398463, 73.0263855) = 622.6 m
2026-03-26 21:40:58.852 | DEBUG    | utils.distance_utils:find_nearest_road_point:56 - Nearest road node to (31.393089, 73.028228): (31.398463, 73.026386) — 622.6m
2026-03-26 21:40:58.853 | DEBUG    | utils.geo_utils:haversine_distance:20 - Haversine: (31.393089, 73.028228) → (31.398463, 73.0263855) = 622.6 m
2026-03-26 21:40:58.853 | DEBUG    | data_pipeline.stop_builder:snap_stops_to_roads:38 - Snapped Test Student 5 (TEST-5892): 622.6m
2026-03-26 21:40:58.896 | DEBUG    | utils.distance_utils:build_node_balltree:29 - Built BallTree with 7460 nodes
2026-03-26 21:40:58.900 | DEBUG    | utils.geo_utils:haversine_distance:20 - Haversine: (31.318863, 73.183249) → (31.3190478, 73.1756414) = 723.0 m
2026-03-26 21:40:58.901 | DEBUG    | utils.distance_utils:find_nearest_road_point:56 - Nearest road node to (31.318863, 73.183249): (31.319048, 73.175641) — 723.0m
2026-03-26 21:40:58.902 | DEBUG    | utils.geo_utils:haversine_distance:20 - Haversine: (31.318863, 73.183249) → (31.3190478, 73.1756414) = 723.0 m
2026-03-26 21:40:58.902 | DEBUG    | data_pipeline.stop_builder:snap_stops_to_roads:38 - Snapped Test Student 29 (TEST-7084): 723.0m
2026-03-26 21:40:58.938 | DEBUG    | utils.distance_utils:build_node_balltree:29 - Built BallTree with 7460 nodes
2026-03-26 21:40:58.939 | DEBUG    | utils.geo_utils:haversine_distance:20 - Haversine: (31.354815, 73.143189) → (31.3557607, 73.1450675) = 207.1 m
2026-03-26 21:40:58.939 | DEBUG    | utils.distance_utils:find_nearest_road_point:56 - Nearest road node to (31.354815, 73.143189): (31.355761, 73.145067) — 207.1m
2026-03-26 21:40:58.940 | DEBUG    | utils.geo_utils:haversine_distance:20 - Haversine: (31.354815, 73.143189) → (31.3557607, 73.1450675) = 207.1 m
2026-03-26 21:40:58.940 | DEBUG    | data_pipeline.stop_builder:snap_stops_to_roads:38 - Snapped Test Student 17 (TEST-4072): 207.1m
2026-03-26 21:40:58.971 | DEBUG    | utils.distance_utils:build_node_balltree:29 - Built BallTree with 7460 nodes
2026-03-26 21:40:58.973 | DEBUG    | utils.geo_utils:haversine_distance:20 - Haversine: (31.459172, 73.066434) → (31.4601458, 73.0666137) = 109.6 m
2026-03-26 21:40:58.973 | DEBUG    | utils.distance_utils:find_nearest_road_point:56 - Nearest road node to (31.459172, 73.066434): (31.460146, 73.066614) — 109.6m
2026-03-26 21:40:58.973 | DEBUG    | utils.geo_utils:haversine_distance:20 - Haversine: (31.459172, 73.066434) → (31.4601458, 73.0666137) = 109.6 m
2026-03-26 21:40:58.973 | DEBUG    | data_pipeline.stop_builder:snap_stops_to_roads:38 - Snapped Test Student 18 (TEST-9353): 109.6m
2026-03-26 21:40:58.994 | DEBUG    | utils.distance_utils:build_node_balltree:29 - Built BallTree with 7460 nodes
2026-03-26 21:40:58.995 | DEBUG    | utils.geo_utils:haversine_distance:20 - Haversine: (31.537509, 73.124448) → (31.5426468, 73.1258022) = 585.5 m
2026-03-26 21:40:58.995 | DEBUG    | utils.distance_utils:find_nearest_road_point:56 - Nearest road node to (31.537509, 73.124448): (31.542647, 73.125802) — 585.5m
2026-03-26 21:40:58.998 | DEBUG    | utils.geo_utils:haversine_distance:20 - Haversine: (31.537509, 73.124448) → (31.5426468, 73.1258022) = 585.5 m
2026-03-26 21:40:58.999 | DEBUG    | data_pipeline.stop_builder:snap_stops_to_roads:38 - Snapped Test Student 6 (TEST-3775): 585.5m
2026-03-26 21:40:59.069 | DEBUG    | utils.distance_utils:build_node_balltree:29 - Built BallTree with 7460 nodes
2026-03-26 21:40:59.071 | DEBUG    | utils.geo_utils:haversine_distance:20 - Haversine: (31.473589, 73.112736) → (31.4743292, 73.1046958) = 766.9 m
2026-03-26 21:40:59.072 | DEBUG    | utils.distance_utils:find_nearest_road_point:56 - Nearest road node to (31.473589, 73.112736): (31.474329, 73.104696) — 766.9m
2026-03-26 21:40:59.072 | DEBUG    | utils.geo_utils:haversine_distance:20 - Haversine: (31.473589, 73.112736) → (31.4743292, 73.1046958) = 766.9 m
2026-03-26 21:40:59.072 | DEBUG    | data_pipeline.stop_builder:snap_stops_to_roads:38 - Snapped Test Student 22 (TEST-9109): 766.9m
2026-03-26 21:40:59.103 | DEBUG    | utils.distance_utils:build_node_balltree:29 - Built BallTree with 7460 nodes
2026-03-26 21:40:59.105 | DEBUG    | utils.geo_utils:haversine_distance:20 - Haversine: (31.468675, 73.160721) → (31.4693742, 73.1600766) = 98.9 m
2026-03-26 21:40:59.105 | DEBUG    | utils.distance_utils:find_nearest_road_point:56 - Nearest road node to (31.468675, 73.160721): (31.469374, 73.160077) — 98.9m
2026-03-26 21:40:59.105 | DEBUG    | utils.geo_utils:haversine_distance:20 - Haversine: (31.468675, 73.160721) → (31.4693742, 73.1600766) = 98.9 m
2026-03-26 21:40:59.106 | DEBUG    | data_pipeline.stop_builder:snap_stops_to_roads:38 - Snapped Test Student 19 (TEST-9533): 98.9m
2026-03-26 21:40:59.178 | DEBUG    | utils.distance_utils:build_node_balltree:29 - Built BallTree with 7460 nodes
2026-03-26 21:40:59.182 | DEBUG    | utils.geo_utils:haversine_distance:20 - Haversine: (31.405239, 73.112616) → (31.4060883, 73.1115478) = 138.5 m
2026-03-26 21:40:59.182 | DEBUG    | utils.distance_utils:find_nearest_road_point:56 - Nearest road node to (31.405239, 73.112616): (31.406088, 73.111548) — 138.5m
2026-03-26 21:40:59.182 | DEBUG    | utils.geo_utils:haversine_distance:20 - Haversine: (31.405239, 73.112616) → (31.4060883, 73.1115478) = 138.5 m
2026-03-26 21:40:59.183 | DEBUG    | data_pipeline.stop_builder:snap_stops_to_roads:38 - Snapped Test Student 26 (TEST-5354): 138.5m
2026-03-26 21:40:59.272 | DEBUG    | utils.distance_utils:build_node_balltree:29 - Built BallTree with 7460 nodes
2026-03-26 21:40:59.274 | DEBUG    | utils.geo_utils:haversine_distance:20 - Haversine: (31.470598, 73.008555) → (31.4773379, 73.0052033) = 814.1 m
2026-03-26 21:40:59.274 | DEBUG    | utils.distance_utils:find_nearest_road_point:56 - Nearest road node to (31.470598, 73.008555): (31.477338, 73.005203) — 814.1m
2026-03-26 21:40:59.275 | DEBUG    | utils.geo_utils:haversine_distance:20 - Haversine: (31.470598, 73.008555) → (31.4773379, 73.0052033) = 814.1 m
2026-03-26 21:40:59.275 | DEBUG    | data_pipeline.stop_builder:snap_stops_to_roads:38 - Snapped Test Student 24 (TEST-8754): 814.1m
2026-03-26 21:40:59.343 | DEBUG    | utils.distance_utils:build_node_balltree:29 - Built BallTree with 7460 nodes
2026-03-26 21:40:59.356 | DEBUG    | utils.geo_utils:haversine_distance:20 - Haversine: (31.480136, 73.16337) → (31.4766945, 73.1677037) = 561.5 m
2026-03-26 21:40:59.357 | DEBUG    | utils.distance_utils:find_nearest_road_point:56 - Nearest road node to (31.480136, 73.16337): (31.476695, 73.167704) — 561.5m
2026-03-26 21:40:59.358 | DEBUG    | utils.geo_utils:haversine_distance:20 - Haversine: (31.480136, 73.16337) → (31.4766945, 73.1677037) = 561.5 m
2026-03-26 21:40:59.358 | DEBUG    | data_pipeline.stop_builder:snap_stops_to_roads:38 - Snapped Test Student 21 (TEST-9356): 561.5m
2026-03-26 21:40:59.396 | DEBUG    | utils.distance_utils:build_node_balltree:29 - Built BallTree with 7460 nodes
2026-03-26 21:40:59.400 | DEBUG    | utils.geo_utils:haversine_distance:20 - Haversine: (31.503809, 73.163047) → (31.504101, 73.1583633) = 445.2 m
2026-03-26 21:40:59.400 | DEBUG    | utils.distance_utils:find_nearest_road_point:56 - Nearest road node to (31.503809, 73.163047): (31.504101, 73.158363) — 445.2m
2026-03-26 21:40:59.400 | DEBUG    | utils.geo_utils:haversine_distance:20 - Haversine: (31.503809, 73.163047) → (31.504101, 73.1583633) = 445.2 m
2026-03-26 21:40:59.400 | DEBUG    | data_pipeline.stop_builder:snap_stops_to_roads:38 - Snapped Test Student 2 (TEST-1842): 445.2m
2026-03-26 21:40:59.433 | DEBUG    | utils.distance_utils:build_node_balltree:29 - Built BallTree with 7460 nodes
2026-03-26 21:40:59.435 | DEBUG    | utils.geo_utils:haversine_distance:20 - Haversine: (31.388719, 73.18885) → (31.3907077, 73.1897443) = 236.9 m
2026-03-26 21:40:59.435 | DEBUG    | utils.distance_utils:find_nearest_road_point:56 - Nearest road node to (31.388719, 73.18885): (31.390708, 73.189744) — 236.9m
2026-03-26 21:40:59.435 | DEBUG    | utils.geo_utils:haversine_distance:20 - Haversine: (31.388719, 73.18885) → (31.3907077, 73.1897443) = 236.9 m
2026-03-26 21:40:59.435 | DEBUG    | data_pipeline.stop_builder:snap_stops_to_roads:38 - Snapped Test Student 16 (TEST-8203): 236.9m
2026-03-26 21:40:59.470 | DEBUG    | utils.distance_utils:build_node_balltree:29 - Built BallTree with 7460 nodes
2026-03-26 21:40:59.472 | DEBUG    | utils.geo_utils:haversine_distance:20 - Haversine: (31.406549, 73.086759) → (31.4052045, 73.0873694) = 160.3 m
2026-03-26 21:40:59.472 | DEBUG    | utils.distance_utils:find_nearest_road_point:56 - Nearest road node to (31.406549, 73.086759): (31.405204, 73.087369) — 160.3m
2026-03-26 21:40:59.472 | DEBUG    | utils.geo_utils:haversine_distance:20 - Haversine: (31.406549, 73.086759) → (31.4052045, 73.0873694) = 160.3 m
2026-03-26 21:40:59.473 | DEBUG    | data_pipeline.stop_builder:snap_stops_to_roads:38 - Snapped Test Student 8 (TEST-8476): 160.3m
2026-03-26 21:40:59.473 | INFO     | data_pipeline.stop_builder:snap_stops_to_roads:47 - Snapping complete:
2026-03-26 21:40:59.473 | INFO     | data_pipeline.stop_builder:snap_stops_to_roads:48 -   Input stops: 30
2026-03-26 21:40:59.474 | INFO     | data_pipeline.stop_builder:snap_stops_to_roads:49 -   Snapped successfully: 30
2026-03-26 21:40:59.476 | INFO     | data_pipeline.stop_builder:snap_stops_to_roads:50 -   Skipped (too far): 0
2026-03-26 21:40:59.477 | DEBUG    | data_pipeline.stop_builder:snap_stops_to_roads:53 - First snapped stop example: {'student_id': '3CNKLBNknvMId9G9MJ1cVoQjkpw2', 'name': 'Test Student 12', 'roll_no': 'TEST-4382', 'lat': 31.3691526, 'lng': 73.0514611, 'student_count': 1, 'contact': '03597900028', 'semester': 'Spring 2026', 'fee_status': 'unpaid', 'registration_status': 'successful', 'original_lat': 31.369289, 'original_lng': 73.051406, 'snap_distance_m': 16.04}
2026-03-26 21:40:59.477 | DEBUG    | utils.geo_utils:haversine_distance:20 - Haversine: (31.3787188, 73.157798) → (31.3691526, 73.0514611) = 10151.2 m
2026-03-26 21:40:59.477 | DEBUG    | utils.geo_utils:haversine_distance:20 - Haversine: (31.4457694, 73.1408101) → (31.3691526, 73.0514611) = 12020.1 m
2026-03-26 21:40:59.477 | DEBUG    | utils.geo_utils:haversine_distance:20 - Haversine: (31.4457694, 73.1408101) → (31.3787188, 73.157798) = 7628.0 m
2026-03-26 21:40:59.478 | DEBUG    | utils.geo_utils:haversine_distance:20 - Haversine: (31.5487412, 73.1501112) → (31.3691526, 73.0514611) = 22052.9 m
2026-03-26 21:40:59.478 | DEBUG    | utils.geo_utils:haversine_distance:20 - Haversine: (31.5487412, 73.1501112) → (31.3787188, 73.157798) = 18919.7 m
2026-03-26 21:40:59.478 | DEBUG    | utils.geo_utils:haversine_distance:20 - Haversine: (31.5487412, 73.1501112) → (31.4457694, 73.1408101) = 11483.9 m
2026-03-26 21:40:59.478 | DEBUG    | utils.geo_utils:haversine_distance:20 - Haversine: (31.3836456, 73.0640586) → (31.3691526, 73.0514611) = 2006.8 m
2026-03-26 21:40:59.478 | DEBUG    | utils.geo_utils:haversine_distance:20 - Haversine: (31.3836456, 73.0640586) → (31.3787188, 73.157798) = 8915.5 m
2026-03-26 21:40:59.478 | DEBUG    | utils.geo_utils:haversine_distance:20 - Haversine: (31.3836456, 73.0640586) → (31.4457694, 73.1408101) = 10038.2 m
2026-03-26 21:40:59.478 | DEBUG    | utils.geo_utils:haversine_distance:20 - Haversine: (31.3836456, 73.0640586) → (31.5487412, 73.1501112) = 20090.3 m
2026-03-26 21:40:59.478 | DEBUG    | utils.geo_utils:haversine_distance:20 - Haversine: (31.4467219, 73.1271368) → (31.3691526, 73.0514611) = 11223.8 m
2026-03-26 21:40:59.479 | DEBUG    | utils.geo_utils:haversine_distance:20 - Haversine: (31.4467219, 73.1271368) → (31.3787188, 73.157798) = 8102.1 m
2026-03-26 21:40:59.492 | DEBUG    | utils.geo_utils:haversine_distance:20 - Haversine: (31.4467219, 73.1271368) → (31.4457694, 73.1408101) = 1301.4 m
2026-03-26 21:40:59.494 | DEBUG    | utils.geo_utils:haversine_distance:20 - Haversine: (31.4467219, 73.1271368) → (31.5487412, 73.1501112) = 11551.3 m
2026-03-26 21:40:59.495 | DEBUG    | utils.geo_utils:haversine_distance:20 - Haversine: (31.4467219, 73.1271368) → (31.3836456, 73.0640586) = 9220.8 m
2026-03-26 21:40:59.505 | DEBUG    | utils.geo_utils:haversine_distance:20 - Haversine: (31.330396, 73.0696448) → (31.3691526, 73.0514611) = 4642.6 m
2026-03-26 21:40:59.505 | DEBUG    | utils.geo_utils:haversine_distance:20 - Haversine: (31.330396, 73.0696448) → (31.3787188, 73.157798) = 9946.9 m
2026-03-26 21:40:59.505 | DEBUG    | utils.geo_utils:haversine_distance:20 - Haversine: (31.330396, 73.0696448) → (31.4457694, 73.1408101) = 14498.8 m
2026-03-26 21:40:59.505 | DEBUG    | utils.geo_utils:haversine_distance:20 - Haversine: (31.330396, 73.0696448) → (31.5487412, 73.1501112) = 25450.7 m
2026-03-26 21:40:59.505 | DEBUG    | utils.geo_utils:haversine_distance:20 - Haversine: (31.330396, 73.0696448) → (31.3836456, 73.0640586) = 5944.8 m
2026-03-26 21:40:59.505 | DEBUG    | utils.geo_utils:haversine_distance:20 - Haversine: (31.330396, 73.0696448) → (31.4467219, 73.1271368) = 14038.9 m
2026-03-26 21:40:59.505 | DEBUG    | utils.geo_utils:haversine_distance:20 - Haversine: (31.3413852, 73.1852291) → (31.3691526, 73.0514611) = 13071.9 m
2026-03-26 21:40:59.505 | DEBUG    | utils.geo_utils:haversine_distance:20 - Haversine: (31.3413852, 73.1852291) → (31.3787188, 73.157798) = 4900.7 m
2026-03-26 21:40:59.505 | DEBUG    | utils.geo_utils:haversine_distance:20 - Haversine: (31.3413852, 73.1852291) → (31.4457694, 73.1408101) = 12349.0 m
2026-03-26 21:40:59.505 | DEBUG    | utils.geo_utils:haversine_distance:20 - Haversine: (31.3413852, 73.1852291) → (31.5487412, 73.1501112) = 23296.4 m
2026-03-26 21:40:59.505 | DEBUG    | utils.geo_utils:haversine_distance:20 - Haversine: (31.3413852, 73.1852291) → (31.3836456, 73.0640586) = 12427.6 m
2026-03-26 21:40:59.505 | DEBUG    | utils.geo_utils:haversine_distance:20 - Haversine: (31.3413852, 73.1852291) → (31.4467219, 73.1271368) = 12945.9 m
2026-03-26 21:40:59.506 | DEBUG    | utils.geo_utils:haversine_distance:20 - Haversine: (31.3413852, 73.1852291) → (31.330396, 73.0696448) = 11045.4 m
2026-03-26 21:40:59.506 | DEBUG    | utils.geo_utils:haversine_distance:20 - Haversine: (31.4000755, 73.0126538) → (31.3691526, 73.0514611) = 5039.2 m
2026-03-26 21:40:59.506 | DEBUG    | utils.geo_utils:haversine_distance:20 - Haversine: (31.4000755, 73.0126538) → (31.3787188, 73.157798) = 13980.4 m
2026-03-26 21:40:59.506 | DEBUG    | utils.geo_utils:haversine_distance:20 - Haversine: (31.4000755, 73.0126538) → (31.4457694, 73.1408101) = 13179.2 m
2026-03-26 21:40:59.506 | DEBUG    | utils.geo_utils:haversine_distance:20 - Haversine: (31.4000755, 73.0126538) → (31.5487412, 73.1501112) = 21052.4 m
2026-03-26 21:40:59.506 | DEBUG    | utils.geo_utils:haversine_distance:20 - Haversine: (31.4000755, 73.0126538) → (31.3836456, 73.0640586) = 5210.1 m
2026-03-26 21:40:59.506 | DEBUG    | utils.geo_utils:haversine_distance:20 - Haversine: (31.4000755, 73.0126538) → (31.4467219, 73.1271368) = 12037.7 m
2026-03-26 21:40:59.506 | DEBUG    | utils.geo_utils:haversine_distance:20 - Haversine: (31.4000755, 73.0126538) → (31.330396, 73.0696448) = 9450.5 m
2026-03-26 21:40:59.506 | DEBUG    | utils.geo_utils:haversine_distance:20 - Haversine: (31.4000755, 73.0126538) → (31.3413852, 73.1852291) = 17636.2 m
2026-03-26 21:40:59.506 | DEBUG    | utils.geo_utils:haversine_distance:20 - Haversine: (31.527645, 73.0552285) → (31.3691526, 73.0514611) = 17627.2 m
2026-03-26 21:40:59.506 | DEBUG    | utils.geo_utils:haversine_distance:20 - Haversine: (31.527645, 73.0552285) → (31.3787188, 73.157798) = 19206.5 m
2026-03-26 21:40:59.507 | DEBUG    | utils.geo_utils:haversine_distance:20 - Haversine: (31.527645, 73.0552285) → (31.4457694, 73.1408101) = 12195.9 m
2026-03-26 21:40:59.507 | DEBUG    | utils.geo_utils:haversine_distance:20 - Haversine: (31.527645, 73.0552285) → (31.5487412, 73.1501112) = 9293.0 m
2026-03-26 21:40:59.507 | DEBUG    | utils.geo_utils:haversine_distance:20 - Haversine: (31.527645, 73.0552285) → (31.3836456, 73.0640586) = 16033.9 m
2026-03-26 21:40:59.507 | DEBUG    | utils.geo_utils:haversine_distance:20 - Haversine: (31.527645, 73.0552285) → (31.4467219, 73.1271368) = 11289.8 m
2026-03-26 21:40:59.507 | DEBUG    | utils.geo_utils:haversine_distance:20 - Haversine: (31.527645, 73.0552285) → (31.330396, 73.0696448) = 21975.7 m
2026-03-26 21:40:59.507 | DEBUG    | utils.geo_utils:haversine_distance:20 - Haversine: (31.527645, 73.0552285) → (31.3413852, 73.1852291) = 24105.5 m
2026-03-26 21:40:59.507 | DEBUG    | utils.geo_utils:haversine_distance:20 - Haversine: (31.527645, 73.0552285) → (31.4000755, 73.0126538) = 14748.6 m
2026-03-26 21:40:59.507 | DEBUG    | utils.geo_utils:haversine_distance:20 - Haversine: (31.3281703, 73.1302408) → (31.3691526, 73.0514611) = 8759.8 m
2026-03-26 21:40:59.507 | DEBUG    | utils.geo_utils:haversine_distance:20 - Haversine: (31.3281703, 73.1302408) → (31.3787188, 73.157798) = 6200.0 m
2026-03-26 21:40:59.507 | DEBUG    | utils.geo_utils:haversine_distance:20 - Haversine: (31.3281703, 73.1302408) → (31.4457694, 73.1408101) = 13114.9 m
2026-03-26 21:40:59.507 | DEBUG    | utils.geo_utils:haversine_distance:20 - Haversine: (31.3281703, 73.1302408) → (31.5487412, 73.1501112) = 24598.7 m
2026-03-26 21:40:59.507 | DEBUG    | utils.geo_utils:haversine_distance:20 - Haversine: (31.3281703, 73.1302408) → (31.3836456, 73.0640586) = 8805.9 m
2026-03-26 21:40:59.508 | DEBUG    | utils.geo_utils:haversine_distance:20 - Haversine: (31.3281703, 73.1302408) → (31.4467219, 73.1271368) = 13185.6 m
2026-03-26 21:40:59.508 | DEBUG    | utils.geo_utils:haversine_distance:20 - Haversine: (31.3281703, 73.1302408) → (31.330396, 73.0696448) = 5760.8 m
2026-03-26 21:40:59.508 | DEBUG    | utils.geo_utils:haversine_distance:20 - Haversine: (31.3281703, 73.1302408) → (31.3413852, 73.1852291) = 5425.4 m
2026-03-26 21:40:59.508 | DEBUG    | utils.geo_utils:haversine_distance:20 - Haversine: (31.3281703, 73.1302408) → (31.4000755, 73.0126538) = 13732.2 m
2026-03-26 21:40:59.508 | DEBUG    | utils.geo_utils:haversine_distance:20 - Haversine: (31.3281703, 73.1302408) → (31.527645, 73.0552285) = 23294.5 m
2026-03-26 21:40:59.509 | DEBUG    | utils.geo_utils:haversine_distance:20 - Haversine: (31.3434454, 73.1825193) → (31.3691526, 73.0514611) = 12768.7 m
2026-03-26 21:40:59.509 | DEBUG    | utils.geo_utils:haversine_distance:20 - Haversine: (31.3434454, 73.1825193) → (31.3787188, 73.157798) = 4570.9 m
2026-03-26 21:40:59.512 | DEBUG    | utils.geo_utils:haversine_distance:20 - Haversine: (31.3434454, 73.1825193) → (31.4457694, 73.1408101) = 12047.0 m
2026-03-26 21:40:59.519 | DEBUG    | utils.geo_utils:haversine_distance:20 - Haversine: (31.3434454, 73.1825193) → (31.5487412, 73.1501112) = 23033.9 m
2026-03-26 21:40:59.520 | DEBUG    | utils.geo_utils:haversine_distance:20 - Haversine: (31.3434454, 73.1825193) → (31.3836456, 73.0640586) = 12103.2 m
2026-03-26 21:40:59.520 | DEBUG    | utils.geo_utils:haversine_distance:20 - Haversine: (31.3434454, 73.1825193) → (31.4467219, 73.1271368) = 12629.8 m
2026-03-26 21:40:59.520 | DEBUG    | utils.geo_utils:haversine_distance:20 - Haversine: (31.3434454, 73.1825193) → (31.330396, 73.0696448) = 10817.9 m
2026-03-26 21:40:59.520 | DEBUG    | utils.geo_utils:haversine_distance:20 - Haversine: (31.3434454, 73.1825193) → (31.3413852, 73.1852291) = 344.5 m
2026-03-26 21:40:59.520 | DEBUG    | utils.geo_utils:haversine_distance:20 - Haversine: (31.4192659, 73.0416323) → (31.3691526, 73.0514611) = 5649.9 m
2026-03-26 21:40:59.520 | DEBUG    | utils.geo_utils:haversine_distance:20 - Haversine: (31.4192659, 73.0416323) → (31.3787188, 73.157798) = 11911.7 m
2026-03-26 21:40:59.521 | DEBUG    | utils.geo_utils:haversine_distance:20 - Haversine: (31.4192659, 73.0416323) → (31.4457694, 73.1408101) = 9860.5 m
2026-03-26 21:40:59.521 | DEBUG    | utils.geo_utils:haversine_distance:20 - Haversine: (31.4192659, 73.0416323) → (31.5487412, 73.1501112) = 17694.3 m
2026-03-26 21:40:59.521 | DEBUG    | utils.geo_utils:haversine_distance:20 - Haversine: (31.4192659, 73.0416323) → (31.3836456, 73.0640586) = 4496.5 m
2026-03-26 21:40:59.521 | DEBUG    | utils.geo_utils:haversine_distance:20 - Haversine: (31.4192659, 73.0416323) → (31.4467219, 73.1271368) = 8667.9 m
2026-03-26 21:40:59.521 | DEBUG    | utils.geo_utils:haversine_distance:20 - Haversine: (31.4192659, 73.0416323) → (31.330396, 73.0696448) = 10233.5 m
2026-03-26 21:40:59.521 | DEBUG    | utils.geo_utils:haversine_distance:20 - Haversine: (31.4192659, 73.0416323) → (31.3413852, 73.1852291) = 16149.9 m
2026-03-26 21:40:59.521 | DEBUG    | utils.geo_utils:haversine_distance:20 - Haversine: (31.4192659, 73.0416323) → (31.4000755, 73.0126538) = 3480.9 m
2026-03-26 21:40:59.521 | DEBUG    | utils.geo_utils:haversine_distance:20 - Haversine: (31.4192659, 73.0416323) → (31.527645, 73.0552285) = 12120.0 m
2026-03-26 21:40:59.521 | DEBUG    | utils.geo_utils:haversine_distance:20 - Haversine: (31.4192659, 73.0416323) → (31.3281703, 73.1302408) = 13167.0 m
2026-03-26 21:40:59.521 | DEBUG    | utils.geo_utils:haversine_distance:20 - Haversine: (31.5101284, 73.1503952) → (31.3691526, 73.0514611) = 18270.9 m
2026-03-26 21:40:59.521 | DEBUG    | utils.geo_utils:haversine_distance:20 - Haversine: (31.5101284, 73.1503952) → (31.3787188, 73.157798) = 14628.9 m
2026-03-26 21:40:59.521 | DEBUG    | utils.geo_utils:haversine_distance:20 - Haversine: (31.5101284, 73.1503952) → (31.4457694, 73.1408101) = 7213.9 m
2026-03-26 21:40:59.522 | DEBUG    | utils.geo_utils:haversine_distance:20 - Haversine: (31.5101284, 73.1503952) → (31.5487412, 73.1501112) = 4293.6 m
2026-03-26 21:40:59.522 | DEBUG    | utils.geo_utils:haversine_distance:20 - Haversine: (31.5101284, 73.1503952) → (31.3836456, 73.0640586) = 16275.2 m
2026-03-26 21:40:59.522 | DEBUG    | utils.geo_utils:haversine_distance:20 - Haversine: (31.5101284, 73.1503952) → (31.4467219, 73.1271368) = 7387.4 m
2026-03-26 21:40:59.522 | DEBUG    | utils.geo_utils:haversine_distance:20 - Haversine: (31.5101284, 73.1503952) → (31.330396, 73.0696448) = 21403.9 m
2026-03-26 21:40:59.522 | DEBUG    | utils.geo_utils:haversine_distance:20 - Haversine: (31.5101284, 73.1503952) → (31.3413852, 73.1852291) = 19052.3 m
2026-03-26 21:40:59.522 | DEBUG    | utils.geo_utils:haversine_distance:20 - Haversine: (31.5101284, 73.1503952) → (31.4000755, 73.0126538) = 17901.3 m
2026-03-26 21:40:59.523 | DEBUG    | utils.geo_utils:haversine_distance:20 - Haversine: (31.5101284, 73.1503952) → (31.527645, 73.0552285) = 9228.7 m
2026-03-26 21:40:59.523 | DEBUG    | utils.geo_utils:haversine_distance:20 - Haversine: (31.5101284, 73.1503952) → (31.3281703, 73.1302408) = 20323.0 m
2026-03-26 21:40:59.523 | DEBUG    | utils.geo_utils:haversine_distance:20 - Haversine: (31.5101284, 73.1503952) → (31.4192659, 73.0416323) = 14439.2 m
2026-03-26 21:40:59.523 | DEBUG    | utils.geo_utils:haversine_distance:20 - Haversine: (31.4641337, 73.1683411) → (31.3691526, 73.0514611) = 15315.3 m
2026-03-26 21:40:59.523 | DEBUG    | utils.geo_utils:haversine_distance:20 - Haversine: (31.4641337, 73.1683411) → (31.3787188, 73.157798) = 9550.2 m
2026-03-26 21:40:59.523 | DEBUG    | utils.geo_utils:haversine_distance:20 - Haversine: (31.4641337, 73.1683411) → (31.4457694, 73.1408101) = 3315.0 m
2026-03-26 21:40:59.523 | DEBUG    | utils.geo_utils:haversine_distance:20 - Haversine: (31.4641337, 73.1683411) → (31.5487412, 73.1501112) = 9565.3 m
2026-03-26 21:40:59.523 | DEBUG    | utils.geo_utils:haversine_distance:20 - Haversine: (31.4641337, 73.1683411) → (31.3836456, 73.0640586) = 13342.1 m
2026-03-26 21:40:59.524 | DEBUG    | utils.geo_utils:haversine_distance:20 - Haversine: (31.4641337, 73.1683411) → (31.4467219, 73.1271368) = 4361.7 m
2026-03-26 21:40:59.524 | DEBUG    | utils.geo_utils:haversine_distance:20 - Haversine: (31.4641337, 73.1683411) → (31.330396, 73.0696448) = 17575.5 m
2026-03-26 21:40:59.524 | DEBUG    | utils.geo_utils:haversine_distance:20 - Haversine: (31.4641337, 73.1683411) → (31.3413852, 73.1852291) = 13742.8 m
2026-03-26 21:40:59.524 | DEBUG    | utils.geo_utils:haversine_distance:20 - Haversine: (31.4641337, 73.1683411) → (31.4000755, 73.0126538) = 16399.0 m
2026-03-26 21:40:59.524 | DEBUG    | utils.geo_utils:haversine_distance:20 - Haversine: (31.4641337, 73.1683411) → (31.527645, 73.0552285) = 12841.0 m
2026-03-26 21:40:59.524 | DEBUG    | utils.geo_utils:haversine_distance:20 - Haversine: (31.4641337, 73.1683411) → (31.3281703, 73.1302408) = 15544.9 m
2026-03-26 21:40:59.524 | DEBUG    | utils.geo_utils:haversine_distance:20 - Haversine: (31.4641337, 73.1683411) → (31.4192659, 73.0416323) = 13014.9 m
2026-03-26 21:40:59.524 | DEBUG    | utils.geo_utils:haversine_distance:20 - Haversine: (31.4641337, 73.1683411) → (31.5101284, 73.1503952) = 5390.0 m
2026-03-26 21:40:59.527 | DEBUG    | utils.geo_utils:haversine_distance:20 - Haversine: (31.3446991, 73.0585627) → (31.3691526, 73.0514611) = 2801.5 m
2026-03-26 21:40:59.527 | DEBUG    | utils.geo_utils:haversine_distance:20 - Haversine: (31.3446991, 73.0585627) → (31.3787188, 73.157798) = 10153.3 m
2026-03-26 21:40:59.527 | DEBUG    | utils.geo_utils:haversine_distance:20 - Haversine: (31.3446991, 73.0585627) → (31.4457694, 73.1408101) = 13683.8 m
2026-03-26 21:40:59.527 | DEBUG    | utils.geo_utils:haversine_distance:20 - Haversine: (31.3446991, 73.0585627) → (31.5487412, 73.1501112) = 24293.8 m
2026-03-26 21:40:59.527 | DEBUG    | utils.geo_utils:haversine_distance:20 - Haversine: (31.3446991, 73.0585627) → (31.3836456, 73.0640586) = 4362.0 m
2026-03-26 21:40:59.527 | DEBUG    | utils.geo_utils:haversine_distance:20 - Haversine: (31.3446991, 73.0585627) → (31.4467219, 73.1271368) = 13079.0 m
2026-03-26 21:40:59.528 | DEBUG    | utils.geo_utils:haversine_distance:20 - Haversine: (31.3446991, 73.0585627) → (31.330396, 73.0696448) = 1907.2 m
2026-03-26 21:40:59.528 | DEBUG    | utils.geo_utils:haversine_distance:20 - Haversine: (31.3446991, 73.0585627) → (31.3413852, 73.1852291) = 12034.9 m
2026-03-26 21:40:59.528 | DEBUG    | utils.geo_utils:haversine_distance:20 - Haversine: (31.3446991, 73.0585627) → (31.4000755, 73.0126538) = 7544.0 m
2026-03-26 21:40:59.528 | DEBUG    | utils.geo_utils:haversine_distance:20 - Haversine: (31.3446991, 73.0585627) → (31.527645, 73.0552285) = 20345.1 m
2026-03-26 21:40:59.528 | DEBUG    | utils.geo_utils:haversine_distance:20 - Haversine: (31.3446991, 73.0585627) → (31.3281703, 73.1302408) = 7051.3 m
2026-03-26 21:40:59.528 | DEBUG    | utils.geo_utils:haversine_distance:20 - Haversine: (31.3446991, 73.0585627) → (31.4192659, 73.0416323) = 8445.8 m
2026-03-26 21:40:59.528 | DEBUG    | utils.geo_utils:haversine_distance:20 - Haversine: (31.3446991, 73.0585627) → (31.5101284, 73.1503952) = 20354.2 m
2026-03-26 21:40:59.528 | DEBUG    | utils.geo_utils:haversine_distance:20 - Haversine: (31.3446991, 73.0585627) → (31.4641337, 73.1683411) = 16879.6 m
2026-03-26 21:40:59.528 | DEBUG    | utils.geo_utils:haversine_distance:20 - Haversine: (31.5431453, 73.1283131) → (31.3691526, 73.0514611) = 20674.9 m
2026-03-26 21:40:59.528 | DEBUG    | utils.geo_utils:haversine_distance:20 - Haversine: (31.5431453, 73.1283131) → (31.3787188, 73.157798) = 18496.0 m
2026-03-26 21:40:59.528 | DEBUG    | utils.geo_utils:haversine_distance:20 - Haversine: (31.5431453, 73.1283131) → (31.4457694, 73.1408101) = 10892.3 m
2026-03-26 21:40:59.528 | DEBUG    | utils.geo_utils:haversine_distance:20 - Haversine: (31.5431453, 73.1283131) → (31.5487412, 73.1501112) = 2157.3 m
2026-03-26 21:40:59.529 | DEBUG    | utils.geo_utils:haversine_distance:20 - Haversine: (31.5431453, 73.1283131) → (31.3836456, 73.0640586) = 18753.4 m
2026-03-26 21:40:59.529 | DEBUG    | utils.geo_utils:haversine_distance:20 - Haversine: (31.5431453, 73.1283131) → (31.4467219, 73.1271368) = 10722.4 m
2026-03-26 21:40:59.544 | DEBUG    | utils.geo_utils:haversine_distance:20 - Haversine: (31.5431453, 73.1283131) → (31.330396, 73.0696448) = 24302.6 m
2026-03-26 21:40:59.544 | DEBUG    | utils.geo_utils:haversine_distance:20 - Haversine: (31.5431453, 73.1283131) → (31.3413852, 73.1852291) = 23075.3 m
2026-03-26 21:40:59.545 | DEBUG    | utils.geo_utils:haversine_distance:20 - Haversine: (31.5431453, 73.1283131) → (31.4000755, 73.0126538) = 19323.6 m
2026-03-26 21:40:59.545 | DEBUG    | utils.geo_utils:haversine_distance:20 - Haversine: (31.5431453, 73.1283131) → (31.527645, 73.0552285) = 7137.7 m
2026-03-26 21:40:59.545 | DEBUG    | utils.geo_utils:haversine_distance:20 - Haversine: (31.5431453, 73.1283131) → (31.3281703, 73.1302408) = 23904.8 m
2026-03-26 21:40:59.545 | DEBUG    | utils.geo_utils:haversine_distance:20 - Haversine: (31.5431453, 73.1283131) → (31.4192659, 73.0416323) = 16040.9 m
2026-03-26 21:40:59.545 | DEBUG    | utils.geo_utils:haversine_distance:20 - Haversine: (31.5431453, 73.1283131) → (31.5101284, 73.1503952) = 4226.0 m
2026-03-26 21:40:59.550 | DEBUG    | utils.geo_utils:haversine_distance:20 - Haversine: (31.5431453, 73.1283131) → (31.4641337, 73.1683411) = 9570.2 m
2026-03-26 21:40:59.551 | DEBUG    | utils.geo_utils:haversine_distance:20 - Haversine: (31.5431453, 73.1283131) → (31.3446991, 73.0585627) = 23037.0 m
2026-03-26 21:40:59.551 | DEBUG    | utils.geo_utils:haversine_distance:20 - Haversine: (31.398463, 73.0263855) → (31.3691526, 73.0514611) = 4035.9 m
2026-03-26 21:40:59.551 | DEBUG    | utils.geo_utils:haversine_distance:20 - Haversine: (31.398463, 73.0263855) → (31.3787188, 73.157798) = 12665.7 m
2026-03-26 21:40:59.551 | DEBUG    | utils.geo_utils:haversine_distance:20 - Haversine: (31.398463, 73.0263855) → (31.4457694, 73.1408101) = 12064.7 m
2026-03-26 21:40:59.551 | DEBUG    | utils.geo_utils:haversine_distance:20 - Haversine: (31.398463, 73.0263855) → (31.5487412, 73.1501112) = 20418.3 m
2026-03-26 21:40:59.551 | DEBUG    | utils.geo_utils:haversine_distance:20 - Haversine: (31.398463, 73.0263855) → (31.3836456, 73.0640586) = 3937.2 m
2026-03-26 21:40:59.551 | DEBUG    | utils.geo_utils:haversine_distance:20 - Haversine: (31.398463, 73.0263855) → (31.4467219, 73.1271368) = 10963.1 m
2026-03-26 21:40:59.551 | DEBUG    | utils.geo_utils:haversine_distance:20 - Haversine: (31.398463, 73.0263855) → (31.330396, 73.0696448) = 8611.4 m
2026-03-26 21:40:59.551 | DEBUG    | utils.geo_utils:haversine_distance:20 - Haversine: (31.398463, 73.0263855) → (31.3413852, 73.1852291) = 16361.9 m
2026-03-26 21:40:59.551 | DEBUG    | utils.geo_utils:haversine_distance:20 - Haversine: (31.398463, 73.0263855) → (31.4000755, 73.0126538) = 1315.6 m
2026-03-26 21:40:59.551 | DEBUG    | utils.geo_utils:haversine_distance:20 - Haversine: (31.398463, 73.0263855) → (31.527645, 73.0552285) = 14622.6 m
2026-03-26 21:40:59.551 | DEBUG    | utils.geo_utils:haversine_distance:20 - Haversine: (31.398463, 73.0263855) → (31.3281703, 73.1302408) = 12582.9 m
2026-03-26 21:40:59.551 | DEBUG    | utils.geo_utils:haversine_distance:20 - Haversine: (31.398463, 73.0263855) → (31.4192659, 73.0416323) = 2728.4 m
2026-03-26 21:40:59.551 | DEBUG    | utils.geo_utils:haversine_distance:20 - Haversine: (31.398463, 73.0263855) → (31.5101284, 73.1503952) = 17103.8 m
2026-03-26 21:40:59.552 | DEBUG    | utils.geo_utils:haversine_distance:20 - Haversine: (31.398463, 73.0263855) → (31.4641337, 73.1683411) = 15320.8 m
2026-03-26 21:40:59.552 | DEBUG    | utils.geo_utils:haversine_distance:20 - Haversine: (31.398463, 73.0263855) → (31.3446991, 73.0585627) = 6713.6 m
2026-03-26 21:40:59.552 | DEBUG    | utils.geo_utils:haversine_distance:20 - Haversine: (31.398463, 73.0263855) → (31.5431453, 73.1283131) = 18768.8 m
2026-03-26 21:40:59.552 | DEBUG    | utils.geo_utils:haversine_distance:20 - Haversine: (31.3190478, 73.1756414) → (31.3691526, 73.0514611) = 13042.9 m
2026-03-26 21:40:59.552 | DEBUG    | utils.geo_utils:haversine_distance:20 - Haversine: (31.3190478, 73.1756414) → (31.3787188, 73.157798) = 6848.1 m
2026-03-26 21:40:59.552 | DEBUG    | utils.geo_utils:haversine_distance:20 - Haversine: (31.3190478, 73.1756414) → (31.4457694, 73.1408101) = 14473.5 m
2026-03-26 21:40:59.552 | DEBUG    | utils.geo_utils:haversine_distance:20 - Haversine: (31.3190478, 73.1756414) → (31.5487412, 73.1501112) = 25655.3 m
2026-03-26 21:40:59.552 | DEBUG    | utils.geo_utils:haversine_distance:20 - Haversine: (31.3190478, 73.1756414) → (31.3836456, 73.0640586) = 12801.1 m
2026-03-26 21:40:59.552 | DEBUG    | utils.geo_utils:haversine_distance:20 - Haversine: (31.3190478, 73.1756414) → (31.4467219, 73.1271368) = 14924.7 m
2026-03-26 21:40:59.552 | DEBUG    | utils.geo_utils:haversine_distance:20 - Haversine: (31.3190478, 73.1756414) → (31.330396, 73.0696448) = 10147.0 m
2026-03-26 21:40:59.552 | DEBUG    | utils.geo_utils:haversine_distance:20 - Haversine: (31.3190478, 73.1756414) → (31.3413852, 73.1852291) = 2645.5 m
2026-03-26 21:40:59.552 | DEBUG    | utils.geo_utils:haversine_distance:20 - Haversine: (31.3190478, 73.1756414) → (31.4000755, 73.0126538) = 17907.6 m
2026-03-26 21:40:59.553 | DEBUG    | utils.geo_utils:haversine_distance:20 - Haversine: (31.3190478, 73.1756414) → (31.527645, 73.0552285) = 25856.3 m
2026-03-26 21:40:59.553 | DEBUG    | utils.geo_utils:haversine_distance:20 - Haversine: (31.3190478, 73.1756414) → (31.3281703, 73.1302408) = 4430.2 m
2026-03-26 21:40:59.553 | DEBUG    | utils.geo_utils:haversine_distance:20 - Haversine: (31.3190478, 73.1756414) → (31.4192659, 73.0416323) = 16913.3 m
2026-03-26 21:40:59.554 | DEBUG    | utils.geo_utils:haversine_distance:20 - Haversine: (31.3190478, 73.1756414) → (31.5101284, 73.1503952) = 21381.8 m
2026-03-26 21:40:59.554 | DEBUG    | utils.geo_utils:haversine_distance:20 - Haversine: (31.3190478, 73.1756414) → (31.4641337, 73.1683411) = 16147.7 m
2026-03-26 21:40:59.554 | DEBUG    | utils.geo_utils:haversine_distance:20 - Haversine: (31.3190478, 73.1756414) → (31.3446991, 73.0585627) = 11480.0 m
2026-03-26 21:40:59.554 | DEBUG    | utils.geo_utils:haversine_distance:20 - Haversine: (31.3190478, 73.1756414) → (31.5431453, 73.1283131) = 25319.9 m
2026-03-26 21:40:59.554 | DEBUG    | utils.geo_utils:haversine_distance:20 - Haversine: (31.3190478, 73.1756414) → (31.398463, 73.0263855) = 16698.2 m
2026-03-26 21:40:59.554 | DEBUG    | utils.geo_utils:haversine_distance:20 - Haversine: (31.3557607, 73.1450675) → (31.3691526, 73.0514611) = 9011.7 m
2026-03-26 21:40:59.555 | DEBUG    | utils.geo_utils:haversine_distance:20 - Haversine: (31.3557607, 73.1450675) → (31.3787188, 73.157798) = 2824.5 m
2026-03-26 21:40:59.555 | DEBUG    | utils.geo_utils:haversine_distance:20 - Haversine: (31.3557607, 73.1450675) → (31.4457694, 73.1408101) = 10016.7 m
2026-03-26 21:40:59.555 | DEBUG    | utils.geo_utils:haversine_distance:20 - Haversine: (31.3557607, 73.1450675) → (31.5487412, 73.1501112) = 21463.8 m
2026-03-26 21:40:59.556 | DEBUG    | utils.geo_utils:haversine_distance:20 - Haversine: (31.3557607, 73.1450675) → (31.3836456, 73.0640586) = 8292.6 m
2026-03-26 21:40:59.556 | DEBUG    | utils.geo_utils:haversine_distance:20 - Haversine: (31.3557607, 73.1450675) → (31.4467219, 73.1271368) = 10256.6 m
2026-03-26 21:40:59.556 | DEBUG    | utils.geo_utils:haversine_distance:20 - Haversine: (31.3557607, 73.1450675) → (31.330396, 73.0696448) = 7698.0 m
2026-03-26 21:40:59.556 | DEBUG    | utils.geo_utils:haversine_distance:20 - Haversine: (31.3557607, 73.1450675) → (31.3413852, 73.1852291) = 4135.3 m
2026-03-26 21:40:59.556 | DEBUG    | utils.geo_utils:haversine_distance:20 - Haversine: (31.3557607, 73.1450675) → (31.4000755, 73.0126538) = 13501.7 m
2026-03-26 21:40:59.557 | DEBUG    | utils.geo_utils:haversine_distance:20 - Haversine: (31.3557607, 73.1450675) → (31.527645, 73.0552285) = 20926.9 m
2026-03-26 21:40:59.557 | DEBUG    | utils.geo_utils:haversine_distance:20 - Haversine: (31.3557607, 73.1450675) → (31.3281703, 73.1302408) = 3375.6 m
2026-03-26 21:40:59.557 | DEBUG    | utils.geo_utils:haversine_distance:20 - Haversine: (31.3557607, 73.1450675) → (31.4192659, 73.0416323) = 12094.0 m
2026-03-26 21:40:59.557 | DEBUG    | utils.geo_utils:haversine_distance:20 - Haversine: (31.3557607, 73.1450675) → (31.5101284, 73.1503952) = 17172.3 m
2026-03-26 21:40:59.557 | DEBUG    | utils.geo_utils:haversine_distance:20 - Haversine: (31.3557607, 73.1450675) → (31.4641337, 73.1683411) = 12251.3 m
2026-03-26 21:40:59.557 | DEBUG    | utils.geo_utils:haversine_distance:20 - Haversine: (31.3557607, 73.1450675) → (31.3446991, 73.0585627) = 8306.1 m
2026-03-26 21:40:59.557 | DEBUG    | utils.geo_utils:haversine_distance:20 - Haversine: (31.3557607, 73.1450675) → (31.5431453, 73.1283131) = 20896.7 m
2026-03-26 21:40:59.557 | DEBUG    | utils.geo_utils:haversine_distance:20 - Haversine: (31.3557607, 73.1450675) → (31.398463, 73.0263855) = 12226.6 m
2026-03-26 21:40:59.557 | DEBUG    | utils.geo_utils:haversine_distance:20 - Haversine: (31.3557607, 73.1450675) → (31.3190478, 73.1756414) = 5009.7 m
2026-03-26 21:40:59.558 | DEBUG    | utils.geo_utils:haversine_distance:20 - Haversine: (31.4601458, 73.0666137) → (31.3691526, 73.0514611) = 10219.6 m
2026-03-26 21:40:59.558 | DEBUG    | utils.geo_utils:haversine_distance:20 - Haversine: (31.4601458, 73.0666137) → (31.3787188, 73.157798) = 12523.8 m
2026-03-26 21:40:59.558 | DEBUG    | utils.geo_utils:haversine_distance:20 - Haversine: (31.4601458, 73.0666137) → (31.4457694, 73.1408101) = 7217.3 m
2026-03-26 21:40:59.558 | DEBUG    | utils.geo_utils:haversine_distance:20 - Haversine: (31.4601458, 73.0666137) → (31.5487412, 73.1501112) = 12637.7 m
2026-03-26 21:40:59.558 | DEBUG    | utils.geo_utils:haversine_distance:20 - Haversine: (31.4601458, 73.0666137) → (31.3836456, 73.0640586) = 8509.9 m
2026-03-26 21:40:59.558 | DEBUG    | utils.geo_utils:haversine_distance:20 - Haversine: (31.4601458, 73.0666137) → (31.4467219, 73.1271368) = 5931.9 m
2026-03-26 21:40:59.558 | DEBUG    | utils.geo_utils:haversine_distance:20 - Haversine: (31.4601458, 73.0666137) → (31.330396, 73.0696448) = 14430.4 m
2026-03-26 21:40:59.558 | DEBUG    | utils.geo_utils:haversine_distance:20 - Haversine: (31.4601458, 73.0666137) → (31.3413852, 73.1852291) = 17352.9 m
2026-03-26 21:40:59.558 | DEBUG    | utils.geo_utils:haversine_distance:20 - Haversine: (31.4601458, 73.0666137) → (31.4000755, 73.0126538) = 8415.9 m
2026-03-26 21:40:59.559 | DEBUG    | utils.geo_utils:haversine_distance:20 - Haversine: (31.4601458, 73.0666137) → (31.527645, 73.0552285) = 7582.8 m
2026-03-26 21:40:59.559 | DEBUG    | utils.geo_utils:haversine_distance:20 - Haversine: (31.4601458, 73.0666137) → (31.3281703, 73.1302408) = 15869.1 m
2026-03-26 21:40:59.559 | DEBUG    | utils.geo_utils:haversine_distance:20 - Haversine: (31.4601458, 73.0666137) → (31.4192659, 73.0416323) = 5126.4 m
2026-03-26 21:40:59.559 | DEBUG    | utils.geo_utils:haversine_distance:20 - Haversine: (31.4601458, 73.0666137) → (31.5101284, 73.1503952) = 9695.6 m
2026-03-26 21:40:59.559 | DEBUG    | utils.geo_utils:haversine_distance:20 - Haversine: (31.4601458, 73.0666137) → (31.4641337, 73.1683411) = 9658.8 m
2026-03-26 21:40:59.559 | DEBUG    | utils.geo_utils:haversine_distance:20 - Haversine: (31.4601458, 73.0666137) → (31.3446991, 73.0585627) = 12859.8 m
2026-03-26 21:40:59.559 | DEBUG    | utils.geo_utils:haversine_distance:20 - Haversine: (31.4601458, 73.0666137) → (31.5431453, 73.1283131) = 10926.8 m
2026-03-26 21:40:59.559 | DEBUG    | utils.geo_utils:haversine_distance:20 - Haversine: (31.4601458, 73.0666137) → (31.398463, 73.0263855) = 7849.3 m
2026-03-26 21:40:59.560 | DEBUG    | utils.geo_utils:haversine_distance:20 - Haversine: (31.4601458, 73.0666137) → (31.3190478, 73.1756414) = 18795.2 m
2026-03-26 21:40:59.560 | DEBUG    | utils.geo_utils:haversine_distance:20 - Haversine: (31.4601458, 73.0666137) → (31.3557607, 73.1450675) = 13789.8 m
2026-03-26 21:40:59.560 | DEBUG    | utils.geo_utils:haversine_distance:20 - Haversine: (31.5426468, 73.1258022) → (31.3691526, 73.0514611) = 20540.0 m
2026-03-26 21:40:59.560 | DEBUG    | utils.geo_utils:haversine_distance:20 - Haversine: (31.5426468, 73.1258022) → (31.3787188, 73.157798) = 18478.9 m
2026-03-26 21:40:59.560 | DEBUG    | utils.geo_utils:haversine_distance:20 - Haversine: (31.5426468, 73.1258022) → (31.4457694, 73.1408101) = 10865.9 m
2026-03-26 21:40:59.560 | DEBUG    | utils.geo_utils:haversine_distance:20 - Haversine: (31.5426468, 73.1258022) → (31.5487412, 73.1501112) = 2401.2 m
2026-03-26 21:40:59.560 | DEBUG    | utils.geo_utils:haversine_distance:20 - Haversine: (31.5426468, 73.1258022) → (31.3836456, 73.0640586) = 18624.8 m
2026-03-26 21:40:59.561 | DEBUG    | utils.geo_utils:haversine_distance:20 - Haversine: (31.5426468, 73.1258022) → (31.4467219, 73.1271368) = 10667.1 m
2026-03-26 21:40:59.561 | DEBUG    | utils.geo_utils:haversine_distance:20 - Haversine: (31.5426468, 73.1258022) → (31.330396, 73.0696448) = 24195.1 m
2026-03-26 21:40:59.561 | DEBUG    | utils.geo_utils:haversine_distance:20 - Haversine: (31.5426468, 73.1258022) → (31.3413852, 73.1852291) = 23078.5 m
2026-03-26 21:40:59.561 | DEBUG    | utils.geo_utils:haversine_distance:20 - Haversine: (31.5426468, 73.1258022) → (31.4000755, 73.0126538) = 19143.5 m
2026-03-26 21:40:59.561 | DEBUG    | utils.geo_utils:haversine_distance:20 - Haversine: (31.5426468, 73.1258022) → (31.527645, 73.0552285) = 6893.4 m
2026-03-26 21:40:59.561 | DEBUG    | utils.geo_utils:haversine_distance:20 - Haversine: (31.5426468, 73.1258022) → (31.3281703, 73.1302408) = 23852.4 m
2026-03-26 21:40:59.561 | DEBUG    | utils.geo_utils:haversine_distance:20 - Haversine: (31.5426468, 73.1258022) → (31.4192659, 73.0416323) = 15872.2 m
2026-03-26 21:40:59.561 | DEBUG    | utils.geo_utils:haversine_distance:20 - Haversine: (31.5426468, 73.1258022) → (31.5101284, 73.1503952) = 4302.1 m
2026-03-26 21:40:59.562 | DEBUG    | utils.geo_utils:haversine_distance:20 - Haversine: (31.5426468, 73.1258022) → (31.4641337, 73.1683411) = 9616.8 m
2026-03-26 21:40:59.562 | DEBUG    | utils.geo_utils:haversine_distance:20 - Haversine: (31.5426468, 73.1258022) → (31.3446991, 73.0585627) = 22916.4 m
2026-03-26 21:40:59.562 | DEBUG    | utils.geo_utils:haversine_distance:20 - Haversine: (31.5426468, 73.1258022) → (31.5431453, 73.1283131) = 244.3 m
2026-03-26 21:40:59.566 | DEBUG    | utils.geo_utils:haversine_distance:20 - Haversine: (31.4743292, 73.1046958) → (31.3691526, 73.0514611) = 12739.4 m
2026-03-26 21:40:59.566 | DEBUG    | utils.geo_utils:haversine_distance:20 - Haversine: (31.4743292, 73.1046958) → (31.3787188, 73.157798) = 11764.9 m
2026-03-26 21:40:59.567 | DEBUG    | utils.geo_utils:haversine_distance:20 - Haversine: (31.4743292, 73.1046958) → (31.4457694, 73.1408101) = 4671.0 m
2026-03-26 21:40:59.567 | DEBUG    | utils.geo_utils:haversine_distance:20 - Haversine: (31.4743292, 73.1046958) → (31.5487412, 73.1501112) = 9327.3 m
2026-03-26 21:40:59.567 | DEBUG    | utils.geo_utils:haversine_distance:20 - Haversine: (31.4743292, 73.1046958) → (31.3836456, 73.0640586) = 10795.6 m
2026-03-26 21:40:59.568 | DEBUG    | utils.geo_utils:haversine_distance:20 - Haversine: (31.4743292, 73.1046958) → (31.4467219, 73.1271368) = 3735.5 m
2026-03-26 21:40:59.568 | DEBUG    | utils.geo_utils:haversine_distance:20 - Haversine: (31.4743292, 73.1046958) → (31.330396, 73.0696448) = 16346.7 m
2026-03-26 21:40:59.568 | DEBUG    | utils.geo_utils:haversine_distance:20 - Haversine: (31.4743292, 73.1046958) → (31.3413852, 73.1852291) = 16641.5 m
2026-03-26 21:40:59.568 | DEBUG    | utils.geo_utils:haversine_distance:20 - Haversine: (31.4743292, 73.1046958) → (31.4000755, 73.0126538) = 12017.7 m
2026-03-26 21:40:59.568 | DEBUG    | utils.geo_utils:haversine_distance:20 - Haversine: (31.4743292, 73.1046958) → (31.527645, 73.0552285) = 7559.2 m
2026-03-26 21:40:59.568 | DEBUG    | utils.geo_utils:haversine_distance:20 - Haversine: (31.4743292, 73.1046958) → (31.3281703, 73.1302408) = 16432.0 m
2026-03-26 21:40:59.568 | DEBUG    | utils.geo_utils:haversine_distance:20 - Haversine: (31.4743292, 73.1046958) → (31.4192659, 73.0416323) = 8560.2 m
2026-03-26 21:40:59.568 | DEBUG    | utils.geo_utils:haversine_distance:20 - Haversine: (31.4743292, 73.1046958) → (31.5101284, 73.1503952) = 5884.0 m
2026-03-26 21:40:59.568 | DEBUG    | utils.geo_utils:haversine_distance:20 - Haversine: (31.4743292, 73.1046958) → (31.4641337, 73.1683411) = 6141.7 m
2026-03-26 21:40:59.568 | DEBUG    | utils.geo_utils:haversine_distance:20 - Haversine: (31.4743292, 73.1046958) → (31.3446991, 73.0585627) = 15064.4 m
2026-03-26 21:40:59.568 | DEBUG    | utils.geo_utils:haversine_distance:20 - Haversine: (31.4743292, 73.1046958) → (31.5431453, 73.1283131) = 7972.8 m
2026-03-26 21:40:59.568 | DEBUG    | utils.geo_utils:haversine_distance:20 - Haversine: (31.4743292, 73.1046958) → (31.398463, 73.0263855) = 11241.2 m
2026-03-26 21:40:59.568 | DEBUG    | utils.geo_utils:haversine_distance:20 - Haversine: (31.4743292, 73.1046958) → (31.3190478, 73.1756414) = 18533.1 m
2026-03-26 21:40:59.568 | DEBUG    | utils.geo_utils:haversine_distance:20 - Haversine: (31.4743292, 73.1046958) → (31.3557607, 73.1450675) = 13729.6 m
2026-03-26 21:40:59.568 | DEBUG    | utils.geo_utils:haversine_distance:20 - Haversine: (31.4743292, 73.1046958) → (31.4601458, 73.0666137) = 3941.1 m
2026-03-26 21:40:59.569 | DEBUG    | utils.geo_utils:haversine_distance:20 - Haversine: (31.4693742, 73.1600766) → (31.3691526, 73.0514611) = 15179.5 m
2026-03-26 21:40:59.569 | DEBUG    | utils.geo_utils:haversine_distance:20 - Haversine: (31.4693742, 73.1600766) → (31.3787188, 73.157798) = 10082.7 m
2026-03-26 21:40:59.569 | DEBUG    | utils.geo_utils:haversine_distance:20 - Haversine: (31.4693742, 73.1600766) → (31.4457694, 73.1408101) = 3198.3 m
2026-03-26 21:40:59.569 | DEBUG    | utils.geo_utils:haversine_distance:20 - Haversine: (31.4693742, 73.1600766) → (31.5487412, 73.1501112) = 8875.6 m
2026-03-26 21:40:59.569 | DEBUG    | utils.geo_utils:haversine_distance:20 - Haversine: (31.4693742, 73.1600766) → (31.3836456, 73.0640586) = 13186.1 m
2026-03-26 21:40:59.569 | DEBUG    | utils.geo_utils:haversine_distance:20 - Haversine: (31.4693742, 73.1600766) → (31.4467219, 73.1271368) = 4013.3 m
2026-03-26 21:40:59.569 | DEBUG    | utils.geo_utils:haversine_distance:20 - Haversine: (31.4693742, 73.1600766) → (31.330396, 73.0696448) = 17677.2 m
2026-03-26 21:40:59.569 | DEBUG    | utils.geo_utils:haversine_distance:20 - Haversine: (31.4693742, 73.1600766) → (31.3413852, 73.1852291) = 14430.5 m
2026-03-26 21:40:59.569 | DEBUG    | utils.geo_utils:haversine_distance:20 - Haversine: (31.4693742, 73.1600766) → (31.4000755, 73.0126538) = 15969.0 m
2026-03-26 21:40:59.569 | DEBUG    | utils.geo_utils:haversine_distance:20 - Haversine: (31.4693742, 73.1600766) → (31.527645, 73.0552285) = 11866.0 m
2026-03-26 21:40:59.569 | DEBUG    | utils.geo_utils:haversine_distance:20 - Haversine: (31.4693742, 73.1600766) → (31.3281703, 73.1302408) = 15954.5 m
2026-03-26 21:40:59.569 | DEBUG    | utils.geo_utils:haversine_distance:20 - Haversine: (31.4693742, 73.1600766) → (31.4192659, 73.0416323) = 12541.9 m
2026-03-26 21:40:59.570 | DEBUG    | utils.geo_utils:haversine_distance:20 - Haversine: (31.4693742, 73.1600766) → (31.5101284, 73.1503952) = 4623.7 m
2026-03-26 21:40:59.570 | DEBUG    | utils.geo_utils:haversine_distance:20 - Haversine: (31.4693742, 73.1600766) → (31.4641337, 73.1683411) = 976.7 m
2026-03-26 21:40:59.570 | DEBUG    | utils.geo_utils:haversine_distance:20 - Haversine: (31.4693742, 73.1600766) → (31.3446991, 73.0585627) = 16882.0 m
2026-03-26 21:40:59.570 | DEBUG    | utils.geo_utils:haversine_distance:20 - Haversine: (31.4693742, 73.1600766) → (31.5431453, 73.1283131) = 8738.2 m
2026-03-26 21:40:59.570 | DEBUG    | utils.geo_utils:haversine_distance:20 - Haversine: (31.4693742, 73.1600766) → (31.398463, 73.0263855) = 14935.2 m
2026-03-26 21:40:59.570 | DEBUG    | utils.geo_utils:haversine_distance:20 - Haversine: (31.4693742, 73.1600766) → (31.3190478, 73.1756414) = 16780.7 m
2026-03-26 21:40:59.570 | DEBUG    | utils.geo_utils:haversine_distance:20 - Haversine: (31.4693742, 73.1600766) → (31.3557607, 73.1450675) = 12713.3 m
2026-03-26 21:40:59.570 | DEBUG    | utils.geo_utils:haversine_distance:20 - Haversine: (31.4693742, 73.1600766) → (31.4601458, 73.0666137) = 8923.7 m
2026-03-26 21:40:59.570 | DEBUG    | utils.geo_utils:haversine_distance:20 - Haversine: (31.4693742, 73.1600766) → (31.4743292, 73.1046958) = 5281.0 m
2026-03-26 21:40:59.570 | DEBUG    | utils.geo_utils:haversine_distance:20 - Haversine: (31.4060883, 73.1115478) → (31.3691526, 73.0514611) = 7028.5 m
2026-03-26 21:40:59.570 | DEBUG    | utils.geo_utils:haversine_distance:20 - Haversine: (31.4060883, 73.1115478) → (31.3787188, 73.157798) = 5341.7 m
2026-03-26 21:40:59.571 | DEBUG    | utils.geo_utils:haversine_distance:20 - Haversine: (31.4060883, 73.1115478) → (31.4457694, 73.1408101) = 5213.2 m
2026-03-26 21:40:59.571 | DEBUG    | utils.geo_utils:haversine_distance:20 - Haversine: (31.4060883, 73.1115478) → (31.5487412, 73.1501112) = 16278.4 m
2026-03-26 21:40:59.571 | DEBUG    | utils.geo_utils:haversine_distance:20 - Haversine: (31.4060883, 73.1115478) → (31.3836456, 73.0640586) = 5152.2 m
2026-03-26 21:40:59.571 | DEBUG    | utils.geo_utils:haversine_distance:20 - Haversine: (31.4060883, 73.1115478) → (31.4467219, 73.1271368) = 4754.2 m
2026-03-26 21:40:59.571 | DEBUG    | utils.geo_utils:haversine_distance:20 - Haversine: (31.4060883, 73.1115478) → (31.330396, 73.0696448) = 9309.5 m
2026-03-26 21:40:59.571 | DEBUG    | utils.geo_utils:haversine_distance:20 - Haversine: (31.4060883, 73.1115478) → (31.3413852, 73.1852291) = 10034.7 m
2026-03-26 21:40:59.571 | DEBUG    | utils.geo_utils:haversine_distance:20 - Haversine: (31.4060883, 73.1115478) → (31.4000755, 73.0126538) = 9409.6 m
2026-03-26 21:40:59.571 | DEBUG    | utils.geo_utils:haversine_distance:20 - Haversine: (31.4060883, 73.1115478) → (31.527645, 73.0552285) = 14533.6 m
2026-03-26 21:40:59.571 | DEBUG    | utils.geo_utils:haversine_distance:20 - Haversine: (31.4060883, 73.1115478) → (31.3281703, 73.1302408) = 8844.0 m
2026-03-26 21:40:59.571 | DEBUG    | utils.geo_utils:haversine_distance:20 - Haversine: (31.4060883, 73.1115478) → (31.4192659, 73.0416323) = 6794.7 m
2026-03-26 21:40:59.571 | DEBUG    | utils.geo_utils:haversine_distance:20 - Haversine: (31.4060883, 73.1115478) → (31.5101284, 73.1503952) = 12141.4 m
2026-03-26 21:40:59.571 | DEBUG    | utils.geo_utils:haversine_distance:20 - Haversine: (31.4060883, 73.1115478) → (31.4641337, 73.1683411) = 8407.9 m
2026-03-26 21:40:59.571 | DEBUG    | utils.geo_utils:haversine_distance:20 - Haversine: (31.4060883, 73.1115478) → (31.3446991, 73.0585627) = 8479.3 m
2026-03-26 21:40:59.571 | DEBUG    | utils.geo_utils:haversine_distance:20 - Haversine: (31.4060883, 73.1115478) → (31.5431453, 73.1283131) = 15322.8 m
2026-03-26 21:40:59.572 | DEBUG    | utils.geo_utils:haversine_distance:20 - Haversine: (31.4060883, 73.1115478) → (31.398463, 73.0263855) = 8127.0 m
2026-03-26 21:40:59.572 | DEBUG    | utils.geo_utils:haversine_distance:20 - Haversine: (31.4060883, 73.1115478) → (31.3190478, 73.1756414) = 11432.7 m
2026-03-26 21:40:59.572 | DEBUG    | utils.geo_utils:haversine_distance:20 - Haversine: (31.4060883, 73.1115478) → (31.3557607, 73.1450675) = 6437.6 m
2026-03-26 21:40:59.572 | DEBUG    | utils.geo_utils:haversine_distance:20 - Haversine: (31.4060883, 73.1115478) → (31.4601458, 73.0666137) = 7369.3 m
2026-03-26 21:40:59.572 | DEBUG    | utils.geo_utils:haversine_distance:20 - Haversine: (31.4060883, 73.1115478) → (31.4743292, 73.1046958) = 7615.8 m
2026-03-26 21:40:59.572 | DEBUG    | utils.geo_utils:haversine_distance:20 - Haversine: (31.4060883, 73.1115478) → (31.4693742, 73.1600766) = 8409.4 m
2026-03-26 21:40:59.572 | DEBUG    | utils.geo_utils:haversine_distance:20 - Haversine: (31.4773379, 73.0052033) → (31.3691526, 73.0514611) = 12805.4 m
2026-03-26 21:40:59.572 | DEBUG    | utils.geo_utils:haversine_distance:20 - Haversine: (31.4773379, 73.0052033) → (31.3787188, 73.157798) = 18162.6 m
2026-03-26 21:40:59.572 | DEBUG    | utils.geo_utils:haversine_distance:20 - Haversine: (31.4773379, 73.0052033) → (31.4457694, 73.1408101) = 13332.5 m
2026-03-26 21:40:59.572 | DEBUG    | utils.geo_utils:haversine_distance:20 - Haversine: (31.4773379, 73.0052033) → (31.5487412, 73.1501112) = 15866.2 m
2026-03-26 21:40:59.572 | DEBUG    | utils.geo_utils:haversine_distance:20 - Haversine: (31.4773379, 73.0052033) → (31.3836456, 73.0640586) = 11820.3 m
2026-03-26 21:40:59.573 | DEBUG    | utils.geo_utils:haversine_distance:20 - Haversine: (31.4773379, 73.0052033) → (31.4467219, 73.1271368) = 12055.8 m
2026-03-26 21:40:59.573 | DEBUG    | utils.geo_utils:haversine_distance:20 - Haversine: (31.4773379, 73.0052033) → (31.330396, 73.0696448) = 17446.3 m
2026-03-26 21:40:59.573 | DEBUG    | utils.geo_utils:haversine_distance:20 - Haversine: (31.4773379, 73.0052033) → (31.3413852, 73.1852291) = 22812.6 m
2026-03-26 21:40:59.573 | DEBUG    | utils.geo_utils:haversine_distance:20 - Haversine: (31.4773379, 73.0052033) → (31.4000755, 73.0126538) = 8620.2 m
2026-03-26 21:40:59.573 | DEBUG    | utils.geo_utils:haversine_distance:20 - Haversine: (31.4773379, 73.0052033) → (31.527645, 73.0552285) = 7333.8 m
2026-03-26 21:40:59.573 | DEBUG    | utils.geo_utils:haversine_distance:20 - Haversine: (31.4773379, 73.0052033) → (31.3281703, 73.1302408) = 20394.7 m
2026-03-26 21:40:59.575 | DEBUG    | utils.geo_utils:haversine_distance:20 - Haversine: (31.4773379, 73.0052033) → (31.4192659, 73.0416323) = 7323.9 m
2026-03-26 21:40:59.576 | DEBUG    | utils.geo_utils:haversine_distance:20 - Haversine: (31.4773379, 73.0052033) → (31.5101284, 73.1503952) = 14241.1 m
2026-03-26 21:40:59.576 | DEBUG    | utils.geo_utils:haversine_distance:20 - Haversine: (31.4773379, 73.0052033) → (31.4641337, 73.1683411) = 15541.3 m
2026-03-26 21:40:59.576 | DEBUG    | utils.geo_utils:haversine_distance:20 - Haversine: (31.4773379, 73.0052033) → (31.3446991, 73.0585627) = 15593.8 m
2026-03-26 21:40:59.576 | DEBUG    | utils.geo_utils:haversine_distance:20 - Haversine: (31.4773379, 73.0052033) → (31.5431453, 73.1283131) = 13775.0 m
2026-03-26 21:40:59.576 | DEBUG    | utils.geo_utils:haversine_distance:20 - Haversine: (31.4773379, 73.0052033) → (31.398463, 73.0263855) = 8997.8 m
2026-03-26 21:40:59.576 | DEBUG    | utils.geo_utils:haversine_distance:20 - Haversine: (31.4773379, 73.0052033) → (31.3190478, 73.1756414) = 23905.7 m
2026-03-26 21:40:59.576 | DEBUG    | utils.geo_utils:haversine_distance:20 - Haversine: (31.4773379, 73.0052033) → (31.3557607, 73.1450675) = 18944.9 m
2026-03-26 21:40:59.576 | DEBUG    | utils.geo_utils:haversine_distance:20 - Haversine: (31.4773379, 73.0052033) → (31.4601458, 73.0666137) = 6129.9 m
2026-03-26 21:40:59.576 | DEBUG    | utils.geo_utils:haversine_distance:20 - Haversine: (31.4773379, 73.0052033) → (31.4743292, 73.1046958) = 9441.2 m
2026-03-26 21:40:59.576 | DEBUG    | utils.geo_utils:haversine_distance:20 - Haversine: (31.4773379, 73.0052033) → (31.4693742, 73.1600766) = 14714.3 m
2026-03-26 21:40:59.577 | DEBUG    | utils.geo_utils:haversine_distance:20 - Haversine: (31.4773379, 73.0052033) → (31.4060883, 73.1115478) = 12827.7 m
2026-03-26 21:40:59.577 | DEBUG    | utils.geo_utils:haversine_distance:20 - Haversine: (31.4766945, 73.1677037) → (31.3691526, 73.0514611) = 16268.3 m
2026-03-26 21:40:59.577 | DEBUG    | utils.geo_utils:haversine_distance:20 - Haversine: (31.4766945, 73.1677037) → (31.3787188, 73.157798) = 10934.9 m
2026-03-26 21:40:59.577 | DEBUG    | utils.geo_utils:haversine_distance:20 - Haversine: (31.4766945, 73.1677037) → (31.4457694, 73.1408101) = 4281.5 m
2026-03-26 21:40:59.577 | DEBUG    | utils.geo_utils:haversine_distance:20 - Haversine: (31.4766945, 73.1677037) → (31.5487412, 73.1501112) = 8183.0 m
2026-03-26 21:40:59.578 | DEBUG    | utils.geo_utils:haversine_distance:20 - Haversine: (31.4766945, 73.1677037) → (31.3836456, 73.0640586) = 14274.3 m
2026-03-26 21:40:59.578 | DEBUG    | utils.geo_utils:haversine_distance:20 - Haversine: (31.4766945, 73.1677037) → (31.4467219, 73.1271368) = 5090.4 m
2026-03-26 21:40:59.578 | DEBUG    | utils.geo_utils:haversine_distance:20 - Haversine: (31.4766945, 73.1677037) → (31.330396, 73.0696448) = 18741.6 m
2026-03-26 21:40:59.578 | DEBUG    | utils.geo_utils:haversine_distance:20 - Haversine: (31.4766945, 73.1677037) → (31.3413852, 73.1852291) = 15137.4 m
2026-03-26 21:40:59.581 | DEBUG    | utils.geo_utils:haversine_distance:20 - Haversine: (31.4766945, 73.1677037) → (31.4000755, 73.0126538) = 16998.9 m
2026-03-26 21:40:59.582 | DEBUG    | utils.geo_utils:haversine_distance:20 - Haversine: (31.4766945, 73.1677037) → (31.527645, 73.0552285) = 12075.0 m
2026-03-26 21:40:59.582 | DEBUG    | utils.geo_utils:haversine_distance:20 - Haversine: (31.4766945, 73.1677037) → (31.3281703, 73.1302408) = 16893.5 m
2026-03-26 21:40:59.583 | DEBUG    | utils.geo_utils:haversine_distance:20 - Haversine: (31.4766945, 73.1677037) → (31.4192659, 73.0416323) = 13557.5 m
2026-03-26 21:40:59.583 | DEBUG    | utils.geo_utils:haversine_distance:20 - Haversine: (31.4766945, 73.1677037) → (31.5101284, 73.1503952) = 4063.8 m
2026-03-26 21:40:59.583 | DEBUG    | utils.geo_utils:haversine_distance:20 - Haversine: (31.4766945, 73.1677037) → (31.4641337, 73.1683411) = 1398.0 m
2026-03-26 21:40:59.583 | DEBUG    | utils.geo_utils:haversine_distance:20 - Haversine: (31.4766945, 73.1677037) → (31.3446991, 73.0585627) = 17963.8 m
2026-03-26 21:40:59.583 | DEBUG    | utils.geo_utils:haversine_distance:20 - Haversine: (31.4766945, 73.1677037) → (31.5431453, 73.1283131) = 8279.0 m
2026-03-26 21:40:59.584 | DEBUG    | utils.geo_utils:haversine_distance:20 - Haversine: (31.4766945, 73.1677037) → (31.398463, 73.0263855) = 15982.0 m
2026-03-26 21:40:59.585 | DEBUG    | utils.geo_utils:haversine_distance:20 - Haversine: (31.4766945, 73.1677037) → (31.3190478, 73.1756414) = 17545.7 m
2026-03-26 21:40:59.585 | DEBUG    | utils.geo_utils:haversine_distance:20 - Haversine: (31.4766945, 73.1677037) → (31.3557607, 73.1450675) = 13617.7 m
2026-03-26 21:40:59.585 | DEBUG    | utils.geo_utils:haversine_distance:20 - Haversine: (31.4766945, 73.1677037) → (31.4601458, 73.0666137) = 9762.5 m
2026-03-26 21:40:59.585 | DEBUG    | utils.geo_utils:haversine_distance:20 - Haversine: (31.4766945, 73.1677037) → (31.4743292, 73.1046958) = 5981.1 m
2026-03-26 21:40:59.585 | DEBUG    | utils.geo_utils:haversine_distance:20 - Haversine: (31.4766945, 73.1677037) → (31.4693742, 73.1600766) = 1088.9 m
2026-03-26 21:40:59.585 | DEBUG    | utils.geo_utils:haversine_distance:20 - Haversine: (31.4766945, 73.1677037) → (31.4060883, 73.1115478) = 9487.9 m
2026-03-26 21:40:59.585 | DEBUG    | utils.geo_utils:haversine_distance:20 - Haversine: (31.4766945, 73.1677037) → (31.4773379, 73.0052033) = 15410.5 m
2026-03-26 21:40:59.585 | DEBUG    | utils.geo_utils:haversine_distance:20 - Haversine: (31.504101, 73.1583633) → (31.3691526, 73.0514611) = 18111.6 m
2026-03-26 21:40:59.586 | DEBUG    | utils.geo_utils:haversine_distance:20 - Haversine: (31.504101, 73.1583633) → (31.3787188, 73.157798) = 13942.0 m
2026-03-26 21:40:59.586 | DEBUG    | utils.geo_utils:haversine_distance:20 - Haversine: (31.504101, 73.1583633) → (31.4457694, 73.1408101) = 6696.4 m
2026-03-26 21:40:59.586 | DEBUG    | utils.geo_utils:haversine_distance:20 - Haversine: (31.504101, 73.1583633) → (31.5487412, 73.1501112) = 5025.0 m
2026-03-26 21:40:59.586 | DEBUG    | utils.geo_utils:haversine_distance:20 - Haversine: (31.504101, 73.1583633) → (31.3836456, 73.0640586) = 16107.0 m
2026-03-26 21:40:59.586 | DEBUG    | utils.geo_utils:haversine_distance:20 - Haversine: (31.504101, 73.1583633) → (31.4467219, 73.1271368) = 7034.0 m
2026-03-26 21:40:59.586 | DEBUG    | utils.geo_utils:haversine_distance:20 - Haversine: (31.504101, 73.1583633) → (31.330396, 73.0696448) = 21070.1 m
2026-03-26 21:40:59.586 | DEBUG    | utils.geo_utils:haversine_distance:20 - Haversine: (31.504101, 73.1583633) → (31.3413852, 73.1852291) = 18271.9 m
2026-03-26 21:40:59.586 | DEBUG    | utils.geo_utils:haversine_distance:20 - Haversine: (31.504101, 73.1583633) → (31.4000755, 73.0126538) = 18023.2 m
2026-03-26 21:40:59.586 | DEBUG    | utils.geo_utils:haversine_distance:20 - Haversine: (31.504101, 73.1583633) → (31.527645, 73.0552285) = 10120.9 m
2026-03-26 21:40:59.586 | DEBUG    | utils.geo_utils:haversine_distance:20 - Haversine: (31.504101, 73.1583633) → (31.3281703, 73.1302408) = 19743.8 m
2026-03-26 21:40:59.587 | DEBUG    | utils.geo_utils:haversine_distance:20 - Haversine: (31.504101, 73.1583633) → (31.4192659, 73.0416323) = 14545.4 m
2026-03-26 21:40:59.587 | DEBUG    | utils.geo_utils:haversine_distance:20 - Haversine: (31.504101, 73.1583633) → (31.5101284, 73.1503952) = 1009.9 m
2026-03-26 21:40:59.587 | DEBUG    | utils.geo_utils:haversine_distance:20 - Haversine: (31.504101, 73.1583633) → (31.4641337, 73.1683411) = 4543.8 m
2026-03-26 21:40:59.587 | DEBUG    | utils.geo_utils:haversine_distance:20 - Haversine: (31.504101, 73.1583633) → (31.3446991, 73.0585627) = 20095.7 m
2026-03-26 21:40:59.587 | DEBUG    | utils.geo_utils:haversine_distance:20 - Haversine: (31.504101, 73.1583633) → (31.5431453, 73.1283131) = 5192.5 m
2026-03-26 21:40:59.587 | DEBUG    | utils.geo_utils:haversine_distance:20 - Haversine: (31.504101, 73.1583633) → (31.398463, 73.0263855) = 17167.1 m
2026-03-26 21:40:59.587 | DEBUG    | utils.geo_utils:haversine_distance:20 - Haversine: (31.504101, 73.1583633) → (31.3190478, 73.1756414) = 20642.2 m
2026-03-26 21:40:59.587 | DEBUG    | utils.geo_utils:haversine_distance:20 - Haversine: (31.504101, 73.1583633) → (31.3557607, 73.1450675) = 16542.9 m
2026-03-26 21:40:59.588 | DEBUG    | utils.geo_utils:haversine_distance:20 - Haversine: (31.504101, 73.1583633) → (31.4601458, 73.0666137) = 9979.2 m
2026-03-26 21:40:59.588 | DEBUG    | utils.geo_utils:haversine_distance:20 - Haversine: (31.504101, 73.1583633) → (31.4743292, 73.1046958) = 6070.8 m
2026-03-26 21:40:59.588 | DEBUG    | utils.geo_utils:haversine_distance:20 - Haversine: (31.504101, 73.1583633) → (31.4693742, 73.1600766) = 3864.9 m
2026-03-26 21:40:59.588 | DEBUG    | utils.geo_utils:haversine_distance:20 - Haversine: (31.504101, 73.1583633) → (31.4060883, 73.1115478) = 11768.5 m
2026-03-26 21:40:59.588 | DEBUG    | utils.geo_utils:haversine_distance:20 - Haversine: (31.504101, 73.1583633) → (31.4773379, 73.0052033) = 14824.2 m
2026-03-26 21:40:59.588 | DEBUG    | utils.geo_utils:haversine_distance:20 - Haversine: (31.504101, 73.1583633) → (31.4766945, 73.1677037) = 3173.5 m
2026-03-26 21:40:59.588 | DEBUG    | utils.geo_utils:haversine_distance:20 - Haversine: (31.3907077, 73.1897443) → (31.3691526, 73.0514611) = 13344.3 m
2026-03-26 21:40:59.591 | DEBUG    | utils.geo_utils:haversine_distance:20 - Haversine: (31.3907077, 73.1897443) → (31.3787188, 73.157798) = 3312.6 m
2026-03-26 21:40:59.591 | DEBUG    | utils.geo_utils:haversine_distance:20 - Haversine: (31.3907077, 73.1897443) → (31.4457694, 73.1408101) = 7684.3 m
2026-03-26 21:40:59.591 | DEBUG    | utils.geo_utils:haversine_distance:20 - Haversine: (31.3907077, 73.1897443) → (31.5487412, 73.1501112) = 17970.0 m
2026-03-26 21:40:59.591 | DEBUG    | utils.geo_utils:haversine_distance:20 - Haversine: (31.3907077, 73.1897443) → (31.3836456, 73.0640586) = 11956.3 m
2026-03-26 21:40:59.592 | DEBUG    | utils.geo_utils:haversine_distance:20 - Haversine: (31.3907077, 73.1897443) → (31.4467219, 73.1271368) = 8607.5 m
2026-03-26 21:40:59.593 | DEBUG    | utils.geo_utils:haversine_distance:20 - Haversine: (31.3907077, 73.1897443) → (31.330396, 73.0696448) = 13229.3 m
2026-03-26 21:40:59.603 | DEBUG    | utils.geo_utils:haversine_distance:20 - Haversine: (31.3907077, 73.1897443) → (31.3413852, 73.1852291) = 5501.1 m
2026-03-26 21:40:59.604 | DEBUG    | utils.geo_utils:haversine_distance:20 - Haversine: (31.3907077, 73.1897443) → (31.4000755, 73.0126538) = 16840.8 m
2026-03-26 21:40:59.605 | DEBUG    | utils.geo_utils:haversine_distance:20 - Haversine: (31.3907077, 73.1897443) → (31.527645, 73.0552285) = 19865.6 m
2026-03-26 21:40:59.608 | DEBUG    | utils.geo_utils:haversine_distance:20 - Haversine: (31.3907077, 73.1897443) → (31.3281703, 73.1302408) = 8959.8 m
2026-03-26 21:40:59.611 | DEBUG    | utils.geo_utils:haversine_distance:20 - Haversine: (31.3907077, 73.1897443) → (31.4192659, 73.0416323) = 14410.9 m
2026-03-26 21:40:59.612 | DEBUG    | utils.geo_utils:haversine_distance:20 - Haversine: (31.3907077, 73.1897443) → (31.5101284, 73.1503952) = 13793.6 m
2026-03-26 21:40:59.621 | DEBUG    | utils.geo_utils:haversine_distance:20 - Haversine: (31.3907077, 73.1897443) → (31.4641337, 73.1683411) = 8413.4 m
2026-03-26 21:40:59.621 | DEBUG    | utils.geo_utils:haversine_distance:20 - Haversine: (31.3907077, 73.1897443) → (31.3446991, 73.0585627) = 13464.6 m
2026-03-26 21:40:59.622 | DEBUG    | utils.geo_utils:haversine_distance:20 - Haversine: (31.3907077, 73.1897443) → (31.5431453, 73.1283131) = 17923.7 m
2026-03-26 21:40:59.622 | DEBUG    | utils.geo_utils:haversine_distance:20 - Haversine: (31.3907077, 73.1897443) → (31.398463, 73.0263855) = 15529.3 m
2026-03-26 21:40:59.622 | DEBUG    | utils.geo_utils:haversine_distance:20 - Haversine: (31.3907077, 73.1897443) → (31.3190478, 73.1756414) = 8080.0 m
2026-03-26 21:40:59.622 | DEBUG    | utils.geo_utils:haversine_distance:20 - Haversine: (31.3907077, 73.1897443) → (31.3557607, 73.1450675) = 5752.5 m
2026-03-26 21:40:59.622 | DEBUG    | utils.geo_utils:haversine_distance:20 - Haversine: (31.3907077, 73.1897443) → (31.4601458, 73.0666137) = 14004.1 m
2026-03-26 21:40:59.622 | DEBUG    | utils.geo_utils:haversine_distance:20 - Haversine: (31.3907077, 73.1897443) → (31.4743292, 73.1046958) = 12311.4 m
2026-03-26 21:40:59.636 | DEBUG    | utils.geo_utils:haversine_distance:20 - Haversine: (31.3907077, 73.1897443) → (31.4693742, 73.1600766) = 9189.1 m
2026-03-26 21:40:59.636 | DEBUG    | utils.geo_utils:haversine_distance:20 - Haversine: (31.3907077, 73.1897443) → (31.4060883, 73.1115478) = 7616.3 m
2026-03-26 21:40:59.677 | DEBUG    | utils.geo_utils:haversine_distance:20 - Haversine: (31.3907077, 73.1897443) → (31.4773379, 73.0052033) = 19983.5 m
2026-03-26 21:40:59.705 | DEBUG    | utils.geo_utils:haversine_distance:20 - Haversine: (31.3907077, 73.1897443) → (31.4766945, 73.1677037) = 9787.3 m
2026-03-26 21:40:59.791 | DEBUG    | utils.geo_utils:haversine_distance:20 - Haversine: (31.3907077, 73.1897443) → (31.504101, 73.1583633) = 12955.4 m
2026-03-26 21:40:59.792 | DEBUG    | utils.geo_utils:haversine_distance:20 - Haversine: (31.4052045, 73.0873694) → (31.3691526, 73.0514611) = 5262.0 m
2026-03-26 21:40:59.792 | DEBUG    | utils.geo_utils:haversine_distance:20 - Haversine: (31.4052045, 73.0873694) → (31.3787188, 73.157798) = 7305.0 m
2026-03-26 21:40:59.792 | DEBUG    | utils.geo_utils:haversine_distance:20 - Haversine: (31.4052045, 73.0873694) → (31.4457694, 73.1408101) = 6786.6 m
2026-03-26 21:40:59.792 | DEBUG    | utils.geo_utils:haversine_distance:20 - Haversine: (31.4052045, 73.0873694) → (31.5487412, 73.1501112) = 17033.5 m
2026-03-26 21:40:59.792 | DEBUG    | utils.geo_utils:haversine_distance:20 - Haversine: (31.4052045, 73.0873694) → (31.3836456, 73.0640586) = 3262.2 m
2026-03-26 21:40:59.792 | DEBUG    | utils.geo_utils:haversine_distance:20 - Haversine: (31.4052045, 73.0873694) → (31.4467219, 73.1271368) = 5962.4 m
2026-03-26 21:40:59.792 | DEBUG    | utils.geo_utils:haversine_distance:20 - Haversine: (31.4052045, 73.0873694) → (31.330396, 73.0696448) = 8486.8 m
2026-03-26 21:40:59.793 | DEBUG    | utils.geo_utils:haversine_distance:20 - Haversine: (31.4052045, 73.0873694) → (31.3413852, 73.1852291) = 11690.7 m
2026-03-26 21:40:59.841 | DEBUG    | utils.geo_utils:haversine_distance:20 - Haversine: (31.4052045, 73.0873694) → (31.4000755, 73.0126538) = 7114.0 m
2026-03-26 21:40:59.841 | DEBUG    | utils.geo_utils:haversine_distance:20 - Haversine: (31.4052045, 73.0873694) → (31.527645, 73.0552285) = 13951.9 m
2026-03-26 21:40:59.841 | DEBUG    | utils.geo_utils:haversine_distance:20 - Haversine: (31.4052045, 73.0873694) → (31.3281703, 73.1302408) = 9483.7 m
2026-03-26 21:40:59.841 | DEBUG    | utils.geo_utils:haversine_distance:20 - Haversine: (31.4052045, 73.0873694) → (31.4192659, 73.0416323) = 4613.4 m
2026-03-26 21:40:59.841 | DEBUG    | utils.geo_utils:haversine_distance:20 - Haversine: (31.4052045, 73.0873694) → (31.5101284, 73.1503952) = 13109.4 m
2026-03-26 21:40:59.841 | DEBUG    | utils.geo_utils:haversine_distance:20 - Haversine: (31.4052045, 73.0873694) → (31.4641337, 73.1683411) = 10097.2 m
2026-03-26 21:40:59.841 | DEBUG    | utils.geo_utils:haversine_distance:20 - Haversine: (31.4052045, 73.0873694) → (31.3446991, 73.0585627) = 7262.5 m
2026-03-26 21:40:59.841 | DEBUG    | utils.geo_utils:haversine_distance:20 - Haversine: (31.4052045, 73.0873694) → (31.5431453, 73.1283131) = 15822.2 m
2026-03-26 21:40:59.841 | DEBUG    | utils.geo_utils:haversine_distance:20 - Haversine: (31.4052045, 73.0873694) → (31.398463, 73.0263855) = 5836.2 m
2026-03-26 21:40:59.841 | DEBUG    | utils.geo_utils:haversine_distance:20 - Haversine: (31.4052045, 73.0873694) → (31.3190478, 73.1756414) = 12729.0 m
2026-03-26 21:40:59.841 | DEBUG    | utils.geo_utils:haversine_distance:20 - Haversine: (31.4052045, 73.0873694) → (31.3557607, 73.1450675) = 7760.6 m
2026-03-26 21:40:59.842 | DEBUG    | utils.geo_utils:haversine_distance:20 - Haversine: (31.4052045, 73.0873694) → (31.4601458, 73.0666137) = 6418.7 m
2026-03-26 21:40:59.842 | DEBUG    | utils.geo_utils:haversine_distance:20 - Haversine: (31.4052045, 73.0873694) → (31.4743292, 73.1046958) = 7860.1 m
2026-03-26 21:40:59.842 | DEBUG    | utils.geo_utils:haversine_distance:20 - Haversine: (31.4052045, 73.0873694) → (31.4693742, 73.1600766) = 9924.4 m
2026-03-26 21:40:59.855 | DEBUG    | utils.geo_utils:haversine_distance:20 - Haversine: (31.4052045, 73.0873694) → (31.4060883, 73.1115478) = 2296.7 m
2026-03-26 21:40:59.855 | DEBUG    | utils.geo_utils:haversine_distance:20 - Haversine: (31.4052045, 73.0873694) → (31.4773379, 73.0052033) = 11184.6 m
2026-03-26 21:40:59.855 | DEBUG    | utils.geo_utils:haversine_distance:20 - Haversine: (31.4052045, 73.0873694) → (31.4766945, 73.1677037) = 11012.5 m
2026-03-26 21:40:59.855 | DEBUG    | utils.geo_utils:haversine_distance:20 - Haversine: (31.4052045, 73.0873694) → (31.504101, 73.1583633) = 12894.9 m
2026-03-26 21:40:59.855 | DEBUG    | utils.geo_utils:haversine_distance:20 - Haversine: (31.4052045, 73.0873694) → (31.3907077, 73.1897443) = 9849.5 m
2026-03-26 21:40:59.855 | INFO     | data_pipeline.stop_builder:merge_nearby_stops:91 - Merged stops:
2026-03-26 21:40:59.857 | INFO     | data_pipeline.stop_builder:merge_nearby_stops:92 -   Before merge: 30 stops
2026-03-26 21:40:59.858 | INFO     | data_pipeline.stop_builder:merge_nearby_stops:93 -   After merge : 28 stops (merged 2 pairs/groups)
2026-03-26 21:40:59.859 | DEBUG    | data_pipeline.stop_builder:merge_nearby_stops:95 - First few merged stops: [{'student_id': '3CNKLBNknvMId9G9MJ1cVoQjkpw2', 'name': 'Test Student 12', 'roll_no': 'TEST-4382', 'lat': 31.3691526, 'lng': 73.0514611, 'student_count': 1, 'contact': '03597900028', 'semester': 'Spring 2026', 'fee_status': 'unpaid', 'registration_status': 'successful', 'original_lat': 31.369289, 'original_lng': 73.051406, 'snap_distance_m': 16.04, 'merged_student_ids': ['3CNKLBNknvMId9G9MJ1cVoQjkpw2']}, {'student_id': '61fbjUraIhPuzNx8BY68aYewSG02', 'name': 'Test Student 28', 'roll_no': 'TEST-7403', 'lat': 31.3787188, 'lng': 73.157798, 'student_count': 1, 'contact': '03344993000', 'semester': 'Spring 2026', 'fee_status': 'unpaid', 'registration_status': 'successful', 'original_lat': 31.380283, 'original_lng': 73.159195, 'snap_distance_m': 218.72, 'merged_student_ids': ['61fbjUraIhPuzNx8BY68aYewSG02']}, {'student_id': '7DxKX1nW4ZdeWHKXM2Vf5OIfGvr1', 'name': 'Test Student 10', 'roll_no': 'TEST-9142', 'lat': 31.4457694, 'lng': 73.1408101, 'student_count': 1, 'contact': '03537549971', 'semester': 'Spring 2026', 'fee_status': 'unpaid', 'registration_status': 'successful', 'original_lat': 31.446304, 'original_lng': 73.140169, 'snap_distance_m': 85.04, 'merged_student_ids': ['7DxKX1nW4ZdeWHKXM2Vf5OIfGvr1']}]
2026-03-26 21:41:00.268 | INFO     | clustering.stop_clustering:cluster_stops:45 - Clustered into 3 buses (capacity 10):
2026-03-26 21:41:00.270 | INFO     | clustering.stop_clustering:cluster_stops:48 -   Bus 0: 6 stops, 7 students
2026-03-26 21:41:00.270 | INFO     | clustering.stop_clustering:cluster_stops:48 -   Bus 1: 11 stops, 12 students
2026-03-26 21:41:00.271 | INFO     | clustering.stop_clustering:cluster_stops:48 -   Bus 2: 11 stops, 11 students
2026-03-26 21:41:01.751 | INFO     | optimization.tsp_solver:get_road_distance_matrix:38 - ORS matrix computed: 7x7
2026-03-26 21:41:16.758 | INFO     | optimization.tsp_solver:solve_tsp:123 - TSP solved: 6 stops, distance 33064 m, objective 33064
2026-03-26 21:41:16.758 | DEBUG    | optimization.tsp_solver:solve_tsp:124 - Order: ['unknown', 'unknown', 'unknown', 'unknown', 'unknown', 'unknown']
2026-03-26 21:41:16.759 | DEBUG    | optimization.route_generator:generate_route_path:57 - Requesting ORS route with 7 waypoints
2026-03-26 21:41:18.458 | INFO     | optimization.route_generator:generate_route_path:74 - ORS route generated successfully (bug-free)
2026-03-26 21:41:18.458 | INFO     | optimization.route_generator:generate_route_path:75 -   Waypoints: 6 stops → University
2026-03-26 21:41:18.459 | INFO     | optimization.route_generator:generate_route_path:76 -   Distance: 58.93 km
2026-03-26 21:41:18.459 | INFO     | optimization.route_generator:generate_route_path:77 -   Duration: 1.20 h (72 min)
2026-03-26 21:41:18.460 | DEBUG    | optimization.route_generator:generate_route_path:78 - Geometry sample (first 3 & last 3): [[73.157798, 31.378719], [73.16044, 31.376661], [73.161875, 31.375597]] ... [[73.03447, 31.602425], [73.034742, 31.602694], [73.034832, 31.602523]]
2026-03-26 21:41:18.461 | INFO     | optimization.store_routes:compute_fee_per_student:32 - Fee calc: 40412 PKR/student | dist=58.9km | students=7
2026-03-26 21:41:20.989 | DEBUG    | optimization.store_routes:reverse_geocode_stop_name:176 - Stop name resolved: (31.3787, 73.1578) → 'Punjab Social Security Housing Colony'
2026-03-26 21:41:22.814 | DEBUG    | optimization.store_routes:store_optimized_routes:270 - Assigned seat S1 to student 61fbjUraIhPuzNx8BY68aYewSG02
2026-03-26 21:41:24.991 | DEBUG    | optimization.store_routes:store_optimized_routes:296 - Stored stop R1_stop1 | name='Punjab Social Security Housing Colony' | route=R1
2026-03-26 21:41:27.123 | DEBUG    | optimization.store_routes:reverse_geocode_stop_name:176 - Stop name resolved: (31.3907, 73.1897) → 'Karar Wala'
2026-03-26 21:41:29.935 | DEBUG    | optimization.store_routes:store_optimized_routes:270 - Assigned seat S2 to student vjz604g8oKerN5zBKZ7mU7mG2M03
2026-03-26 21:41:30.484 | DEBUG    | optimization.store_routes:store_optimized_routes:296 - Stored stop R1_stop2 | name='Karar Wala' | route=R1
2026-03-26 21:41:32.257 | DEBUG    | optimization.store_routes:reverse_geocode_stop_name:176 - Stop name resolved: (31.3414, 73.1852) → 'Khojewala'
2026-03-26 21:41:32.802 | DEBUG    | optimization.store_routes:store_optimized_routes:270 - Assigned seat S3 to student KSn42uZ4dDaMueZxSsk9yyYYMbU2
2026-03-26 21:41:35.105 | DEBUG    | optimization.store_routes:store_optimized_routes:270 - Assigned seat S4 to student SF9XoWomQLQm1mkqTnpp8bDSyxG3
2026-03-26 21:41:35.648 | DEBUG    | optimization.store_routes:store_optimized_routes:296 - Stored stop R1_stop3 | name='Khojewala' | route=R1
2026-03-26 21:41:39.409 | DEBUG    | optimization.store_routes:reverse_geocode_stop_name:176 - Stop name resolved: (31.3190, 73.1756) → 'Faialabad - chak 363 G.B Road'
2026-03-26 21:41:39.955 | DEBUG    | optimization.store_routes:store_optimized_routes:270 - Assigned seat S5 to student XmlYR1ejNvTp0enFtavXMQRl9l62
2026-03-26 21:41:40.980 | DEBUG    | optimization.store_routes:store_optimized_routes:296 - Stored stop R1_stop4 | name='Faialabad - chak 363 G.B Road' | route=R1
2026-03-26 21:41:42.916 | DEBUG    | optimization.store_routes:reverse_geocode_stop_name:176 - Stop name resolved: (31.3282, 73.1302) → 'Faisalabad ByPass'
2026-03-26 21:41:43.461 | DEBUG    | optimization.store_routes:store_optimized_routes:270 - Assigned seat S6 to student Os55fn9jigeXpNaUlGTOSD1kzUH3
2026-03-26 21:41:45.711 | DEBUG    | optimization.store_routes:store_optimized_routes:296 - Stored stop R1_stop5 | name='Faisalabad ByPass' | route=R1
2026-03-26 21:41:47.703 | DEBUG    | optimization.store_routes:reverse_geocode_stop_name:176 - Stop name resolved: (31.3558, 73.1451) → 'Satiana Road'
2026-03-26 21:41:48.258 | DEBUG    | optimization.store_routes:store_optimized_routes:270 - Assigned seat S7 to student XuCFaAxIj3RH4cDaJKu6xmWSwfi1
2026-03-26 21:41:49.265 | DEBUG    | optimization.store_routes:store_optimized_routes:296 - Stored stop R1_stop6 | name='Satiana Road' | route=R1
2026-03-26 21:41:50.786 | INFO     | optimization.store_routes:store_optimized_routes:321 - Stored route route_0 (R1): 6 stops, 58.93 km
2026-03-26 21:41:52.084 | INFO     | optimization.tsp_solver:get_road_distance_matrix:38 - ORS matrix computed: 12x12
2026-03-26 21:42:07.087 | INFO     | optimization.tsp_solver:solve_tsp:123 - TSP solved: 11 stops, distance 60287 m, objective 60287
2026-03-26 21:42:07.088 | DEBUG    | optimization.tsp_solver:solve_tsp:124 - Order: ['unknown', 'unknown', 'unknown', 'unknown', 'unknown', 'unknown', 'unknown', 'unknown', 'unknown', 'unknown', 'unknown']
2026-03-26 21:42:07.088 | DEBUG    | optimization.route_generator:generate_route_path:57 - Requesting ORS route with 12 waypoints
2026-03-26 21:42:08.468 | INFO     | optimization.route_generator:generate_route_path:74 - ORS route generated successfully (bug-free)
2026-03-26 21:42:08.469 | INFO     | optimization.route_generator:generate_route_path:75 -   Waypoints: 11 stops → University
2026-03-26 21:42:08.470 | INFO     | optimization.route_generator:generate_route_path:76 -   Distance: 81.84 km
2026-03-26 21:42:08.470 | INFO     | optimization.route_generator:generate_route_path:77 -   Duration: 1.68 h (101 min)
2026-03-26 21:42:08.471 | DEBUG    | optimization.route_generator:generate_route_path:78 - Geometry sample (first 3 & last 3): [[73.14081, 31.445769], [73.14365, 31.447906], [73.145117, 31.448895]] ... [[73.03447, 31.602425], [73.034742, 31.602694], [73.034832, 31.602523]]
2026-03-26 21:42:08.472 | INFO     | optimization.store_routes:compute_fee_per_student:32 - Fee calc: 32738 PKR/student | dist=81.8km | students=12
2026-03-26 21:42:09.455 | DEBUG    | optimization.store_routes:reverse_geocode_stop_name:176 - Stop name resolved: (31.4458, 73.1408) → 'West Canal Expressway, Faisalabad City Tehsil'
2026-03-26 21:42:09.994 | DEBUG    | optimization.store_routes:store_optimized_routes:270 - Assigned seat S1 to student 7DxKX1nW4ZdeWHKXM2Vf5OIfGvr1
2026-03-26 21:42:12.287 | DEBUG    | optimization.store_routes:store_optimized_routes:296 - Stored stop R2_stop1 | name='West Canal Expressway, Faisalabad City Tehsil' | route=R2
2026-03-26 21:42:14.218 | DEBUG    | optimization.store_routes:reverse_geocode_stop_name:176 - Stop name resolved: (31.4641, 73.1683) → 'Faisal Gardens, Faisalabad City Tehsil'
2026-03-26 21:42:14.762 | DEBUG    | optimization.store_routes:store_optimized_routes:270 - Assigned seat S2 to student UpNOyWoNcXaW1O5jadyyddeniWj2
2026-03-26 21:42:15.298 | DEBUG    | optimization.store_routes:store_optimized_routes:296 - Stored stop R2_stop2 | name='Faisal Gardens, Faisalabad City Tehsil' | route=R2
2026-03-26 21:42:17.138 | DEBUG    | optimization.store_routes:reverse_geocode_stop_name:176 - Stop name resolved: (31.4694, 73.1601) → 'Bagewal Road, Faisalabad City Tehsil'
2026-03-26 21:42:17.663 | DEBUG    | optimization.store_routes:store_optimized_routes:270 - Assigned seat S3 to student qwxNS37KPQSeME1Rb86ZDMnXjYX2
2026-03-26 21:42:18.188 | DEBUG    | optimization.store_routes:store_optimized_routes:296 - Stored stop R2_stop3 | name='Bagewal Road, Faisalabad City Tehsil' | route=R2
2026-03-26 21:42:20.294 | DEBUG    | optimization.store_routes:reverse_geocode_stop_name:176 - Stop name resolved: (31.4767, 73.1677) → 'Bagewal Road, Sabina Town'
2026-03-26 21:42:20.827 | DEBUG    | optimization.store_routes:store_optimized_routes:270 - Assigned seat S4 to student unEE7hJDp7cMFEu2M568RmrtWRq2
2026-03-26 21:42:21.345 | DEBUG    | optimization.store_routes:store_optimized_routes:296 - Stored stop R2_stop4 | name='Bagewal Road, Sabina Town' | route=R2
2026-03-26 21:42:23.178 | DEBUG    | optimization.store_routes:reverse_geocode_stop_name:176 - Stop name resolved: (31.5041, 73.1584) → 'Faisalabad District'
2026-03-26 21:42:23.726 | DEBUG    | optimization.store_routes:store_optimized_routes:270 - Assigned seat S5 to student vQHRPPdjWmTjASjEQvAqjzPhHdm2
2026-03-26 21:42:24.248 | DEBUG    | optimization.store_routes:store_optimized_routes:296 - Stored stop R2_stop5 | name='Faisalabad District' | route=R2
2026-03-26 21:42:27.442 | DEBUG    | optimization.store_routes:reverse_geocode_stop_name:176 - Stop name resolved: (31.5101, 73.1504) → 'Faisalabad District'
2026-03-26 21:42:28.017 | DEBUG    | optimization.store_routes:store_optimized_routes:270 - Assigned seat S6 to student SXxBaOHsDPhcbAy5QSfe0NZxZM83
2026-03-26 21:42:28.560 | DEBUG    | optimization.store_routes:store_optimized_routes:296 - Stored stop R2_stop6 | name='Faisalabad District' | route=R2
2026-03-26 21:42:30.762 | DEBUG    | optimization.store_routes:reverse_geocode_stop_name:176 - Stop name resolved: (31.5487, 73.1501) → 'Faisalabad Bypass'
2026-03-26 21:42:31.319 | DEBUG    | optimization.store_routes:store_optimized_routes:270 - Assigned seat S7 to student DS0YCp1l3RXIwCBzxzmEzv99Zii1
2026-03-26 21:42:31.856 | DEBUG    | optimization.store_routes:store_optimized_routes:296 - Stored stop R2_stop7 | name='Faisalabad Bypass' | route=R2
2026-03-26 21:42:33.772 | DEBUG    | optimization.store_routes:reverse_geocode_stop_name:176 - Stop name resolved: (31.5276, 73.0552) → 'Faisalabad District'
2026-03-26 21:42:34.305 | DEBUG    | optimization.store_routes:store_optimized_routes:270 - Assigned seat S8 to student NkZ3VPHBNtS3wxSmCjfBkRWPaZQ2
2026-03-26 21:42:34.835 | DEBUG    | optimization.store_routes:store_optimized_routes:296 - Stored stop R2_stop8 | name='Faisalabad District' | route=R2
2026-03-26 21:42:37.775 | DEBUG    | optimization.store_routes:reverse_geocode_stop_name:176 - Stop name resolved: (31.5431, 73.1283) → 'Dialgarh'
2026-03-26 21:42:38.308 | DEBUG    | optimization.store_routes:store_optimized_routes:270 - Assigned seat S9 to student VMbnLGOyDuRi41R8XPG6toeooJt1
2026-03-26 21:42:38.835 | DEBUG    | optimization.store_routes:store_optimized_routes:270 - Assigned seat S10 to student e3D31VgcVrXKjMfjS13MWcxDZgi1
2026-03-26 21:42:39.362 | DEBUG    | optimization.store_routes:store_optimized_routes:296 - Stored stop R2_stop9 | name='Dialgarh' | route=R2
2026-03-26 21:42:41.216 | DEBUG    | optimization.store_routes:reverse_geocode_stop_name:176 - Stop name resolved: (31.4743, 73.1047) → 'Faisalabad District, Faisalabad City Tehsil'
2026-03-26 21:42:41.755 | DEBUG    | optimization.store_routes:store_optimized_routes:270 - Assigned seat S11 to student n5w74mESTuV3BSMbnAo4AqNZ3oT2
2026-03-26 21:42:42.291 | DEBUG    | optimization.store_routes:store_optimized_routes:296 - Stored stop R2_stop10 | name='Faisalabad District, Faisalabad City Tehsil' | route=R2
2026-03-26 21:42:44.145 | DEBUG    | optimization.store_routes:reverse_geocode_stop_name:176 - Stop name resolved: (31.4467, 73.1271) → 'Faisalabad District, Faisalabad City Tehsil'
2026-03-26 21:42:44.687 | DEBUG    | optimization.store_routes:store_optimized_routes:270 - Assigned seat S12 to student GydB2I2Y0Ec14olrl5Hbtm8ziZF3
2026-03-26 21:42:45.210 | DEBUG    | optimization.store_routes:store_optimized_routes:296 - Stored stop R2_stop11 | name='Faisalabad District, Faisalabad City Tehsil' | route=R2
2026-03-26 21:42:46.371 | INFO     | optimization.store_routes:store_optimized_routes:321 - Stored route route_1 (R2): 11 stops, 81.84 km
2026-03-26 21:42:47.350 | INFO     | optimization.tsp_solver:get_road_distance_matrix:38 - ORS matrix computed: 12x12
2026-03-26 21:43:02.353 | INFO     | optimization.tsp_solver:solve_tsp:123 - TSP solved: 11 stops, distance 72708 m, objective 72708
2026-03-26 21:43:02.353 | DEBUG    | optimization.tsp_solver:solve_tsp:124 - Order: ['unknown', 'unknown', 'unknown', 'unknown', 'unknown', 'unknown', 'unknown', 'unknown', 'unknown', 'unknown', 'unknown']
2026-03-26 21:43:02.354 | DEBUG    | optimization.route_generator:generate_route_path:57 - Requesting ORS route with 12 waypoints
2026-03-26 21:43:03.853 | INFO     | optimization.route_generator:generate_route_path:74 - ORS route generated successfully (bug-free)
2026-03-26 21:43:03.853 | INFO     | optimization.route_generator:generate_route_path:75 -   Waypoints: 11 stops → University
2026-03-26 21:43:03.853 | INFO     | optimization.route_generator:generate_route_path:76 -   Distance: 99.05 km
2026-03-26 21:43:03.853 | INFO     | optimization.route_generator:generate_route_path:77 -   Duration: 1.92 h (115 min)
2026-03-26 21:43:03.854 | DEBUG    | optimization.route_generator:generate_route_path:78 - Geometry sample (first 3 & last 3): [[73.051461, 31.369153], [73.051213, 31.36893], [73.050868, 31.368599]] ... [[73.03447, 31.602425], [73.034742, 31.602694], [73.034832, 31.602523]]
2026-03-26 21:43:03.856 | INFO     | optimization.store_routes:compute_fee_per_student:32 - Fee calc: 43223 PKR/student | dist=99.1km | students=11
2026-03-26 21:43:05.615 | DEBUG    | optimization.store_routes:reverse_geocode_stop_name:176 - Stop name resolved: (31.3692, 73.0515) → 'Fatenabad'
2026-03-26 21:43:06.160 | DEBUG    | optimization.store_routes:store_optimized_routes:270 - Assigned seat S1 to student 3CNKLBNknvMId9G9MJ1cVoQjkpw2
2026-03-26 21:43:06.711 | DEBUG    | optimization.store_routes:store_optimized_routes:296 - Stored stop R3_stop1 | name='Fatenabad' | route=R3
2026-03-26 21:43:09.479 | DEBUG    | optimization.store_routes:reverse_geocode_stop_name:176 - Stop name resolved: (31.4001, 73.0127) → 'Faisalabad District, Shadab Colony'
2026-03-26 21:43:10.009 | DEBUG    | optimization.store_routes:store_optimized_routes:270 - Assigned seat S2 to student KbkXVOhtA3hfwjvwsS5w2IIOki93
2026-03-26 21:43:10.541 | DEBUG    | optimization.store_routes:store_optimized_routes:296 - Stored stop R3_stop2 | name='Faisalabad District, Shadab Colony' | route=R3
2026-03-26 21:43:12.309 | DEBUG    | optimization.store_routes:reverse_geocode_stop_name:176 - Stop name resolved: (31.3985, 73.0264) → 'Faisalabad District'
2026-03-26 21:43:12.840 | DEBUG    | optimization.store_routes:store_optimized_routes:270 - Assigned seat S3 to student WRVMbOeJLLdnIPhcWnncdjhPSjb2
2026-03-26 21:43:13.363 | DEBUG    | optimization.store_routes:store_optimized_routes:296 - Stored stop R3_stop3 | name='Faisalabad District' | route=R3
2026-03-26 21:43:15.126 | DEBUG    | optimization.store_routes:reverse_geocode_stop_name:176 - Stop name resolved: (31.4193, 73.0416) → 'Faisalabad District, Faisalabad City Tehsil'
2026-03-26 21:43:15.654 | DEBUG    | optimization.store_routes:store_optimized_routes:270 - Assigned seat S4 to student SOWTJArpcRRKPC0v7cWYW0XJk6v1
2026-03-26 21:43:16.187 | DEBUG    | optimization.store_routes:store_optimized_routes:296 - Stored stop R3_stop4 | name='Faisalabad District, Faisalabad City Tehsil' | route=R3
2026-03-26 21:43:27.207 | WARNING  | optimization.store_routes:reverse_geocode_stop_name:110 - Reverse geocode failed for (31.4773379, 73.0052033): HTTPSConnectionPool(host='nominatim.openstreetmap.org', port=443): Max retries exceeded with url: /reverse?lat=31.4773379&lon=73.0052033&format=jsonv2&addressdetails=1&accept-language=en (Caused by ConnectTimeoutError(<HTTPSConnection(host='nominatim.openstreetmap.org', port=443) at 0x1fea6fee710>, 'Connection to nominatim.openstreetmap.org timed out. (connect timeout=10)'))
2026-03-26 21:43:28.216 | DEBUG    | optimization.store_routes:store_optimized_routes:270 - Assigned seat S5 to student shSuBEXnw4TLpoUGH1D5uwg8QKr1
2026-03-26 21:43:28.750 | DEBUG    | optimization.store_routes:store_optimized_routes:296 - Stored stop R3_stop5 | name='Stop (31.4773, 73.0052)' | route=R3
2026-03-26 21:43:30.586 | DEBUG    | optimization.store_routes:reverse_geocode_stop_name:176 - Stop name resolved: (31.4601, 73.0666) → 'Faisalabad District, Faisalabad City Tehsil'
2026-03-26 21:43:31.119 | DEBUG    | optimization.store_routes:store_optimized_routes:270 - Assigned seat S6 to student bvudy4BMDIZ3KxtxPyHvDJd3rjf2
2026-03-26 21:43:31.668 | DEBUG    | optimization.store_routes:store_optimized_routes:296 - Stored stop R3_stop6 | name='Faisalabad District, Faisalabad City Tehsil' | route=R3
2026-03-26 21:43:33.573 | DEBUG    | optimization.store_routes:reverse_geocode_stop_name:176 - Stop name resolved: (31.4061, 73.1115) → 'Faisalabad District, Faisalabad City Tehsil'
2026-03-26 21:43:34.116 | DEBUG    | optimization.store_routes:store_optimized_routes:270 - Assigned seat S7 to student rtsUd2Aeg0W2HTpXZhrpSlqMhdL2
2026-03-26 21:43:34.636 | DEBUG    | optimization.store_routes:store_optimized_routes:296 - Stored stop R3_stop7 | name='Faisalabad District, Faisalabad City Tehsil' | route=R3
2026-03-26 21:43:36.452 | DEBUG    | optimization.store_routes:reverse_geocode_stop_name:176 - Stop name resolved: (31.4052, 73.0874) → 'Itthad Road, Faisalabad City Tehsil'
2026-03-26 21:43:36.969 | DEBUG    | optimization.store_routes:store_optimized_routes:270 - Assigned seat S8 to student x2LmEXZ95YfrQpxSQgrBTDTWbk83
2026-03-26 21:43:37.509 | DEBUG    | optimization.store_routes:store_optimized_routes:296 - Stored stop R3_stop8 | name='Itthad Road, Faisalabad City Tehsil' | route=R3
2026-03-26 21:43:39.500 | DEBUG    | optimization.store_routes:reverse_geocode_stop_name:176 - Stop name resolved: (31.3836, 73.0641) → 'Faisalabad District, Nowaban Wala'
2026-03-26 21:43:40.065 | DEBUG    | optimization.store_routes:store_optimized_routes:270 - Assigned seat S9 to student GBGXh21H2VefIT4NkSWu8FQldkF3
2026-03-26 21:43:42.341 | DEBUG    | optimization.store_routes:store_optimized_routes:296 - Stored stop R3_stop9 | name='Faisalabad District, Nowaban Wala' | route=R3
2026-03-26 21:43:44.113 | DEBUG    | optimization.store_routes:reverse_geocode_stop_name:176 - Stop name resolved: (31.3304, 73.0696) → 'Four Seasons Housing'
2026-03-26 21:43:44.669 | DEBUG    | optimization.store_routes:store_optimized_routes:270 - Assigned seat S10 to student I6aLScqZSSeAF3ug6jDkoPrt6g23
2026-03-26 21:43:46.940 | DEBUG    | optimization.store_routes:store_optimized_routes:296 - Stored stop R3_stop10 | name='Four Seasons Housing' | route=R3
2026-03-26 21:43:48.721 | DEBUG    | optimization.store_routes:reverse_geocode_stop_name:176 - Stop name resolved: (31.3447, 73.0586) → 'Samundari Faisalabad Road'
2026-03-26 21:43:49.280 | DEBUG    | optimization.store_routes:store_optimized_routes:270 - Assigned seat S11 to student VItoVj8ml0ZAMdLtqGCBxaDdkWj1
2026-03-26 21:43:49.823 | DEBUG    | optimization.store_routes:store_optimized_routes:296 - Stored stop R3_stop11 | name='Samundari Faisalabad Road' | route=R3
2026-03-26 21:43:51.150 | INFO     | optimization.store_routes:store_optimized_routes:321 - Stored route route_2 (R3): 11 stops, 99.05 km
2026-03-26 21:43:51.151 | INFO     | optimization.store_routes:store_optimized_routes:327 - Back-filling route_id on 28 stops + students...
2026-03-26 21:44:07.031 | DEBUG    | optimization.store_routes:store_optimized_routes:358 - Final batch: 58 writes
2026-03-26 21:44:07.031 | INFO     | optimization.store_routes:store_optimized_routes:361 - Phase 3: Storing per-student fees...
2026-03-26 21:44:07.803 | INFO     | optimization.store_routes:compute_fee_per_student:32 - Fee calc: 40410 PKR/student | dist=58.9km | students=7
2026-03-26 21:44:08.331 | DEBUG    | optimization.store_routes:store_optimized_routes:401 - Stored fee for 61fbjUraIhPuzNx8BY68aYewSG02: 40410 PKR
2026-03-26 21:44:08.862 | DEBUG    | optimization.store_routes:store_optimized_routes:401 - Stored fee for KSn42uZ4dDaMueZxSsk9yyYYMbU2: 40410 PKR
2026-03-26 21:44:09.384 | DEBUG    | optimization.store_routes:store_optimized_routes:401 - Stored fee for SF9XoWomQLQm1mkqTnpp8bDSyxG3: 40410 PKR
2026-03-26 21:44:09.910 | DEBUG    | optimization.store_routes:store_optimized_routes:401 - Stored fee for Os55fn9jigeXpNaUlGTOSD1kzUH3: 40410 PKR
2026-03-26 21:44:10.446 | DEBUG    | optimization.store_routes:store_optimized_routes:401 - Stored fee for XmlYR1ejNvTp0enFtavXMQRl9l62: 40410 PKR
2026-03-26 21:44:10.968 | DEBUG    | optimization.store_routes:store_optimized_routes:401 - Stored fee for XuCFaAxIj3RH4cDaJKu6xmWSwfi1: 40410 PKR
2026-03-26 21:44:11.489 | DEBUG    | optimization.store_routes:store_optimized_routes:401 - Stored fee for vjz604g8oKerN5zBKZ7mU7mG2M03: 40410 PKR
2026-03-26 21:44:12.752 | INFO     | optimization.store_routes:compute_fee_per_student:32 - Fee calc: 32736 PKR/student | dist=81.8km | students=12
2026-03-26 21:44:13.274 | DEBUG    | optimization.store_routes:store_optimized_routes:401 - Stored fee for 7DxKX1nW4ZdeWHKXM2Vf5OIfGvr1: 32736 PKR
2026-03-26 21:44:13.797 | DEBUG    | optimization.store_routes:store_optimized_routes:401 - Stored fee for DS0YCp1l3RXIwCBzxzmEzv99Zii1: 32736 PKR
2026-03-26 21:44:14.323 | DEBUG    | optimization.store_routes:store_optimized_routes:401 - Stored fee for GydB2I2Y0Ec14olrl5Hbtm8ziZF3: 32736 PKR
2026-03-26 21:44:14.861 | DEBUG    | optimization.store_routes:store_optimized_routes:401 - Stored fee for NkZ3VPHBNtS3wxSmCjfBkRWPaZQ2: 32736 PKR
2026-03-26 21:44:15.416 | DEBUG    | optimization.store_routes:store_optimized_routes:401 - Stored fee for SXxBaOHsDPhcbAy5QSfe0NZxZM83: 32736 PKR
2026-03-26 21:44:15.947 | DEBUG    | optimization.store_routes:store_optimized_routes:401 - Stored fee for UpNOyWoNcXaW1O5jadyyddeniWj2: 32736 PKR
2026-03-26 21:44:16.467 | DEBUG    | optimization.store_routes:store_optimized_routes:401 - Stored fee for VMbnLGOyDuRi41R8XPG6toeooJt1: 32736 PKR
2026-03-26 21:44:17.001 | DEBUG    | optimization.store_routes:store_optimized_routes:401 - Stored fee for e3D31VgcVrXKjMfjS13MWcxDZgi1: 32736 PKR
2026-03-26 21:44:17.521 | DEBUG    | optimization.store_routes:store_optimized_routes:401 - Stored fee for n5w74mESTuV3BSMbnAo4AqNZ3oT2: 32736 PKR
2026-03-26 21:44:18.049 | DEBUG    | optimization.store_routes:store_optimized_routes:401 - Stored fee for qwxNS37KPQSeME1Rb86ZDMnXjYX2: 32736 PKR
2026-03-26 21:44:18.576 | DEBUG    | optimization.store_routes:store_optimized_routes:401 - Stored fee for unEE7hJDp7cMFEu2M568RmrtWRq2: 32736 PKR
2026-03-26 21:44:19.110 | DEBUG    | optimization.store_routes:store_optimized_routes:401 - Stored fee for vQHRPPdjWmTjASjEQvAqjzPhHdm2: 32736 PKR
2026-03-26 21:44:20.301 | INFO     | optimization.store_routes:compute_fee_per_student:32 - Fee calc: 43222 PKR/student | dist=99.0km | students=11
2026-03-26 21:44:20.818 | DEBUG    | optimization.store_routes:store_optimized_routes:401 - Stored fee for 3CNKLBNknvMId9G9MJ1cVoQjkpw2: 43222 PKR
2026-03-26 21:44:21.328 | DEBUG    | optimization.store_routes:store_optimized_routes:401 - Stored fee for GBGXh21H2VefIT4NkSWu8FQldkF3: 43222 PKR
2026-03-26 21:44:21.857 | DEBUG    | optimization.store_routes:store_optimized_routes:401 - Stored fee for I6aLScqZSSeAF3ug6jDkoPrt6g23: 43222 PKR
2026-03-26 21:44:22.385 | DEBUG    | optimization.store_routes:store_optimized_routes:401 - Stored fee for KbkXVOhtA3hfwjvwsS5w2IIOki93: 43222 PKR
2026-03-26 21:44:22.910 | DEBUG    | optimization.store_routes:store_optimized_routes:401 - Stored fee for SOWTJArpcRRKPC0v7cWYW0XJk6v1: 43222 PKR
2026-03-26 21:44:23.443 | DEBUG    | optimization.store_routes:store_optimized_routes:401 - Stored fee for VItoVj8ml0ZAMdLtqGCBxaDdkWj1: 43222 PKR
2026-03-26 21:44:23.972 | DEBUG    | optimization.store_routes:store_optimized_routes:401 - Stored fee for WRVMbOeJLLdnIPhcWnncdjhPSjb2: 43222 PKR
2026-03-26 21:44:24.501 | DEBUG    | optimization.store_routes:store_optimized_routes:401 - Stored fee for bvudy4BMDIZ3KxtxPyHvDJd3rjf2: 43222 PKR
2026-03-26 21:44:25.013 | DEBUG    | optimization.store_routes:store_optimized_routes:401 - Stored fee for rtsUd2Aeg0W2HTpXZhrpSlqMhdL2: 43222 PKR
2026-03-26 21:44:25.534 | DEBUG    | optimization.store_routes:store_optimized_routes:401 - Stored fee for shSuBEXnw4TLpoUGH1D5uwg8QKr1: 43222 PKR
2026-03-26 21:44:26.064 | DEBUG    | optimization.store_routes:store_optimized_routes:401 - Stored fee for x2LmEXZ95YfrQpxSQgrBTDTWbk83: 43222 PKR
2026-03-26 21:44:26.064 | INFO     | optimization.store_routes:store_optimized_routes:403 - Phase 3 complete: 30 fee records stored
2026-03-26 21:44:26.064 | INFO     | optimization.store_routes:store_optimized_routes:405 - Overall done: 3 routes | 28 stops | 30 fees
2026-03-26 21:44:26.064 | INFO     | optimization.store_routes:store_optimized_routes:407 - Done: 3 routes | 28 stops stored
2026-03-26 21:44:26.065 | INFO     | optimization.store_routes:store_optimized_routes:410 - Phase 3 complete: 30 fee records stored
2026-03-26 21:44:26.065 | INFO     | optimization.store_routes:store_optimized_routes:413 - Final step: Updating registration_status to 'successful' for all processed students...
2026-03-26 21:44:26.670 | INFO     | optimization.store_routes:store_optimized_routes:437 - Updated 30 students to 'successful' registration status.
2026-03-26 21:44:26.670 | INFO     | optimization.store_routes:store_optimized_routes:440 - Overall done: 3 routes | 28 stops | 30 fees
2026-03-26 21:44:26.671 | INFO     | api.main:run_optimization:64 - Pipeline completed successfully | 3 buses processed
2026-03-26 21:53:45.591 | INFO     | api.main:run_optimization:29 - Starting full route optimization pipeline
2026-03-26 21:53:48.815 | INFO     | data_pipeline.student_loader:load_student_stops:42 - Loaded 30 student stops from Firestore
2026-03-26 21:53:48.815 | DEBUG    | data_pipeline.student_loader:load_student_stops:43 - First 3 stops (sample): [{'student_id': '3CNKLBNknvMId9G9MJ1cVoQjkpw2', 'name': 'Test Student 12', 'roll_no': 'TEST-4382', 'lat': 31.369289, 'lng': 73.051406, 'student_count': 1, 'contact': '03597900028', 'semester': 'Spring 2026', 'fee_status': 'unpaid', 'registration_status': 'successful'}, {'student_id': '61fbjUraIhPuzNx8BY68aYewSG02', 'name': 'Test Student 28', 'roll_no': 'TEST-7403', 'lat': 31.380283, 'lng': 73.159195, 'student_count': 1, 'contact': '03344993000', 'semester': 'Spring 2026', 'fee_status': 'unpaid', 'registration_status': 'successful'}, {'student_id': '7DxKX1nW4ZdeWHKXM2Vf5OIfGvr1', 'name': 'Test Student 10', 'roll_no': 'TEST-9142', 'lat': 31.446304, 'lng': 73.140169, 'student_count': 1, 'contact': '03537549971', 'semester': 'Spring 2026', 'fee_status': 'unpaid', 'registration_status': 'successful'}]
2026-03-26 21:53:48.815 | INFO     | osm.fetch_roads:fetch_or_load_road_graph:19 - Loading cached Faisalabad road graph...
2026-03-26 21:54:07.568 | INFO     | osm.fetch_roads:fetch_or_load_road_graph:21 - Loaded graph with 50872 nodes and 144715 edges
2026-03-26 21:54:07.766 | INFO     | osm.road_filter:filter_main_roads:38 - Filtered graph:
2026-03-26 21:54:07.824 | INFO     | osm.road_filter:filter_main_roads:39 -   Original: 50872 nodes, 144715 edges
2026-03-26 21:54:07.968 | INFO     | osm.road_filter:filter_main_roads:40 -   After filter (main roads only): 7460 nodes, 12863 edges
2026-03-26 21:54:08.257 | DEBUG    | utils.distance_utils:build_node_balltree:29 - Built BallTree with 7460 nodes
2026-03-26 21:54:08.260 | DEBUG    | utils.geo_utils:haversine_distance:20 - Haversine: (31.369289, 73.051406) → (31.3691526, 73.0514611) = 16.0 m
2026-03-26 21:54:08.260 | DEBUG    | utils.distance_utils:find_nearest_road_point:56 - Nearest road node to (31.369289, 73.051406): (31.369153, 73.051461) — 16.0m
2026-03-26 21:54:08.261 | DEBUG    | utils.geo_utils:haversine_distance:20 - Haversine: (31.369289, 73.051406) → (31.3691526, 73.0514611) = 16.0 m
2026-03-26 21:54:08.261 | DEBUG    | data_pipeline.stop_builder:snap_stops_to_roads:38 - Snapped Test Student 12 (TEST-4382): 16.0m
2026-03-26 21:54:08.286 | DEBUG    | utils.distance_utils:build_node_balltree:29 - Built BallTree with 7460 nodes
2026-03-26 21:54:08.287 | DEBUG    | utils.geo_utils:haversine_distance:20 - Haversine: (31.380283, 73.159195) → (31.3787188, 73.157798) = 218.7 m
2026-03-26 21:54:08.287 | DEBUG    | utils.distance_utils:find_nearest_road_point:56 - Nearest road node to (31.380283, 73.159195): (31.378719, 73.157798) — 218.7m
2026-03-26 21:54:08.288 | DEBUG    | utils.geo_utils:haversine_distance:20 - Haversine: (31.380283, 73.159195) → (31.3787188, 73.157798) = 218.7 m
2026-03-26 21:54:08.288 | DEBUG    | data_pipeline.stop_builder:snap_stops_to_roads:38 - Snapped Test Student 28 (TEST-7403): 218.7m
2026-03-26 21:54:08.321 | DEBUG    | utils.distance_utils:build_node_balltree:29 - Built BallTree with 7460 nodes
2026-03-26 21:54:08.322 | DEBUG    | utils.geo_utils:haversine_distance:20 - Haversine: (31.446304, 73.140169) → (31.4457694, 73.1408101) = 85.0 m
2026-03-26 21:54:08.322 | DEBUG    | utils.distance_utils:find_nearest_road_point:56 - Nearest road node to (31.446304, 73.140169): (31.445769, 73.140810) — 85.0m
2026-03-26 21:54:08.322 | DEBUG    | utils.geo_utils:haversine_distance:20 - Haversine: (31.446304, 73.140169) → (31.4457694, 73.1408101) = 85.0 m
2026-03-26 21:54:08.322 | DEBUG    | data_pipeline.stop_builder:snap_stops_to_roads:38 - Snapped Test Student 10 (TEST-9142): 85.0m
2026-03-26 21:54:08.348 | DEBUG    | utils.distance_utils:build_node_balltree:29 - Built BallTree with 7460 nodes
2026-03-26 21:54:08.350 | DEBUG    | utils.geo_utils:haversine_distance:20 - Haversine: (31.548998, 73.147656) → (31.5487412, 73.1501112) = 234.4 m
2026-03-26 21:54:08.350 | DEBUG    | utils.distance_utils:find_nearest_road_point:56 - Nearest road node to (31.548998, 73.147656): (31.548741, 73.150111) — 234.4m
2026-03-26 21:54:08.350 | DEBUG    | utils.geo_utils:haversine_distance:20 - Haversine: (31.548998, 73.147656) → (31.5487412, 73.1501112) = 234.4 m
2026-03-26 21:54:08.350 | DEBUG    | data_pipeline.stop_builder:snap_stops_to_roads:38 - Snapped Test Student 14 (TEST-9162): 234.4m
2026-03-26 21:54:08.372 | DEBUG    | utils.distance_utils:build_node_balltree:29 - Built BallTree with 7460 nodes
2026-03-26 21:54:08.373 | DEBUG    | utils.geo_utils:haversine_distance:20 - Haversine: (31.384254, 73.063765) → (31.3836456, 73.0640586) = 73.2 m
2026-03-26 21:54:08.374 | DEBUG    | utils.distance_utils:find_nearest_road_point:56 - Nearest road node to (31.384254, 73.063765): (31.383646, 73.064059) — 73.2m
2026-03-26 21:54:08.375 | DEBUG    | utils.geo_utils:haversine_distance:20 - Haversine: (31.384254, 73.063765) → (31.3836456, 73.0640586) = 73.2 m
2026-03-26 21:54:08.376 | DEBUG    | data_pipeline.stop_builder:snap_stops_to_roads:38 - Snapped Test Student 30 (TEST-6182): 73.2m
2026-03-26 21:54:08.402 | DEBUG    | utils.distance_utils:build_node_balltree:29 - Built BallTree with 7460 nodes
2026-03-26 21:54:08.404 | DEBUG    | utils.geo_utils:haversine_distance:20 - Haversine: (31.450094, 73.130742) → (31.4467219, 73.1271368) = 507.5 m
2026-03-26 21:54:08.404 | DEBUG    | utils.distance_utils:find_nearest_road_point:56 - Nearest road node to (31.450094, 73.130742): (31.446722, 73.127137) — 507.5m
2026-03-26 21:54:08.404 | DEBUG    | utils.geo_utils:haversine_distance:20 - Haversine: (31.450094, 73.130742) → (31.4467219, 73.1271368) = 507.5 m
2026-03-26 21:54:08.405 | DEBUG    | data_pipeline.stop_builder:snap_stops_to_roads:38 - Snapped Test Student 23 (TEST-9957): 507.5m
2026-03-26 21:54:08.431 | DEBUG    | utils.distance_utils:build_node_balltree:29 - Built BallTree with 7460 nodes
2026-03-26 21:54:08.432 | DEBUG    | utils.geo_utils:haversine_distance:20 - Haversine: (31.327595, 73.065724) → (31.330396, 73.0696448) = 485.5 m
2026-03-26 21:54:08.432 | DEBUG    | utils.distance_utils:find_nearest_road_point:56 - Nearest road node to (31.327595, 73.065724): (31.330396, 73.069645) — 485.5m
2026-03-26 21:54:08.433 | DEBUG    | utils.geo_utils:haversine_distance:20 - Haversine: (31.327595, 73.065724) → (31.330396, 73.0696448) = 485.5 m
2026-03-26 21:54:08.433 | DEBUG    | data_pipeline.stop_builder:snap_stops_to_roads:38 - Snapped Test Student 13 (TEST-5755): 485.5m
2026-03-26 21:54:08.455 | DEBUG    | utils.distance_utils:build_node_balltree:29 - Built BallTree with 7460 nodes
2026-03-26 21:54:08.457 | DEBUG    | utils.geo_utils:haversine_distance:20 - Haversine: (31.343859, 73.18566) → (31.3413852, 73.1852291) = 278.1 m
2026-03-26 21:54:08.457 | DEBUG    | utils.distance_utils:find_nearest_road_point:56 - Nearest road node to (31.343859, 73.18566): (31.341385, 73.185229) — 278.1m
2026-03-26 21:54:08.459 | DEBUG    | utils.geo_utils:haversine_distance:20 - Haversine: (31.343859, 73.18566) → (31.3413852, 73.1852291) = 278.1 m
2026-03-26 21:54:08.459 | DEBUG    | data_pipeline.stop_builder:snap_stops_to_roads:38 - Snapped Test Student 7 (TEST-9790): 278.1m
2026-03-26 21:54:08.483 | DEBUG    | utils.distance_utils:build_node_balltree:29 - Built BallTree with 7460 nodes
2026-03-26 21:54:08.485 | DEBUG    | utils.geo_utils:haversine_distance:20 - Haversine: (31.401088, 73.01135) → (31.4000755, 73.0126538) = 167.3 m
2026-03-26 21:54:08.485 | DEBUG    | utils.distance_utils:find_nearest_road_point:56 - Nearest road node to (31.401088, 73.01135): (31.400075, 73.012654) — 167.3m
2026-03-26 21:54:08.485 | DEBUG    | utils.geo_utils:haversine_distance:20 - Haversine: (31.401088, 73.01135) → (31.4000755, 73.0126538) = 167.3 m
2026-03-26 21:54:08.485 | DEBUG    | data_pipeline.stop_builder:snap_stops_to_roads:38 - Snapped Test Student 3 (TEST-2055): 167.3m
2026-03-26 21:54:08.517 | DEBUG    | utils.distance_utils:build_node_balltree:29 - Built BallTree with 7460 nodes
2026-03-26 21:54:08.519 | DEBUG    | utils.geo_utils:haversine_distance:20 - Haversine: (31.526254, 73.053671) → (31.527645, 73.0552285) = 213.8 m
2026-03-26 21:54:08.520 | DEBUG    | utils.distance_utils:find_nearest_road_point:56 - Nearest road node to (31.526254, 73.053671): (31.527645, 73.055228) — 213.8m
2026-03-26 21:54:08.520 | DEBUG    | utils.geo_utils:haversine_distance:20 - Haversine: (31.526254, 73.053671) → (31.527645, 73.0552285) = 213.8 m
2026-03-26 21:54:08.520 | DEBUG    | data_pipeline.stop_builder:snap_stops_to_roads:38 - Snapped Test Student 25 (TEST-4783): 213.8m
2026-03-26 21:54:08.550 | DEBUG    | utils.distance_utils:build_node_balltree:29 - Built BallTree with 7460 nodes
2026-03-26 21:54:08.551 | DEBUG    | utils.geo_utils:haversine_distance:20 - Haversine: (31.319581, 73.129629) → (31.3281703, 73.1302408) = 956.9 m
2026-03-26 21:54:08.552 | DEBUG    | utils.distance_utils:find_nearest_road_point:56 - Nearest road node to (31.319581, 73.129629): (31.328170, 73.130241) — 956.9m
2026-03-26 21:54:08.552 | DEBUG    | utils.geo_utils:haversine_distance:20 - Haversine: (31.319581, 73.129629) → (31.3281703, 73.1302408) = 956.9 m
2026-03-26 21:54:08.552 | DEBUG    | data_pipeline.stop_builder:snap_stops_to_roads:38 - Snapped Test Student 11 (TEST-6729): 956.9m
2026-03-26 21:54:08.581 | DEBUG    | utils.distance_utils:build_node_balltree:29 - Built BallTree with 7460 nodes
2026-03-26 21:54:08.583 | DEBUG    | utils.geo_utils:haversine_distance:20 - Haversine: (31.342673, 73.180091) → (31.3434454, 73.1825193) = 246.1 m
2026-03-26 21:54:08.583 | DEBUG    | utils.distance_utils:find_nearest_road_point:56 - Nearest road node to (31.342673, 73.180091): (31.343445, 73.182519) — 246.1m
2026-03-26 21:54:08.583 | DEBUG    | utils.geo_utils:haversine_distance:20 - Haversine: (31.342673, 73.180091) → (31.3434454, 73.1825193) = 246.1 m
2026-03-26 21:54:08.583 | DEBUG    | data_pipeline.stop_builder:snap_stops_to_roads:38 - Snapped Test Student 1 (TEST-1717): 246.1m
2026-03-26 21:54:08.613 | DEBUG    | utils.distance_utils:build_node_balltree:29 - Built BallTree with 7460 nodes
2026-03-26 21:54:08.615 | DEBUG    | utils.geo_utils:haversine_distance:20 - Haversine: (31.419161, 73.04138) → (31.4192659, 73.0416323) = 26.6 m
2026-03-26 21:54:08.615 | DEBUG    | utils.distance_utils:find_nearest_road_point:56 - Nearest road node to (31.419161, 73.04138): (31.419266, 73.041632) — 26.6m
2026-03-26 21:54:08.615 | DEBUG    | utils.geo_utils:haversine_distance:20 - Haversine: (31.419161, 73.04138) → (31.4192659, 73.0416323) = 26.6 m
2026-03-26 21:54:08.615 | DEBUG    | data_pipeline.stop_builder:snap_stops_to_roads:38 - Snapped Test Student 27 (TEST-3106): 26.6m
2026-03-26 21:54:08.643 | DEBUG    | utils.distance_utils:build_node_balltree:29 - Built BallTree with 7460 nodes
2026-03-26 21:54:08.645 | DEBUG    | utils.geo_utils:haversine_distance:20 - Haversine: (31.513945, 73.145) → (31.5101284, 73.1503952) = 664.6 m
2026-03-26 21:54:08.645 | DEBUG    | utils.distance_utils:find_nearest_road_point:56 - Nearest road node to (31.513945, 73.145): (31.510128, 73.150395) — 664.6m
2026-03-26 21:54:08.645 | DEBUG    | utils.geo_utils:haversine_distance:20 - Haversine: (31.513945, 73.145) → (31.5101284, 73.1503952) = 664.6 m
2026-03-26 21:54:08.646 | DEBUG    | data_pipeline.stop_builder:snap_stops_to_roads:38 - Snapped Test Student 20 (TEST-7495): 664.6m
2026-03-26 21:54:08.671 | DEBUG    | utils.distance_utils:build_node_balltree:29 - Built BallTree with 7460 nodes
2026-03-26 21:54:08.673 | DEBUG    | utils.geo_utils:haversine_distance:20 - Haversine: (31.462728, 73.168167) → (31.4641337, 73.1683411) = 157.2 m
2026-03-26 21:54:08.673 | DEBUG    | utils.distance_utils:find_nearest_road_point:56 - Nearest road node to (31.462728, 73.168167): (31.464134, 73.168341) — 157.2m
2026-03-26 21:54:08.673 | DEBUG    | utils.geo_utils:haversine_distance:20 - Haversine: (31.462728, 73.168167) → (31.4641337, 73.1683411) = 157.2 m
2026-03-26 21:54:08.673 | DEBUG    | data_pipeline.stop_builder:snap_stops_to_roads:38 - Snapped Test Student 15 (TEST-5668): 157.2m
2026-03-26 21:54:08.701 | DEBUG    | utils.distance_utils:build_node_balltree:29 - Built BallTree with 7460 nodes
2026-03-26 21:54:08.703 | DEBUG    | utils.geo_utils:haversine_distance:20 - Haversine: (31.346116, 73.056539) → (31.3446991, 73.0585627) = 248.5 m
2026-03-26 21:54:08.703 | DEBUG    | utils.distance_utils:find_nearest_road_point:56 - Nearest road node to (31.346116, 73.056539): (31.344699, 73.058563) — 248.5m
2026-03-26 21:54:08.703 | DEBUG    | utils.geo_utils:haversine_distance:20 - Haversine: (31.346116, 73.056539) → (31.3446991, 73.0585627) = 248.5 m
2026-03-26 21:54:08.704 | DEBUG    | data_pipeline.stop_builder:snap_stops_to_roads:38 - Snapped Test Student 9 (TEST-8987): 248.5m
2026-03-26 21:54:08.732 | DEBUG    | utils.distance_utils:build_node_balltree:29 - Built BallTree with 7460 nodes
2026-03-26 21:54:08.734 | DEBUG    | utils.geo_utils:haversine_distance:20 - Haversine: (31.544202, 73.128686) → (31.5431453, 73.1283131) = 122.7 m
2026-03-26 21:54:08.734 | DEBUG    | utils.distance_utils:find_nearest_road_point:56 - Nearest road node to (31.544202, 73.128686): (31.543145, 73.128313) — 122.7m
2026-03-26 21:54:08.734 | DEBUG    | utils.geo_utils:haversine_distance:20 - Haversine: (31.544202, 73.128686) → (31.5431453, 73.1283131) = 122.7 m
2026-03-26 21:54:08.735 | DEBUG    | data_pipeline.stop_builder:snap_stops_to_roads:38 - Snapped Test Student 4 (TEST-9428): 122.7m
2026-03-26 21:54:08.763 | DEBUG    | utils.distance_utils:build_node_balltree:29 - Built BallTree with 7460 nodes
2026-03-26 21:54:08.764 | DEBUG    | utils.geo_utils:haversine_distance:20 - Haversine: (31.393089, 73.028228) → (31.398463, 73.0263855) = 622.6 m
2026-03-26 21:54:08.764 | DEBUG    | utils.distance_utils:find_nearest_road_point:56 - Nearest road node to (31.393089, 73.028228): (31.398463, 73.026386) — 622.6m
2026-03-26 21:54:08.765 | DEBUG    | utils.geo_utils:haversine_distance:20 - Haversine: (31.393089, 73.028228) → (31.398463, 73.0263855) = 622.6 m
2026-03-26 21:54:08.765 | DEBUG    | data_pipeline.stop_builder:snap_stops_to_roads:38 - Snapped Test Student 5 (TEST-5892): 622.6m
2026-03-26 21:54:08.799 | DEBUG    | utils.distance_utils:build_node_balltree:29 - Built BallTree with 7460 nodes
2026-03-26 21:54:08.800 | DEBUG    | utils.geo_utils:haversine_distance:20 - Haversine: (31.318863, 73.183249) → (31.3190478, 73.1756414) = 723.0 m
2026-03-26 21:54:08.801 | DEBUG    | utils.distance_utils:find_nearest_road_point:56 - Nearest road node to (31.318863, 73.183249): (31.319048, 73.175641) — 723.0m
2026-03-26 21:54:08.801 | DEBUG    | utils.geo_utils:haversine_distance:20 - Haversine: (31.318863, 73.183249) → (31.3190478, 73.1756414) = 723.0 m
2026-03-26 21:54:08.801 | DEBUG    | data_pipeline.stop_builder:snap_stops_to_roads:38 - Snapped Test Student 29 (TEST-7084): 723.0m
2026-03-26 21:54:08.830 | DEBUG    | utils.distance_utils:build_node_balltree:29 - Built BallTree with 7460 nodes
2026-03-26 21:54:08.832 | DEBUG    | utils.geo_utils:haversine_distance:20 - Haversine: (31.354815, 73.143189) → (31.3557607, 73.1450675) = 207.1 m
2026-03-26 21:54:08.832 | DEBUG    | utils.distance_utils:find_nearest_road_point:56 - Nearest road node to (31.354815, 73.143189): (31.355761, 73.145067) — 207.1m
2026-03-26 21:54:08.832 | DEBUG    | utils.geo_utils:haversine_distance:20 - Haversine: (31.354815, 73.143189) → (31.3557607, 73.1450675) = 207.1 m
2026-03-26 21:54:08.833 | DEBUG    | data_pipeline.stop_builder:snap_stops_to_roads:38 - Snapped Test Student 17 (TEST-4072): 207.1m
2026-03-26 21:54:08.860 | DEBUG    | utils.distance_utils:build_node_balltree:29 - Built BallTree with 7460 nodes
2026-03-26 21:54:08.862 | DEBUG    | utils.geo_utils:haversine_distance:20 - Haversine: (31.459172, 73.066434) → (31.4601458, 73.0666137) = 109.6 m
2026-03-26 21:54:08.862 | DEBUG    | utils.distance_utils:find_nearest_road_point:56 - Nearest road node to (31.459172, 73.066434): (31.460146, 73.066614) — 109.6m
2026-03-26 21:54:08.862 | DEBUG    | utils.geo_utils:haversine_distance:20 - Haversine: (31.459172, 73.066434) → (31.4601458, 73.0666137) = 109.6 m
2026-03-26 21:54:08.862 | DEBUG    | data_pipeline.stop_builder:snap_stops_to_roads:38 - Snapped Test Student 18 (TEST-9353): 109.6m
2026-03-26 21:54:08.885 | DEBUG    | utils.distance_utils:build_node_balltree:29 - Built BallTree with 7460 nodes
2026-03-26 21:54:08.886 | DEBUG    | utils.geo_utils:haversine_distance:20 - Haversine: (31.537509, 73.124448) → (31.5426468, 73.1258022) = 585.5 m
2026-03-26 21:54:08.887 | DEBUG    | utils.distance_utils:find_nearest_road_point:56 - Nearest road node to (31.537509, 73.124448): (31.542647, 73.125802) — 585.5m
2026-03-26 21:54:08.887 | DEBUG    | utils.geo_utils:haversine_distance:20 - Haversine: (31.537509, 73.124448) → (31.5426468, 73.1258022) = 585.5 m
2026-03-26 21:54:08.887 | DEBUG    | data_pipeline.stop_builder:snap_stops_to_roads:38 - Snapped Test Student 6 (TEST-3775): 585.5m
2026-03-26 21:54:08.916 | DEBUG    | utils.distance_utils:build_node_balltree:29 - Built BallTree with 7460 nodes
2026-03-26 21:54:08.918 | DEBUG    | utils.geo_utils:haversine_distance:20 - Haversine: (31.473589, 73.112736) → (31.4743292, 73.1046958) = 766.9 m
2026-03-26 21:54:08.918 | DEBUG    | utils.distance_utils:find_nearest_road_point:56 - Nearest road node to (31.473589, 73.112736): (31.474329, 73.104696) — 766.9m
2026-03-26 21:54:08.918 | DEBUG    | utils.geo_utils:haversine_distance:20 - Haversine: (31.473589, 73.112736) → (31.4743292, 73.1046958) = 766.9 m
2026-03-26 21:54:08.919 | DEBUG    | data_pipeline.stop_builder:snap_stops_to_roads:38 - Snapped Test Student 22 (TEST-9109): 766.9m
2026-03-26 21:54:08.947 | DEBUG    | utils.distance_utils:build_node_balltree:29 - Built BallTree with 7460 nodes
2026-03-26 21:54:08.949 | DEBUG    | utils.geo_utils:haversine_distance:20 - Haversine: (31.468675, 73.160721) → (31.4693742, 73.1600766) = 98.9 m
2026-03-26 21:54:08.949 | DEBUG    | utils.distance_utils:find_nearest_road_point:56 - Nearest road node to (31.468675, 73.160721): (31.469374, 73.160077) — 98.9m
2026-03-26 21:54:08.949 | DEBUG    | utils.geo_utils:haversine_distance:20 - Haversine: (31.468675, 73.160721) → (31.4693742, 73.1600766) = 98.9 m
2026-03-26 21:54:08.949 | DEBUG    | data_pipeline.stop_builder:snap_stops_to_roads:38 - Snapped Test Student 19 (TEST-9533): 98.9m
2026-03-26 21:54:08.980 | DEBUG    | utils.distance_utils:build_node_balltree:29 - Built BallTree with 7460 nodes
2026-03-26 21:54:08.982 | DEBUG    | utils.geo_utils:haversine_distance:20 - Haversine: (31.405239, 73.112616) → (31.4060883, 73.1115478) = 138.5 m
2026-03-26 21:54:08.982 | DEBUG    | utils.distance_utils:find_nearest_road_point:56 - Nearest road node to (31.405239, 73.112616): (31.406088, 73.111548) — 138.5m
2026-03-26 21:54:08.982 | DEBUG    | utils.geo_utils:haversine_distance:20 - Haversine: (31.405239, 73.112616) → (31.4060883, 73.1115478) = 138.5 m
2026-03-26 21:54:08.982 | DEBUG    | data_pipeline.stop_builder:snap_stops_to_roads:38 - Snapped Test Student 26 (TEST-5354): 138.5m
2026-03-26 21:54:09.009 | DEBUG    | utils.distance_utils:build_node_balltree:29 - Built BallTree with 7460 nodes
2026-03-26 21:54:09.011 | DEBUG    | utils.geo_utils:haversine_distance:20 - Haversine: (31.470598, 73.008555) → (31.4773379, 73.0052033) = 814.1 m
2026-03-26 21:54:09.012 | DEBUG    | utils.distance_utils:find_nearest_road_point:56 - Nearest road node to (31.470598, 73.008555): (31.477338, 73.005203) — 814.1m
2026-03-26 21:54:09.012 | DEBUG    | utils.geo_utils:haversine_distance:20 - Haversine: (31.470598, 73.008555) → (31.4773379, 73.0052033) = 814.1 m
2026-03-26 21:54:09.012 | DEBUG    | data_pipeline.stop_builder:snap_stops_to_roads:38 - Snapped Test Student 24 (TEST-8754): 814.1m
2026-03-26 21:54:09.044 | DEBUG    | utils.distance_utils:build_node_balltree:29 - Built BallTree with 7460 nodes
2026-03-26 21:54:09.046 | DEBUG    | utils.geo_utils:haversine_distance:20 - Haversine: (31.480136, 73.16337) → (31.4766945, 73.1677037) = 561.5 m
2026-03-26 21:54:09.046 | DEBUG    | utils.distance_utils:find_nearest_road_point:56 - Nearest road node to (31.480136, 73.16337): (31.476695, 73.167704) — 561.5m
2026-03-26 21:54:09.046 | DEBUG    | utils.geo_utils:haversine_distance:20 - Haversine: (31.480136, 73.16337) → (31.4766945, 73.1677037) = 561.5 m
2026-03-26 21:54:09.046 | DEBUG    | data_pipeline.stop_builder:snap_stops_to_roads:38 - Snapped Test Student 21 (TEST-9356): 561.5m
2026-03-26 21:54:09.071 | DEBUG    | utils.distance_utils:build_node_balltree:29 - Built BallTree with 7460 nodes
2026-03-26 21:54:09.076 | DEBUG    | utils.geo_utils:haversine_distance:20 - Haversine: (31.503809, 73.163047) → (31.504101, 73.1583633) = 445.2 m
2026-03-26 21:54:09.076 | DEBUG    | utils.distance_utils:find_nearest_road_point:56 - Nearest road node to (31.503809, 73.163047): (31.504101, 73.158363) — 445.2m
2026-03-26 21:54:09.077 | DEBUG    | utils.geo_utils:haversine_distance:20 - Haversine: (31.503809, 73.163047) → (31.504101, 73.1583633) = 445.2 m
2026-03-26 21:54:09.077 | DEBUG    | data_pipeline.stop_builder:snap_stops_to_roads:38 - Snapped Test Student 2 (TEST-1842): 445.2m
2026-03-26 21:54:09.101 | DEBUG    | utils.distance_utils:build_node_balltree:29 - Built BallTree with 7460 nodes
2026-03-26 21:54:09.103 | DEBUG    | utils.geo_utils:haversine_distance:20 - Haversine: (31.388719, 73.18885) → (31.3907077, 73.1897443) = 236.9 m
2026-03-26 21:54:09.103 | DEBUG    | utils.distance_utils:find_nearest_road_point:56 - Nearest road node to (31.388719, 73.18885): (31.390708, 73.189744) — 236.9m
2026-03-26 21:54:09.104 | DEBUG    | utils.geo_utils:haversine_distance:20 - Haversine: (31.388719, 73.18885) → (31.3907077, 73.1897443) = 236.9 m
2026-03-26 21:54:09.104 | DEBUG    | data_pipeline.stop_builder:snap_stops_to_roads:38 - Snapped Test Student 16 (TEST-8203): 236.9m
2026-03-26 21:54:09.132 | DEBUG    | utils.distance_utils:build_node_balltree:29 - Built BallTree with 7460 nodes
2026-03-26 21:54:09.133 | DEBUG    | utils.geo_utils:haversine_distance:20 - Haversine: (31.406549, 73.086759) → (31.4052045, 73.0873694) = 160.3 m
2026-03-26 21:54:09.134 | DEBUG    | utils.distance_utils:find_nearest_road_point:56 - Nearest road node to (31.406549, 73.086759): (31.405204, 73.087369) — 160.3m
2026-03-26 21:54:09.134 | DEBUG    | utils.geo_utils:haversine_distance:20 - Haversine: (31.406549, 73.086759) → (31.4052045, 73.0873694) = 160.3 m
2026-03-26 21:54:09.134 | DEBUG    | data_pipeline.stop_builder:snap_stops_to_roads:38 - Snapped Test Student 8 (TEST-8476): 160.3m
2026-03-26 21:54:09.134 | INFO     | data_pipeline.stop_builder:snap_stops_to_roads:47 - Snapping complete:
2026-03-26 21:54:09.135 | INFO     | data_pipeline.stop_builder:snap_stops_to_roads:48 -   Input stops: 30
2026-03-26 21:54:09.135 | INFO     | data_pipeline.stop_builder:snap_stops_to_roads:49 -   Snapped successfully: 30
2026-03-26 21:54:09.136 | INFO     | data_pipeline.stop_builder:snap_stops_to_roads:50 -   Skipped (too far): 0
2026-03-26 21:54:09.136 | DEBUG    | data_pipeline.stop_builder:snap_stops_to_roads:53 - First snapped stop example: {'student_id': '3CNKLBNknvMId9G9MJ1cVoQjkpw2', 'name': 'Test Student 12', 'roll_no': 'TEST-4382', 'lat': 31.3691526, 'lng': 73.0514611, 'student_count': 1, 'contact': '03597900028', 'semester': 'Spring 2026', 'fee_status': 'unpaid', 'registration_status': 'successful', 'original_lat': 31.369289, 'original_lng': 73.051406, 'snap_distance_m': 16.04}
2026-03-26 21:54:09.137 | DEBUG    | utils.geo_utils:haversine_distance:20 - Haversine: (31.3787188, 73.157798) → (31.3691526, 73.0514611) = 10151.2 m
2026-03-26 21:54:09.137 | DEBUG    | utils.geo_utils:haversine_distance:20 - Haversine: (31.4457694, 73.1408101) → (31.3691526, 73.0514611) = 12020.1 m
2026-03-26 21:54:09.137 | DEBUG    | utils.geo_utils:haversine_distance:20 - Haversine: (31.4457694, 73.1408101) → (31.3787188, 73.157798) = 7628.0 m
2026-03-26 21:54:09.137 | DEBUG    | utils.geo_utils:haversine_distance:20 - Haversine: (31.5487412, 73.1501112) → (31.3691526, 73.0514611) = 22052.9 m
2026-03-26 21:54:09.137 | DEBUG    | utils.geo_utils:haversine_distance:20 - Haversine: (31.5487412, 73.1501112) → (31.3787188, 73.157798) = 18919.7 m
2026-03-26 21:54:09.137 | DEBUG    | utils.geo_utils:haversine_distance:20 - Haversine: (31.5487412, 73.1501112) → (31.4457694, 73.1408101) = 11483.9 m
2026-03-26 21:54:09.137 | DEBUG    | utils.geo_utils:haversine_distance:20 - Haversine: (31.3836456, 73.0640586) → (31.3691526, 73.0514611) = 2006.8 m
2026-03-26 21:54:09.137 | DEBUG    | utils.geo_utils:haversine_distance:20 - Haversine: (31.3836456, 73.0640586) → (31.3787188, 73.157798) = 8915.5 m
2026-03-26 21:54:09.137 | DEBUG    | utils.geo_utils:haversine_distance:20 - Haversine: (31.3836456, 73.0640586) → (31.4457694, 73.1408101) = 10038.2 m
2026-03-26 21:54:09.137 | DEBUG    | utils.geo_utils:haversine_distance:20 - Haversine: (31.3836456, 73.0640586) → (31.5487412, 73.1501112) = 20090.3 m
2026-03-26 21:54:09.137 | DEBUG    | utils.geo_utils:haversine_distance:20 - Haversine: (31.4467219, 73.1271368) → (31.3691526, 73.0514611) = 11223.8 m
2026-03-26 21:54:09.137 | DEBUG    | utils.geo_utils:haversine_distance:20 - Haversine: (31.4467219, 73.1271368) → (31.3787188, 73.157798) = 8102.1 m
2026-03-26 21:54:09.138 | DEBUG    | utils.geo_utils:haversine_distance:20 - Haversine: (31.4467219, 73.1271368) → (31.4457694, 73.1408101) = 1301.4 m
2026-03-26 21:54:09.138 | DEBUG    | utils.geo_utils:haversine_distance:20 - Haversine: (31.4467219, 73.1271368) → (31.5487412, 73.1501112) = 11551.3 m
2026-03-26 21:54:09.138 | DEBUG    | utils.geo_utils:haversine_distance:20 - Haversine: (31.4467219, 73.1271368) → (31.3836456, 73.0640586) = 9220.8 m
2026-03-26 21:54:09.138 | DEBUG    | utils.geo_utils:haversine_distance:20 - Haversine: (31.330396, 73.0696448) → (31.3691526, 73.0514611) = 4642.6 m
2026-03-26 21:54:09.138 | DEBUG    | utils.geo_utils:haversine_distance:20 - Haversine: (31.330396, 73.0696448) → (31.3787188, 73.157798) = 9946.9 m
2026-03-26 21:54:09.138 | DEBUG    | utils.geo_utils:haversine_distance:20 - Haversine: (31.330396, 73.0696448) → (31.4457694, 73.1408101) = 14498.8 m
2026-03-26 21:54:09.138 | DEBUG    | utils.geo_utils:haversine_distance:20 - Haversine: (31.330396, 73.0696448) → (31.5487412, 73.1501112) = 25450.7 m
2026-03-26 21:54:09.138 | DEBUG    | utils.geo_utils:haversine_distance:20 - Haversine: (31.330396, 73.0696448) → (31.3836456, 73.0640586) = 5944.8 m
2026-03-26 21:54:09.138 | DEBUG    | utils.geo_utils:haversine_distance:20 - Haversine: (31.330396, 73.0696448) → (31.4467219, 73.1271368) = 14038.9 m
2026-03-26 21:54:09.138 | DEBUG    | utils.geo_utils:haversine_distance:20 - Haversine: (31.3413852, 73.1852291) → (31.3691526, 73.0514611) = 13071.9 m
2026-03-26 21:54:09.138 | DEBUG    | utils.geo_utils:haversine_distance:20 - Haversine: (31.3413852, 73.1852291) → (31.3787188, 73.157798) = 4900.7 m
2026-03-26 21:54:09.139 | DEBUG    | utils.geo_utils:haversine_distance:20 - Haversine: (31.3413852, 73.1852291) → (31.4457694, 73.1408101) = 12349.0 m
2026-03-26 21:54:09.139 | DEBUG    | utils.geo_utils:haversine_distance:20 - Haversine: (31.3413852, 73.1852291) → (31.5487412, 73.1501112) = 23296.4 m
2026-03-26 21:54:09.139 | DEBUG    | utils.geo_utils:haversine_distance:20 - Haversine: (31.3413852, 73.1852291) → (31.3836456, 73.0640586) = 12427.6 m
2026-03-26 21:54:09.139 | DEBUG    | utils.geo_utils:haversine_distance:20 - Haversine: (31.3413852, 73.1852291) → (31.4467219, 73.1271368) = 12945.9 m
2026-03-26 21:54:09.139 | DEBUG    | utils.geo_utils:haversine_distance:20 - Haversine: (31.3413852, 73.1852291) → (31.330396, 73.0696448) = 11045.4 m
2026-03-26 21:54:09.139 | DEBUG    | utils.geo_utils:haversine_distance:20 - Haversine: (31.4000755, 73.0126538) → (31.3691526, 73.0514611) = 5039.2 m
2026-03-26 21:54:09.139 | DEBUG    | utils.geo_utils:haversine_distance:20 - Haversine: (31.4000755, 73.0126538) → (31.3787188, 73.157798) = 13980.4 m
2026-03-26 21:54:09.139 | DEBUG    | utils.geo_utils:haversine_distance:20 - Haversine: (31.4000755, 73.0126538) → (31.4457694, 73.1408101) = 13179.2 m
2026-03-26 21:54:09.139 | DEBUG    | utils.geo_utils:haversine_distance:20 - Haversine: (31.4000755, 73.0126538) → (31.5487412, 73.1501112) = 21052.4 m
2026-03-26 21:54:09.140 | DEBUG    | utils.geo_utils:haversine_distance:20 - Haversine: (31.4000755, 73.0126538) → (31.3836456, 73.0640586) = 5210.1 m
2026-03-26 21:54:09.140 | DEBUG    | utils.geo_utils:haversine_distance:20 - Haversine: (31.4000755, 73.0126538) → (31.4467219, 73.1271368) = 12037.7 m
2026-03-26 21:54:09.143 | DEBUG    | utils.geo_utils:haversine_distance:20 - Haversine: (31.4000755, 73.0126538) → (31.330396, 73.0696448) = 9450.5 m
2026-03-26 21:54:09.143 | DEBUG    | utils.geo_utils:haversine_distance:20 - Haversine: (31.4000755, 73.0126538) → (31.3413852, 73.1852291) = 17636.2 m
2026-03-26 21:54:09.143 | DEBUG    | utils.geo_utils:haversine_distance:20 - Haversine: (31.527645, 73.0552285) → (31.3691526, 73.0514611) = 17627.2 m
2026-03-26 21:54:09.143 | DEBUG    | utils.geo_utils:haversine_distance:20 - Haversine: (31.527645, 73.0552285) → (31.3787188, 73.157798) = 19206.5 m
2026-03-26 21:54:09.143 | DEBUG    | utils.geo_utils:haversine_distance:20 - Haversine: (31.527645, 73.0552285) → (31.4457694, 73.1408101) = 12195.9 m
2026-03-26 21:54:09.143 | DEBUG    | utils.geo_utils:haversine_distance:20 - Haversine: (31.527645, 73.0552285) → (31.5487412, 73.1501112) = 9293.0 m
2026-03-26 21:54:09.143 | DEBUG    | utils.geo_utils:haversine_distance:20 - Haversine: (31.527645, 73.0552285) → (31.3836456, 73.0640586) = 16033.9 m
2026-03-26 21:54:09.143 | DEBUG    | utils.geo_utils:haversine_distance:20 - Haversine: (31.527645, 73.0552285) → (31.4467219, 73.1271368) = 11289.8 m
2026-03-26 21:54:09.143 | DEBUG    | utils.geo_utils:haversine_distance:20 - Haversine: (31.527645, 73.0552285) → (31.330396, 73.0696448) = 21975.7 m
2026-03-26 21:54:09.143 | DEBUG    | utils.geo_utils:haversine_distance:20 - Haversine: (31.527645, 73.0552285) → (31.3413852, 73.1852291) = 24105.5 m
2026-03-26 21:54:09.143 | DEBUG    | utils.geo_utils:haversine_distance:20 - Haversine: (31.527645, 73.0552285) → (31.4000755, 73.0126538) = 14748.6 m
2026-03-26 21:54:09.144 | DEBUG    | utils.geo_utils:haversine_distance:20 - Haversine: (31.3281703, 73.1302408) → (31.3691526, 73.0514611) = 8759.8 m
2026-03-26 21:54:09.144 | DEBUG    | utils.geo_utils:haversine_distance:20 - Haversine: (31.3281703, 73.1302408) → (31.3787188, 73.157798) = 6200.0 m
2026-03-26 21:54:09.144 | DEBUG    | utils.geo_utils:haversine_distance:20 - Haversine: (31.3281703, 73.1302408) → (31.4457694, 73.1408101) = 13114.9 m
2026-03-26 21:54:09.144 | DEBUG    | utils.geo_utils:haversine_distance:20 - Haversine: (31.3281703, 73.1302408) → (31.5487412, 73.1501112) = 24598.7 m
2026-03-26 21:54:09.144 | DEBUG    | utils.geo_utils:haversine_distance:20 - Haversine: (31.3281703, 73.1302408) → (31.3836456, 73.0640586) = 8805.9 m
2026-03-26 21:54:09.144 | DEBUG    | utils.geo_utils:haversine_distance:20 - Haversine: (31.3281703, 73.1302408) → (31.4467219, 73.1271368) = 13185.6 m
2026-03-26 21:54:09.144 | DEBUG    | utils.geo_utils:haversine_distance:20 - Haversine: (31.3281703, 73.1302408) → (31.330396, 73.0696448) = 5760.8 m
2026-03-26 21:54:09.144 | DEBUG    | utils.geo_utils:haversine_distance:20 - Haversine: (31.3281703, 73.1302408) → (31.3413852, 73.1852291) = 5425.4 m
2026-03-26 21:54:09.144 | DEBUG    | utils.geo_utils:haversine_distance:20 - Haversine: (31.3281703, 73.1302408) → (31.4000755, 73.0126538) = 13732.2 m
2026-03-26 21:54:09.144 | DEBUG    | utils.geo_utils:haversine_distance:20 - Haversine: (31.3281703, 73.1302408) → (31.527645, 73.0552285) = 23294.5 m
2026-03-26 21:54:09.144 | DEBUG    | utils.geo_utils:haversine_distance:20 - Haversine: (31.3434454, 73.1825193) → (31.3691526, 73.0514611) = 12768.7 m
2026-03-26 21:54:09.144 | DEBUG    | utils.geo_utils:haversine_distance:20 - Haversine: (31.3434454, 73.1825193) → (31.3787188, 73.157798) = 4570.9 m
2026-03-26 21:54:09.145 | DEBUG    | utils.geo_utils:haversine_distance:20 - Haversine: (31.3434454, 73.1825193) → (31.4457694, 73.1408101) = 12047.0 m
2026-03-26 21:54:09.145 | DEBUG    | utils.geo_utils:haversine_distance:20 - Haversine: (31.3434454, 73.1825193) → (31.5487412, 73.1501112) = 23033.9 m
2026-03-26 21:54:09.145 | DEBUG    | utils.geo_utils:haversine_distance:20 - Haversine: (31.3434454, 73.1825193) → (31.3836456, 73.0640586) = 12103.2 m
2026-03-26 21:54:09.145 | DEBUG    | utils.geo_utils:haversine_distance:20 - Haversine: (31.3434454, 73.1825193) → (31.4467219, 73.1271368) = 12629.8 m
2026-03-26 21:54:09.145 | DEBUG    | utils.geo_utils:haversine_distance:20 - Haversine: (31.3434454, 73.1825193) → (31.330396, 73.0696448) = 10817.9 m
2026-03-26 21:54:09.145 | DEBUG    | utils.geo_utils:haversine_distance:20 - Haversine: (31.3434454, 73.1825193) → (31.3413852, 73.1852291) = 344.5 m
2026-03-26 21:54:09.145 | DEBUG    | utils.geo_utils:haversine_distance:20 - Haversine: (31.4192659, 73.0416323) → (31.3691526, 73.0514611) = 5649.9 m
2026-03-26 21:54:09.145 | DEBUG    | utils.geo_utils:haversine_distance:20 - Haversine: (31.4192659, 73.0416323) → (31.3787188, 73.157798) = 11911.7 m
2026-03-26 21:54:09.145 | DEBUG    | utils.geo_utils:haversine_distance:20 - Haversine: (31.4192659, 73.0416323) → (31.4457694, 73.1408101) = 9860.5 m
2026-03-26 21:54:09.145 | DEBUG    | utils.geo_utils:haversine_distance:20 - Haversine: (31.4192659, 73.0416323) → (31.5487412, 73.1501112) = 17694.3 m
2026-03-26 21:54:09.145 | DEBUG    | utils.geo_utils:haversine_distance:20 - Haversine: (31.4192659, 73.0416323) → (31.3836456, 73.0640586) = 4496.5 m
2026-03-26 21:54:09.146 | DEBUG    | utils.geo_utils:haversine_distance:20 - Haversine: (31.4192659, 73.0416323) → (31.4467219, 73.1271368) = 8667.9 m
2026-03-26 21:54:09.146 | DEBUG    | utils.geo_utils:haversine_distance:20 - Haversine: (31.4192659, 73.0416323) → (31.330396, 73.0696448) = 10233.5 m
2026-03-26 21:54:09.146 | DEBUG    | utils.geo_utils:haversine_distance:20 - Haversine: (31.4192659, 73.0416323) → (31.3413852, 73.1852291) = 16149.9 m
2026-03-26 21:54:09.146 | DEBUG    | utils.geo_utils:haversine_distance:20 - Haversine: (31.4192659, 73.0416323) → (31.4000755, 73.0126538) = 3480.9 m
2026-03-26 21:54:09.146 | DEBUG    | utils.geo_utils:haversine_distance:20 - Haversine: (31.4192659, 73.0416323) → (31.527645, 73.0552285) = 12120.0 m
2026-03-26 21:54:09.146 | DEBUG    | utils.geo_utils:haversine_distance:20 - Haversine: (31.4192659, 73.0416323) → (31.3281703, 73.1302408) = 13167.0 m
2026-03-26 21:54:09.147 | DEBUG    | utils.geo_utils:haversine_distance:20 - Haversine: (31.5101284, 73.1503952) → (31.3691526, 73.0514611) = 18270.9 m
2026-03-26 21:54:09.147 | DEBUG    | utils.geo_utils:haversine_distance:20 - Haversine: (31.5101284, 73.1503952) → (31.3787188, 73.157798) = 14628.9 m
2026-03-26 21:54:09.147 | DEBUG    | utils.geo_utils:haversine_distance:20 - Haversine: (31.5101284, 73.1503952) → (31.4457694, 73.1408101) = 7213.9 m
2026-03-26 21:54:09.147 | DEBUG    | utils.geo_utils:haversine_distance:20 - Haversine: (31.5101284, 73.1503952) → (31.5487412, 73.1501112) = 4293.6 m
2026-03-26 21:54:09.147 | DEBUG    | utils.geo_utils:haversine_distance:20 - Haversine: (31.5101284, 73.1503952) → (31.3836456, 73.0640586) = 16275.2 m
2026-03-26 21:54:09.147 | DEBUG    | utils.geo_utils:haversine_distance:20 - Haversine: (31.5101284, 73.1503952) → (31.4467219, 73.1271368) = 7387.4 m
2026-03-26 21:54:09.147 | DEBUG    | utils.geo_utils:haversine_distance:20 - Haversine: (31.5101284, 73.1503952) → (31.330396, 73.0696448) = 21403.9 m
2026-03-26 21:54:09.147 | DEBUG    | utils.geo_utils:haversine_distance:20 - Haversine: (31.5101284, 73.1503952) → (31.3413852, 73.1852291) = 19052.3 m
2026-03-26 21:54:09.147 | DEBUG    | utils.geo_utils:haversine_distance:20 - Haversine: (31.5101284, 73.1503952) → (31.4000755, 73.0126538) = 17901.3 m
2026-03-26 21:54:09.148 | DEBUG    | utils.geo_utils:haversine_distance:20 - Haversine: (31.5101284, 73.1503952) → (31.527645, 73.0552285) = 9228.7 m
2026-03-26 21:54:09.148 | DEBUG    | utils.geo_utils:haversine_distance:20 - Haversine: (31.5101284, 73.1503952) → (31.3281703, 73.1302408) = 20323.0 m
2026-03-26 21:54:09.148 | DEBUG    | utils.geo_utils:haversine_distance:20 - Haversine: (31.5101284, 73.1503952) → (31.4192659, 73.0416323) = 14439.2 m
2026-03-26 21:54:09.148 | DEBUG    | utils.geo_utils:haversine_distance:20 - Haversine: (31.4641337, 73.1683411) → (31.3691526, 73.0514611) = 15315.3 m
2026-03-26 21:54:09.148 | DEBUG    | utils.geo_utils:haversine_distance:20 - Haversine: (31.4641337, 73.1683411) → (31.3787188, 73.157798) = 9550.2 m
2026-03-26 21:54:09.148 | DEBUG    | utils.geo_utils:haversine_distance:20 - Haversine: (31.4641337, 73.1683411) → (31.4457694, 73.1408101) = 3315.0 m
2026-03-26 21:54:09.148 | DEBUG    | utils.geo_utils:haversine_distance:20 - Haversine: (31.4641337, 73.1683411) → (31.5487412, 73.1501112) = 9565.3 m
2026-03-26 21:54:09.149 | DEBUG    | utils.geo_utils:haversine_distance:20 - Haversine: (31.4641337, 73.1683411) → (31.3836456, 73.0640586) = 13342.1 m
2026-03-26 21:54:09.149 | DEBUG    | utils.geo_utils:haversine_distance:20 - Haversine: (31.4641337, 73.1683411) → (31.4467219, 73.1271368) = 4361.7 m
2026-03-26 21:54:09.149 | DEBUG    | utils.geo_utils:haversine_distance:20 - Haversine: (31.4641337, 73.1683411) → (31.330396, 73.0696448) = 17575.5 m
2026-03-26 21:54:09.149 | DEBUG    | utils.geo_utils:haversine_distance:20 - Haversine: (31.4641337, 73.1683411) → (31.3413852, 73.1852291) = 13742.8 m
2026-03-26 21:54:09.149 | DEBUG    | utils.geo_utils:haversine_distance:20 - Haversine: (31.4641337, 73.1683411) → (31.4000755, 73.0126538) = 16399.0 m
2026-03-26 21:54:09.149 | DEBUG    | utils.geo_utils:haversine_distance:20 - Haversine: (31.4641337, 73.1683411) → (31.527645, 73.0552285) = 12841.0 m
2026-03-26 21:54:09.149 | DEBUG    | utils.geo_utils:haversine_distance:20 - Haversine: (31.4641337, 73.1683411) → (31.3281703, 73.1302408) = 15544.9 m
2026-03-26 21:54:09.150 | DEBUG    | utils.geo_utils:haversine_distance:20 - Haversine: (31.4641337, 73.1683411) → (31.4192659, 73.0416323) = 13014.9 m
2026-03-26 21:54:09.150 | DEBUG    | utils.geo_utils:haversine_distance:20 - Haversine: (31.4641337, 73.1683411) → (31.5101284, 73.1503952) = 5390.0 m
2026-03-26 21:54:09.150 | DEBUG    | utils.geo_utils:haversine_distance:20 - Haversine: (31.3446991, 73.0585627) → (31.3691526, 73.0514611) = 2801.5 m
2026-03-26 21:54:09.150 | DEBUG    | utils.geo_utils:haversine_distance:20 - Haversine: (31.3446991, 73.0585627) → (31.3787188, 73.157798) = 10153.3 m
2026-03-26 21:54:09.151 | DEBUG    | utils.geo_utils:haversine_distance:20 - Haversine: (31.3446991, 73.0585627) → (31.4457694, 73.1408101) = 13683.8 m
2026-03-26 21:54:09.151 | DEBUG    | utils.geo_utils:haversine_distance:20 - Haversine: (31.3446991, 73.0585627) → (31.5487412, 73.1501112) = 24293.8 m
2026-03-26 21:54:09.151 | DEBUG    | utils.geo_utils:haversine_distance:20 - Haversine: (31.3446991, 73.0585627) → (31.3836456, 73.0640586) = 4362.0 m
2026-03-26 21:54:09.151 | DEBUG    | utils.geo_utils:haversine_distance:20 - Haversine: (31.3446991, 73.0585627) → (31.4467219, 73.1271368) = 13079.0 m
2026-03-26 21:54:09.151 | DEBUG    | utils.geo_utils:haversine_distance:20 - Haversine: (31.3446991, 73.0585627) → (31.330396, 73.0696448) = 1907.2 m
2026-03-26 21:54:09.151 | DEBUG    | utils.geo_utils:haversine_distance:20 - Haversine: (31.3446991, 73.0585627) → (31.3413852, 73.1852291) = 12034.9 m
2026-03-26 21:54:09.151 | DEBUG    | utils.geo_utils:haversine_distance:20 - Haversine: (31.3446991, 73.0585627) → (31.4000755, 73.0126538) = 7544.0 m
2026-03-26 21:54:09.152 | DEBUG    | utils.geo_utils:haversine_distance:20 - Haversine: (31.3446991, 73.0585627) → (31.527645, 73.0552285) = 20345.1 m
2026-03-26 21:54:09.152 | DEBUG    | utils.geo_utils:haversine_distance:20 - Haversine: (31.3446991, 73.0585627) → (31.3281703, 73.1302408) = 7051.3 m
2026-03-26 21:54:09.152 | DEBUG    | utils.geo_utils:haversine_distance:20 - Haversine: (31.3446991, 73.0585627) → (31.4192659, 73.0416323) = 8445.8 m
2026-03-26 21:54:09.152 | DEBUG    | utils.geo_utils:haversine_distance:20 - Haversine: (31.3446991, 73.0585627) → (31.5101284, 73.1503952) = 20354.2 m
2026-03-26 21:54:09.153 | DEBUG    | utils.geo_utils:haversine_distance:20 - Haversine: (31.3446991, 73.0585627) → (31.4641337, 73.1683411) = 16879.6 m
2026-03-26 21:54:09.153 | DEBUG    | utils.geo_utils:haversine_distance:20 - Haversine: (31.5431453, 73.1283131) → (31.3691526, 73.0514611) = 20674.9 m
2026-03-26 21:54:09.153 | DEBUG    | utils.geo_utils:haversine_distance:20 - Haversine: (31.5431453, 73.1283131) → (31.3787188, 73.157798) = 18496.0 m
2026-03-26 21:54:09.153 | DEBUG    | utils.geo_utils:haversine_distance:20 - Haversine: (31.5431453, 73.1283131) → (31.4457694, 73.1408101) = 10892.3 m
2026-03-26 21:54:09.153 | DEBUG    | utils.geo_utils:haversine_distance:20 - Haversine: (31.5431453, 73.1283131) → (31.5487412, 73.1501112) = 2157.3 m
2026-03-26 21:54:09.154 | DEBUG    | utils.geo_utils:haversine_distance:20 - Haversine: (31.5431453, 73.1283131) → (31.3836456, 73.0640586) = 18753.4 m
2026-03-26 21:54:09.154 | DEBUG    | utils.geo_utils:haversine_distance:20 - Haversine: (31.5431453, 73.1283131) → (31.4467219, 73.1271368) = 10722.4 m
2026-03-26 21:54:09.154 | DEBUG    | utils.geo_utils:haversine_distance:20 - Haversine: (31.5431453, 73.1283131) → (31.330396, 73.0696448) = 24302.6 m
2026-03-26 21:54:09.154 | DEBUG    | utils.geo_utils:haversine_distance:20 - Haversine: (31.5431453, 73.1283131) → (31.3413852, 73.1852291) = 23075.3 m
2026-03-26 21:54:09.154 | DEBUG    | utils.geo_utils:haversine_distance:20 - Haversine: (31.5431453, 73.1283131) → (31.4000755, 73.0126538) = 19323.6 m
2026-03-26 21:54:09.154 | DEBUG    | utils.geo_utils:haversine_distance:20 - Haversine: (31.5431453, 73.1283131) → (31.527645, 73.0552285) = 7137.7 m
2026-03-26 21:54:09.154 | DEBUG    | utils.geo_utils:haversine_distance:20 - Haversine: (31.5431453, 73.1283131) → (31.3281703, 73.1302408) = 23904.8 m
2026-03-26 21:54:09.155 | DEBUG    | utils.geo_utils:haversine_distance:20 - Haversine: (31.5431453, 73.1283131) → (31.4192659, 73.0416323) = 16040.9 m
2026-03-26 21:54:09.155 | DEBUG    | utils.geo_utils:haversine_distance:20 - Haversine: (31.5431453, 73.1283131) → (31.5101284, 73.1503952) = 4226.0 m
2026-03-26 21:54:09.155 | DEBUG    | utils.geo_utils:haversine_distance:20 - Haversine: (31.5431453, 73.1283131) → (31.4641337, 73.1683411) = 9570.2 m
2026-03-26 21:54:09.156 | DEBUG    | utils.geo_utils:haversine_distance:20 - Haversine: (31.5431453, 73.1283131) → (31.3446991, 73.0585627) = 23037.0 m
2026-03-26 21:54:09.156 | DEBUG    | utils.geo_utils:haversine_distance:20 - Haversine: (31.398463, 73.0263855) → (31.3691526, 73.0514611) = 4035.9 m
2026-03-26 21:54:09.156 | DEBUG    | utils.geo_utils:haversine_distance:20 - Haversine: (31.398463, 73.0263855) → (31.3787188, 73.157798) = 12665.7 m
2026-03-26 21:54:09.156 | DEBUG    | utils.geo_utils:haversine_distance:20 - Haversine: (31.398463, 73.0263855) → (31.4457694, 73.1408101) = 12064.7 m
2026-03-26 21:54:09.156 | DEBUG    | utils.geo_utils:haversine_distance:20 - Haversine: (31.398463, 73.0263855) → (31.5487412, 73.1501112) = 20418.3 m
2026-03-26 21:54:09.156 | DEBUG    | utils.geo_utils:haversine_distance:20 - Haversine: (31.398463, 73.0263855) → (31.3836456, 73.0640586) = 3937.2 m
2026-03-26 21:54:09.156 | DEBUG    | utils.geo_utils:haversine_distance:20 - Haversine: (31.398463, 73.0263855) → (31.4467219, 73.1271368) = 10963.1 m
2026-03-26 21:54:09.156 | DEBUG    | utils.geo_utils:haversine_distance:20 - Haversine: (31.398463, 73.0263855) → (31.330396, 73.0696448) = 8611.4 m
2026-03-26 21:54:09.156 | DEBUG    | utils.geo_utils:haversine_distance:20 - Haversine: (31.398463, 73.0263855) → (31.3413852, 73.1852291) = 16361.9 m
2026-03-26 21:54:09.156 | DEBUG    | utils.geo_utils:haversine_distance:20 - Haversine: (31.398463, 73.0263855) → (31.4000755, 73.0126538) = 1315.6 m
2026-03-26 21:54:09.159 | DEBUG    | utils.geo_utils:haversine_distance:20 - Haversine: (31.398463, 73.0263855) → (31.527645, 73.0552285) = 14622.6 m
2026-03-26 21:54:09.160 | DEBUG    | utils.geo_utils:haversine_distance:20 - Haversine: (31.398463, 73.0263855) → (31.3281703, 73.1302408) = 12582.9 m
2026-03-26 21:54:09.160 | DEBUG    | utils.geo_utils:haversine_distance:20 - Haversine: (31.398463, 73.0263855) → (31.4192659, 73.0416323) = 2728.4 m
2026-03-26 21:54:09.160 | DEBUG    | utils.geo_utils:haversine_distance:20 - Haversine: (31.398463, 73.0263855) → (31.5101284, 73.1503952) = 17103.8 m
2026-03-26 21:54:09.160 | DEBUG    | utils.geo_utils:haversine_distance:20 - Haversine: (31.398463, 73.0263855) → (31.4641337, 73.1683411) = 15320.8 m
2026-03-26 21:54:09.160 | DEBUG    | utils.geo_utils:haversine_distance:20 - Haversine: (31.398463, 73.0263855) → (31.3446991, 73.0585627) = 6713.6 m
2026-03-26 21:54:09.160 | DEBUG    | utils.geo_utils:haversine_distance:20 - Haversine: (31.398463, 73.0263855) → (31.5431453, 73.1283131) = 18768.8 m
2026-03-26 21:54:09.160 | DEBUG    | utils.geo_utils:haversine_distance:20 - Haversine: (31.3190478, 73.1756414) → (31.3691526, 73.0514611) = 13042.9 m
2026-03-26 21:54:09.160 | DEBUG    | utils.geo_utils:haversine_distance:20 - Haversine: (31.3190478, 73.1756414) → (31.3787188, 73.157798) = 6848.1 m
2026-03-26 21:54:09.160 | DEBUG    | utils.geo_utils:haversine_distance:20 - Haversine: (31.3190478, 73.1756414) → (31.4457694, 73.1408101) = 14473.5 m
2026-03-26 21:54:09.161 | DEBUG    | utils.geo_utils:haversine_distance:20 - Haversine: (31.3190478, 73.1756414) → (31.5487412, 73.1501112) = 25655.3 m
2026-03-26 21:54:09.161 | DEBUG    | utils.geo_utils:haversine_distance:20 - Haversine: (31.3190478, 73.1756414) → (31.3836456, 73.0640586) = 12801.1 m
2026-03-26 21:54:09.161 | DEBUG    | utils.geo_utils:haversine_distance:20 - Haversine: (31.3190478, 73.1756414) → (31.4467219, 73.1271368) = 14924.7 m
2026-03-26 21:54:09.161 | DEBUG    | utils.geo_utils:haversine_distance:20 - Haversine: (31.3190478, 73.1756414) → (31.330396, 73.0696448) = 10147.0 m
2026-03-26 21:54:09.161 | DEBUG    | utils.geo_utils:haversine_distance:20 - Haversine: (31.3190478, 73.1756414) → (31.3413852, 73.1852291) = 2645.5 m
2026-03-26 21:54:09.161 | DEBUG    | utils.geo_utils:haversine_distance:20 - Haversine: (31.3190478, 73.1756414) → (31.4000755, 73.0126538) = 17907.6 m
2026-03-26 21:54:09.161 | DEBUG    | utils.geo_utils:haversine_distance:20 - Haversine: (31.3190478, 73.1756414) → (31.527645, 73.0552285) = 25856.3 m
2026-03-26 21:54:09.161 | DEBUG    | utils.geo_utils:haversine_distance:20 - Haversine: (31.3190478, 73.1756414) → (31.3281703, 73.1302408) = 4430.2 m
2026-03-26 21:54:09.161 | DEBUG    | utils.geo_utils:haversine_distance:20 - Haversine: (31.3190478, 73.1756414) → (31.4192659, 73.0416323) = 16913.3 m
2026-03-26 21:54:09.161 | DEBUG    | utils.geo_utils:haversine_distance:20 - Haversine: (31.3190478, 73.1756414) → (31.5101284, 73.1503952) = 21381.8 m
2026-03-26 21:54:09.161 | DEBUG    | utils.geo_utils:haversine_distance:20 - Haversine: (31.3190478, 73.1756414) → (31.4641337, 73.1683411) = 16147.7 m
2026-03-26 21:54:09.161 | DEBUG    | utils.geo_utils:haversine_distance:20 - Haversine: (31.3190478, 73.1756414) → (31.3446991, 73.0585627) = 11480.0 m
2026-03-26 21:54:09.161 | DEBUG    | utils.geo_utils:haversine_distance:20 - Haversine: (31.3190478, 73.1756414) → (31.5431453, 73.1283131) = 25319.9 m
2026-03-26 21:54:09.162 | DEBUG    | utils.geo_utils:haversine_distance:20 - Haversine: (31.3190478, 73.1756414) → (31.398463, 73.0263855) = 16698.2 m
2026-03-26 21:54:09.162 | DEBUG    | utils.geo_utils:haversine_distance:20 - Haversine: (31.3557607, 73.1450675) → (31.3691526, 73.0514611) = 9011.7 m
2026-03-26 21:54:09.162 | DEBUG    | utils.geo_utils:haversine_distance:20 - Haversine: (31.3557607, 73.1450675) → (31.3787188, 73.157798) = 2824.5 m
2026-03-26 21:54:09.162 | DEBUG    | utils.geo_utils:haversine_distance:20 - Haversine: (31.3557607, 73.1450675) → (31.4457694, 73.1408101) = 10016.7 m
2026-03-26 21:54:09.162 | DEBUG    | utils.geo_utils:haversine_distance:20 - Haversine: (31.3557607, 73.1450675) → (31.5487412, 73.1501112) = 21463.8 m
2026-03-26 21:54:09.162 | DEBUG    | utils.geo_utils:haversine_distance:20 - Haversine: (31.3557607, 73.1450675) → (31.3836456, 73.0640586) = 8292.6 m
2026-03-26 21:54:09.162 | DEBUG    | utils.geo_utils:haversine_distance:20 - Haversine: (31.3557607, 73.1450675) → (31.4467219, 73.1271368) = 10256.6 m
2026-03-26 21:54:09.162 | DEBUG    | utils.geo_utils:haversine_distance:20 - Haversine: (31.3557607, 73.1450675) → (31.330396, 73.0696448) = 7698.0 m
2026-03-26 21:54:09.162 | DEBUG    | utils.geo_utils:haversine_distance:20 - Haversine: (31.3557607, 73.1450675) → (31.3413852, 73.1852291) = 4135.3 m
2026-03-26 21:54:09.163 | DEBUG    | utils.geo_utils:haversine_distance:20 - Haversine: (31.3557607, 73.1450675) → (31.4000755, 73.0126538) = 13501.7 m
2026-03-26 21:54:09.163 | DEBUG    | utils.geo_utils:haversine_distance:20 - Haversine: (31.3557607, 73.1450675) → (31.527645, 73.0552285) = 20926.9 m
2026-03-26 21:54:09.163 | DEBUG    | utils.geo_utils:haversine_distance:20 - Haversine: (31.3557607, 73.1450675) → (31.3281703, 73.1302408) = 3375.6 m
2026-03-26 21:54:09.163 | DEBUG    | utils.geo_utils:haversine_distance:20 - Haversine: (31.3557607, 73.1450675) → (31.4192659, 73.0416323) = 12094.0 m
2026-03-26 21:54:09.163 | DEBUG    | utils.geo_utils:haversine_distance:20 - Haversine: (31.3557607, 73.1450675) → (31.5101284, 73.1503952) = 17172.3 m
2026-03-26 21:54:09.163 | DEBUG    | utils.geo_utils:haversine_distance:20 - Haversine: (31.3557607, 73.1450675) → (31.4641337, 73.1683411) = 12251.3 m
2026-03-26 21:54:09.163 | DEBUG    | utils.geo_utils:haversine_distance:20 - Haversine: (31.3557607, 73.1450675) → (31.3446991, 73.0585627) = 8306.1 m
2026-03-26 21:54:09.164 | DEBUG    | utils.geo_utils:haversine_distance:20 - Haversine: (31.3557607, 73.1450675) → (31.5431453, 73.1283131) = 20896.7 m
2026-03-26 21:54:09.166 | DEBUG    | utils.geo_utils:haversine_distance:20 - Haversine: (31.3557607, 73.1450675) → (31.398463, 73.0263855) = 12226.6 m
2026-03-26 21:54:09.166 | DEBUG    | utils.geo_utils:haversine_distance:20 - Haversine: (31.3557607, 73.1450675) → (31.3190478, 73.1756414) = 5009.7 m
2026-03-26 21:54:09.166 | DEBUG    | utils.geo_utils:haversine_distance:20 - Haversine: (31.4601458, 73.0666137) → (31.3691526, 73.0514611) = 10219.6 m
2026-03-26 21:54:09.166 | DEBUG    | utils.geo_utils:haversine_distance:20 - Haversine: (31.4601458, 73.0666137) → (31.3787188, 73.157798) = 12523.8 m
2026-03-26 21:54:09.167 | DEBUG    | utils.geo_utils:haversine_distance:20 - Haversine: (31.4601458, 73.0666137) → (31.4457694, 73.1408101) = 7217.3 m
2026-03-26 21:54:09.167 | DEBUG    | utils.geo_utils:haversine_distance:20 - Haversine: (31.4601458, 73.0666137) → (31.5487412, 73.1501112) = 12637.7 m
2026-03-26 21:54:09.167 | DEBUG    | utils.geo_utils:haversine_distance:20 - Haversine: (31.4601458, 73.0666137) → (31.3836456, 73.0640586) = 8509.9 m
2026-03-26 21:54:09.167 | DEBUG    | utils.geo_utils:haversine_distance:20 - Haversine: (31.4601458, 73.0666137) → (31.4467219, 73.1271368) = 5931.9 m
2026-03-26 21:54:09.167 | DEBUG    | utils.geo_utils:haversine_distance:20 - Haversine: (31.4601458, 73.0666137) → (31.330396, 73.0696448) = 14430.4 m
2026-03-26 21:54:09.167 | DEBUG    | utils.geo_utils:haversine_distance:20 - Haversine: (31.4601458, 73.0666137) → (31.3413852, 73.1852291) = 17352.9 m
2026-03-26 21:54:09.167 | DEBUG    | utils.geo_utils:haversine_distance:20 - Haversine: (31.4601458, 73.0666137) → (31.4000755, 73.0126538) = 8415.9 m
2026-03-26 21:54:09.167 | DEBUG    | utils.geo_utils:haversine_distance:20 - Haversine: (31.4601458, 73.0666137) → (31.527645, 73.0552285) = 7582.8 m
2026-03-26 21:54:09.167 | DEBUG    | utils.geo_utils:haversine_distance:20 - Haversine: (31.4601458, 73.0666137) → (31.3281703, 73.1302408) = 15869.1 m
2026-03-26 21:54:09.167 | DEBUG    | utils.geo_utils:haversine_distance:20 - Haversine: (31.4601458, 73.0666137) → (31.4192659, 73.0416323) = 5126.4 m
2026-03-26 21:54:09.167 | DEBUG    | utils.geo_utils:haversine_distance:20 - Haversine: (31.4601458, 73.0666137) → (31.5101284, 73.1503952) = 9695.6 m
2026-03-26 21:54:09.167 | DEBUG    | utils.geo_utils:haversine_distance:20 - Haversine: (31.4601458, 73.0666137) → (31.4641337, 73.1683411) = 9658.8 m
2026-03-26 21:54:09.167 | DEBUG    | utils.geo_utils:haversine_distance:20 - Haversine: (31.4601458, 73.0666137) → (31.3446991, 73.0585627) = 12859.8 m
2026-03-26 21:54:09.167 | DEBUG    | utils.geo_utils:haversine_distance:20 - Haversine: (31.4601458, 73.0666137) → (31.5431453, 73.1283131) = 10926.8 m
2026-03-26 21:54:09.167 | DEBUG    | utils.geo_utils:haversine_distance:20 - Haversine: (31.4601458, 73.0666137) → (31.398463, 73.0263855) = 7849.3 m
2026-03-26 21:54:09.167 | DEBUG    | utils.geo_utils:haversine_distance:20 - Haversine: (31.4601458, 73.0666137) → (31.3190478, 73.1756414) = 18795.2 m
2026-03-26 21:54:09.167 | DEBUG    | utils.geo_utils:haversine_distance:20 - Haversine: (31.4601458, 73.0666137) → (31.3557607, 73.1450675) = 13789.8 m
2026-03-26 21:54:09.168 | DEBUG    | utils.geo_utils:haversine_distance:20 - Haversine: (31.5426468, 73.1258022) → (31.3691526, 73.0514611) = 20540.0 m
2026-03-26 21:54:09.168 | DEBUG    | utils.geo_utils:haversine_distance:20 - Haversine: (31.5426468, 73.1258022) → (31.3787188, 73.157798) = 18478.9 m
2026-03-26 21:54:09.168 | DEBUG    | utils.geo_utils:haversine_distance:20 - Haversine: (31.5426468, 73.1258022) → (31.4457694, 73.1408101) = 10865.9 m
2026-03-26 21:54:09.169 | DEBUG    | utils.geo_utils:haversine_distance:20 - Haversine: (31.5426468, 73.1258022) → (31.5487412, 73.1501112) = 2401.2 m
2026-03-26 21:54:09.169 | DEBUG    | utils.geo_utils:haversine_distance:20 - Haversine: (31.5426468, 73.1258022) → (31.3836456, 73.0640586) = 18624.8 m
2026-03-26 21:54:09.169 | DEBUG    | utils.geo_utils:haversine_distance:20 - Haversine: (31.5426468, 73.1258022) → (31.4467219, 73.1271368) = 10667.1 m
2026-03-26 21:54:09.169 | DEBUG    | utils.geo_utils:haversine_distance:20 - Haversine: (31.5426468, 73.1258022) → (31.330396, 73.0696448) = 24195.1 m
2026-03-26 21:54:09.169 | DEBUG    | utils.geo_utils:haversine_distance:20 - Haversine: (31.5426468, 73.1258022) → (31.3413852, 73.1852291) = 23078.5 m
2026-03-26 21:54:09.170 | DEBUG    | utils.geo_utils:haversine_distance:20 - Haversine: (31.5426468, 73.1258022) → (31.4000755, 73.0126538) = 19143.5 m
2026-03-26 21:54:09.170 | DEBUG    | utils.geo_utils:haversine_distance:20 - Haversine: (31.5426468, 73.1258022) → (31.527645, 73.0552285) = 6893.4 m
2026-03-26 21:54:09.170 | DEBUG    | utils.geo_utils:haversine_distance:20 - Haversine: (31.5426468, 73.1258022) → (31.3281703, 73.1302408) = 23852.4 m
2026-03-26 21:54:09.170 | DEBUG    | utils.geo_utils:haversine_distance:20 - Haversine: (31.5426468, 73.1258022) → (31.4192659, 73.0416323) = 15872.2 m
2026-03-26 21:54:09.170 | DEBUG    | utils.geo_utils:haversine_distance:20 - Haversine: (31.5426468, 73.1258022) → (31.5101284, 73.1503952) = 4302.1 m
2026-03-26 21:54:09.170 | DEBUG    | utils.geo_utils:haversine_distance:20 - Haversine: (31.5426468, 73.1258022) → (31.4641337, 73.1683411) = 9616.8 m
2026-03-26 21:54:09.170 | DEBUG    | utils.geo_utils:haversine_distance:20 - Haversine: (31.5426468, 73.1258022) → (31.3446991, 73.0585627) = 22916.4 m
2026-03-26 21:54:09.170 | DEBUG    | utils.geo_utils:haversine_distance:20 - Haversine: (31.5426468, 73.1258022) → (31.5431453, 73.1283131) = 244.3 m
2026-03-26 21:54:09.170 | DEBUG    | utils.geo_utils:haversine_distance:20 - Haversine: (31.4743292, 73.1046958) → (31.3691526, 73.0514611) = 12739.4 m
2026-03-26 21:54:09.170 | DEBUG    | utils.geo_utils:haversine_distance:20 - Haversine: (31.4743292, 73.1046958) → (31.3787188, 73.157798) = 11764.9 m
2026-03-26 21:54:09.170 | DEBUG    | utils.geo_utils:haversine_distance:20 - Haversine: (31.4743292, 73.1046958) → (31.4457694, 73.1408101) = 4671.0 m
2026-03-26 21:54:09.170 | DEBUG    | utils.geo_utils:haversine_distance:20 - Haversine: (31.4743292, 73.1046958) → (31.5487412, 73.1501112) = 9327.3 m
2026-03-26 21:54:09.170 | DEBUG    | utils.geo_utils:haversine_distance:20 - Haversine: (31.4743292, 73.1046958) → (31.3836456, 73.0640586) = 10795.6 m
2026-03-26 21:54:09.171 | DEBUG    | utils.geo_utils:haversine_distance:20 - Haversine: (31.4743292, 73.1046958) → (31.4467219, 73.1271368) = 3735.5 m
2026-03-26 21:54:09.171 | DEBUG    | utils.geo_utils:haversine_distance:20 - Haversine: (31.4743292, 73.1046958) → (31.330396, 73.0696448) = 16346.7 m
2026-03-26 21:54:09.171 | DEBUG    | utils.geo_utils:haversine_distance:20 - Haversine: (31.4743292, 73.1046958) → (31.3413852, 73.1852291) = 16641.5 m
2026-03-26 21:54:09.171 | DEBUG    | utils.geo_utils:haversine_distance:20 - Haversine: (31.4743292, 73.1046958) → (31.4000755, 73.0126538) = 12017.7 m
2026-03-26 21:54:09.171 | DEBUG    | utils.geo_utils:haversine_distance:20 - Haversine: (31.4743292, 73.1046958) → (31.527645, 73.0552285) = 7559.2 m
2026-03-26 21:54:09.171 | DEBUG    | utils.geo_utils:haversine_distance:20 - Haversine: (31.4743292, 73.1046958) → (31.3281703, 73.1302408) = 16432.0 m
2026-03-26 21:54:09.171 | DEBUG    | utils.geo_utils:haversine_distance:20 - Haversine: (31.4743292, 73.1046958) → (31.4192659, 73.0416323) = 8560.2 m
2026-03-26 21:54:09.171 | DEBUG    | utils.geo_utils:haversine_distance:20 - Haversine: (31.4743292, 73.1046958) → (31.5101284, 73.1503952) = 5884.0 m
2026-03-26 21:54:09.171 | DEBUG    | utils.geo_utils:haversine_distance:20 - Haversine: (31.4743292, 73.1046958) → (31.4641337, 73.1683411) = 6141.7 m
2026-03-26 21:54:09.171 | DEBUG    | utils.geo_utils:haversine_distance:20 - Haversine: (31.4743292, 73.1046958) → (31.3446991, 73.0585627) = 15064.4 m
2026-03-26 21:54:09.171 | DEBUG    | utils.geo_utils:haversine_distance:20 - Haversine: (31.4743292, 73.1046958) → (31.5431453, 73.1283131) = 7972.8 m
2026-03-26 21:54:09.171 | DEBUG    | utils.geo_utils:haversine_distance:20 - Haversine: (31.4743292, 73.1046958) → (31.398463, 73.0263855) = 11241.2 m
2026-03-26 21:54:09.171 | DEBUG    | utils.geo_utils:haversine_distance:20 - Haversine: (31.4743292, 73.1046958) → (31.3190478, 73.1756414) = 18533.1 m
2026-03-26 21:54:09.172 | DEBUG    | utils.geo_utils:haversine_distance:20 - Haversine: (31.4743292, 73.1046958) → (31.3557607, 73.1450675) = 13729.6 m
2026-03-26 21:54:09.172 | DEBUG    | utils.geo_utils:haversine_distance:20 - Haversine: (31.4743292, 73.1046958) → (31.4601458, 73.0666137) = 3941.1 m
2026-03-26 21:54:09.172 | DEBUG    | utils.geo_utils:haversine_distance:20 - Haversine: (31.4693742, 73.1600766) → (31.3691526, 73.0514611) = 15179.5 m
2026-03-26 21:54:09.172 | DEBUG    | utils.geo_utils:haversine_distance:20 - Haversine: (31.4693742, 73.1600766) → (31.3787188, 73.157798) = 10082.7 m
2026-03-26 21:54:09.172 | DEBUG    | utils.geo_utils:haversine_distance:20 - Haversine: (31.4693742, 73.1600766) → (31.4457694, 73.1408101) = 3198.3 m
2026-03-26 21:54:09.172 | DEBUG    | utils.geo_utils:haversine_distance:20 - Haversine: (31.4693742, 73.1600766) → (31.5487412, 73.1501112) = 8875.6 m
2026-03-26 21:54:09.172 | DEBUG    | utils.geo_utils:haversine_distance:20 - Haversine: (31.4693742, 73.1600766) → (31.3836456, 73.0640586) = 13186.1 m
2026-03-26 21:54:09.172 | DEBUG    | utils.geo_utils:haversine_distance:20 - Haversine: (31.4693742, 73.1600766) → (31.4467219, 73.1271368) = 4013.3 m
2026-03-26 21:54:09.172 | DEBUG    | utils.geo_utils:haversine_distance:20 - Haversine: (31.4693742, 73.1600766) → (31.330396, 73.0696448) = 17677.2 m
2026-03-26 21:54:09.172 | DEBUG    | utils.geo_utils:haversine_distance:20 - Haversine: (31.4693742, 73.1600766) → (31.3413852, 73.1852291) = 14430.5 m
2026-03-26 21:54:09.172 | DEBUG    | utils.geo_utils:haversine_distance:20 - Haversine: (31.4693742, 73.1600766) → (31.4000755, 73.0126538) = 15969.0 m
2026-03-26 21:54:09.172 | DEBUG    | utils.geo_utils:haversine_distance:20 - Haversine: (31.4693742, 73.1600766) → (31.527645, 73.0552285) = 11866.0 m
2026-03-26 21:54:09.172 | DEBUG    | utils.geo_utils:haversine_distance:20 - Haversine: (31.4693742, 73.1600766) → (31.3281703, 73.1302408) = 15954.5 m
2026-03-26 21:54:09.172 | DEBUG    | utils.geo_utils:haversine_distance:20 - Haversine: (31.4693742, 73.1600766) → (31.4192659, 73.0416323) = 12541.9 m
2026-03-26 21:54:09.172 | DEBUG    | utils.geo_utils:haversine_distance:20 - Haversine: (31.4693742, 73.1600766) → (31.5101284, 73.1503952) = 4623.7 m
2026-03-26 21:54:09.172 | DEBUG    | utils.geo_utils:haversine_distance:20 - Haversine: (31.4693742, 73.1600766) → (31.4641337, 73.1683411) = 976.7 m
2026-03-26 21:54:09.172 | DEBUG    | utils.geo_utils:haversine_distance:20 - Haversine: (31.4693742, 73.1600766) → (31.3446991, 73.0585627) = 16882.0 m
2026-03-26 21:54:09.172 | DEBUG    | utils.geo_utils:haversine_distance:20 - Haversine: (31.4693742, 73.1600766) → (31.5431453, 73.1283131) = 8738.2 m
2026-03-26 21:54:09.172 | DEBUG    | utils.geo_utils:haversine_distance:20 - Haversine: (31.4693742, 73.1600766) → (31.398463, 73.0263855) = 14935.2 m
2026-03-26 21:54:09.172 | DEBUG    | utils.geo_utils:haversine_distance:20 - Haversine: (31.4693742, 73.1600766) → (31.3190478, 73.1756414) = 16780.7 m
2026-03-26 21:54:09.172 | DEBUG    | utils.geo_utils:haversine_distance:20 - Haversine: (31.4693742, 73.1600766) → (31.3557607, 73.1450675) = 12713.3 m
2026-03-26 21:54:09.173 | DEBUG    | utils.geo_utils:haversine_distance:20 - Haversine: (31.4693742, 73.1600766) → (31.4601458, 73.0666137) = 8923.7 m
2026-03-26 21:54:09.173 | DEBUG    | utils.geo_utils:haversine_distance:20 - Haversine: (31.4693742, 73.1600766) → (31.4743292, 73.1046958) = 5281.0 m
2026-03-26 21:54:09.173 | DEBUG    | utils.geo_utils:haversine_distance:20 - Haversine: (31.4060883, 73.1115478) → (31.3691526, 73.0514611) = 7028.5 m
2026-03-26 21:54:09.173 | DEBUG    | utils.geo_utils:haversine_distance:20 - Haversine: (31.4060883, 73.1115478) → (31.3787188, 73.157798) = 5341.7 m
2026-03-26 21:54:09.173 | DEBUG    | utils.geo_utils:haversine_distance:20 - Haversine: (31.4060883, 73.1115478) → (31.4457694, 73.1408101) = 5213.2 m
2026-03-26 21:54:09.173 | DEBUG    | utils.geo_utils:haversine_distance:20 - Haversine: (31.4060883, 73.1115478) → (31.5487412, 73.1501112) = 16278.4 m
2026-03-26 21:54:09.176 | DEBUG    | utils.geo_utils:haversine_distance:20 - Haversine: (31.4060883, 73.1115478) → (31.3836456, 73.0640586) = 5152.2 m
2026-03-26 21:54:09.177 | DEBUG    | utils.geo_utils:haversine_distance:20 - Haversine: (31.4060883, 73.1115478) → (31.4467219, 73.1271368) = 4754.2 m
2026-03-26 21:54:09.177 | DEBUG    | utils.geo_utils:haversine_distance:20 - Haversine: (31.4060883, 73.1115478) → (31.330396, 73.0696448) = 9309.5 m
2026-03-26 21:54:09.179 | DEBUG    | utils.geo_utils:haversine_distance:20 - Haversine: (31.4060883, 73.1115478) → (31.3413852, 73.1852291) = 10034.7 m
2026-03-26 21:54:09.180 | DEBUG    | utils.geo_utils:haversine_distance:20 - Haversine: (31.4060883, 73.1115478) → (31.4000755, 73.0126538) = 9409.6 m
2026-03-26 21:54:09.180 | DEBUG    | utils.geo_utils:haversine_distance:20 - Haversine: (31.4060883, 73.1115478) → (31.527645, 73.0552285) = 14533.6 m
2026-03-26 21:54:09.180 | DEBUG    | utils.geo_utils:haversine_distance:20 - Haversine: (31.4060883, 73.1115478) → (31.3281703, 73.1302408) = 8844.0 m
2026-03-26 21:54:09.180 | DEBUG    | utils.geo_utils:haversine_distance:20 - Haversine: (31.4060883, 73.1115478) → (31.4192659, 73.0416323) = 6794.7 m
2026-03-26 21:54:09.180 | DEBUG    | utils.geo_utils:haversine_distance:20 - Haversine: (31.4060883, 73.1115478) → (31.5101284, 73.1503952) = 12141.4 m
2026-03-26 21:54:09.180 | DEBUG    | utils.geo_utils:haversine_distance:20 - Haversine: (31.4060883, 73.1115478) → (31.4641337, 73.1683411) = 8407.9 m
2026-03-26 21:54:09.180 | DEBUG    | utils.geo_utils:haversine_distance:20 - Haversine: (31.4060883, 73.1115478) → (31.3446991, 73.0585627) = 8479.3 m
2026-03-26 21:54:09.180 | DEBUG    | utils.geo_utils:haversine_distance:20 - Haversine: (31.4060883, 73.1115478) → (31.5431453, 73.1283131) = 15322.8 m
2026-03-26 21:54:09.180 | DEBUG    | utils.geo_utils:haversine_distance:20 - Haversine: (31.4060883, 73.1115478) → (31.398463, 73.0263855) = 8127.0 m
2026-03-26 21:54:09.180 | DEBUG    | utils.geo_utils:haversine_distance:20 - Haversine: (31.4060883, 73.1115478) → (31.3190478, 73.1756414) = 11432.7 m
2026-03-26 21:54:09.180 | DEBUG    | utils.geo_utils:haversine_distance:20 - Haversine: (31.4060883, 73.1115478) → (31.3557607, 73.1450675) = 6437.6 m
2026-03-26 21:54:09.180 | DEBUG    | utils.geo_utils:haversine_distance:20 - Haversine: (31.4060883, 73.1115478) → (31.4601458, 73.0666137) = 7369.3 m
2026-03-26 21:54:09.180 | DEBUG    | utils.geo_utils:haversine_distance:20 - Haversine: (31.4060883, 73.1115478) → (31.4743292, 73.1046958) = 7615.8 m
2026-03-26 21:54:09.181 | DEBUG    | utils.geo_utils:haversine_distance:20 - Haversine: (31.4060883, 73.1115478) → (31.4693742, 73.1600766) = 8409.4 m
2026-03-26 21:54:09.181 | DEBUG    | utils.geo_utils:haversine_distance:20 - Haversine: (31.4773379, 73.0052033) → (31.3691526, 73.0514611) = 12805.4 m
2026-03-26 21:54:09.181 | DEBUG    | utils.geo_utils:haversine_distance:20 - Haversine: (31.4773379, 73.0052033) → (31.3787188, 73.157798) = 18162.6 m
2026-03-26 21:54:09.181 | DEBUG    | utils.geo_utils:haversine_distance:20 - Haversine: (31.4773379, 73.0052033) → (31.4457694, 73.1408101) = 13332.5 m
2026-03-26 21:54:09.181 | DEBUG    | utils.geo_utils:haversine_distance:20 - Haversine: (31.4773379, 73.0052033) → (31.5487412, 73.1501112) = 15866.2 m
2026-03-26 21:54:09.181 | DEBUG    | utils.geo_utils:haversine_distance:20 - Haversine: (31.4773379, 73.0052033) → (31.3836456, 73.0640586) = 11820.3 m
2026-03-26 21:54:09.181 | DEBUG    | utils.geo_utils:haversine_distance:20 - Haversine: (31.4773379, 73.0052033) → (31.4467219, 73.1271368) = 12055.8 m
2026-03-26 21:54:09.181 | DEBUG    | utils.geo_utils:haversine_distance:20 - Haversine: (31.4773379, 73.0052033) → (31.330396, 73.0696448) = 17446.3 m
2026-03-26 21:54:09.181 | DEBUG    | utils.geo_utils:haversine_distance:20 - Haversine: (31.4773379, 73.0052033) → (31.3413852, 73.1852291) = 22812.6 m
2026-03-26 21:54:09.181 | DEBUG    | utils.geo_utils:haversine_distance:20 - Haversine: (31.4773379, 73.0052033) → (31.4000755, 73.0126538) = 8620.2 m
2026-03-26 21:54:09.181 | DEBUG    | utils.geo_utils:haversine_distance:20 - Haversine: (31.4773379, 73.0052033) → (31.527645, 73.0552285) = 7333.8 m
2026-03-26 21:54:09.181 | DEBUG    | utils.geo_utils:haversine_distance:20 - Haversine: (31.4773379, 73.0052033) → (31.3281703, 73.1302408) = 20394.7 m
2026-03-26 21:54:09.182 | DEBUG    | utils.geo_utils:haversine_distance:20 - Haversine: (31.4773379, 73.0052033) → (31.4192659, 73.0416323) = 7323.9 m
2026-03-26 21:54:09.182 | DEBUG    | utils.geo_utils:haversine_distance:20 - Haversine: (31.4773379, 73.0052033) → (31.5101284, 73.1503952) = 14241.1 m
2026-03-26 21:54:09.182 | DEBUG    | utils.geo_utils:haversine_distance:20 - Haversine: (31.4773379, 73.0052033) → (31.4641337, 73.1683411) = 15541.3 m
2026-03-26 21:54:09.182 | DEBUG    | utils.geo_utils:haversine_distance:20 - Haversine: (31.4773379, 73.0052033) → (31.3446991, 73.0585627) = 15593.8 m
2026-03-26 21:54:09.182 | DEBUG    | utils.geo_utils:haversine_distance:20 - Haversine: (31.4773379, 73.0052033) → (31.5431453, 73.1283131) = 13775.0 m
2026-03-26 21:54:09.182 | DEBUG    | utils.geo_utils:haversine_distance:20 - Haversine: (31.4773379, 73.0052033) → (31.398463, 73.0263855) = 8997.8 m
2026-03-26 21:54:09.182 | DEBUG    | utils.geo_utils:haversine_distance:20 - Haversine: (31.4773379, 73.0052033) → (31.3190478, 73.1756414) = 23905.7 m
2026-03-26 21:54:09.182 | DEBUG    | utils.geo_utils:haversine_distance:20 - Haversine: (31.4773379, 73.0052033) → (31.3557607, 73.1450675) = 18944.9 m
2026-03-26 21:54:09.182 | DEBUG    | utils.geo_utils:haversine_distance:20 - Haversine: (31.4773379, 73.0052033) → (31.4601458, 73.0666137) = 6129.9 m
2026-03-26 21:54:09.182 | DEBUG    | utils.geo_utils:haversine_distance:20 - Haversine: (31.4773379, 73.0052033) → (31.4743292, 73.1046958) = 9441.2 m
2026-03-26 21:54:09.182 | DEBUG    | utils.geo_utils:haversine_distance:20 - Haversine: (31.4773379, 73.0052033) → (31.4693742, 73.1600766) = 14714.3 m
2026-03-26 21:54:09.182 | DEBUG    | utils.geo_utils:haversine_distance:20 - Haversine: (31.4773379, 73.0052033) → (31.4060883, 73.1115478) = 12827.7 m
2026-03-26 21:54:09.182 | DEBUG    | utils.geo_utils:haversine_distance:20 - Haversine: (31.4766945, 73.1677037) → (31.3691526, 73.0514611) = 16268.3 m
2026-03-26 21:54:09.183 | DEBUG    | utils.geo_utils:haversine_distance:20 - Haversine: (31.4766945, 73.1677037) → (31.3787188, 73.157798) = 10934.9 m
2026-03-26 21:54:09.183 | DEBUG    | utils.geo_utils:haversine_distance:20 - Haversine: (31.4766945, 73.1677037) → (31.4457694, 73.1408101) = 4281.5 m
2026-03-26 21:54:09.183 | DEBUG    | utils.geo_utils:haversine_distance:20 - Haversine: (31.4766945, 73.1677037) → (31.5487412, 73.1501112) = 8183.0 m
2026-03-26 21:54:09.183 | DEBUG    | utils.geo_utils:haversine_distance:20 - Haversine: (31.4766945, 73.1677037) → (31.3836456, 73.0640586) = 14274.3 m
2026-03-26 21:54:09.183 | DEBUG    | utils.geo_utils:haversine_distance:20 - Haversine: (31.4766945, 73.1677037) → (31.4467219, 73.1271368) = 5090.4 m
2026-03-26 21:54:09.183 | DEBUG    | utils.geo_utils:haversine_distance:20 - Haversine: (31.4766945, 73.1677037) → (31.330396, 73.0696448) = 18741.6 m
2026-03-26 21:54:09.183 | DEBUG    | utils.geo_utils:haversine_distance:20 - Haversine: (31.4766945, 73.1677037) → (31.3413852, 73.1852291) = 15137.4 m
2026-03-26 21:54:09.183 | DEBUG    | utils.geo_utils:haversine_distance:20 - Haversine: (31.4766945, 73.1677037) → (31.4000755, 73.0126538) = 16998.9 m
2026-03-26 21:54:09.183 | DEBUG    | utils.geo_utils:haversine_distance:20 - Haversine: (31.4766945, 73.1677037) → (31.527645, 73.0552285) = 12075.0 m
2026-03-26 21:54:09.183 | DEBUG    | utils.geo_utils:haversine_distance:20 - Haversine: (31.4766945, 73.1677037) → (31.3281703, 73.1302408) = 16893.5 m
2026-03-26 21:54:09.183 | DEBUG    | utils.geo_utils:haversine_distance:20 - Haversine: (31.4766945, 73.1677037) → (31.4192659, 73.0416323) = 13557.5 m
2026-03-26 21:54:09.183 | DEBUG    | utils.geo_utils:haversine_distance:20 - Haversine: (31.4766945, 73.1677037) → (31.5101284, 73.1503952) = 4063.8 m
2026-03-26 21:54:09.183 | DEBUG    | utils.geo_utils:haversine_distance:20 - Haversine: (31.4766945, 73.1677037) → (31.4641337, 73.1683411) = 1398.0 m
2026-03-26 21:54:09.184 | DEBUG    | utils.geo_utils:haversine_distance:20 - Haversine: (31.4766945, 73.1677037) → (31.3446991, 73.0585627) = 17963.8 m
2026-03-26 21:54:09.184 | DEBUG    | utils.geo_utils:haversine_distance:20 - Haversine: (31.4766945, 73.1677037) → (31.5431453, 73.1283131) = 8279.0 m
2026-03-26 21:54:09.184 | DEBUG    | utils.geo_utils:haversine_distance:20 - Haversine: (31.4766945, 73.1677037) → (31.398463, 73.0263855) = 15982.0 m
2026-03-26 21:54:09.184 | DEBUG    | utils.geo_utils:haversine_distance:20 - Haversine: (31.4766945, 73.1677037) → (31.3190478, 73.1756414) = 17545.7 m
2026-03-26 21:54:09.184 | DEBUG    | utils.geo_utils:haversine_distance:20 - Haversine: (31.4766945, 73.1677037) → (31.3557607, 73.1450675) = 13617.7 m
2026-03-26 21:54:09.184 | DEBUG    | utils.geo_utils:haversine_distance:20 - Haversine: (31.4766945, 73.1677037) → (31.4601458, 73.0666137) = 9762.5 m
2026-03-26 21:54:09.185 | DEBUG    | utils.geo_utils:haversine_distance:20 - Haversine: (31.4766945, 73.1677037) → (31.4743292, 73.1046958) = 5981.1 m
2026-03-26 21:54:09.185 | DEBUG    | utils.geo_utils:haversine_distance:20 - Haversine: (31.4766945, 73.1677037) → (31.4693742, 73.1600766) = 1088.9 m
2026-03-26 21:54:09.185 | DEBUG    | utils.geo_utils:haversine_distance:20 - Haversine: (31.4766945, 73.1677037) → (31.4060883, 73.1115478) = 9487.9 m
2026-03-26 21:54:09.185 | DEBUG    | utils.geo_utils:haversine_distance:20 - Haversine: (31.4766945, 73.1677037) → (31.4773379, 73.0052033) = 15410.5 m
2026-03-26 21:54:09.185 | DEBUG    | utils.geo_utils:haversine_distance:20 - Haversine: (31.504101, 73.1583633) → (31.3691526, 73.0514611) = 18111.6 m
2026-03-26 21:54:09.185 | DEBUG    | utils.geo_utils:haversine_distance:20 - Haversine: (31.504101, 73.1583633) → (31.3787188, 73.157798) = 13942.0 m
2026-03-26 21:54:09.185 | DEBUG    | utils.geo_utils:haversine_distance:20 - Haversine: (31.504101, 73.1583633) → (31.4457694, 73.1408101) = 6696.4 m
2026-03-26 21:54:09.185 | DEBUG    | utils.geo_utils:haversine_distance:20 - Haversine: (31.504101, 73.1583633) → (31.5487412, 73.1501112) = 5025.0 m
2026-03-26 21:54:09.185 | DEBUG    | utils.geo_utils:haversine_distance:20 - Haversine: (31.504101, 73.1583633) → (31.3836456, 73.0640586) = 16107.0 m
2026-03-26 21:54:09.185 | DEBUG    | utils.geo_utils:haversine_distance:20 - Haversine: (31.504101, 73.1583633) → (31.4467219, 73.1271368) = 7034.0 m
2026-03-26 21:54:09.185 | DEBUG    | utils.geo_utils:haversine_distance:20 - Haversine: (31.504101, 73.1583633) → (31.330396, 73.0696448) = 21070.1 m
2026-03-26 21:54:09.185 | DEBUG    | utils.geo_utils:haversine_distance:20 - Haversine: (31.504101, 73.1583633) → (31.3413852, 73.1852291) = 18271.9 m
2026-03-26 21:54:09.185 | DEBUG    | utils.geo_utils:haversine_distance:20 - Haversine: (31.504101, 73.1583633) → (31.4000755, 73.0126538) = 18023.2 m
2026-03-26 21:54:09.185 | DEBUG    | utils.geo_utils:haversine_distance:20 - Haversine: (31.504101, 73.1583633) → (31.527645, 73.0552285) = 10120.9 m
2026-03-26 21:54:09.185 | DEBUG    | utils.geo_utils:haversine_distance:20 - Haversine: (31.504101, 73.1583633) → (31.3281703, 73.1302408) = 19743.8 m
2026-03-26 21:54:09.186 | DEBUG    | utils.geo_utils:haversine_distance:20 - Haversine: (31.504101, 73.1583633) → (31.4192659, 73.0416323) = 14545.4 m
2026-03-26 21:54:09.186 | DEBUG    | utils.geo_utils:haversine_distance:20 - Haversine: (31.504101, 73.1583633) → (31.5101284, 73.1503952) = 1009.9 m
2026-03-26 21:54:09.186 | DEBUG    | utils.geo_utils:haversine_distance:20 - Haversine: (31.504101, 73.1583633) → (31.4641337, 73.1683411) = 4543.8 m
2026-03-26 21:54:09.186 | DEBUG    | utils.geo_utils:haversine_distance:20 - Haversine: (31.504101, 73.1583633) → (31.3446991, 73.0585627) = 20095.7 m
2026-03-26 21:54:09.186 | DEBUG    | utils.geo_utils:haversine_distance:20 - Haversine: (31.504101, 73.1583633) → (31.5431453, 73.1283131) = 5192.5 m
2026-03-26 21:54:09.186 | DEBUG    | utils.geo_utils:haversine_distance:20 - Haversine: (31.504101, 73.1583633) → (31.398463, 73.0263855) = 17167.1 m
2026-03-26 21:54:09.186 | DEBUG    | utils.geo_utils:haversine_distance:20 - Haversine: (31.504101, 73.1583633) → (31.3190478, 73.1756414) = 20642.2 m
2026-03-26 21:54:09.186 | DEBUG    | utils.geo_utils:haversine_distance:20 - Haversine: (31.504101, 73.1583633) → (31.3557607, 73.1450675) = 16542.9 m
2026-03-26 21:54:09.186 | DEBUG    | utils.geo_utils:haversine_distance:20 - Haversine: (31.504101, 73.1583633) → (31.4601458, 73.0666137) = 9979.2 m
2026-03-26 21:54:09.186 | DEBUG    | utils.geo_utils:haversine_distance:20 - Haversine: (31.504101, 73.1583633) → (31.4743292, 73.1046958) = 6070.8 m
2026-03-26 21:54:09.186 | DEBUG    | utils.geo_utils:haversine_distance:20 - Haversine: (31.504101, 73.1583633) → (31.4693742, 73.1600766) = 3864.9 m
2026-03-26 21:54:09.186 | DEBUG    | utils.geo_utils:haversine_distance:20 - Haversine: (31.504101, 73.1583633) → (31.4060883, 73.1115478) = 11768.5 m
2026-03-26 21:54:09.186 | DEBUG    | utils.geo_utils:haversine_distance:20 - Haversine: (31.504101, 73.1583633) → (31.4773379, 73.0052033) = 14824.2 m
2026-03-26 21:54:09.187 | DEBUG    | utils.geo_utils:haversine_distance:20 - Haversine: (31.504101, 73.1583633) → (31.4766945, 73.1677037) = 3173.5 m
2026-03-26 21:54:09.187 | DEBUG    | utils.geo_utils:haversine_distance:20 - Haversine: (31.3907077, 73.1897443) → (31.3691526, 73.0514611) = 13344.3 m
2026-03-26 21:54:09.187 | DEBUG    | utils.geo_utils:haversine_distance:20 - Haversine: (31.3907077, 73.1897443) → (31.3787188, 73.157798) = 3312.6 m
2026-03-26 21:54:09.187 | DEBUG    | utils.geo_utils:haversine_distance:20 - Haversine: (31.3907077, 73.1897443) → (31.4457694, 73.1408101) = 7684.3 m
2026-03-26 21:54:09.187 | DEBUG    | utils.geo_utils:haversine_distance:20 - Haversine: (31.3907077, 73.1897443) → (31.5487412, 73.1501112) = 17970.0 m
2026-03-26 21:54:09.187 | DEBUG    | utils.geo_utils:haversine_distance:20 - Haversine: (31.3907077, 73.1897443) → (31.3836456, 73.0640586) = 11956.3 m
2026-03-26 21:54:09.187 | DEBUG    | utils.geo_utils:haversine_distance:20 - Haversine: (31.3907077, 73.1897443) → (31.4467219, 73.1271368) = 8607.5 m
2026-03-26 21:54:09.187 | DEBUG    | utils.geo_utils:haversine_distance:20 - Haversine: (31.3907077, 73.1897443) → (31.330396, 73.0696448) = 13229.3 m
2026-03-26 21:54:09.187 | DEBUG    | utils.geo_utils:haversine_distance:20 - Haversine: (31.3907077, 73.1897443) → (31.3413852, 73.1852291) = 5501.1 m
2026-03-26 21:54:09.187 | DEBUG    | utils.geo_utils:haversine_distance:20 - Haversine: (31.3907077, 73.1897443) → (31.4000755, 73.0126538) = 16840.8 m
2026-03-26 21:54:09.188 | DEBUG    | utils.geo_utils:haversine_distance:20 - Haversine: (31.3907077, 73.1897443) → (31.527645, 73.0552285) = 19865.6 m
2026-03-26 21:54:09.188 | DEBUG    | utils.geo_utils:haversine_distance:20 - Haversine: (31.3907077, 73.1897443) → (31.3281703, 73.1302408) = 8959.8 m
2026-03-26 21:54:09.188 | DEBUG    | utils.geo_utils:haversine_distance:20 - Haversine: (31.3907077, 73.1897443) → (31.4192659, 73.0416323) = 14410.9 m
2026-03-26 21:54:09.188 | DEBUG    | utils.geo_utils:haversine_distance:20 - Haversine: (31.3907077, 73.1897443) → (31.5101284, 73.1503952) = 13793.6 m
2026-03-26 21:54:09.188 | DEBUG    | utils.geo_utils:haversine_distance:20 - Haversine: (31.3907077, 73.1897443) → (31.4641337, 73.1683411) = 8413.4 m
2026-03-26 21:54:09.188 | DEBUG    | utils.geo_utils:haversine_distance:20 - Haversine: (31.3907077, 73.1897443) → (31.3446991, 73.0585627) = 13464.6 m
2026-03-26 21:54:09.188 | DEBUG    | utils.geo_utils:haversine_distance:20 - Haversine: (31.3907077, 73.1897443) → (31.5431453, 73.1283131) = 17923.7 m
2026-03-26 21:54:09.188 | DEBUG    | utils.geo_utils:haversine_distance:20 - Haversine: (31.3907077, 73.1897443) → (31.398463, 73.0263855) = 15529.3 m
2026-03-26 21:54:09.188 | DEBUG    | utils.geo_utils:haversine_distance:20 - Haversine: (31.3907077, 73.1897443) → (31.3190478, 73.1756414) = 8080.0 m
2026-03-26 21:54:09.188 | DEBUG    | utils.geo_utils:haversine_distance:20 - Haversine: (31.3907077, 73.1897443) → (31.3557607, 73.1450675) = 5752.5 m
2026-03-26 21:54:09.188 | DEBUG    | utils.geo_utils:haversine_distance:20 - Haversine: (31.3907077, 73.1897443) → (31.4601458, 73.0666137) = 14004.1 m
2026-03-26 21:54:09.188 | DEBUG    | utils.geo_utils:haversine_distance:20 - Haversine: (31.3907077, 73.1897443) → (31.4743292, 73.1046958) = 12311.4 m
2026-03-26 21:54:09.188 | DEBUG    | utils.geo_utils:haversine_distance:20 - Haversine: (31.3907077, 73.1897443) → (31.4693742, 73.1600766) = 9189.1 m
2026-03-26 21:54:09.188 | DEBUG    | utils.geo_utils:haversine_distance:20 - Haversine: (31.3907077, 73.1897443) → (31.4060883, 73.1115478) = 7616.3 m
2026-03-26 21:54:09.189 | DEBUG    | utils.geo_utils:haversine_distance:20 - Haversine: (31.3907077, 73.1897443) → (31.4773379, 73.0052033) = 19983.5 m
2026-03-26 21:54:09.189 | DEBUG    | utils.geo_utils:haversine_distance:20 - Haversine: (31.3907077, 73.1897443) → (31.4766945, 73.1677037) = 9787.3 m
2026-03-26 21:54:09.189 | DEBUG    | utils.geo_utils:haversine_distance:20 - Haversine: (31.3907077, 73.1897443) → (31.504101, 73.1583633) = 12955.4 m
2026-03-26 21:54:09.189 | DEBUG    | utils.geo_utils:haversine_distance:20 - Haversine: (31.4052045, 73.0873694) → (31.3691526, 73.0514611) = 5262.0 m
2026-03-26 21:54:09.189 | DEBUG    | utils.geo_utils:haversine_distance:20 - Haversine: (31.4052045, 73.0873694) → (31.3787188, 73.157798) = 7305.0 m
2026-03-26 21:54:09.189 | DEBUG    | utils.geo_utils:haversine_distance:20 - Haversine: (31.4052045, 73.0873694) → (31.4457694, 73.1408101) = 6786.6 m
2026-03-26 21:54:09.189 | DEBUG    | utils.geo_utils:haversine_distance:20 - Haversine: (31.4052045, 73.0873694) → (31.5487412, 73.1501112) = 17033.5 m
2026-03-26 21:54:09.189 | DEBUG    | utils.geo_utils:haversine_distance:20 - Haversine: (31.4052045, 73.0873694) → (31.3836456, 73.0640586) = 3262.2 m
2026-03-26 21:54:09.189 | DEBUG    | utils.geo_utils:haversine_distance:20 - Haversine: (31.4052045, 73.0873694) → (31.4467219, 73.1271368) = 5962.4 m
2026-03-26 21:54:09.189 | DEBUG    | utils.geo_utils:haversine_distance:20 - Haversine: (31.4052045, 73.0873694) → (31.330396, 73.0696448) = 8486.8 m
2026-03-26 21:54:09.189 | DEBUG    | utils.geo_utils:haversine_distance:20 - Haversine: (31.4052045, 73.0873694) → (31.3413852, 73.1852291) = 11690.7 m
2026-03-26 21:54:09.189 | DEBUG    | utils.geo_utils:haversine_distance:20 - Haversine: (31.4052045, 73.0873694) → (31.4000755, 73.0126538) = 7114.0 m
2026-03-26 21:54:09.189 | DEBUG    | utils.geo_utils:haversine_distance:20 - Haversine: (31.4052045, 73.0873694) → (31.527645, 73.0552285) = 13951.9 m
2026-03-26 21:54:09.189 | DEBUG    | utils.geo_utils:haversine_distance:20 - Haversine: (31.4052045, 73.0873694) → (31.3281703, 73.1302408) = 9483.7 m
2026-03-26 21:54:09.189 | DEBUG    | utils.geo_utils:haversine_distance:20 - Haversine: (31.4052045, 73.0873694) → (31.4192659, 73.0416323) = 4613.4 m
2026-03-26 21:54:09.190 | DEBUG    | utils.geo_utils:haversine_distance:20 - Haversine: (31.4052045, 73.0873694) → (31.5101284, 73.1503952) = 13109.4 m
2026-03-26 21:54:09.190 | DEBUG    | utils.geo_utils:haversine_distance:20 - Haversine: (31.4052045, 73.0873694) → (31.4641337, 73.1683411) = 10097.2 m
2026-03-26 21:54:09.190 | DEBUG    | utils.geo_utils:haversine_distance:20 - Haversine: (31.4052045, 73.0873694) → (31.3446991, 73.0585627) = 7262.5 m
2026-03-26 21:54:09.193 | DEBUG    | utils.geo_utils:haversine_distance:20 - Haversine: (31.4052045, 73.0873694) → (31.5431453, 73.1283131) = 15822.2 m
2026-03-26 21:54:09.194 | DEBUG    | utils.geo_utils:haversine_distance:20 - Haversine: (31.4052045, 73.0873694) → (31.398463, 73.0263855) = 5836.2 m
2026-03-26 21:54:09.194 | DEBUG    | utils.geo_utils:haversine_distance:20 - Haversine: (31.4052045, 73.0873694) → (31.3190478, 73.1756414) = 12729.0 m
2026-03-26 21:54:09.194 | DEBUG    | utils.geo_utils:haversine_distance:20 - Haversine: (31.4052045, 73.0873694) → (31.3557607, 73.1450675) = 7760.6 m
2026-03-26 21:54:09.194 | DEBUG    | utils.geo_utils:haversine_distance:20 - Haversine: (31.4052045, 73.0873694) → (31.4601458, 73.0666137) = 6418.7 m
2026-03-26 21:54:09.194 | DEBUG    | utils.geo_utils:haversine_distance:20 - Haversine: (31.4052045, 73.0873694) → (31.4743292, 73.1046958) = 7860.1 m
2026-03-26 21:54:09.194 | DEBUG    | utils.geo_utils:haversine_distance:20 - Haversine: (31.4052045, 73.0873694) → (31.4693742, 73.1600766) = 9924.4 m
2026-03-26 21:54:09.194 | DEBUG    | utils.geo_utils:haversine_distance:20 - Haversine: (31.4052045, 73.0873694) → (31.4060883, 73.1115478) = 2296.7 m
2026-03-26 21:54:09.194 | DEBUG    | utils.geo_utils:haversine_distance:20 - Haversine: (31.4052045, 73.0873694) → (31.4773379, 73.0052033) = 11184.6 m
2026-03-26 21:54:09.195 | DEBUG    | utils.geo_utils:haversine_distance:20 - Haversine: (31.4052045, 73.0873694) → (31.4766945, 73.1677037) = 11012.5 m
2026-03-26 21:54:09.195 | DEBUG    | utils.geo_utils:haversine_distance:20 - Haversine: (31.4052045, 73.0873694) → (31.504101, 73.1583633) = 12894.9 m
2026-03-26 21:54:09.195 | DEBUG    | utils.geo_utils:haversine_distance:20 - Haversine: (31.4052045, 73.0873694) → (31.3907077, 73.1897443) = 9849.5 m
2026-03-26 21:54:09.195 | INFO     | data_pipeline.stop_builder:merge_nearby_stops:91 - Merged stops:
2026-03-26 21:54:09.195 | INFO     | data_pipeline.stop_builder:merge_nearby_stops:92 -   Before merge: 30 stops
2026-03-26 21:54:09.196 | INFO     | data_pipeline.stop_builder:merge_nearby_stops:93 -   After merge : 28 stops (merged 2 pairs/groups)
2026-03-26 21:54:09.196 | DEBUG    | data_pipeline.stop_builder:merge_nearby_stops:95 - First few merged stops: [{'student_id': '3CNKLBNknvMId9G9MJ1cVoQjkpw2', 'name': 'Test Student 12', 'roll_no': 'TEST-4382', 'lat': 31.3691526, 'lng': 73.0514611, 'student_count': 1, 'contact': '03597900028', 'semester': 'Spring 2026', 'fee_status': 'unpaid', 'registration_status': 'successful', 'original_lat': 31.369289, 'original_lng': 73.051406, 'snap_distance_m': 16.04, 'merged_student_ids': ['3CNKLBNknvMId9G9MJ1cVoQjkpw2']}, {'student_id': '61fbjUraIhPuzNx8BY68aYewSG02', 'name': 'Test Student 28', 'roll_no': 'TEST-7403', 'lat': 31.3787188, 'lng': 73.157798, 'student_count': 1, 'contact': '03344993000', 'semester': 'Spring 2026', 'fee_status': 'unpaid', 'registration_status': 'successful', 'original_lat': 31.380283, 'original_lng': 73.159195, 'snap_distance_m': 218.72, 'merged_student_ids': ['61fbjUraIhPuzNx8BY68aYewSG02']}, {'student_id': '7DxKX1nW4ZdeWHKXM2Vf5OIfGvr1', 'name': 'Test Student 10', 'roll_no': 'TEST-9142', 'lat': 31.4457694, 'lng': 73.1408101, 'student_count': 1, 'contact': '03537549971', 'semester': 'Spring 2026', 'fee_status': 'unpaid', 'registration_status': 'successful', 'original_lat': 31.446304, 'original_lng': 73.140169, 'snap_distance_m': 85.04, 'merged_student_ids': ['7DxKX1nW4ZdeWHKXM2Vf5OIfGvr1']}]
2026-03-26 21:54:09.223 | INFO     | clustering.stop_clustering:cluster_stops:45 - Clustered into 3 buses (capacity 10):
2026-03-26 21:54:09.227 | INFO     | clustering.stop_clustering:cluster_stops:48 -   Bus 0: 6 stops, 7 students
2026-03-26 21:54:09.233 | INFO     | clustering.stop_clustering:cluster_stops:48 -   Bus 1: 11 stops, 12 students
2026-03-26 21:54:09.237 | INFO     | clustering.stop_clustering:cluster_stops:48 -   Bus 2: 11 stops, 11 students
2026-03-26 21:54:10.727 | INFO     | optimization.tsp_solver:get_road_distance_matrix:38 - ORS matrix computed: 7x7
2026-03-26 21:54:25.733 | INFO     | optimization.tsp_solver:solve_tsp:123 - TSP solved: 6 stops, distance 33064 m, objective 33064
2026-03-26 21:54:25.733 | DEBUG    | optimization.tsp_solver:solve_tsp:124 - Order: ['unknown', 'unknown', 'unknown', 'unknown', 'unknown', 'unknown']
2026-03-26 21:54:25.734 | DEBUG    | optimization.route_generator:generate_route_path:57 - Requesting ORS route with 7 waypoints
2026-03-26 21:54:27.133 | INFO     | optimization.route_generator:generate_route_path:74 - ORS route generated successfully (bug-free)
2026-03-26 21:54:27.133 | INFO     | optimization.route_generator:generate_route_path:75 -   Waypoints: 6 stops → University
2026-03-26 21:54:27.134 | INFO     | optimization.route_generator:generate_route_path:76 -   Distance: 58.93 km
2026-03-26 21:54:27.134 | INFO     | optimization.route_generator:generate_route_path:77 -   Duration: 1.20 h (72 min)
2026-03-26 21:54:27.134 | DEBUG    | optimization.route_generator:generate_route_path:78 - Geometry sample (first 3 & last 3): [[73.157798, 31.378719], [73.16044, 31.376661], [73.161875, 31.375597]] ... [[73.03447, 31.602425], [73.034742, 31.602694], [73.034832, 31.602523]]
2026-03-26 21:54:27.136 | INFO     | optimization.store_routes:compute_fee_per_student:32 - Fee calc: 40412 PKR/student | dist=58.9km | students=7
2026-03-26 21:54:28.132 | DEBUG    | optimization.store_routes:reverse_geocode_stop_name:176 - Stop name resolved: (31.3787, 73.1578) → 'Punjab Social Security Housing Colony'
2026-03-26 21:54:30.949 | DEBUG    | optimization.store_routes:store_optimized_routes:270 - Assigned seat S1 to student 61fbjUraIhPuzNx8BY68aYewSG02
2026-03-26 21:54:31.494 | DEBUG    | optimization.store_routes:store_optimized_routes:296 - Stored stop R1_stop1 | name='Punjab Social Security Housing Colony' | route=R1
2026-03-26 21:54:33.626 | DEBUG    | optimization.store_routes:reverse_geocode_stop_name:176 - Stop name resolved: (31.3907, 73.1897) → 'Karar Wala'
2026-03-26 21:54:34.167 | DEBUG    | optimization.store_routes:store_optimized_routes:270 - Assigned seat S2 to student vjz604g8oKerN5zBKZ7mU7mG2M03
2026-03-26 21:54:35.980 | DEBUG    | optimization.store_routes:store_optimized_routes:296 - Stored stop R1_stop2 | name='Karar Wala' | route=R1
2026-03-26 21:54:38.293 | DEBUG    | optimization.store_routes:reverse_geocode_stop_name:176 - Stop name resolved: (31.3414, 73.1852) → 'Khojewala'
2026-03-26 21:54:38.836 | DEBUG    | optimization.store_routes:store_optimized_routes:270 - Assigned seat S3 to student KSn42uZ4dDaMueZxSsk9yyYYMbU2
2026-03-26 21:54:41.121 | DEBUG    | optimization.store_routes:store_optimized_routes:270 - Assigned seat S4 to student SF9XoWomQLQm1mkqTnpp8bDSyxG3
2026-03-26 21:54:41.696 | DEBUG    | optimization.store_routes:store_optimized_routes:296 - Stored stop R1_stop3 | name='Khojewala' | route=R1
2026-03-26 21:54:43.966 | DEBUG    | optimization.store_routes:reverse_geocode_stop_name:176 - Stop name resolved: (31.3190, 73.1756) → 'Faialabad - chak 363 G.B Road'
2026-03-26 21:54:44.521 | DEBUG    | optimization.store_routes:store_optimized_routes:270 - Assigned seat S5 to student XmlYR1ejNvTp0enFtavXMQRl9l62
2026-03-26 21:54:46.768 | DEBUG    | optimization.store_routes:store_optimized_routes:296 - Stored stop R1_stop4 | name='Faialabad - chak 363 G.B Road' | route=R1
2026-03-26 21:54:48.765 | DEBUG    | optimization.store_routes:reverse_geocode_stop_name:176 - Stop name resolved: (31.3282, 73.1302) → 'Faisalabad ByPass'
2026-03-26 21:54:49.758 | DEBUG    | optimization.store_routes:store_optimized_routes:270 - Assigned seat S6 to student Os55fn9jigeXpNaUlGTOSD1kzUH3
2026-03-26 21:54:51.596 | DEBUG    | optimization.store_routes:store_optimized_routes:296 - Stored stop R1_stop5 | name='Faisalabad ByPass' | route=R1
2026-03-26 21:54:53.524 | DEBUG    | optimization.store_routes:reverse_geocode_stop_name:176 - Stop name resolved: (31.3558, 73.1451) → 'Satiana Road'
2026-03-26 21:54:54.051 | DEBUG    | optimization.store_routes:store_optimized_routes:270 - Assigned seat S7 to student XuCFaAxIj3RH4cDaJKu6xmWSwfi1
2026-03-26 21:54:54.589 | DEBUG    | optimization.store_routes:store_optimized_routes:296 - Stored stop R1_stop6 | name='Satiana Road' | route=R1
2026-03-26 21:54:57.097 | INFO     | optimization.store_routes:store_optimized_routes:321 - Stored route route_0 (R1): 6 stops, 58.93 km
2026-03-26 21:54:58.273 | INFO     | optimization.tsp_solver:get_road_distance_matrix:38 - ORS matrix computed: 12x12
2026-03-26 21:55:13.281 | INFO     | optimization.tsp_solver:solve_tsp:123 - TSP solved: 11 stops, distance 60287 m, objective 60287
2026-03-26 21:55:13.281 | DEBUG    | optimization.tsp_solver:solve_tsp:124 - Order: ['unknown', 'unknown', 'unknown', 'unknown', 'unknown', 'unknown', 'unknown', 'unknown', 'unknown', 'unknown', 'unknown']
2026-03-26 21:55:13.282 | DEBUG    | optimization.route_generator:generate_route_path:57 - Requesting ORS route with 12 waypoints
2026-03-26 21:55:14.746 | INFO     | optimization.route_generator:generate_route_path:74 - ORS route generated successfully (bug-free)
2026-03-26 21:55:14.746 | INFO     | optimization.route_generator:generate_route_path:75 -   Waypoints: 11 stops → University
2026-03-26 21:55:14.748 | INFO     | optimization.route_generator:generate_route_path:76 -   Distance: 81.84 km
2026-03-26 21:55:14.748 | INFO     | optimization.route_generator:generate_route_path:77 -   Duration: 1.68 h (101 min)
2026-03-26 21:55:14.748 | DEBUG    | optimization.route_generator:generate_route_path:78 - Geometry sample (first 3 & last 3): [[73.14081, 31.445769], [73.14365, 31.447906], [73.145117, 31.448895]] ... [[73.03447, 31.602425], [73.034742, 31.602694], [73.034832, 31.602523]]
2026-03-26 21:55:14.750 | INFO     | optimization.store_routes:compute_fee_per_student:32 - Fee calc: 32738 PKR/student | dist=81.8km | students=12
2026-03-26 21:55:17.095 | DEBUG    | optimization.store_routes:reverse_geocode_stop_name:176 - Stop name resolved: (31.4458, 73.1408) → 'West Canal Expressway, Faisalabad City Tehsil'
2026-03-26 21:55:17.629 | DEBUG    | optimization.store_routes:store_optimized_routes:270 - Assigned seat S1 to student 7DxKX1nW4ZdeWHKXM2Vf5OIfGvr1
2026-03-26 21:55:19.883 | DEBUG    | optimization.store_routes:store_optimized_routes:296 - Stored stop R2_stop1 | name='West Canal Expressway, Faisalabad City Tehsil' | route=R2
2026-03-26 21:55:21.823 | DEBUG    | optimization.store_routes:reverse_geocode_stop_name:176 - Stop name resolved: (31.4641, 73.1683) → 'Faisal Gardens, Faisalabad City Tehsil'
2026-03-26 21:55:22.376 | DEBUG    | optimization.store_routes:store_optimized_routes:270 - Assigned seat S2 to student UpNOyWoNcXaW1O5jadyyddeniWj2
2026-03-26 21:55:24.618 | DEBUG    | optimization.store_routes:store_optimized_routes:296 - Stored stop R2_stop2 | name='Faisal Gardens, Faisalabad City Tehsil' | route=R2
2026-03-26 21:55:26.571 | DEBUG    | optimization.store_routes:reverse_geocode_stop_name:176 - Stop name resolved: (31.4694, 73.1601) → 'Bagewal Road, Faisalabad City Tehsil'
2026-03-26 21:55:27.110 | DEBUG    | optimization.store_routes:store_optimized_routes:270 - Assigned seat S3 to student qwxNS37KPQSeME1Rb86ZDMnXjYX2
2026-03-26 21:55:27.641 | DEBUG    | optimization.store_routes:store_optimized_routes:296 - Stored stop R2_stop3 | name='Bagewal Road, Faisalabad City Tehsil' | route=R2
2026-03-26 21:55:38.665 | WARNING  | optimization.store_routes:reverse_geocode_stop_name:110 - Reverse geocode failed for (31.4766945, 73.1677037): HTTPSConnectionPool(host='nominatim.openstreetmap.org', port=443): Max retries exceeded with url: /reverse?lat=31.4766945&lon=73.1677037&format=jsonv2&addressdetails=1&accept-language=en (Caused by ConnectTimeoutError(<HTTPSConnection(host='nominatim.openstreetmap.org', port=443) at 0x1fea6feefd0>, 'Connection to nominatim.openstreetmap.org timed out. (connect timeout=10)'))
2026-03-26 21:55:39.672 | DEBUG    | optimization.store_routes:store_optimized_routes:270 - Assigned seat S4 to student unEE7hJDp7cMFEu2M568RmrtWRq2
2026-03-26 21:55:40.275 | DEBUG    | optimization.store_routes:store_optimized_routes:296 - Stored stop R2_stop4 | name='Stop (31.4767, 73.1677)' | route=R2
2026-03-26 21:55:43.735 | DEBUG    | optimization.store_routes:reverse_geocode_stop_name:176 - Stop name resolved: (31.5041, 73.1584) → 'Faisalabad District'
2026-03-26 21:55:44.280 | DEBUG    | optimization.store_routes:store_optimized_routes:270 - Assigned seat S5 to student vQHRPPdjWmTjASjEQvAqjzPhHdm2
2026-03-26 21:55:45.294 | DEBUG    | optimization.store_routes:store_optimized_routes:296 - Stored stop R2_stop5 | name='Faisalabad District' | route=R2
2026-03-26 21:55:47.365 | DEBUG    | optimization.store_routes:reverse_geocode_stop_name:176 - Stop name resolved: (31.5101, 73.1504) → 'Faisalabad District'
2026-03-26 21:55:47.905 | DEBUG    | optimization.store_routes:store_optimized_routes:270 - Assigned seat S6 to student SXxBaOHsDPhcbAy5QSfe0NZxZM83
2026-03-26 21:55:48.435 | DEBUG    | optimization.store_routes:store_optimized_routes:296 - Stored stop R2_stop6 | name='Faisalabad District' | route=R2
2026-03-26 21:55:50.416 | DEBUG    | optimization.store_routes:reverse_geocode_stop_name:176 - Stop name resolved: (31.5487, 73.1501) → 'Faisalabad Bypass'
2026-03-26 21:55:50.944 | DEBUG    | optimization.store_routes:store_optimized_routes:270 - Assigned seat S7 to student DS0YCp1l3RXIwCBzxzmEzv99Zii1
2026-03-26 21:55:51.477 | DEBUG    | optimization.store_routes:store_optimized_routes:296 - Stored stop R2_stop7 | name='Faisalabad Bypass' | route=R2
2026-03-26 21:55:54.861 | DEBUG    | optimization.store_routes:reverse_geocode_stop_name:176 - Stop name resolved: (31.5276, 73.0552) → 'Faisalabad District'
2026-03-26 21:55:55.396 | DEBUG    | optimization.store_routes:store_optimized_routes:270 - Assigned seat S8 to student NkZ3VPHBNtS3wxSmCjfBkRWPaZQ2
2026-03-26 21:55:55.921 | DEBUG    | optimization.store_routes:store_optimized_routes:296 - Stored stop R2_stop8 | name='Faisalabad District' | route=R2
2026-03-26 21:55:58.023 | DEBUG    | optimization.store_routes:reverse_geocode_stop_name:176 - Stop name resolved: (31.5431, 73.1283) → 'Dialgarh'
2026-03-26 21:55:58.554 | DEBUG    | optimization.store_routes:store_optimized_routes:270 - Assigned seat S9 to student VMbnLGOyDuRi41R8XPG6toeooJt1
2026-03-26 21:55:59.076 | DEBUG    | optimization.store_routes:store_optimized_routes:270 - Assigned seat S10 to student e3D31VgcVrXKjMfjS13MWcxDZgi1
2026-03-26 21:55:59.606 | DEBUG    | optimization.store_routes:store_optimized_routes:296 - Stored stop R2_stop9 | name='Dialgarh' | route=R2
2026-03-26 21:56:01.559 | DEBUG    | optimization.store_routes:reverse_geocode_stop_name:176 - Stop name resolved: (31.4743, 73.1047) → 'Faisalabad District, Faisalabad City Tehsil'
2026-03-26 21:56:02.084 | DEBUG    | optimization.store_routes:store_optimized_routes:270 - Assigned seat S11 to student n5w74mESTuV3BSMbnAo4AqNZ3oT2
2026-03-26 21:56:02.602 | DEBUG    | optimization.store_routes:store_optimized_routes:296 - Stored stop R2_stop10 | name='Faisalabad District, Faisalabad City Tehsil' | route=R2
2026-03-26 21:56:04.614 | DEBUG    | optimization.store_routes:reverse_geocode_stop_name:176 - Stop name resolved: (31.4467, 73.1271) → 'Faisalabad District, Faisalabad City Tehsil'
2026-03-26 21:56:05.133 | DEBUG    | optimization.store_routes:store_optimized_routes:270 - Assigned seat S12 to student GydB2I2Y0Ec14olrl5Hbtm8ziZF3
2026-03-26 21:56:05.678 | DEBUG    | optimization.store_routes:store_optimized_routes:296 - Stored stop R2_stop11 | name='Faisalabad District, Faisalabad City Tehsil' | route=R2
2026-03-26 21:56:06.722 | INFO     | optimization.store_routes:store_optimized_routes:321 - Stored route route_1 (R2): 11 stops, 81.84 km
2026-03-26 21:56:07.781 | INFO     | optimization.tsp_solver:get_road_distance_matrix:38 - ORS matrix computed: 12x12
2026-03-26 21:56:22.785 | INFO     | optimization.tsp_solver:solve_tsp:123 - TSP solved: 11 stops, distance 72708 m, objective 72708
2026-03-26 21:56:22.787 | DEBUG    | optimization.tsp_solver:solve_tsp:124 - Order: ['unknown', 'unknown', 'unknown', 'unknown', 'unknown', 'unknown', 'unknown', 'unknown', 'unknown', 'unknown', 'unknown']
2026-03-26 21:56:22.788 | DEBUG    | optimization.route_generator:generate_route_path:57 - Requesting ORS route with 12 waypoints
2026-03-26 21:56:24.286 | INFO     | optimization.route_generator:generate_route_path:74 - ORS route generated successfully (bug-free)
2026-03-26 21:56:24.287 | INFO     | optimization.route_generator:generate_route_path:75 -   Waypoints: 11 stops → University
2026-03-26 21:56:24.288 | INFO     | optimization.route_generator:generate_route_path:76 -   Distance: 99.05 km
2026-03-26 21:56:24.288 | INFO     | optimization.route_generator:generate_route_path:77 -   Duration: 1.92 h (115 min)
2026-03-26 21:56:24.289 | DEBUG    | optimization.route_generator:generate_route_path:78 - Geometry sample (first 3 & last 3): [[73.051461, 31.369153], [73.051213, 31.36893], [73.050868, 31.368599]] ... [[73.03447, 31.602425], [73.034742, 31.602694], [73.034832, 31.602523]]
2026-03-26 21:56:24.290 | INFO     | optimization.store_routes:compute_fee_per_student:32 - Fee calc: 43223 PKR/student | dist=99.1km | students=11
2026-03-26 21:56:25.512 | DEBUG    | optimization.store_routes:reverse_geocode_stop_name:176 - Stop name resolved: (31.3692, 73.0515) → 'Fatenabad'
2026-03-26 21:56:26.049 | DEBUG    | optimization.store_routes:store_optimized_routes:270 - Assigned seat S1 to student 3CNKLBNknvMId9G9MJ1cVoQjkpw2
2026-03-26 21:56:26.580 | DEBUG    | optimization.store_routes:store_optimized_routes:296 - Stored stop R3_stop1 | name='Fatenabad' | route=R3
2026-03-26 21:56:28.568 | DEBUG    | optimization.store_routes:reverse_geocode_stop_name:176 - Stop name resolved: (31.4001, 73.0127) → 'Faisalabad District, Shadab Colony'
2026-03-26 21:56:29.110 | DEBUG    | optimization.store_routes:store_optimized_routes:270 - Assigned seat S2 to student KbkXVOhtA3hfwjvwsS5w2IIOki93
2026-03-26 21:56:29.644 | DEBUG    | optimization.store_routes:store_optimized_routes:296 - Stored stop R3_stop2 | name='Faisalabad District, Shadab Colony' | route=R3
2026-03-26 21:56:31.793 | DEBUG    | optimization.store_routes:reverse_geocode_stop_name:176 - Stop name resolved: (31.3985, 73.0264) → 'Faisalabad District'
2026-03-26 21:56:32.330 | DEBUG    | optimization.store_routes:store_optimized_routes:270 - Assigned seat S3 to student WRVMbOeJLLdnIPhcWnncdjhPSjb2
2026-03-26 21:56:32.855 | DEBUG    | optimization.store_routes:store_optimized_routes:296 - Stored stop R3_stop3 | name='Faisalabad District' | route=R3
2026-03-26 21:56:34.878 | DEBUG    | optimization.store_routes:reverse_geocode_stop_name:176 - Stop name resolved: (31.4193, 73.0416) → 'Faisalabad District, Faisalabad City Tehsil'
2026-03-26 21:56:35.412 | DEBUG    | optimization.store_routes:store_optimized_routes:270 - Assigned seat S4 to student SOWTJArpcRRKPC0v7cWYW0XJk6v1
2026-03-26 21:56:35.949 | DEBUG    | optimization.store_routes:store_optimized_routes:296 - Stored stop R3_stop4 | name='Faisalabad District, Faisalabad City Tehsil' | route=R3
2026-03-26 21:56:38.108 | DEBUG    | optimization.store_routes:reverse_geocode_stop_name:176 - Stop name resolved: (31.4773, 73.0052) → 'Faisalabad bypass'
2026-03-26 21:56:38.641 | DEBUG    | optimization.store_routes:store_optimized_routes:270 - Assigned seat S5 to student shSuBEXnw4TLpoUGH1D5uwg8QKr1
2026-03-26 21:56:39.191 | DEBUG    | optimization.store_routes:store_optimized_routes:296 - Stored stop R3_stop5 | name='Faisalabad bypass' | route=R3
2026-03-26 21:56:41.281 | DEBUG    | optimization.store_routes:reverse_geocode_stop_name:176 - Stop name resolved: (31.4601, 73.0666) → 'Faisalabad District, Faisalabad City Tehsil'
2026-03-26 21:56:41.848 | DEBUG    | optimization.store_routes:store_optimized_routes:270 - Assigned seat S6 to student bvudy4BMDIZ3KxtxPyHvDJd3rjf2
2026-03-26 21:56:42.395 | DEBUG    | optimization.store_routes:store_optimized_routes:296 - Stored stop R3_stop6 | name='Faisalabad District, Faisalabad City Tehsil' | route=R3
2026-03-26 21:56:44.371 | DEBUG    | optimization.store_routes:reverse_geocode_stop_name:176 - Stop name resolved: (31.4061, 73.1115) → 'Faisalabad District, Faisalabad City Tehsil'
2026-03-26 21:56:44.910 | DEBUG    | optimization.store_routes:store_optimized_routes:270 - Assigned seat S7 to student rtsUd2Aeg0W2HTpXZhrpSlqMhdL2
2026-03-26 21:56:45.446 | DEBUG    | optimization.store_routes:store_optimized_routes:296 - Stored stop R3_stop7 | name='Faisalabad District, Faisalabad City Tehsil' | route=R3
2026-03-26 21:56:47.397 | DEBUG    | optimization.store_routes:reverse_geocode_stop_name:176 - Stop name resolved: (31.4052, 73.0874) → 'Itthad Road, Faisalabad City Tehsil'
2026-03-26 21:56:47.928 | DEBUG    | optimization.store_routes:store_optimized_routes:270 - Assigned seat S8 to student x2LmEXZ95YfrQpxSQgrBTDTWbk83
2026-03-26 21:56:48.937 | DEBUG    | optimization.store_routes:store_optimized_routes:296 - Stored stop R3_stop8 | name='Itthad Road, Faisalabad City Tehsil' | route=R3
2026-03-26 21:56:51.038 | DEBUG    | optimization.store_routes:reverse_geocode_stop_name:176 - Stop name resolved: (31.3836, 73.0641) → 'Faisalabad District, Nowaban Wala'
2026-03-26 21:56:51.574 | DEBUG    | optimization.store_routes:store_optimized_routes:270 - Assigned seat S9 to student GBGXh21H2VefIT4NkSWu8FQldkF3
2026-03-26 21:56:52.126 | DEBUG    | optimization.store_routes:store_optimized_routes:296 - Stored stop R3_stop9 | name='Faisalabad District, Nowaban Wala' | route=R3
2026-03-26 21:56:54.601 | DEBUG    | optimization.store_routes:reverse_geocode_stop_name:176 - Stop name resolved: (31.3304, 73.0696) → 'Four Seasons Housing'
2026-03-26 21:56:55.132 | DEBUG    | optimization.store_routes:store_optimized_routes:270 - Assigned seat S10 to student I6aLScqZSSeAF3ug6jDkoPrt6g23
2026-03-26 21:56:55.666 | DEBUG    | optimization.store_routes:store_optimized_routes:296 - Stored stop R3_stop10 | name='Four Seasons Housing' | route=R3
2026-03-26 21:56:57.779 | DEBUG    | optimization.store_routes:reverse_geocode_stop_name:176 - Stop name resolved: (31.3447, 73.0586) → 'Samundari Faisalabad Road'
2026-03-26 21:56:58.310 | DEBUG    | optimization.store_routes:store_optimized_routes:270 - Assigned seat S11 to student VItoVj8ml0ZAMdLtqGCBxaDdkWj1
2026-03-26 21:56:58.848 | DEBUG    | optimization.store_routes:store_optimized_routes:296 - Stored stop R3_stop11 | name='Samundari Faisalabad Road' | route=R3
2026-03-26 21:57:00.149 | INFO     | optimization.store_routes:store_optimized_routes:321 - Stored route route_2 (R3): 11 stops, 99.05 km
2026-03-26 21:57:00.151 | INFO     | optimization.store_routes:store_optimized_routes:327 - Back-filling route_id on 28 stops + students...
2026-03-26 21:57:15.478 | DEBUG    | optimization.store_routes:store_optimized_routes:358 - Final batch: 58 writes
2026-03-26 21:57:15.479 | INFO     | optimization.store_routes:store_optimized_routes:361 - Phase 3: Storing per-student fees...
2026-03-26 21:57:16.262 | INFO     | optimization.store_routes:compute_fee_per_student:32 - Fee calc: 40410 PKR/student | dist=58.9km | students=7
2026-03-26 21:57:16.793 | DEBUG    | optimization.store_routes:store_optimized_routes:401 - Stored fee for 61fbjUraIhPuzNx8BY68aYewSG02: 40410 PKR
2026-03-26 21:57:17.352 | DEBUG    | optimization.store_routes:store_optimized_routes:401 - Stored fee for KSn42uZ4dDaMueZxSsk9yyYYMbU2: 40410 PKR
2026-03-26 21:57:17.886 | DEBUG    | optimization.store_routes:store_optimized_routes:401 - Stored fee for SF9XoWomQLQm1mkqTnpp8bDSyxG3: 40410 PKR
2026-03-26 21:57:18.417 | DEBUG    | optimization.store_routes:store_optimized_routes:401 - Stored fee for Os55fn9jigeXpNaUlGTOSD1kzUH3: 40410 PKR
2026-03-26 21:57:18.943 | DEBUG    | optimization.store_routes:store_optimized_routes:401 - Stored fee for XmlYR1ejNvTp0enFtavXMQRl9l62: 40410 PKR
2026-03-26 21:57:19.466 | DEBUG    | optimization.store_routes:store_optimized_routes:401 - Stored fee for XuCFaAxIj3RH4cDaJKu6xmWSwfi1: 40410 PKR
2026-03-26 21:57:20.006 | DEBUG    | optimization.store_routes:store_optimized_routes:401 - Stored fee for vjz604g8oKerN5zBKZ7mU7mG2M03: 40410 PKR
2026-03-26 21:57:21.018 | INFO     | optimization.store_routes:compute_fee_per_student:32 - Fee calc: 32736 PKR/student | dist=81.8km | students=12
2026-03-26 21:57:21.554 | DEBUG    | optimization.store_routes:store_optimized_routes:401 - Stored fee for 7DxKX1nW4ZdeWHKXM2Vf5OIfGvr1: 32736 PKR
2026-03-26 21:57:22.087 | DEBUG    | optimization.store_routes:store_optimized_routes:401 - Stored fee for DS0YCp1l3RXIwCBzxzmEzv99Zii1: 32736 PKR
2026-03-26 21:57:22.620 | DEBUG    | optimization.store_routes:store_optimized_routes:401 - Stored fee for GydB2I2Y0Ec14olrl5Hbtm8ziZF3: 32736 PKR
2026-03-26 21:57:23.149 | DEBUG    | optimization.store_routes:store_optimized_routes:401 - Stored fee for NkZ3VPHBNtS3wxSmCjfBkRWPaZQ2: 32736 PKR
2026-03-26 21:57:23.669 | DEBUG    | optimization.store_routes:store_optimized_routes:401 - Stored fee for SXxBaOHsDPhcbAy5QSfe0NZxZM83: 32736 PKR
2026-03-26 21:57:24.192 | DEBUG    | optimization.store_routes:store_optimized_routes:401 - Stored fee for UpNOyWoNcXaW1O5jadyyddeniWj2: 32736 PKR
2026-03-26 21:57:24.704 | DEBUG    | optimization.store_routes:store_optimized_routes:401 - Stored fee for VMbnLGOyDuRi41R8XPG6toeooJt1: 32736 PKR
2026-03-26 21:57:25.221 | DEBUG    | optimization.store_routes:store_optimized_routes:401 - Stored fee for e3D31VgcVrXKjMfjS13MWcxDZgi1: 32736 PKR
2026-03-26 21:57:25.751 | DEBUG    | optimization.store_routes:store_optimized_routes:401 - Stored fee for n5w74mESTuV3BSMbnAo4AqNZ3oT2: 32736 PKR
2026-03-26 21:57:26.278 | DEBUG    | optimization.store_routes:store_optimized_routes:401 - Stored fee for qwxNS37KPQSeME1Rb86ZDMnXjYX2: 32736 PKR
2026-03-26 21:57:26.800 | DEBUG    | optimization.store_routes:store_optimized_routes:401 - Stored fee for unEE7hJDp7cMFEu2M568RmrtWRq2: 32736 PKR
2026-03-26 21:57:27.323 | DEBUG    | optimization.store_routes:store_optimized_routes:401 - Stored fee for vQHRPPdjWmTjASjEQvAqjzPhHdm2: 32736 PKR
2026-03-26 21:57:28.500 | INFO     | optimization.store_routes:compute_fee_per_student:32 - Fee calc: 43222 PKR/student | dist=99.0km | students=11
2026-03-26 21:57:29.075 | DEBUG    | optimization.store_routes:store_optimized_routes:401 - Stored fee for 3CNKLBNknvMId9G9MJ1cVoQjkpw2: 43222 PKR
2026-03-26 21:57:29.672 | DEBUG    | optimization.store_routes:store_optimized_routes:401 - Stored fee for GBGXh21H2VefIT4NkSWu8FQldkF3: 43222 PKR
2026-03-26 21:57:30.205 | DEBUG    | optimization.store_routes:store_optimized_routes:401 - Stored fee for I6aLScqZSSeAF3ug6jDkoPrt6g23: 43222 PKR
2026-03-26 21:57:30.737 | DEBUG    | optimization.store_routes:store_optimized_routes:401 - Stored fee for KbkXVOhtA3hfwjvwsS5w2IIOki93: 43222 PKR
2026-03-26 21:57:31.262 | DEBUG    | optimization.store_routes:store_optimized_routes:401 - Stored fee for SOWTJArpcRRKPC0v7cWYW0XJk6v1: 43222 PKR
2026-03-26 21:57:31.782 | DEBUG    | optimization.store_routes:store_optimized_routes:401 - Stored fee for VItoVj8ml0ZAMdLtqGCBxaDdkWj1: 43222 PKR
2026-03-26 21:57:32.300 | DEBUG    | optimization.store_routes:store_optimized_routes:401 - Stored fee for WRVMbOeJLLdnIPhcWnncdjhPSjb2: 43222 PKR
2026-03-26 21:57:32.835 | DEBUG    | optimization.store_routes:store_optimized_routes:401 - Stored fee for bvudy4BMDIZ3KxtxPyHvDJd3rjf2: 43222 PKR
2026-03-26 21:57:33.360 | DEBUG    | optimization.store_routes:store_optimized_routes:401 - Stored fee for rtsUd2Aeg0W2HTpXZhrpSlqMhdL2: 43222 PKR
2026-03-26 21:57:33.879 | DEBUG    | optimization.store_routes:store_optimized_routes:401 - Stored fee for shSuBEXnw4TLpoUGH1D5uwg8QKr1: 43222 PKR
2026-03-26 21:57:34.398 | DEBUG    | optimization.store_routes:store_optimized_routes:401 - Stored fee for x2LmEXZ95YfrQpxSQgrBTDTWbk83: 43222 PKR
2026-03-26 21:57:34.399 | INFO     | optimization.store_routes:store_optimized_routes:403 - Phase 3 complete: 30 fee records stored
2026-03-26 21:57:34.399 | INFO     | optimization.store_routes:store_optimized_routes:405 - Overall done: 3 routes | 28 stops | 30 fees
2026-03-26 21:57:34.399 | INFO     | optimization.store_routes:store_optimized_routes:407 - Done: 3 routes | 28 stops stored
2026-03-26 21:57:34.400 | INFO     | optimization.store_routes:store_optimized_routes:410 - Phase 3 complete: 30 fee records stored
2026-03-26 21:57:34.400 | INFO     | optimization.store_routes:store_optimized_routes:413 - Final step: Updating registration_status to 'successful' for all processed students...
2026-03-26 21:57:35.024 | INFO     | optimization.store_routes:store_optimized_routes:437 - Updated 30 students to 'successful' registration status.
2026-03-26 21:57:35.025 | INFO     | optimization.store_routes:store_optimized_routes:440 - Overall done: 3 routes | 28 stops | 30 fees
2026-03-26 21:57:35.026 | INFO     | api.main:run_optimization:64 - Pipeline completed successfully | 3 buses processed
2026-03-26 22:13:42.768 | INFO     | api.main:run_optimization:29 - Starting full route optimization pipeline
2026-03-26 22:13:46.281 | INFO     | data_pipeline.student_loader:load_student_stops:42 - Loaded 30 student stops from Firestore
2026-03-26 22:13:46.282 | DEBUG    | data_pipeline.student_loader:load_student_stops:43 - First 3 stops (sample): [{'student_id': '3CNKLBNknvMId9G9MJ1cVoQjkpw2', 'name': 'Test Student 12', 'roll_no': 'TEST-4382', 'lat': 31.369289, 'lng': 73.051406, 'student_count': 1, 'contact': '03597900028', 'semester': 'Spring 2026', 'fee_status': 'unpaid', 'registration_status': 'successful'}, {'student_id': '61fbjUraIhPuzNx8BY68aYewSG02', 'name': 'Test Student 28', 'roll_no': 'TEST-7403', 'lat': 31.380283, 'lng': 73.159195, 'student_count': 1, 'contact': '03344993000', 'semester': 'Spring 2026', 'fee_status': 'unpaid', 'registration_status': 'successful'}, {'student_id': '7DxKX1nW4ZdeWHKXM2Vf5OIfGvr1', 'name': 'Test Student 10', 'roll_no': 'TEST-9142', 'lat': 31.446304, 'lng': 73.140169, 'student_count': 1, 'contact': '03537549971', 'semester': 'Spring 2026', 'fee_status': 'unpaid', 'registration_status': 'successful'}]
2026-03-26 22:13:46.282 | INFO     | osm.fetch_roads:fetch_or_load_road_graph:19 - Loading cached Faisalabad road graph...
2026-03-26 22:14:00.649 | INFO     | osm.fetch_roads:fetch_or_load_road_graph:21 - Loaded graph with 50872 nodes and 144715 edges
2026-03-26 22:14:03.372 | INFO     | osm.road_filter:filter_main_roads:38 - Filtered graph:
2026-03-26 22:14:03.593 | INFO     | osm.road_filter:filter_main_roads:39 -   Original: 50872 nodes, 144715 edges
2026-03-26 22:14:03.883 | INFO     | osm.road_filter:filter_main_roads:40 -   After filter (main roads only): 7460 nodes, 12863 edges
2026-03-26 22:14:04.902 | DEBUG    | utils.distance_utils:build_node_balltree:29 - Built BallTree with 7460 nodes
2026-03-26 22:14:04.904 | DEBUG    | utils.geo_utils:haversine_distance:20 - Haversine: (31.369289, 73.051406) → (31.3691526, 73.0514611) = 16.0 m
2026-03-26 22:14:04.907 | DEBUG    | utils.distance_utils:find_nearest_road_point:56 - Nearest road node to (31.369289, 73.051406): (31.369153, 73.051461) — 16.0m
2026-03-26 22:14:04.907 | DEBUG    | utils.geo_utils:haversine_distance:20 - Haversine: (31.369289, 73.051406) → (31.3691526, 73.0514611) = 16.0 m
2026-03-26 22:14:04.908 | DEBUG    | data_pipeline.stop_builder:snap_stops_to_roads:38 - Snapped Test Student 12 (TEST-4382): 16.0m
2026-03-26 22:14:04.947 | DEBUG    | utils.distance_utils:build_node_balltree:29 - Built BallTree with 7460 nodes
2026-03-26 22:14:04.950 | DEBUG    | utils.geo_utils:haversine_distance:20 - Haversine: (31.380283, 73.159195) → (31.3787188, 73.157798) = 218.7 m
2026-03-26 22:14:04.951 | DEBUG    | utils.distance_utils:find_nearest_road_point:56 - Nearest road node to (31.380283, 73.159195): (31.378719, 73.157798) — 218.7m
2026-03-26 22:14:04.951 | DEBUG    | utils.geo_utils:haversine_distance:20 - Haversine: (31.380283, 73.159195) → (31.3787188, 73.157798) = 218.7 m
2026-03-26 22:14:04.951 | DEBUG    | data_pipeline.stop_builder:snap_stops_to_roads:38 - Snapped Test Student 28 (TEST-7403): 218.7m
2026-03-26 22:14:04.997 | DEBUG    | utils.distance_utils:build_node_balltree:29 - Built BallTree with 7460 nodes
2026-03-26 22:14:04.999 | DEBUG    | utils.geo_utils:haversine_distance:20 - Haversine: (31.446304, 73.140169) → (31.4457694, 73.1408101) = 85.0 m
2026-03-26 22:14:04.999 | DEBUG    | utils.distance_utils:find_nearest_road_point:56 - Nearest road node to (31.446304, 73.140169): (31.445769, 73.140810) — 85.0m
2026-03-26 22:14:04.999 | DEBUG    | utils.geo_utils:haversine_distance:20 - Haversine: (31.446304, 73.140169) → (31.4457694, 73.1408101) = 85.0 m
2026-03-26 22:14:04.999 | DEBUG    | data_pipeline.stop_builder:snap_stops_to_roads:38 - Snapped Test Student 10 (TEST-9142): 85.0m
2026-03-26 22:14:05.044 | DEBUG    | utils.distance_utils:build_node_balltree:29 - Built BallTree with 7460 nodes
2026-03-26 22:14:05.046 | DEBUG    | utils.geo_utils:haversine_distance:20 - Haversine: (31.548998, 73.147656) → (31.5487412, 73.1501112) = 234.4 m
2026-03-26 22:14:05.047 | DEBUG    | utils.distance_utils:find_nearest_road_point:56 - Nearest road node to (31.548998, 73.147656): (31.548741, 73.150111) — 234.4m
2026-03-26 22:14:05.047 | DEBUG    | utils.geo_utils:haversine_distance:20 - Haversine: (31.548998, 73.147656) → (31.5487412, 73.1501112) = 234.4 m
2026-03-26 22:14:05.047 | DEBUG    | data_pipeline.stop_builder:snap_stops_to_roads:38 - Snapped Test Student 14 (TEST-9162): 234.4m
2026-03-26 22:14:05.092 | DEBUG    | utils.distance_utils:build_node_balltree:29 - Built BallTree with 7460 nodes
2026-03-26 22:14:05.094 | DEBUG    | utils.geo_utils:haversine_distance:20 - Haversine: (31.384254, 73.063765) → (31.3836456, 73.0640586) = 73.2 m
2026-03-26 22:14:05.095 | DEBUG    | utils.distance_utils:find_nearest_road_point:56 - Nearest road node to (31.384254, 73.063765): (31.383646, 73.064059) — 73.2m
2026-03-26 22:14:05.095 | DEBUG    | utils.geo_utils:haversine_distance:20 - Haversine: (31.384254, 73.063765) → (31.3836456, 73.0640586) = 73.2 m
2026-03-26 22:14:05.095 | DEBUG    | data_pipeline.stop_builder:snap_stops_to_roads:38 - Snapped Test Student 30 (TEST-6182): 73.2m
2026-03-26 22:14:05.131 | DEBUG    | utils.distance_utils:build_node_balltree:29 - Built BallTree with 7460 nodes
2026-03-26 22:14:05.133 | DEBUG    | utils.geo_utils:haversine_distance:20 - Haversine: (31.450094, 73.130742) → (31.4467219, 73.1271368) = 507.5 m
2026-03-26 22:14:05.133 | DEBUG    | utils.distance_utils:find_nearest_road_point:56 - Nearest road node to (31.450094, 73.130742): (31.446722, 73.127137) — 507.5m
2026-03-26 22:14:05.134 | DEBUG    | utils.geo_utils:haversine_distance:20 - Haversine: (31.450094, 73.130742) → (31.4467219, 73.1271368) = 507.5 m
2026-03-26 22:14:05.134 | DEBUG    | data_pipeline.stop_builder:snap_stops_to_roads:38 - Snapped Test Student 23 (TEST-9957): 507.5m
2026-03-26 22:14:05.186 | DEBUG    | utils.distance_utils:build_node_balltree:29 - Built BallTree with 7460 nodes
2026-03-26 22:14:05.191 | DEBUG    | utils.geo_utils:haversine_distance:20 - Haversine: (31.327595, 73.065724) → (31.330396, 73.0696448) = 485.5 m
2026-03-26 22:14:05.191 | DEBUG    | utils.distance_utils:find_nearest_road_point:56 - Nearest road node to (31.327595, 73.065724): (31.330396, 73.069645) — 485.5m
2026-03-26 22:14:05.191 | DEBUG    | utils.geo_utils:haversine_distance:20 - Haversine: (31.327595, 73.065724) → (31.330396, 73.0696448) = 485.5 m
2026-03-26 22:14:05.191 | DEBUG    | data_pipeline.stop_builder:snap_stops_to_roads:38 - Snapped Test Student 13 (TEST-5755): 485.5m
2026-03-26 22:14:05.252 | DEBUG    | utils.distance_utils:build_node_balltree:29 - Built BallTree with 7460 nodes
2026-03-26 22:14:05.256 | DEBUG    | utils.geo_utils:haversine_distance:20 - Haversine: (31.343859, 73.18566) → (31.3413852, 73.1852291) = 278.1 m
2026-03-26 22:14:05.256 | DEBUG    | utils.distance_utils:find_nearest_road_point:56 - Nearest road node to (31.343859, 73.18566): (31.341385, 73.185229) — 278.1m
2026-03-26 22:14:05.256 | DEBUG    | utils.geo_utils:haversine_distance:20 - Haversine: (31.343859, 73.18566) → (31.3413852, 73.1852291) = 278.1 m
2026-03-26 22:14:05.257 | DEBUG    | data_pipeline.stop_builder:snap_stops_to_roads:38 - Snapped Test Student 7 (TEST-9790): 278.1m
2026-03-26 22:14:05.303 | DEBUG    | utils.distance_utils:build_node_balltree:29 - Built BallTree with 7460 nodes
2026-03-26 22:14:05.305 | DEBUG    | utils.geo_utils:haversine_distance:20 - Haversine: (31.401088, 73.01135) → (31.4000755, 73.0126538) = 167.3 m
2026-03-26 22:14:05.306 | DEBUG    | utils.distance_utils:find_nearest_road_point:56 - Nearest road node to (31.401088, 73.01135): (31.400075, 73.012654) — 167.3m
2026-03-26 22:14:05.306 | DEBUG    | utils.geo_utils:haversine_distance:20 - Haversine: (31.401088, 73.01135) → (31.4000755, 73.0126538) = 167.3 m
2026-03-26 22:14:05.306 | DEBUG    | data_pipeline.stop_builder:snap_stops_to_roads:38 - Snapped Test Student 3 (TEST-2055): 167.3m
2026-03-26 22:14:05.340 | DEBUG    | utils.distance_utils:build_node_balltree:29 - Built BallTree with 7460 nodes
2026-03-26 22:14:05.342 | DEBUG    | utils.geo_utils:haversine_distance:20 - Haversine: (31.526254, 73.053671) → (31.527645, 73.0552285) = 213.8 m
2026-03-26 22:14:05.342 | DEBUG    | utils.distance_utils:find_nearest_road_point:56 - Nearest road node to (31.526254, 73.053671): (31.527645, 73.055228) — 213.8m
2026-03-26 22:14:05.342 | DEBUG    | utils.geo_utils:haversine_distance:20 - Haversine: (31.526254, 73.053671) → (31.527645, 73.0552285) = 213.8 m
2026-03-26 22:14:05.343 | DEBUG    | data_pipeline.stop_builder:snap_stops_to_roads:38 - Snapped Test Student 25 (TEST-4783): 213.8m
2026-03-26 22:14:05.379 | DEBUG    | utils.distance_utils:build_node_balltree:29 - Built BallTree with 7460 nodes
2026-03-26 22:14:05.381 | DEBUG    | utils.geo_utils:haversine_distance:20 - Haversine: (31.319581, 73.129629) → (31.3281703, 73.1302408) = 956.9 m
2026-03-26 22:14:05.381 | DEBUG    | utils.distance_utils:find_nearest_road_point:56 - Nearest road node to (31.319581, 73.129629): (31.328170, 73.130241) — 956.9m
2026-03-26 22:14:05.382 | DEBUG    | utils.geo_utils:haversine_distance:20 - Haversine: (31.319581, 73.129629) → (31.3281703, 73.1302408) = 956.9 m
2026-03-26 22:14:05.382 | DEBUG    | data_pipeline.stop_builder:snap_stops_to_roads:38 - Snapped Test Student 11 (TEST-6729): 956.9m
2026-03-26 22:14:05.424 | DEBUG    | utils.distance_utils:build_node_balltree:29 - Built BallTree with 7460 nodes
2026-03-26 22:14:05.426 | DEBUG    | utils.geo_utils:haversine_distance:20 - Haversine: (31.342673, 73.180091) → (31.3434454, 73.1825193) = 246.1 m
2026-03-26 22:14:05.426 | DEBUG    | utils.distance_utils:find_nearest_road_point:56 - Nearest road node to (31.342673, 73.180091): (31.343445, 73.182519) — 246.1m
2026-03-26 22:14:05.426 | DEBUG    | utils.geo_utils:haversine_distance:20 - Haversine: (31.342673, 73.180091) → (31.3434454, 73.1825193) = 246.1 m
2026-03-26 22:14:05.426 | DEBUG    | data_pipeline.stop_builder:snap_stops_to_roads:38 - Snapped Test Student 1 (TEST-1717): 246.1m
2026-03-26 22:14:05.467 | DEBUG    | utils.distance_utils:build_node_balltree:29 - Built BallTree with 7460 nodes
2026-03-26 22:14:05.470 | DEBUG    | utils.geo_utils:haversine_distance:20 - Haversine: (31.419161, 73.04138) → (31.4192659, 73.0416323) = 26.6 m
2026-03-26 22:14:05.471 | DEBUG    | utils.distance_utils:find_nearest_road_point:56 - Nearest road node to (31.419161, 73.04138): (31.419266, 73.041632) — 26.6m
2026-03-26 22:14:05.472 | DEBUG    | utils.geo_utils:haversine_distance:20 - Haversine: (31.419161, 73.04138) → (31.4192659, 73.0416323) = 26.6 m
2026-03-26 22:14:05.472 | DEBUG    | data_pipeline.stop_builder:snap_stops_to_roads:38 - Snapped Test Student 27 (TEST-3106): 26.6m
2026-03-26 22:14:05.525 | DEBUG    | utils.distance_utils:build_node_balltree:29 - Built BallTree with 7460 nodes
2026-03-26 22:14:05.528 | DEBUG    | utils.geo_utils:haversine_distance:20 - Haversine: (31.513945, 73.145) → (31.5101284, 73.1503952) = 664.6 m
2026-03-26 22:14:05.528 | DEBUG    | utils.distance_utils:find_nearest_road_point:56 - Nearest road node to (31.513945, 73.145): (31.510128, 73.150395) — 664.6m
2026-03-26 22:14:05.528 | DEBUG    | utils.geo_utils:haversine_distance:20 - Haversine: (31.513945, 73.145) → (31.5101284, 73.1503952) = 664.6 m
2026-03-26 22:14:05.528 | DEBUG    | data_pipeline.stop_builder:snap_stops_to_roads:38 - Snapped Test Student 20 (TEST-7495): 664.6m
2026-03-26 22:14:05.569 | DEBUG    | utils.distance_utils:build_node_balltree:29 - Built BallTree with 7460 nodes
2026-03-26 22:14:05.573 | DEBUG    | utils.geo_utils:haversine_distance:20 - Haversine: (31.462728, 73.168167) → (31.4641337, 73.1683411) = 157.2 m
2026-03-26 22:14:05.573 | DEBUG    | utils.distance_utils:find_nearest_road_point:56 - Nearest road node to (31.462728, 73.168167): (31.464134, 73.168341) — 157.2m
2026-03-26 22:14:05.574 | DEBUG    | utils.geo_utils:haversine_distance:20 - Haversine: (31.462728, 73.168167) → (31.4641337, 73.1683411) = 157.2 m
2026-03-26 22:14:05.574 | DEBUG    | data_pipeline.stop_builder:snap_stops_to_roads:38 - Snapped Test Student 15 (TEST-5668): 157.2m
2026-03-26 22:14:05.612 | DEBUG    | utils.distance_utils:build_node_balltree:29 - Built BallTree with 7460 nodes
2026-03-26 22:14:05.614 | DEBUG    | utils.geo_utils:haversine_distance:20 - Haversine: (31.346116, 73.056539) → (31.3446991, 73.0585627) = 248.5 m
2026-03-26 22:14:05.614 | DEBUG    | utils.distance_utils:find_nearest_road_point:56 - Nearest road node to (31.346116, 73.056539): (31.344699, 73.058563) — 248.5m
2026-03-26 22:14:05.615 | DEBUG    | utils.geo_utils:haversine_distance:20 - Haversine: (31.346116, 73.056539) → (31.3446991, 73.0585627) = 248.5 m
2026-03-26 22:14:05.615 | DEBUG    | data_pipeline.stop_builder:snap_stops_to_roads:38 - Snapped Test Student 9 (TEST-8987): 248.5m
2026-03-26 22:14:05.655 | DEBUG    | utils.distance_utils:build_node_balltree:29 - Built BallTree with 7460 nodes
2026-03-26 22:14:05.656 | DEBUG    | utils.geo_utils:haversine_distance:20 - Haversine: (31.544202, 73.128686) → (31.5431453, 73.1283131) = 122.7 m
2026-03-26 22:14:05.657 | DEBUG    | utils.distance_utils:find_nearest_road_point:56 - Nearest road node to (31.544202, 73.128686): (31.543145, 73.128313) — 122.7m
2026-03-26 22:14:05.657 | DEBUG    | utils.geo_utils:haversine_distance:20 - Haversine: (31.544202, 73.128686) → (31.5431453, 73.1283131) = 122.7 m
2026-03-26 22:14:05.657 | DEBUG    | data_pipeline.stop_builder:snap_stops_to_roads:38 - Snapped Test Student 4 (TEST-9428): 122.7m
2026-03-26 22:14:05.714 | DEBUG    | utils.distance_utils:build_node_balltree:29 - Built BallTree with 7460 nodes
2026-03-26 22:14:05.717 | DEBUG    | utils.geo_utils:haversine_distance:20 - Haversine: (31.393089, 73.028228) → (31.398463, 73.0263855) = 622.6 m
2026-03-26 22:14:05.717 | DEBUG    | utils.distance_utils:find_nearest_road_point:56 - Nearest road node to (31.393089, 73.028228): (31.398463, 73.026386) — 622.6m
2026-03-26 22:14:05.717 | DEBUG    | utils.geo_utils:haversine_distance:20 - Haversine: (31.393089, 73.028228) → (31.398463, 73.0263855) = 622.6 m
2026-03-26 22:14:05.717 | DEBUG    | data_pipeline.stop_builder:snap_stops_to_roads:38 - Snapped Test Student 5 (TEST-5892): 622.6m
2026-03-26 22:14:06.048 | DEBUG    | utils.distance_utils:build_node_balltree:29 - Built BallTree with 7460 nodes
2026-03-26 22:14:06.050 | DEBUG    | utils.geo_utils:haversine_distance:20 - Haversine: (31.318863, 73.183249) → (31.3190478, 73.1756414) = 723.0 m
2026-03-26 22:14:06.050 | DEBUG    | utils.distance_utils:find_nearest_road_point:56 - Nearest road node to (31.318863, 73.183249): (31.319048, 73.175641) — 723.0m
2026-03-26 22:14:06.050 | DEBUG    | utils.geo_utils:haversine_distance:20 - Haversine: (31.318863, 73.183249) → (31.3190478, 73.1756414) = 723.0 m
2026-03-26 22:14:06.050 | DEBUG    | data_pipeline.stop_builder:snap_stops_to_roads:38 - Snapped Test Student 29 (TEST-7084): 723.0m
2026-03-26 22:14:06.098 | DEBUG    | utils.distance_utils:build_node_balltree:29 - Built BallTree with 7460 nodes
2026-03-26 22:14:06.102 | DEBUG    | utils.geo_utils:haversine_distance:20 - Haversine: (31.354815, 73.143189) → (31.3557607, 73.1450675) = 207.1 m
2026-03-26 22:14:06.102 | DEBUG    | utils.distance_utils:find_nearest_road_point:56 - Nearest road node to (31.354815, 73.143189): (31.355761, 73.145067) — 207.1m
2026-03-26 22:14:06.103 | DEBUG    | utils.geo_utils:haversine_distance:20 - Haversine: (31.354815, 73.143189) → (31.3557607, 73.1450675) = 207.1 m
2026-03-26 22:14:06.108 | DEBUG    | data_pipeline.stop_builder:snap_stops_to_roads:38 - Snapped Test Student 17 (TEST-4072): 207.1m
2026-03-26 22:14:06.148 | DEBUG    | utils.distance_utils:build_node_balltree:29 - Built BallTree with 7460 nodes
2026-03-26 22:14:06.150 | DEBUG    | utils.geo_utils:haversine_distance:20 - Haversine: (31.459172, 73.066434) → (31.4601458, 73.0666137) = 109.6 m
2026-03-26 22:14:06.150 | DEBUG    | utils.distance_utils:find_nearest_road_point:56 - Nearest road node to (31.459172, 73.066434): (31.460146, 73.066614) — 109.6m
2026-03-26 22:14:06.151 | DEBUG    | utils.geo_utils:haversine_distance:20 - Haversine: (31.459172, 73.066434) → (31.4601458, 73.0666137) = 109.6 m
2026-03-26 22:14:06.151 | DEBUG    | data_pipeline.stop_builder:snap_stops_to_roads:38 - Snapped Test Student 18 (TEST-9353): 109.6m
2026-03-26 22:14:06.198 | DEBUG    | utils.distance_utils:build_node_balltree:29 - Built BallTree with 7460 nodes
2026-03-26 22:14:06.200 | DEBUG    | utils.geo_utils:haversine_distance:20 - Haversine: (31.537509, 73.124448) → (31.5426468, 73.1258022) = 585.5 m
2026-03-26 22:14:06.200 | DEBUG    | utils.distance_utils:find_nearest_road_point:56 - Nearest road node to (31.537509, 73.124448): (31.542647, 73.125802) — 585.5m
2026-03-26 22:14:06.200 | DEBUG    | utils.geo_utils:haversine_distance:20 - Haversine: (31.537509, 73.124448) → (31.5426468, 73.1258022) = 585.5 m
2026-03-26 22:14:06.200 | DEBUG    | data_pipeline.stop_builder:snap_stops_to_roads:38 - Snapped Test Student 6 (TEST-3775): 585.5m
2026-03-26 22:14:06.255 | DEBUG    | utils.distance_utils:build_node_balltree:29 - Built BallTree with 7460 nodes
2026-03-26 22:14:06.257 | DEBUG    | utils.geo_utils:haversine_distance:20 - Haversine: (31.473589, 73.112736) → (31.4743292, 73.1046958) = 766.9 m
2026-03-26 22:14:06.257 | DEBUG    | utils.distance_utils:find_nearest_road_point:56 - Nearest road node to (31.473589, 73.112736): (31.474329, 73.104696) — 766.9m
2026-03-26 22:14:06.257 | DEBUG    | utils.geo_utils:haversine_distance:20 - Haversine: (31.473589, 73.112736) → (31.4743292, 73.1046958) = 766.9 m
2026-03-26 22:14:06.257 | DEBUG    | data_pipeline.stop_builder:snap_stops_to_roads:38 - Snapped Test Student 22 (TEST-9109): 766.9m
2026-03-26 22:14:06.309 | DEBUG    | utils.distance_utils:build_node_balltree:29 - Built BallTree with 7460 nodes
2026-03-26 22:14:06.311 | DEBUG    | utils.geo_utils:haversine_distance:20 - Haversine: (31.468675, 73.160721) → (31.4693742, 73.1600766) = 98.9 m
2026-03-26 22:14:06.311 | DEBUG    | utils.distance_utils:find_nearest_road_point:56 - Nearest road node to (31.468675, 73.160721): (31.469374, 73.160077) — 98.9m
2026-03-26 22:14:06.311 | DEBUG    | utils.geo_utils:haversine_distance:20 - Haversine: (31.468675, 73.160721) → (31.4693742, 73.1600766) = 98.9 m
2026-03-26 22:14:06.312 | DEBUG    | data_pipeline.stop_builder:snap_stops_to_roads:38 - Snapped Test Student 19 (TEST-9533): 98.9m
2026-03-26 22:14:06.360 | DEBUG    | utils.distance_utils:build_node_balltree:29 - Built BallTree with 7460 nodes
2026-03-26 22:14:06.362 | DEBUG    | utils.geo_utils:haversine_distance:20 - Haversine: (31.405239, 73.112616) → (31.4060883, 73.1115478) = 138.5 m
2026-03-26 22:14:06.362 | DEBUG    | utils.distance_utils:find_nearest_road_point:56 - Nearest road node to (31.405239, 73.112616): (31.406088, 73.111548) — 138.5m
2026-03-26 22:14:06.362 | DEBUG    | utils.geo_utils:haversine_distance:20 - Haversine: (31.405239, 73.112616) → (31.4060883, 73.1115478) = 138.5 m
2026-03-26 22:14:06.362 | DEBUG    | data_pipeline.stop_builder:snap_stops_to_roads:38 - Snapped Test Student 26 (TEST-5354): 138.5m
2026-03-26 22:14:06.401 | DEBUG    | utils.distance_utils:build_node_balltree:29 - Built BallTree with 7460 nodes
2026-03-26 22:14:06.406 | DEBUG    | utils.geo_utils:haversine_distance:20 - Haversine: (31.470598, 73.008555) → (31.4773379, 73.0052033) = 814.1 m
2026-03-26 22:14:06.406 | DEBUG    | utils.distance_utils:find_nearest_road_point:56 - Nearest road node to (31.470598, 73.008555): (31.477338, 73.005203) — 814.1m
2026-03-26 22:14:06.407 | DEBUG    | utils.geo_utils:haversine_distance:20 - Haversine: (31.470598, 73.008555) → (31.4773379, 73.0052033) = 814.1 m
2026-03-26 22:14:06.407 | DEBUG    | data_pipeline.stop_builder:snap_stops_to_roads:38 - Snapped Test Student 24 (TEST-8754): 814.1m
2026-03-26 22:14:06.458 | DEBUG    | utils.distance_utils:build_node_balltree:29 - Built BallTree with 7460 nodes
2026-03-26 22:14:06.460 | DEBUG    | utils.geo_utils:haversine_distance:20 - Haversine: (31.480136, 73.16337) → (31.4766945, 73.1677037) = 561.5 m
2026-03-26 22:14:06.460 | DEBUG    | utils.distance_utils:find_nearest_road_point:56 - Nearest road node to (31.480136, 73.16337): (31.476695, 73.167704) — 561.5m
2026-03-26 22:14:06.460 | DEBUG    | utils.geo_utils:haversine_distance:20 - Haversine: (31.480136, 73.16337) → (31.4766945, 73.1677037) = 561.5 m
2026-03-26 22:14:06.460 | DEBUG    | data_pipeline.stop_builder:snap_stops_to_roads:38 - Snapped Test Student 21 (TEST-9356): 561.5m
2026-03-26 22:14:06.496 | DEBUG    | utils.distance_utils:build_node_balltree:29 - Built BallTree with 7460 nodes
2026-03-26 22:14:06.498 | DEBUG    | utils.geo_utils:haversine_distance:20 - Haversine: (31.503809, 73.163047) → (31.504101, 73.1583633) = 445.2 m
2026-03-26 22:14:06.498 | DEBUG    | utils.distance_utils:find_nearest_road_point:56 - Nearest road node to (31.503809, 73.163047): (31.504101, 73.158363) — 445.2m
2026-03-26 22:14:06.499 | DEBUG    | utils.geo_utils:haversine_distance:20 - Haversine: (31.503809, 73.163047) → (31.504101, 73.1583633) = 445.2 m
2026-03-26 22:14:06.499 | DEBUG    | data_pipeline.stop_builder:snap_stops_to_roads:38 - Snapped Test Student 2 (TEST-1842): 445.2m
2026-03-26 22:14:06.544 | DEBUG    | utils.distance_utils:build_node_balltree:29 - Built BallTree with 7460 nodes
2026-03-26 22:14:06.547 | DEBUG    | utils.geo_utils:haversine_distance:20 - Haversine: (31.388719, 73.18885) → (31.3907077, 73.1897443) = 236.9 m
2026-03-26 22:14:06.547 | DEBUG    | utils.distance_utils:find_nearest_road_point:56 - Nearest road node to (31.388719, 73.18885): (31.390708, 73.189744) — 236.9m
2026-03-26 22:14:06.547 | DEBUG    | utils.geo_utils:haversine_distance:20 - Haversine: (31.388719, 73.18885) → (31.3907077, 73.1897443) = 236.9 m
2026-03-26 22:14:06.548 | DEBUG    | data_pipeline.stop_builder:snap_stops_to_roads:38 - Snapped Test Student 16 (TEST-8203): 236.9m
2026-03-26 22:14:06.598 | DEBUG    | utils.distance_utils:build_node_balltree:29 - Built BallTree with 7460 nodes
2026-03-26 22:14:06.599 | DEBUG    | utils.geo_utils:haversine_distance:20 - Haversine: (31.406549, 73.086759) → (31.4052045, 73.0873694) = 160.3 m
2026-03-26 22:14:06.600 | DEBUG    | utils.distance_utils:find_nearest_road_point:56 - Nearest road node to (31.406549, 73.086759): (31.405204, 73.087369) — 160.3m
2026-03-26 22:14:06.600 | DEBUG    | utils.geo_utils:haversine_distance:20 - Haversine: (31.406549, 73.086759) → (31.4052045, 73.0873694) = 160.3 m
2026-03-26 22:14:06.600 | DEBUG    | data_pipeline.stop_builder:snap_stops_to_roads:38 - Snapped Test Student 8 (TEST-8476): 160.3m
2026-03-26 22:14:06.600 | INFO     | data_pipeline.stop_builder:snap_stops_to_roads:47 - Snapping complete:
2026-03-26 22:14:06.601 | INFO     | data_pipeline.stop_builder:snap_stops_to_roads:48 -   Input stops: 30
2026-03-26 22:14:06.602 | INFO     | data_pipeline.stop_builder:snap_stops_to_roads:49 -   Snapped successfully: 30
2026-03-26 22:14:06.613 | INFO     | data_pipeline.stop_builder:snap_stops_to_roads:50 -   Skipped (too far): 0
2026-03-26 22:14:06.613 | DEBUG    | data_pipeline.stop_builder:snap_stops_to_roads:53 - First snapped stop example: {'student_id': '3CNKLBNknvMId9G9MJ1cVoQjkpw2', 'name': 'Test Student 12', 'roll_no': 'TEST-4382', 'lat': 31.3691526, 'lng': 73.0514611, 'student_count': 1, 'contact': '03597900028', 'semester': 'Spring 2026', 'fee_status': 'unpaid', 'registration_status': 'successful', 'original_lat': 31.369289, 'original_lng': 73.051406, 'snap_distance_m': 16.04}
2026-03-26 22:14:06.614 | DEBUG    | utils.geo_utils:haversine_distance:20 - Haversine: (31.3787188, 73.157798) → (31.3691526, 73.0514611) = 10151.2 m
2026-03-26 22:14:06.614 | DEBUG    | utils.geo_utils:haversine_distance:20 - Haversine: (31.4457694, 73.1408101) → (31.3691526, 73.0514611) = 12020.1 m
2026-03-26 22:14:06.615 | DEBUG    | utils.geo_utils:haversine_distance:20 - Haversine: (31.4457694, 73.1408101) → (31.3787188, 73.157798) = 7628.0 m
2026-03-26 22:14:06.615 | DEBUG    | utils.geo_utils:haversine_distance:20 - Haversine: (31.5487412, 73.1501112) → (31.3691526, 73.0514611) = 22052.9 m
2026-03-26 22:14:06.615 | DEBUG    | utils.geo_utils:haversine_distance:20 - Haversine: (31.5487412, 73.1501112) → (31.3787188, 73.157798) = 18919.7 m
2026-03-26 22:14:06.615 | DEBUG    | utils.geo_utils:haversine_distance:20 - Haversine: (31.5487412, 73.1501112) → (31.4457694, 73.1408101) = 11483.9 m
2026-03-26 22:14:06.615 | DEBUG    | utils.geo_utils:haversine_distance:20 - Haversine: (31.3836456, 73.0640586) → (31.3691526, 73.0514611) = 2006.8 m
2026-03-26 22:14:06.617 | DEBUG    | utils.geo_utils:haversine_distance:20 - Haversine: (31.3836456, 73.0640586) → (31.3787188, 73.157798) = 8915.5 m
2026-03-26 22:14:06.617 | DEBUG    | utils.geo_utils:haversine_distance:20 - Haversine: (31.3836456, 73.0640586) → (31.4457694, 73.1408101) = 10038.2 m
2026-03-26 22:14:06.618 | DEBUG    | utils.geo_utils:haversine_distance:20 - Haversine: (31.3836456, 73.0640586) → (31.5487412, 73.1501112) = 20090.3 m
2026-03-26 22:14:06.618 | DEBUG    | utils.geo_utils:haversine_distance:20 - Haversine: (31.4467219, 73.1271368) → (31.3691526, 73.0514611) = 11223.8 m
2026-03-26 22:14:06.618 | DEBUG    | utils.geo_utils:haversine_distance:20 - Haversine: (31.4467219, 73.1271368) → (31.3787188, 73.157798) = 8102.1 m
2026-03-26 22:14:06.618 | DEBUG    | utils.geo_utils:haversine_distance:20 - Haversine: (31.4467219, 73.1271368) → (31.4457694, 73.1408101) = 1301.4 m
2026-03-26 22:14:06.618 | DEBUG    | utils.geo_utils:haversine_distance:20 - Haversine: (31.4467219, 73.1271368) → (31.5487412, 73.1501112) = 11551.3 m
2026-03-26 22:14:06.618 | DEBUG    | utils.geo_utils:haversine_distance:20 - Haversine: (31.4467219, 73.1271368) → (31.3836456, 73.0640586) = 9220.8 m
2026-03-26 22:14:06.618 | DEBUG    | utils.geo_utils:haversine_distance:20 - Haversine: (31.330396, 73.0696448) → (31.3691526, 73.0514611) = 4642.6 m
2026-03-26 22:14:06.618 | DEBUG    | utils.geo_utils:haversine_distance:20 - Haversine: (31.330396, 73.0696448) → (31.3787188, 73.157798) = 9946.9 m
2026-03-26 22:14:06.618 | DEBUG    | utils.geo_utils:haversine_distance:20 - Haversine: (31.330396, 73.0696448) → (31.4457694, 73.1408101) = 14498.8 m
2026-03-26 22:14:06.619 | DEBUG    | utils.geo_utils:haversine_distance:20 - Haversine: (31.330396, 73.0696448) → (31.5487412, 73.1501112) = 25450.7 m
2026-03-26 22:14:06.619 | DEBUG    | utils.geo_utils:haversine_distance:20 - Haversine: (31.330396, 73.0696448) → (31.3836456, 73.0640586) = 5944.8 m
2026-03-26 22:14:06.631 | DEBUG    | utils.geo_utils:haversine_distance:20 - Haversine: (31.330396, 73.0696448) → (31.4467219, 73.1271368) = 14038.9 m
2026-03-26 22:14:06.631 | DEBUG    | utils.geo_utils:haversine_distance:20 - Haversine: (31.3413852, 73.1852291) → (31.3691526, 73.0514611) = 13071.9 m
2026-03-26 22:14:06.631 | DEBUG    | utils.geo_utils:haversine_distance:20 - Haversine: (31.3413852, 73.1852291) → (31.3787188, 73.157798) = 4900.7 m
2026-03-26 22:14:06.632 | DEBUG    | utils.geo_utils:haversine_distance:20 - Haversine: (31.3413852, 73.1852291) → (31.4457694, 73.1408101) = 12349.0 m
2026-03-26 22:14:06.632 | DEBUG    | utils.geo_utils:haversine_distance:20 - Haversine: (31.3413852, 73.1852291) → (31.5487412, 73.1501112) = 23296.4 m
2026-03-26 22:14:06.632 | DEBUG    | utils.geo_utils:haversine_distance:20 - Haversine: (31.3413852, 73.1852291) → (31.3836456, 73.0640586) = 12427.6 m
2026-03-26 22:14:06.632 | DEBUG    | utils.geo_utils:haversine_distance:20 - Haversine: (31.3413852, 73.1852291) → (31.4467219, 73.1271368) = 12945.9 m
2026-03-26 22:14:06.632 | DEBUG    | utils.geo_utils:haversine_distance:20 - Haversine: (31.3413852, 73.1852291) → (31.330396, 73.0696448) = 11045.4 m
2026-03-26 22:14:06.633 | DEBUG    | utils.geo_utils:haversine_distance:20 - Haversine: (31.4000755, 73.0126538) → (31.3691526, 73.0514611) = 5039.2 m
2026-03-26 22:14:06.633 | DEBUG    | utils.geo_utils:haversine_distance:20 - Haversine: (31.4000755, 73.0126538) → (31.3787188, 73.157798) = 13980.4 m
2026-03-26 22:14:06.633 | DEBUG    | utils.geo_utils:haversine_distance:20 - Haversine: (31.4000755, 73.0126538) → (31.4457694, 73.1408101) = 13179.2 m
2026-03-26 22:14:06.633 | DEBUG    | utils.geo_utils:haversine_distance:20 - Haversine: (31.4000755, 73.0126538) → (31.5487412, 73.1501112) = 21052.4 m
2026-03-26 22:14:06.633 | DEBUG    | utils.geo_utils:haversine_distance:20 - Haversine: (31.4000755, 73.0126538) → (31.3836456, 73.0640586) = 5210.1 m
2026-03-26 22:14:06.633 | DEBUG    | utils.geo_utils:haversine_distance:20 - Haversine: (31.4000755, 73.0126538) → (31.4467219, 73.1271368) = 12037.7 m
2026-03-26 22:14:06.634 | DEBUG    | utils.geo_utils:haversine_distance:20 - Haversine: (31.4000755, 73.0126538) → (31.330396, 73.0696448) = 9450.5 m
2026-03-26 22:14:06.634 | DEBUG    | utils.geo_utils:haversine_distance:20 - Haversine: (31.4000755, 73.0126538) → (31.3413852, 73.1852291) = 17636.2 m
2026-03-26 22:14:06.634 | DEBUG    | utils.geo_utils:haversine_distance:20 - Haversine: (31.527645, 73.0552285) → (31.3691526, 73.0514611) = 17627.2 m
2026-03-26 22:14:06.634 | DEBUG    | utils.geo_utils:haversine_distance:20 - Haversine: (31.527645, 73.0552285) → (31.3787188, 73.157798) = 19206.5 m
2026-03-26 22:14:06.634 | DEBUG    | utils.geo_utils:haversine_distance:20 - Haversine: (31.527645, 73.0552285) → (31.4457694, 73.1408101) = 12195.9 m
2026-03-26 22:14:06.635 | DEBUG    | utils.geo_utils:haversine_distance:20 - Haversine: (31.527645, 73.0552285) → (31.5487412, 73.1501112) = 9293.0 m
2026-03-26 22:14:06.641 | DEBUG    | utils.geo_utils:haversine_distance:20 - Haversine: (31.527645, 73.0552285) → (31.3836456, 73.0640586) = 16033.9 m
2026-03-26 22:14:06.641 | DEBUG    | utils.geo_utils:haversine_distance:20 - Haversine: (31.527645, 73.0552285) → (31.4467219, 73.1271368) = 11289.8 m
2026-03-26 22:14:06.641 | DEBUG    | utils.geo_utils:haversine_distance:20 - Haversine: (31.527645, 73.0552285) → (31.330396, 73.0696448) = 21975.7 m
2026-03-26 22:14:06.641 | DEBUG    | utils.geo_utils:haversine_distance:20 - Haversine: (31.527645, 73.0552285) → (31.3413852, 73.1852291) = 24105.5 m
2026-03-26 22:14:06.646 | DEBUG    | utils.geo_utils:haversine_distance:20 - Haversine: (31.527645, 73.0552285) → (31.4000755, 73.0126538) = 14748.6 m
2026-03-26 22:14:06.646 | DEBUG    | utils.geo_utils:haversine_distance:20 - Haversine: (31.3281703, 73.1302408) → (31.3691526, 73.0514611) = 8759.8 m
2026-03-26 22:14:06.646 | DEBUG    | utils.geo_utils:haversine_distance:20 - Haversine: (31.3281703, 73.1302408) → (31.3787188, 73.157798) = 6200.0 m
2026-03-26 22:14:06.647 | DEBUG    | utils.geo_utils:haversine_distance:20 - Haversine: (31.3281703, 73.1302408) → (31.4457694, 73.1408101) = 13114.9 m
2026-03-26 22:14:06.647 | DEBUG    | utils.geo_utils:haversine_distance:20 - Haversine: (31.3281703, 73.1302408) → (31.5487412, 73.1501112) = 24598.7 m
2026-03-26 22:14:06.647 | DEBUG    | utils.geo_utils:haversine_distance:20 - Haversine: (31.3281703, 73.1302408) → (31.3836456, 73.0640586) = 8805.9 m
2026-03-26 22:14:06.647 | DEBUG    | utils.geo_utils:haversine_distance:20 - Haversine: (31.3281703, 73.1302408) → (31.4467219, 73.1271368) = 13185.6 m
2026-03-26 22:14:06.647 | DEBUG    | utils.geo_utils:haversine_distance:20 - Haversine: (31.3281703, 73.1302408) → (31.330396, 73.0696448) = 5760.8 m
2026-03-26 22:14:06.647 | DEBUG    | utils.geo_utils:haversine_distance:20 - Haversine: (31.3281703, 73.1302408) → (31.3413852, 73.1852291) = 5425.4 m
2026-03-26 22:14:06.647 | DEBUG    | utils.geo_utils:haversine_distance:20 - Haversine: (31.3281703, 73.1302408) → (31.4000755, 73.0126538) = 13732.2 m
2026-03-26 22:14:06.648 | DEBUG    | utils.geo_utils:haversine_distance:20 - Haversine: (31.3281703, 73.1302408) → (31.527645, 73.0552285) = 23294.5 m
2026-03-26 22:14:06.648 | DEBUG    | utils.geo_utils:haversine_distance:20 - Haversine: (31.3434454, 73.1825193) → (31.3691526, 73.0514611) = 12768.7 m
2026-03-26 22:14:06.648 | DEBUG    | utils.geo_utils:haversine_distance:20 - Haversine: (31.3434454, 73.1825193) → (31.3787188, 73.157798) = 4570.9 m
2026-03-26 22:14:06.648 | DEBUG    | utils.geo_utils:haversine_distance:20 - Haversine: (31.3434454, 73.1825193) → (31.4457694, 73.1408101) = 12047.0 m
2026-03-26 22:14:06.648 | DEBUG    | utils.geo_utils:haversine_distance:20 - Haversine: (31.3434454, 73.1825193) → (31.5487412, 73.1501112) = 23033.9 m
2026-03-26 22:14:06.648 | DEBUG    | utils.geo_utils:haversine_distance:20 - Haversine: (31.3434454, 73.1825193) → (31.3836456, 73.0640586) = 12103.2 m
2026-03-26 22:14:06.648 | DEBUG    | utils.geo_utils:haversine_distance:20 - Haversine: (31.3434454, 73.1825193) → (31.4467219, 73.1271368) = 12629.8 m
2026-03-26 22:14:06.648 | DEBUG    | utils.geo_utils:haversine_distance:20 - Haversine: (31.3434454, 73.1825193) → (31.330396, 73.0696448) = 10817.9 m
2026-03-26 22:14:06.648 | DEBUG    | utils.geo_utils:haversine_distance:20 - Haversine: (31.3434454, 73.1825193) → (31.3413852, 73.1852291) = 344.5 m
2026-03-26 22:14:06.648 | DEBUG    | utils.geo_utils:haversine_distance:20 - Haversine: (31.4192659, 73.0416323) → (31.3691526, 73.0514611) = 5649.9 m
2026-03-26 22:14:06.648 | DEBUG    | utils.geo_utils:haversine_distance:20 - Haversine: (31.4192659, 73.0416323) → (31.3787188, 73.157798) = 11911.7 m
2026-03-26 22:14:06.648 | DEBUG    | utils.geo_utils:haversine_distance:20 - Haversine: (31.4192659, 73.0416323) → (31.4457694, 73.1408101) = 9860.5 m
2026-03-26 22:14:06.649 | DEBUG    | utils.geo_utils:haversine_distance:20 - Haversine: (31.4192659, 73.0416323) → (31.5487412, 73.1501112) = 17694.3 m
2026-03-26 22:14:06.649 | DEBUG    | utils.geo_utils:haversine_distance:20 - Haversine: (31.4192659, 73.0416323) → (31.3836456, 73.0640586) = 4496.5 m
2026-03-26 22:14:06.649 | DEBUG    | utils.geo_utils:haversine_distance:20 - Haversine: (31.4192659, 73.0416323) → (31.4467219, 73.1271368) = 8667.9 m
2026-03-26 22:14:06.649 | DEBUG    | utils.geo_utils:haversine_distance:20 - Haversine: (31.4192659, 73.0416323) → (31.330396, 73.0696448) = 10233.5 m
2026-03-26 22:14:06.649 | DEBUG    | utils.geo_utils:haversine_distance:20 - Haversine: (31.4192659, 73.0416323) → (31.3413852, 73.1852291) = 16149.9 m
2026-03-26 22:14:06.649 | DEBUG    | utils.geo_utils:haversine_distance:20 - Haversine: (31.4192659, 73.0416323) → (31.4000755, 73.0126538) = 3480.9 m
2026-03-26 22:14:06.649 | DEBUG    | utils.geo_utils:haversine_distance:20 - Haversine: (31.4192659, 73.0416323) → (31.527645, 73.0552285) = 12120.0 m
2026-03-26 22:14:06.649 | DEBUG    | utils.geo_utils:haversine_distance:20 - Haversine: (31.4192659, 73.0416323) → (31.3281703, 73.1302408) = 13167.0 m
2026-03-26 22:14:06.649 | DEBUG    | utils.geo_utils:haversine_distance:20 - Haversine: (31.5101284, 73.1503952) → (31.3691526, 73.0514611) = 18270.9 m
2026-03-26 22:14:06.649 | DEBUG    | utils.geo_utils:haversine_distance:20 - Haversine: (31.5101284, 73.1503952) → (31.3787188, 73.157798) = 14628.9 m
2026-03-26 22:14:06.649 | DEBUG    | utils.geo_utils:haversine_distance:20 - Haversine: (31.5101284, 73.1503952) → (31.4457694, 73.1408101) = 7213.9 m
2026-03-26 22:14:06.649 | DEBUG    | utils.geo_utils:haversine_distance:20 - Haversine: (31.5101284, 73.1503952) → (31.5487412, 73.1501112) = 4293.6 m
2026-03-26 22:14:06.649 | DEBUG    | utils.geo_utils:haversine_distance:20 - Haversine: (31.5101284, 73.1503952) → (31.3836456, 73.0640586) = 16275.2 m
2026-03-26 22:14:06.649 | DEBUG    | utils.geo_utils:haversine_distance:20 - Haversine: (31.5101284, 73.1503952) → (31.4467219, 73.1271368) = 7387.4 m
2026-03-26 22:14:06.650 | DEBUG    | utils.geo_utils:haversine_distance:20 - Haversine: (31.5101284, 73.1503952) → (31.330396, 73.0696448) = 21403.9 m
2026-03-26 22:14:06.650 | DEBUG    | utils.geo_utils:haversine_distance:20 - Haversine: (31.5101284, 73.1503952) → (31.3413852, 73.1852291) = 19052.3 m
2026-03-26 22:14:06.650 | DEBUG    | utils.geo_utils:haversine_distance:20 - Haversine: (31.5101284, 73.1503952) → (31.4000755, 73.0126538) = 17901.3 m
2026-03-26 22:14:06.650 | DEBUG    | utils.geo_utils:haversine_distance:20 - Haversine: (31.5101284, 73.1503952) → (31.527645, 73.0552285) = 9228.7 m
2026-03-26 22:14:06.650 | DEBUG    | utils.geo_utils:haversine_distance:20 - Haversine: (31.5101284, 73.1503952) → (31.3281703, 73.1302408) = 20323.0 m
2026-03-26 22:14:06.651 | DEBUG    | utils.geo_utils:haversine_distance:20 - Haversine: (31.5101284, 73.1503952) → (31.4192659, 73.0416323) = 14439.2 m
2026-03-26 22:14:06.651 | DEBUG    | utils.geo_utils:haversine_distance:20 - Haversine: (31.4641337, 73.1683411) → (31.3691526, 73.0514611) = 15315.3 m
2026-03-26 22:14:06.651 | DEBUG    | utils.geo_utils:haversine_distance:20 - Haversine: (31.4641337, 73.1683411) → (31.3787188, 73.157798) = 9550.2 m
2026-03-26 22:14:06.651 | DEBUG    | utils.geo_utils:haversine_distance:20 - Haversine: (31.4641337, 73.1683411) → (31.4457694, 73.1408101) = 3315.0 m
2026-03-26 22:14:06.651 | DEBUG    | utils.geo_utils:haversine_distance:20 - Haversine: (31.4641337, 73.1683411) → (31.5487412, 73.1501112) = 9565.3 m
2026-03-26 22:14:06.651 | DEBUG    | utils.geo_utils:haversine_distance:20 - Haversine: (31.4641337, 73.1683411) → (31.3836456, 73.0640586) = 13342.1 m
2026-03-26 22:14:06.651 | DEBUG    | utils.geo_utils:haversine_distance:20 - Haversine: (31.4641337, 73.1683411) → (31.4467219, 73.1271368) = 4361.7 m
2026-03-26 22:14:06.651 | DEBUG    | utils.geo_utils:haversine_distance:20 - Haversine: (31.4641337, 73.1683411) → (31.330396, 73.0696448) = 17575.5 m
2026-03-26 22:14:06.651 | DEBUG    | utils.geo_utils:haversine_distance:20 - Haversine: (31.4641337, 73.1683411) → (31.3413852, 73.1852291) = 13742.8 m
2026-03-26 22:14:06.651 | DEBUG    | utils.geo_utils:haversine_distance:20 - Haversine: (31.4641337, 73.1683411) → (31.4000755, 73.0126538) = 16399.0 m
2026-03-26 22:14:06.651 | DEBUG    | utils.geo_utils:haversine_distance:20 - Haversine: (31.4641337, 73.1683411) → (31.527645, 73.0552285) = 12841.0 m
2026-03-26 22:14:06.651 | DEBUG    | utils.geo_utils:haversine_distance:20 - Haversine: (31.4641337, 73.1683411) → (31.3281703, 73.1302408) = 15544.9 m
2026-03-26 22:14:06.652 | DEBUG    | utils.geo_utils:haversine_distance:20 - Haversine: (31.4641337, 73.1683411) → (31.4192659, 73.0416323) = 13014.9 m
2026-03-26 22:14:06.652 | DEBUG    | utils.geo_utils:haversine_distance:20 - Haversine: (31.4641337, 73.1683411) → (31.5101284, 73.1503952) = 5390.0 m
2026-03-26 22:14:06.652 | DEBUG    | utils.geo_utils:haversine_distance:20 - Haversine: (31.3446991, 73.0585627) → (31.3691526, 73.0514611) = 2801.5 m
2026-03-26 22:14:06.652 | DEBUG    | utils.geo_utils:haversine_distance:20 - Haversine: (31.3446991, 73.0585627) → (31.3787188, 73.157798) = 10153.3 m
2026-03-26 22:14:06.652 | DEBUG    | utils.geo_utils:haversine_distance:20 - Haversine: (31.3446991, 73.0585627) → (31.4457694, 73.1408101) = 13683.8 m
2026-03-26 22:14:06.652 | DEBUG    | utils.geo_utils:haversine_distance:20 - Haversine: (31.3446991, 73.0585627) → (31.5487412, 73.1501112) = 24293.8 m
2026-03-26 22:14:06.652 | DEBUG    | utils.geo_utils:haversine_distance:20 - Haversine: (31.3446991, 73.0585627) → (31.3836456, 73.0640586) = 4362.0 m
2026-03-26 22:14:06.652 | DEBUG    | utils.geo_utils:haversine_distance:20 - Haversine: (31.3446991, 73.0585627) → (31.4467219, 73.1271368) = 13079.0 m
2026-03-26 22:14:06.652 | DEBUG    | utils.geo_utils:haversine_distance:20 - Haversine: (31.3446991, 73.0585627) → (31.330396, 73.0696448) = 1907.2 m
2026-03-26 22:14:06.656 | DEBUG    | utils.geo_utils:haversine_distance:20 - Haversine: (31.3446991, 73.0585627) → (31.3413852, 73.1852291) = 12034.9 m
2026-03-26 22:14:06.656 | DEBUG    | utils.geo_utils:haversine_distance:20 - Haversine: (31.3446991, 73.0585627) → (31.4000755, 73.0126538) = 7544.0 m
2026-03-26 22:14:06.656 | DEBUG    | utils.geo_utils:haversine_distance:20 - Haversine: (31.3446991, 73.0585627) → (31.527645, 73.0552285) = 20345.1 m
2026-03-26 22:14:06.656 | DEBUG    | utils.geo_utils:haversine_distance:20 - Haversine: (31.3446991, 73.0585627) → (31.3281703, 73.1302408) = 7051.3 m
2026-03-26 22:14:06.656 | DEBUG    | utils.geo_utils:haversine_distance:20 - Haversine: (31.3446991, 73.0585627) → (31.4192659, 73.0416323) = 8445.8 m
2026-03-26 22:14:06.656 | DEBUG    | utils.geo_utils:haversine_distance:20 - Haversine: (31.3446991, 73.0585627) → (31.5101284, 73.1503952) = 20354.2 m
2026-03-26 22:14:06.656 | DEBUG    | utils.geo_utils:haversine_distance:20 - Haversine: (31.3446991, 73.0585627) → (31.4641337, 73.1683411) = 16879.6 m
2026-03-26 22:14:06.656 | DEBUG    | utils.geo_utils:haversine_distance:20 - Haversine: (31.5431453, 73.1283131) → (31.3691526, 73.0514611) = 20674.9 m
2026-03-26 22:14:06.660 | DEBUG    | utils.geo_utils:haversine_distance:20 - Haversine: (31.5431453, 73.1283131) → (31.3787188, 73.157798) = 18496.0 m
2026-03-26 22:14:06.660 | DEBUG    | utils.geo_utils:haversine_distance:20 - Haversine: (31.5431453, 73.1283131) → (31.4457694, 73.1408101) = 10892.3 m
2026-03-26 22:14:06.661 | DEBUG    | utils.geo_utils:haversine_distance:20 - Haversine: (31.5431453, 73.1283131) → (31.5487412, 73.1501112) = 2157.3 m
2026-03-26 22:14:06.661 | DEBUG    | utils.geo_utils:haversine_distance:20 - Haversine: (31.5431453, 73.1283131) → (31.3836456, 73.0640586) = 18753.4 m
2026-03-26 22:14:06.661 | DEBUG    | utils.geo_utils:haversine_distance:20 - Haversine: (31.5431453, 73.1283131) → (31.4467219, 73.1271368) = 10722.4 m
2026-03-26 22:14:06.662 | DEBUG    | utils.geo_utils:haversine_distance:20 - Haversine: (31.5431453, 73.1283131) → (31.330396, 73.0696448) = 24302.6 m
2026-03-26 22:14:06.662 | DEBUG    | utils.geo_utils:haversine_distance:20 - Haversine: (31.5431453, 73.1283131) → (31.3413852, 73.1852291) = 23075.3 m
2026-03-26 22:14:06.662 | DEBUG    | utils.geo_utils:haversine_distance:20 - Haversine: (31.5431453, 73.1283131) → (31.4000755, 73.0126538) = 19323.6 m
2026-03-26 22:14:06.662 | DEBUG    | utils.geo_utils:haversine_distance:20 - Haversine: (31.5431453, 73.1283131) → (31.527645, 73.0552285) = 7137.7 m
2026-03-26 22:14:06.662 | DEBUG    | utils.geo_utils:haversine_distance:20 - Haversine: (31.5431453, 73.1283131) → (31.3281703, 73.1302408) = 23904.8 m
2026-03-26 22:14:06.662 | DEBUG    | utils.geo_utils:haversine_distance:20 - Haversine: (31.5431453, 73.1283131) → (31.4192659, 73.0416323) = 16040.9 m
2026-03-26 22:14:06.662 | DEBUG    | utils.geo_utils:haversine_distance:20 - Haversine: (31.5431453, 73.1283131) → (31.5101284, 73.1503952) = 4226.0 m
2026-03-26 22:14:06.662 | DEBUG    | utils.geo_utils:haversine_distance:20 - Haversine: (31.5431453, 73.1283131) → (31.4641337, 73.1683411) = 9570.2 m
2026-03-26 22:14:06.662 | DEBUG    | utils.geo_utils:haversine_distance:20 - Haversine: (31.5431453, 73.1283131) → (31.3446991, 73.0585627) = 23037.0 m
2026-03-26 22:14:06.662 | DEBUG    | utils.geo_utils:haversine_distance:20 - Haversine: (31.398463, 73.0263855) → (31.3691526, 73.0514611) = 4035.9 m
2026-03-26 22:14:06.662 | DEBUG    | utils.geo_utils:haversine_distance:20 - Haversine: (31.398463, 73.0263855) → (31.3787188, 73.157798) = 12665.7 m
2026-03-26 22:14:06.663 | DEBUG    | utils.geo_utils:haversine_distance:20 - Haversine: (31.398463, 73.0263855) → (31.4457694, 73.1408101) = 12064.7 m
2026-03-26 22:14:06.663 | DEBUG    | utils.geo_utils:haversine_distance:20 - Haversine: (31.398463, 73.0263855) → (31.5487412, 73.1501112) = 20418.3 m
2026-03-26 22:14:06.663 | DEBUG    | utils.geo_utils:haversine_distance:20 - Haversine: (31.398463, 73.0263855) → (31.3836456, 73.0640586) = 3937.2 m
2026-03-26 22:14:06.663 | DEBUG    | utils.geo_utils:haversine_distance:20 - Haversine: (31.398463, 73.0263855) → (31.4467219, 73.1271368) = 10963.1 m
2026-03-26 22:14:06.663 | DEBUG    | utils.geo_utils:haversine_distance:20 - Haversine: (31.398463, 73.0263855) → (31.330396, 73.0696448) = 8611.4 m
2026-03-26 22:14:06.663 | DEBUG    | utils.geo_utils:haversine_distance:20 - Haversine: (31.398463, 73.0263855) → (31.3413852, 73.1852291) = 16361.9 m
2026-03-26 22:14:06.663 | DEBUG    | utils.geo_utils:haversine_distance:20 - Haversine: (31.398463, 73.0263855) → (31.4000755, 73.0126538) = 1315.6 m
2026-03-26 22:14:06.663 | DEBUG    | utils.geo_utils:haversine_distance:20 - Haversine: (31.398463, 73.0263855) → (31.527645, 73.0552285) = 14622.6 m
2026-03-26 22:14:06.663 | DEBUG    | utils.geo_utils:haversine_distance:20 - Haversine: (31.398463, 73.0263855) → (31.3281703, 73.1302408) = 12582.9 m
2026-03-26 22:14:06.663 | DEBUG    | utils.geo_utils:haversine_distance:20 - Haversine: (31.398463, 73.0263855) → (31.4192659, 73.0416323) = 2728.4 m
2026-03-26 22:14:06.663 | DEBUG    | utils.geo_utils:haversine_distance:20 - Haversine: (31.398463, 73.0263855) → (31.5101284, 73.1503952) = 17103.8 m
2026-03-26 22:14:06.663 | DEBUG    | utils.geo_utils:haversine_distance:20 - Haversine: (31.398463, 73.0263855) → (31.4641337, 73.1683411) = 15320.8 m
2026-03-26 22:14:06.663 | DEBUG    | utils.geo_utils:haversine_distance:20 - Haversine: (31.398463, 73.0263855) → (31.3446991, 73.0585627) = 6713.6 m
2026-03-26 22:14:06.663 | DEBUG    | utils.geo_utils:haversine_distance:20 - Haversine: (31.398463, 73.0263855) → (31.5431453, 73.1283131) = 18768.8 m
2026-03-26 22:14:06.663 | DEBUG    | utils.geo_utils:haversine_distance:20 - Haversine: (31.3190478, 73.1756414) → (31.3691526, 73.0514611) = 13042.9 m
2026-03-26 22:14:06.663 | DEBUG    | utils.geo_utils:haversine_distance:20 - Haversine: (31.3190478, 73.1756414) → (31.3787188, 73.157798) = 6848.1 m
2026-03-26 22:14:06.664 | DEBUG    | utils.geo_utils:haversine_distance:20 - Haversine: (31.3190478, 73.1756414) → (31.4457694, 73.1408101) = 14473.5 m
2026-03-26 22:14:06.664 | DEBUG    | utils.geo_utils:haversine_distance:20 - Haversine: (31.3190478, 73.1756414) → (31.5487412, 73.1501112) = 25655.3 m
2026-03-26 22:14:06.664 | DEBUG    | utils.geo_utils:haversine_distance:20 - Haversine: (31.3190478, 73.1756414) → (31.3836456, 73.0640586) = 12801.1 m
2026-03-26 22:14:06.664 | DEBUG    | utils.geo_utils:haversine_distance:20 - Haversine: (31.3190478, 73.1756414) → (31.4467219, 73.1271368) = 14924.7 m
2026-03-26 22:14:06.664 | DEBUG    | utils.geo_utils:haversine_distance:20 - Haversine: (31.3190478, 73.1756414) → (31.330396, 73.0696448) = 10147.0 m
2026-03-26 22:14:06.664 | DEBUG    | utils.geo_utils:haversine_distance:20 - Haversine: (31.3190478, 73.1756414) → (31.3413852, 73.1852291) = 2645.5 m
2026-03-26 22:14:06.664 | DEBUG    | utils.geo_utils:haversine_distance:20 - Haversine: (31.3190478, 73.1756414) → (31.4000755, 73.0126538) = 17907.6 m
2026-03-26 22:14:06.664 | DEBUG    | utils.geo_utils:haversine_distance:20 - Haversine: (31.3190478, 73.1756414) → (31.527645, 73.0552285) = 25856.3 m
2026-03-26 22:14:06.664 | DEBUG    | utils.geo_utils:haversine_distance:20 - Haversine: (31.3190478, 73.1756414) → (31.3281703, 73.1302408) = 4430.2 m
2026-03-26 22:14:06.664 | DEBUG    | utils.geo_utils:haversine_distance:20 - Haversine: (31.3190478, 73.1756414) → (31.4192659, 73.0416323) = 16913.3 m
2026-03-26 22:14:06.664 | DEBUG    | utils.geo_utils:haversine_distance:20 - Haversine: (31.3190478, 73.1756414) → (31.5101284, 73.1503952) = 21381.8 m
2026-03-26 22:14:06.664 | DEBUG    | utils.geo_utils:haversine_distance:20 - Haversine: (31.3190478, 73.1756414) → (31.4641337, 73.1683411) = 16147.7 m
2026-03-26 22:14:06.664 | DEBUG    | utils.geo_utils:haversine_distance:20 - Haversine: (31.3190478, 73.1756414) → (31.3446991, 73.0585627) = 11480.0 m
2026-03-26 22:14:06.664 | DEBUG    | utils.geo_utils:haversine_distance:20 - Haversine: (31.3190478, 73.1756414) → (31.5431453, 73.1283131) = 25319.9 m
2026-03-26 22:14:06.665 | DEBUG    | utils.geo_utils:haversine_distance:20 - Haversine: (31.3190478, 73.1756414) → (31.398463, 73.0263855) = 16698.2 m
2026-03-26 22:14:06.665 | DEBUG    | utils.geo_utils:haversine_distance:20 - Haversine: (31.3557607, 73.1450675) → (31.3691526, 73.0514611) = 9011.7 m
2026-03-26 22:14:06.665 | DEBUG    | utils.geo_utils:haversine_distance:20 - Haversine: (31.3557607, 73.1450675) → (31.3787188, 73.157798) = 2824.5 m
2026-03-26 22:14:06.665 | DEBUG    | utils.geo_utils:haversine_distance:20 - Haversine: (31.3557607, 73.1450675) → (31.4457694, 73.1408101) = 10016.7 m
2026-03-26 22:14:06.665 | DEBUG    | utils.geo_utils:haversine_distance:20 - Haversine: (31.3557607, 73.1450675) → (31.5487412, 73.1501112) = 21463.8 m
2026-03-26 22:14:06.665 | DEBUG    | utils.geo_utils:haversine_distance:20 - Haversine: (31.3557607, 73.1450675) → (31.3836456, 73.0640586) = 8292.6 m
2026-03-26 22:14:06.666 | DEBUG    | utils.geo_utils:haversine_distance:20 - Haversine: (31.3557607, 73.1450675) → (31.4467219, 73.1271368) = 10256.6 m
2026-03-26 22:14:06.666 | DEBUG    | utils.geo_utils:haversine_distance:20 - Haversine: (31.3557607, 73.1450675) → (31.330396, 73.0696448) = 7698.0 m
2026-03-26 22:14:06.666 | DEBUG    | utils.geo_utils:haversine_distance:20 - Haversine: (31.3557607, 73.1450675) → (31.3413852, 73.1852291) = 4135.3 m
2026-03-26 22:14:06.666 | DEBUG    | utils.geo_utils:haversine_distance:20 - Haversine: (31.3557607, 73.1450675) → (31.4000755, 73.0126538) = 13501.7 m
2026-03-26 22:14:06.666 | DEBUG    | utils.geo_utils:haversine_distance:20 - Haversine: (31.3557607, 73.1450675) → (31.527645, 73.0552285) = 20926.9 m
2026-03-26 22:14:06.666 | DEBUG    | utils.geo_utils:haversine_distance:20 - Haversine: (31.3557607, 73.1450675) → (31.3281703, 73.1302408) = 3375.6 m
2026-03-26 22:14:06.666 | DEBUG    | utils.geo_utils:haversine_distance:20 - Haversine: (31.3557607, 73.1450675) → (31.4192659, 73.0416323) = 12094.0 m
2026-03-26 22:14:06.666 | DEBUG    | utils.geo_utils:haversine_distance:20 - Haversine: (31.3557607, 73.1450675) → (31.5101284, 73.1503952) = 17172.3 m
2026-03-26 22:14:06.666 | DEBUG    | utils.geo_utils:haversine_distance:20 - Haversine: (31.3557607, 73.1450675) → (31.4641337, 73.1683411) = 12251.3 m
2026-03-26 22:14:06.666 | DEBUG    | utils.geo_utils:haversine_distance:20 - Haversine: (31.3557607, 73.1450675) → (31.3446991, 73.0585627) = 8306.1 m
2026-03-26 22:14:06.666 | DEBUG    | utils.geo_utils:haversine_distance:20 - Haversine: (31.3557607, 73.1450675) → (31.5431453, 73.1283131) = 20896.7 m
2026-03-26 22:14:06.666 | DEBUG    | utils.geo_utils:haversine_distance:20 - Haversine: (31.3557607, 73.1450675) → (31.398463, 73.0263855) = 12226.6 m
2026-03-26 22:14:06.667 | DEBUG    | utils.geo_utils:haversine_distance:20 - Haversine: (31.3557607, 73.1450675) → (31.3190478, 73.1756414) = 5009.7 m
2026-03-26 22:14:06.667 | DEBUG    | utils.geo_utils:haversine_distance:20 - Haversine: (31.4601458, 73.0666137) → (31.3691526, 73.0514611) = 10219.6 m
2026-03-26 22:14:06.667 | DEBUG    | utils.geo_utils:haversine_distance:20 - Haversine: (31.4601458, 73.0666137) → (31.3787188, 73.157798) = 12523.8 m
2026-03-26 22:14:06.667 | DEBUG    | utils.geo_utils:haversine_distance:20 - Haversine: (31.4601458, 73.0666137) → (31.4457694, 73.1408101) = 7217.3 m
2026-03-26 22:14:06.667 | DEBUG    | utils.geo_utils:haversine_distance:20 - Haversine: (31.4601458, 73.0666137) → (31.5487412, 73.1501112) = 12637.7 m
2026-03-26 22:14:06.667 | DEBUG    | utils.geo_utils:haversine_distance:20 - Haversine: (31.4601458, 73.0666137) → (31.3836456, 73.0640586) = 8509.9 m
2026-03-26 22:14:06.667 | DEBUG    | utils.geo_utils:haversine_distance:20 - Haversine: (31.4601458, 73.0666137) → (31.4467219, 73.1271368) = 5931.9 m
2026-03-26 22:14:06.668 | DEBUG    | utils.geo_utils:haversine_distance:20 - Haversine: (31.4601458, 73.0666137) → (31.330396, 73.0696448) = 14430.4 m
2026-03-26 22:14:06.668 | DEBUG    | utils.geo_utils:haversine_distance:20 - Haversine: (31.4601458, 73.0666137) → (31.3413852, 73.1852291) = 17352.9 m
2026-03-26 22:14:06.668 | DEBUG    | utils.geo_utils:haversine_distance:20 - Haversine: (31.4601458, 73.0666137) → (31.4000755, 73.0126538) = 8415.9 m
2026-03-26 22:14:06.668 | DEBUG    | utils.geo_utils:haversine_distance:20 - Haversine: (31.4601458, 73.0666137) → (31.527645, 73.0552285) = 7582.8 m
2026-03-26 22:14:06.668 | DEBUG    | utils.geo_utils:haversine_distance:20 - Haversine: (31.4601458, 73.0666137) → (31.3281703, 73.1302408) = 15869.1 m
2026-03-26 22:14:06.668 | DEBUG    | utils.geo_utils:haversine_distance:20 - Haversine: (31.4601458, 73.0666137) → (31.4192659, 73.0416323) = 5126.4 m
2026-03-26 22:14:06.668 | DEBUG    | utils.geo_utils:haversine_distance:20 - Haversine: (31.4601458, 73.0666137) → (31.5101284, 73.1503952) = 9695.6 m
2026-03-26 22:14:06.668 | DEBUG    | utils.geo_utils:haversine_distance:20 - Haversine: (31.4601458, 73.0666137) → (31.4641337, 73.1683411) = 9658.8 m
2026-03-26 22:14:06.669 | DEBUG    | utils.geo_utils:haversine_distance:20 - Haversine: (31.4601458, 73.0666137) → (31.3446991, 73.0585627) = 12859.8 m
2026-03-26 22:14:06.669 | DEBUG    | utils.geo_utils:haversine_distance:20 - Haversine: (31.4601458, 73.0666137) → (31.5431453, 73.1283131) = 10926.8 m
2026-03-26 22:14:06.669 | DEBUG    | utils.geo_utils:haversine_distance:20 - Haversine: (31.4601458, 73.0666137) → (31.398463, 73.0263855) = 7849.3 m
2026-03-26 22:14:06.676 | DEBUG    | utils.geo_utils:haversine_distance:20 - Haversine: (31.4601458, 73.0666137) → (31.3190478, 73.1756414) = 18795.2 m
2026-03-26 22:14:06.677 | DEBUG    | utils.geo_utils:haversine_distance:20 - Haversine: (31.4601458, 73.0666137) → (31.3557607, 73.1450675) = 13789.8 m
2026-03-26 22:14:06.677 | DEBUG    | utils.geo_utils:haversine_distance:20 - Haversine: (31.5426468, 73.1258022) → (31.3691526, 73.0514611) = 20540.0 m
2026-03-26 22:14:06.677 | DEBUG    | utils.geo_utils:haversine_distance:20 - Haversine: (31.5426468, 73.1258022) → (31.3787188, 73.157798) = 18478.9 m
2026-03-26 22:14:06.677 | DEBUG    | utils.geo_utils:haversine_distance:20 - Haversine: (31.5426468, 73.1258022) → (31.4457694, 73.1408101) = 10865.9 m
2026-03-26 22:14:06.677 | DEBUG    | utils.geo_utils:haversine_distance:20 - Haversine: (31.5426468, 73.1258022) → (31.5487412, 73.1501112) = 2401.2 m
2026-03-26 22:14:06.677 | DEBUG    | utils.geo_utils:haversine_distance:20 - Haversine: (31.5426468, 73.1258022) → (31.3836456, 73.0640586) = 18624.8 m
2026-03-26 22:14:06.677 | DEBUG    | utils.geo_utils:haversine_distance:20 - Haversine: (31.5426468, 73.1258022) → (31.4467219, 73.1271368) = 10667.1 m
2026-03-26 22:14:06.677 | DEBUG    | utils.geo_utils:haversine_distance:20 - Haversine: (31.5426468, 73.1258022) → (31.330396, 73.0696448) = 24195.1 m
2026-03-26 22:14:06.678 | DEBUG    | utils.geo_utils:haversine_distance:20 - Haversine: (31.5426468, 73.1258022) → (31.3413852, 73.1852291) = 23078.5 m
2026-03-26 22:14:06.678 | DEBUG    | utils.geo_utils:haversine_distance:20 - Haversine: (31.5426468, 73.1258022) → (31.4000755, 73.0126538) = 19143.5 m
2026-03-26 22:14:06.678 | DEBUG    | utils.geo_utils:haversine_distance:20 - Haversine: (31.5426468, 73.1258022) → (31.527645, 73.0552285) = 6893.4 m
2026-03-26 22:14:06.678 | DEBUG    | utils.geo_utils:haversine_distance:20 - Haversine: (31.5426468, 73.1258022) → (31.3281703, 73.1302408) = 23852.4 m
2026-03-26 22:14:06.678 | DEBUG    | utils.geo_utils:haversine_distance:20 - Haversine: (31.5426468, 73.1258022) → (31.4192659, 73.0416323) = 15872.2 m
2026-03-26 22:14:06.678 | DEBUG    | utils.geo_utils:haversine_distance:20 - Haversine: (31.5426468, 73.1258022) → (31.5101284, 73.1503952) = 4302.1 m
2026-03-26 22:14:06.678 | DEBUG    | utils.geo_utils:haversine_distance:20 - Haversine: (31.5426468, 73.1258022) → (31.4641337, 73.1683411) = 9616.8 m
2026-03-26 22:14:06.678 | DEBUG    | utils.geo_utils:haversine_distance:20 - Haversine: (31.5426468, 73.1258022) → (31.3446991, 73.0585627) = 22916.4 m
2026-03-26 22:14:06.678 | DEBUG    | utils.geo_utils:haversine_distance:20 - Haversine: (31.5426468, 73.1258022) → (31.5431453, 73.1283131) = 244.3 m
2026-03-26 22:14:06.678 | DEBUG    | utils.geo_utils:haversine_distance:20 - Haversine: (31.4743292, 73.1046958) → (31.3691526, 73.0514611) = 12739.4 m
2026-03-26 22:14:06.679 | DEBUG    | utils.geo_utils:haversine_distance:20 - Haversine: (31.4743292, 73.1046958) → (31.3787188, 73.157798) = 11764.9 m
2026-03-26 22:14:06.679 | DEBUG    | utils.geo_utils:haversine_distance:20 - Haversine: (31.4743292, 73.1046958) → (31.4457694, 73.1408101) = 4671.0 m
2026-03-26 22:14:06.679 | DEBUG    | utils.geo_utils:haversine_distance:20 - Haversine: (31.4743292, 73.1046958) → (31.5487412, 73.1501112) = 9327.3 m
2026-03-26 22:14:06.679 | DEBUG    | utils.geo_utils:haversine_distance:20 - Haversine: (31.4743292, 73.1046958) → (31.3836456, 73.0640586) = 10795.6 m
2026-03-26 22:14:06.679 | DEBUG    | utils.geo_utils:haversine_distance:20 - Haversine: (31.4743292, 73.1046958) → (31.4467219, 73.1271368) = 3735.5 m
2026-03-26 22:14:06.679 | DEBUG    | utils.geo_utils:haversine_distance:20 - Haversine: (31.4743292, 73.1046958) → (31.330396, 73.0696448) = 16346.7 m
2026-03-26 22:14:06.679 | DEBUG    | utils.geo_utils:haversine_distance:20 - Haversine: (31.4743292, 73.1046958) → (31.3413852, 73.1852291) = 16641.5 m
2026-03-26 22:14:06.679 | DEBUG    | utils.geo_utils:haversine_distance:20 - Haversine: (31.4743292, 73.1046958) → (31.4000755, 73.0126538) = 12017.7 m
2026-03-26 22:14:06.679 | DEBUG    | utils.geo_utils:haversine_distance:20 - Haversine: (31.4743292, 73.1046958) → (31.527645, 73.0552285) = 7559.2 m
2026-03-26 22:14:06.679 | DEBUG    | utils.geo_utils:haversine_distance:20 - Haversine: (31.4743292, 73.1046958) → (31.3281703, 73.1302408) = 16432.0 m
2026-03-26 22:14:06.680 | DEBUG    | utils.geo_utils:haversine_distance:20 - Haversine: (31.4743292, 73.1046958) → (31.4192659, 73.0416323) = 8560.2 m
2026-03-26 22:14:06.680 | DEBUG    | utils.geo_utils:haversine_distance:20 - Haversine: (31.4743292, 73.1046958) → (31.5101284, 73.1503952) = 5884.0 m
2026-03-26 22:14:06.680 | DEBUG    | utils.geo_utils:haversine_distance:20 - Haversine: (31.4743292, 73.1046958) → (31.4641337, 73.1683411) = 6141.7 m
2026-03-26 22:14:06.681 | DEBUG    | utils.geo_utils:haversine_distance:20 - Haversine: (31.4743292, 73.1046958) → (31.3446991, 73.0585627) = 15064.4 m
2026-03-26 22:14:06.681 | DEBUG    | utils.geo_utils:haversine_distance:20 - Haversine: (31.4743292, 73.1046958) → (31.5431453, 73.1283131) = 7972.8 m
2026-03-26 22:14:06.681 | DEBUG    | utils.geo_utils:haversine_distance:20 - Haversine: (31.4743292, 73.1046958) → (31.398463, 73.0263855) = 11241.2 m
2026-03-26 22:14:06.681 | DEBUG    | utils.geo_utils:haversine_distance:20 - Haversine: (31.4743292, 73.1046958) → (31.3190478, 73.1756414) = 18533.1 m
2026-03-26 22:14:06.681 | DEBUG    | utils.geo_utils:haversine_distance:20 - Haversine: (31.4743292, 73.1046958) → (31.3557607, 73.1450675) = 13729.6 m
2026-03-26 22:14:06.681 | DEBUG    | utils.geo_utils:haversine_distance:20 - Haversine: (31.4743292, 73.1046958) → (31.4601458, 73.0666137) = 3941.1 m
2026-03-26 22:14:06.681 | DEBUG    | utils.geo_utils:haversine_distance:20 - Haversine: (31.4693742, 73.1600766) → (31.3691526, 73.0514611) = 15179.5 m
2026-03-26 22:14:06.681 | DEBUG    | utils.geo_utils:haversine_distance:20 - Haversine: (31.4693742, 73.1600766) → (31.3787188, 73.157798) = 10082.7 m
2026-03-26 22:14:06.682 | DEBUG    | utils.geo_utils:haversine_distance:20 - Haversine: (31.4693742, 73.1600766) → (31.4457694, 73.1408101) = 3198.3 m
2026-03-26 22:14:06.682 | DEBUG    | utils.geo_utils:haversine_distance:20 - Haversine: (31.4693742, 73.1600766) → (31.5487412, 73.1501112) = 8875.6 m
2026-03-26 22:14:06.682 | DEBUG    | utils.geo_utils:haversine_distance:20 - Haversine: (31.4693742, 73.1600766) → (31.3836456, 73.0640586) = 13186.1 m
2026-03-26 22:14:06.682 | DEBUG    | utils.geo_utils:haversine_distance:20 - Haversine: (31.4693742, 73.1600766) → (31.4467219, 73.1271368) = 4013.3 m
2026-03-26 22:14:06.682 | DEBUG    | utils.geo_utils:haversine_distance:20 - Haversine: (31.4693742, 73.1600766) → (31.330396, 73.0696448) = 17677.2 m
2026-03-26 22:14:06.682 | DEBUG    | utils.geo_utils:haversine_distance:20 - Haversine: (31.4693742, 73.1600766) → (31.3413852, 73.1852291) = 14430.5 m
2026-03-26 22:14:06.682 | DEBUG    | utils.geo_utils:haversine_distance:20 - Haversine: (31.4693742, 73.1600766) → (31.4000755, 73.0126538) = 15969.0 m
2026-03-26 22:14:06.682 | DEBUG    | utils.geo_utils:haversine_distance:20 - Haversine: (31.4693742, 73.1600766) → (31.527645, 73.0552285) = 11866.0 m
2026-03-26 22:14:06.682 | DEBUG    | utils.geo_utils:haversine_distance:20 - Haversine: (31.4693742, 73.1600766) → (31.3281703, 73.1302408) = 15954.5 m
2026-03-26 22:14:06.683 | DEBUG    | utils.geo_utils:haversine_distance:20 - Haversine: (31.4693742, 73.1600766) → (31.4192659, 73.0416323) = 12541.9 m
2026-03-26 22:14:06.683 | DEBUG    | utils.geo_utils:haversine_distance:20 - Haversine: (31.4693742, 73.1600766) → (31.5101284, 73.1503952) = 4623.7 m
2026-03-26 22:14:06.683 | DEBUG    | utils.geo_utils:haversine_distance:20 - Haversine: (31.4693742, 73.1600766) → (31.4641337, 73.1683411) = 976.7 m
2026-03-26 22:14:06.683 | DEBUG    | utils.geo_utils:haversine_distance:20 - Haversine: (31.4693742, 73.1600766) → (31.3446991, 73.0585627) = 16882.0 m
2026-03-26 22:14:06.683 | DEBUG    | utils.geo_utils:haversine_distance:20 - Haversine: (31.4693742, 73.1600766) → (31.5431453, 73.1283131) = 8738.2 m
2026-03-26 22:14:06.683 | DEBUG    | utils.geo_utils:haversine_distance:20 - Haversine: (31.4693742, 73.1600766) → (31.398463, 73.0263855) = 14935.2 m
2026-03-26 22:14:06.683 | DEBUG    | utils.geo_utils:haversine_distance:20 - Haversine: (31.4693742, 73.1600766) → (31.3190478, 73.1756414) = 16780.7 m
2026-03-26 22:14:06.683 | DEBUG    | utils.geo_utils:haversine_distance:20 - Haversine: (31.4693742, 73.1600766) → (31.3557607, 73.1450675) = 12713.3 m
2026-03-26 22:14:06.684 | DEBUG    | utils.geo_utils:haversine_distance:20 - Haversine: (31.4693742, 73.1600766) → (31.4601458, 73.0666137) = 8923.7 m
2026-03-26 22:14:06.684 | DEBUG    | utils.geo_utils:haversine_distance:20 - Haversine: (31.4693742, 73.1600766) → (31.4743292, 73.1046958) = 5281.0 m
2026-03-26 22:14:06.684 | DEBUG    | utils.geo_utils:haversine_distance:20 - Haversine: (31.4060883, 73.1115478) → (31.3691526, 73.0514611) = 7028.5 m
2026-03-26 22:14:06.684 | DEBUG    | utils.geo_utils:haversine_distance:20 - Haversine: (31.4060883, 73.1115478) → (31.3787188, 73.157798) = 5341.7 m
2026-03-26 22:14:06.684 | DEBUG    | utils.geo_utils:haversine_distance:20 - Haversine: (31.4060883, 73.1115478) → (31.4457694, 73.1408101) = 5213.2 m
2026-03-26 22:14:06.684 | DEBUG    | utils.geo_utils:haversine_distance:20 - Haversine: (31.4060883, 73.1115478) → (31.5487412, 73.1501112) = 16278.4 m
2026-03-26 22:14:06.684 | DEBUG    | utils.geo_utils:haversine_distance:20 - Haversine: (31.4060883, 73.1115478) → (31.3836456, 73.0640586) = 5152.2 m
2026-03-26 22:14:06.684 | DEBUG    | utils.geo_utils:haversine_distance:20 - Haversine: (31.4060883, 73.1115478) → (31.4467219, 73.1271368) = 4754.2 m
2026-03-26 22:14:06.684 | DEBUG    | utils.geo_utils:haversine_distance:20 - Haversine: (31.4060883, 73.1115478) → (31.330396, 73.0696448) = 9309.5 m
2026-03-26 22:14:06.684 | DEBUG    | utils.geo_utils:haversine_distance:20 - Haversine: (31.4060883, 73.1115478) → (31.3413852, 73.1852291) = 10034.7 m
2026-03-26 22:14:06.684 | DEBUG    | utils.geo_utils:haversine_distance:20 - Haversine: (31.4060883, 73.1115478) → (31.4000755, 73.0126538) = 9409.6 m
2026-03-26 22:14:06.685 | DEBUG    | utils.geo_utils:haversine_distance:20 - Haversine: (31.4060883, 73.1115478) → (31.527645, 73.0552285) = 14533.6 m
2026-03-26 22:14:06.690 | DEBUG    | utils.geo_utils:haversine_distance:20 - Haversine: (31.4060883, 73.1115478) → (31.3281703, 73.1302408) = 8844.0 m
2026-03-26 22:14:06.692 | DEBUG    | utils.geo_utils:haversine_distance:20 - Haversine: (31.4060883, 73.1115478) → (31.4192659, 73.0416323) = 6794.7 m
2026-03-26 22:14:06.692 | DEBUG    | utils.geo_utils:haversine_distance:20 - Haversine: (31.4060883, 73.1115478) → (31.5101284, 73.1503952) = 12141.4 m
2026-03-26 22:14:06.694 | DEBUG    | utils.geo_utils:haversine_distance:20 - Haversine: (31.4060883, 73.1115478) → (31.4641337, 73.1683411) = 8407.9 m
2026-03-26 22:14:06.694 | DEBUG    | utils.geo_utils:haversine_distance:20 - Haversine: (31.4060883, 73.1115478) → (31.3446991, 73.0585627) = 8479.3 m
2026-03-26 22:14:06.694 | DEBUG    | utils.geo_utils:haversine_distance:20 - Haversine: (31.4060883, 73.1115478) → (31.5431453, 73.1283131) = 15322.8 m
2026-03-26 22:14:06.694 | DEBUG    | utils.geo_utils:haversine_distance:20 - Haversine: (31.4060883, 73.1115478) → (31.398463, 73.0263855) = 8127.0 m
2026-03-26 22:14:06.695 | DEBUG    | utils.geo_utils:haversine_distance:20 - Haversine: (31.4060883, 73.1115478) → (31.3190478, 73.1756414) = 11432.7 m
2026-03-26 22:14:06.695 | DEBUG    | utils.geo_utils:haversine_distance:20 - Haversine: (31.4060883, 73.1115478) → (31.3557607, 73.1450675) = 6437.6 m
2026-03-26 22:14:06.695 | DEBUG    | utils.geo_utils:haversine_distance:20 - Haversine: (31.4060883, 73.1115478) → (31.4601458, 73.0666137) = 7369.3 m
2026-03-26 22:14:06.698 | DEBUG    | utils.geo_utils:haversine_distance:20 - Haversine: (31.4060883, 73.1115478) → (31.4743292, 73.1046958) = 7615.8 m
2026-03-26 22:14:06.698 | DEBUG    | utils.geo_utils:haversine_distance:20 - Haversine: (31.4060883, 73.1115478) → (31.4693742, 73.1600766) = 8409.4 m
2026-03-26 22:14:06.698 | DEBUG    | utils.geo_utils:haversine_distance:20 - Haversine: (31.4773379, 73.0052033) → (31.3691526, 73.0514611) = 12805.4 m
2026-03-26 22:14:06.698 | DEBUG    | utils.geo_utils:haversine_distance:20 - Haversine: (31.4773379, 73.0052033) → (31.3787188, 73.157798) = 18162.6 m
2026-03-26 22:14:06.698 | DEBUG    | utils.geo_utils:haversine_distance:20 - Haversine: (31.4773379, 73.0052033) → (31.4457694, 73.1408101) = 13332.5 m
2026-03-26 22:14:06.699 | DEBUG    | utils.geo_utils:haversine_distance:20 - Haversine: (31.4773379, 73.0052033) → (31.5487412, 73.1501112) = 15866.2 m
2026-03-26 22:14:06.699 | DEBUG    | utils.geo_utils:haversine_distance:20 - Haversine: (31.4773379, 73.0052033) → (31.3836456, 73.0640586) = 11820.3 m
2026-03-26 22:14:06.699 | DEBUG    | utils.geo_utils:haversine_distance:20 - Haversine: (31.4773379, 73.0052033) → (31.4467219, 73.1271368) = 12055.8 m
2026-03-26 22:14:06.699 | DEBUG    | utils.geo_utils:haversine_distance:20 - Haversine: (31.4773379, 73.0052033) → (31.330396, 73.0696448) = 17446.3 m
2026-03-26 22:14:06.699 | DEBUG    | utils.geo_utils:haversine_distance:20 - Haversine: (31.4773379, 73.0052033) → (31.3413852, 73.1852291) = 22812.6 m
2026-03-26 22:14:06.699 | DEBUG    | utils.geo_utils:haversine_distance:20 - Haversine: (31.4773379, 73.0052033) → (31.4000755, 73.0126538) = 8620.2 m
2026-03-26 22:14:06.699 | DEBUG    | utils.geo_utils:haversine_distance:20 - Haversine: (31.4773379, 73.0052033) → (31.527645, 73.0552285) = 7333.8 m
2026-03-26 22:14:06.699 | DEBUG    | utils.geo_utils:haversine_distance:20 - Haversine: (31.4773379, 73.0052033) → (31.3281703, 73.1302408) = 20394.7 m
2026-03-26 22:14:06.699 | DEBUG    | utils.geo_utils:haversine_distance:20 - Haversine: (31.4773379, 73.0052033) → (31.4192659, 73.0416323) = 7323.9 m
2026-03-26 22:14:06.699 | DEBUG    | utils.geo_utils:haversine_distance:20 - Haversine: (31.4773379, 73.0052033) → (31.5101284, 73.1503952) = 14241.1 m
2026-03-26 22:14:06.699 | DEBUG    | utils.geo_utils:haversine_distance:20 - Haversine: (31.4773379, 73.0052033) → (31.4641337, 73.1683411) = 15541.3 m
2026-03-26 22:14:06.699 | DEBUG    | utils.geo_utils:haversine_distance:20 - Haversine: (31.4773379, 73.0052033) → (31.3446991, 73.0585627) = 15593.8 m
2026-03-26 22:14:06.699 | DEBUG    | utils.geo_utils:haversine_distance:20 - Haversine: (31.4773379, 73.0052033) → (31.5431453, 73.1283131) = 13775.0 m
2026-03-26 22:14:06.700 | DEBUG    | utils.geo_utils:haversine_distance:20 - Haversine: (31.4773379, 73.0052033) → (31.398463, 73.0263855) = 8997.8 m
2026-03-26 22:14:06.700 | DEBUG    | utils.geo_utils:haversine_distance:20 - Haversine: (31.4773379, 73.0052033) → (31.3190478, 73.1756414) = 23905.7 m
2026-03-26 22:14:06.700 | DEBUG    | utils.geo_utils:haversine_distance:20 - Haversine: (31.4773379, 73.0052033) → (31.3557607, 73.1450675) = 18944.9 m
2026-03-26 22:14:06.700 | DEBUG    | utils.geo_utils:haversine_distance:20 - Haversine: (31.4773379, 73.0052033) → (31.4601458, 73.0666137) = 6129.9 m
2026-03-26 22:14:06.700 | DEBUG    | utils.geo_utils:haversine_distance:20 - Haversine: (31.4773379, 73.0052033) → (31.4743292, 73.1046958) = 9441.2 m
2026-03-26 22:14:06.700 | DEBUG    | utils.geo_utils:haversine_distance:20 - Haversine: (31.4773379, 73.0052033) → (31.4693742, 73.1600766) = 14714.3 m
2026-03-26 22:14:06.700 | DEBUG    | utils.geo_utils:haversine_distance:20 - Haversine: (31.4773379, 73.0052033) → (31.4060883, 73.1115478) = 12827.7 m
2026-03-26 22:14:06.700 | DEBUG    | utils.geo_utils:haversine_distance:20 - Haversine: (31.4766945, 73.1677037) → (31.3691526, 73.0514611) = 16268.3 m
2026-03-26 22:14:06.700 | DEBUG    | utils.geo_utils:haversine_distance:20 - Haversine: (31.4766945, 73.1677037) → (31.3787188, 73.157798) = 10934.9 m
2026-03-26 22:14:06.700 | DEBUG    | utils.geo_utils:haversine_distance:20 - Haversine: (31.4766945, 73.1677037) → (31.4457694, 73.1408101) = 4281.5 m
2026-03-26 22:14:06.701 | DEBUG    | utils.geo_utils:haversine_distance:20 - Haversine: (31.4766945, 73.1677037) → (31.5487412, 73.1501112) = 8183.0 m
2026-03-26 22:14:06.701 | DEBUG    | utils.geo_utils:haversine_distance:20 - Haversine: (31.4766945, 73.1677037) → (31.3836456, 73.0640586) = 14274.3 m
2026-03-26 22:14:06.701 | DEBUG    | utils.geo_utils:haversine_distance:20 - Haversine: (31.4766945, 73.1677037) → (31.4467219, 73.1271368) = 5090.4 m
2026-03-26 22:14:06.701 | DEBUG    | utils.geo_utils:haversine_distance:20 - Haversine: (31.4766945, 73.1677037) → (31.330396, 73.0696448) = 18741.6 m
2026-03-26 22:14:06.701 | DEBUG    | utils.geo_utils:haversine_distance:20 - Haversine: (31.4766945, 73.1677037) → (31.3413852, 73.1852291) = 15137.4 m
2026-03-26 22:14:06.701 | DEBUG    | utils.geo_utils:haversine_distance:20 - Haversine: (31.4766945, 73.1677037) → (31.4000755, 73.0126538) = 16998.9 m
2026-03-26 22:14:06.701 | DEBUG    | utils.geo_utils:haversine_distance:20 - Haversine: (31.4766945, 73.1677037) → (31.527645, 73.0552285) = 12075.0 m
2026-03-26 22:14:06.701 | DEBUG    | utils.geo_utils:haversine_distance:20 - Haversine: (31.4766945, 73.1677037) → (31.3281703, 73.1302408) = 16893.5 m
2026-03-26 22:14:06.701 | DEBUG    | utils.geo_utils:haversine_distance:20 - Haversine: (31.4766945, 73.1677037) → (31.4192659, 73.0416323) = 13557.5 m
2026-03-26 22:14:06.701 | DEBUG    | utils.geo_utils:haversine_distance:20 - Haversine: (31.4766945, 73.1677037) → (31.5101284, 73.1503952) = 4063.8 m
2026-03-26 22:14:06.701 | DEBUG    | utils.geo_utils:haversine_distance:20 - Haversine: (31.4766945, 73.1677037) → (31.4641337, 73.1683411) = 1398.0 m
2026-03-26 22:14:06.701 | DEBUG    | utils.geo_utils:haversine_distance:20 - Haversine: (31.4766945, 73.1677037) → (31.3446991, 73.0585627) = 17963.8 m
2026-03-26 22:14:06.701 | DEBUG    | utils.geo_utils:haversine_distance:20 - Haversine: (31.4766945, 73.1677037) → (31.5431453, 73.1283131) = 8279.0 m
2026-03-26 22:14:06.702 | DEBUG    | utils.geo_utils:haversine_distance:20 - Haversine: (31.4766945, 73.1677037) → (31.398463, 73.0263855) = 15982.0 m
2026-03-26 22:14:06.702 | DEBUG    | utils.geo_utils:haversine_distance:20 - Haversine: (31.4766945, 73.1677037) → (31.3190478, 73.1756414) = 17545.7 m
2026-03-26 22:14:06.702 | DEBUG    | utils.geo_utils:haversine_distance:20 - Haversine: (31.4766945, 73.1677037) → (31.3557607, 73.1450675) = 13617.7 m
2026-03-26 22:14:06.710 | DEBUG    | utils.geo_utils:haversine_distance:20 - Haversine: (31.4766945, 73.1677037) → (31.4601458, 73.0666137) = 9762.5 m
2026-03-26 22:14:06.710 | DEBUG    | utils.geo_utils:haversine_distance:20 - Haversine: (31.4766945, 73.1677037) → (31.4743292, 73.1046958) = 5981.1 m
2026-03-26 22:14:06.710 | DEBUG    | utils.geo_utils:haversine_distance:20 - Haversine: (31.4766945, 73.1677037) → (31.4693742, 73.1600766) = 1088.9 m
2026-03-26 22:14:06.710 | DEBUG    | utils.geo_utils:haversine_distance:20 - Haversine: (31.4766945, 73.1677037) → (31.4060883, 73.1115478) = 9487.9 m
2026-03-26 22:14:06.710 | DEBUG    | utils.geo_utils:haversine_distance:20 - Haversine: (31.4766945, 73.1677037) → (31.4773379, 73.0052033) = 15410.5 m
2026-03-26 22:14:06.711 | DEBUG    | utils.geo_utils:haversine_distance:20 - Haversine: (31.504101, 73.1583633) → (31.3691526, 73.0514611) = 18111.6 m
2026-03-26 22:14:06.711 | DEBUG    | utils.geo_utils:haversine_distance:20 - Haversine: (31.504101, 73.1583633) → (31.3787188, 73.157798) = 13942.0 m
2026-03-26 22:14:06.711 | DEBUG    | utils.geo_utils:haversine_distance:20 - Haversine: (31.504101, 73.1583633) → (31.4457694, 73.1408101) = 6696.4 m
2026-03-26 22:14:06.711 | DEBUG    | utils.geo_utils:haversine_distance:20 - Haversine: (31.504101, 73.1583633) → (31.5487412, 73.1501112) = 5025.0 m
2026-03-26 22:14:06.711 | DEBUG    | utils.geo_utils:haversine_distance:20 - Haversine: (31.504101, 73.1583633) → (31.3836456, 73.0640586) = 16107.0 m
2026-03-26 22:14:06.711 | DEBUG    | utils.geo_utils:haversine_distance:20 - Haversine: (31.504101, 73.1583633) → (31.4467219, 73.1271368) = 7034.0 m
2026-03-26 22:14:06.711 | DEBUG    | utils.geo_utils:haversine_distance:20 - Haversine: (31.504101, 73.1583633) → (31.330396, 73.0696448) = 21070.1 m
2026-03-26 22:14:06.711 | DEBUG    | utils.geo_utils:haversine_distance:20 - Haversine: (31.504101, 73.1583633) → (31.3413852, 73.1852291) = 18271.9 m
2026-03-26 22:14:06.711 | DEBUG    | utils.geo_utils:haversine_distance:20 - Haversine: (31.504101, 73.1583633) → (31.4000755, 73.0126538) = 18023.2 m
2026-03-26 22:14:06.711 | DEBUG    | utils.geo_utils:haversine_distance:20 - Haversine: (31.504101, 73.1583633) → (31.527645, 73.0552285) = 10120.9 m
2026-03-26 22:14:06.711 | DEBUG    | utils.geo_utils:haversine_distance:20 - Haversine: (31.504101, 73.1583633) → (31.3281703, 73.1302408) = 19743.8 m
2026-03-26 22:14:06.711 | DEBUG    | utils.geo_utils:haversine_distance:20 - Haversine: (31.504101, 73.1583633) → (31.4192659, 73.0416323) = 14545.4 m
2026-03-26 22:14:06.711 | DEBUG    | utils.geo_utils:haversine_distance:20 - Haversine: (31.504101, 73.1583633) → (31.5101284, 73.1503952) = 1009.9 m
2026-03-26 22:14:06.712 | DEBUG    | utils.geo_utils:haversine_distance:20 - Haversine: (31.504101, 73.1583633) → (31.4641337, 73.1683411) = 4543.8 m
2026-03-26 22:14:06.712 | DEBUG    | utils.geo_utils:haversine_distance:20 - Haversine: (31.504101, 73.1583633) → (31.3446991, 73.0585627) = 20095.7 m
2026-03-26 22:14:06.712 | DEBUG    | utils.geo_utils:haversine_distance:20 - Haversine: (31.504101, 73.1583633) → (31.5431453, 73.1283131) = 5192.5 m
2026-03-26 22:14:06.712 | DEBUG    | utils.geo_utils:haversine_distance:20 - Haversine: (31.504101, 73.1583633) → (31.398463, 73.0263855) = 17167.1 m
2026-03-26 22:14:06.712 | DEBUG    | utils.geo_utils:haversine_distance:20 - Haversine: (31.504101, 73.1583633) → (31.3190478, 73.1756414) = 20642.2 m
2026-03-26 22:14:06.712 | DEBUG    | utils.geo_utils:haversine_distance:20 - Haversine: (31.504101, 73.1583633) → (31.3557607, 73.1450675) = 16542.9 m
2026-03-26 22:14:06.712 | DEBUG    | utils.geo_utils:haversine_distance:20 - Haversine: (31.504101, 73.1583633) → (31.4601458, 73.0666137) = 9979.2 m
2026-03-26 22:14:06.712 | DEBUG    | utils.geo_utils:haversine_distance:20 - Haversine: (31.504101, 73.1583633) → (31.4743292, 73.1046958) = 6070.8 m
2026-03-26 22:14:06.712 | DEBUG    | utils.geo_utils:haversine_distance:20 - Haversine: (31.504101, 73.1583633) → (31.4693742, 73.1600766) = 3864.9 m
2026-03-26 22:14:06.712 | DEBUG    | utils.geo_utils:haversine_distance:20 - Haversine: (31.504101, 73.1583633) → (31.4060883, 73.1115478) = 11768.5 m
2026-03-26 22:14:06.712 | DEBUG    | utils.geo_utils:haversine_distance:20 - Haversine: (31.504101, 73.1583633) → (31.4773379, 73.0052033) = 14824.2 m
2026-03-26 22:14:06.712 | DEBUG    | utils.geo_utils:haversine_distance:20 - Haversine: (31.504101, 73.1583633) → (31.4766945, 73.1677037) = 3173.5 m
2026-03-26 22:14:06.712 | DEBUG    | utils.geo_utils:haversine_distance:20 - Haversine: (31.3907077, 73.1897443) → (31.3691526, 73.0514611) = 13344.3 m
2026-03-26 22:14:06.713 | DEBUG    | utils.geo_utils:haversine_distance:20 - Haversine: (31.3907077, 73.1897443) → (31.3787188, 73.157798) = 3312.6 m
2026-03-26 22:14:06.713 | DEBUG    | utils.geo_utils:haversine_distance:20 - Haversine: (31.3907077, 73.1897443) → (31.4457694, 73.1408101) = 7684.3 m
2026-03-26 22:14:06.713 | DEBUG    | utils.geo_utils:haversine_distance:20 - Haversine: (31.3907077, 73.1897443) → (31.5487412, 73.1501112) = 17970.0 m
2026-03-26 22:14:06.713 | DEBUG    | utils.geo_utils:haversine_distance:20 - Haversine: (31.3907077, 73.1897443) → (31.3836456, 73.0640586) = 11956.3 m
2026-03-26 22:14:06.713 | DEBUG    | utils.geo_utils:haversine_distance:20 - Haversine: (31.3907077, 73.1897443) → (31.4467219, 73.1271368) = 8607.5 m
2026-03-26 22:14:06.713 | DEBUG    | utils.geo_utils:haversine_distance:20 - Haversine: (31.3907077, 73.1897443) → (31.330396, 73.0696448) = 13229.3 m
2026-03-26 22:14:06.713 | DEBUG    | utils.geo_utils:haversine_distance:20 - Haversine: (31.3907077, 73.1897443) → (31.3413852, 73.1852291) = 5501.1 m
2026-03-26 22:14:06.713 | DEBUG    | utils.geo_utils:haversine_distance:20 - Haversine: (31.3907077, 73.1897443) → (31.4000755, 73.0126538) = 16840.8 m
2026-03-26 22:14:06.713 | DEBUG    | utils.geo_utils:haversine_distance:20 - Haversine: (31.3907077, 73.1897443) → (31.527645, 73.0552285) = 19865.6 m
2026-03-26 22:14:06.713 | DEBUG    | utils.geo_utils:haversine_distance:20 - Haversine: (31.3907077, 73.1897443) → (31.3281703, 73.1302408) = 8959.8 m
2026-03-26 22:14:06.715 | DEBUG    | utils.geo_utils:haversine_distance:20 - Haversine: (31.3907077, 73.1897443) → (31.4192659, 73.0416323) = 14410.9 m
2026-03-26 22:14:06.715 | DEBUG    | utils.geo_utils:haversine_distance:20 - Haversine: (31.3907077, 73.1897443) → (31.5101284, 73.1503952) = 13793.6 m
2026-03-26 22:14:06.715 | DEBUG    | utils.geo_utils:haversine_distance:20 - Haversine: (31.3907077, 73.1897443) → (31.4641337, 73.1683411) = 8413.4 m
2026-03-26 22:14:06.715 | DEBUG    | utils.geo_utils:haversine_distance:20 - Haversine: (31.3907077, 73.1897443) → (31.3446991, 73.0585627) = 13464.6 m
2026-03-26 22:14:06.715 | DEBUG    | utils.geo_utils:haversine_distance:20 - Haversine: (31.3907077, 73.1897443) → (31.5431453, 73.1283131) = 17923.7 m
2026-03-26 22:14:06.716 | DEBUG    | utils.geo_utils:haversine_distance:20 - Haversine: (31.3907077, 73.1897443) → (31.398463, 73.0263855) = 15529.3 m
2026-03-26 22:14:06.716 | DEBUG    | utils.geo_utils:haversine_distance:20 - Haversine: (31.3907077, 73.1897443) → (31.3190478, 73.1756414) = 8080.0 m
2026-03-26 22:14:06.716 | DEBUG    | utils.geo_utils:haversine_distance:20 - Haversine: (31.3907077, 73.1897443) → (31.3557607, 73.1450675) = 5752.5 m
2026-03-26 22:14:06.716 | DEBUG    | utils.geo_utils:haversine_distance:20 - Haversine: (31.3907077, 73.1897443) → (31.4601458, 73.0666137) = 14004.1 m
2026-03-26 22:14:06.716 | DEBUG    | utils.geo_utils:haversine_distance:20 - Haversine: (31.3907077, 73.1897443) → (31.4743292, 73.1046958) = 12311.4 m
2026-03-26 22:14:06.716 | DEBUG    | utils.geo_utils:haversine_distance:20 - Haversine: (31.3907077, 73.1897443) → (31.4693742, 73.1600766) = 9189.1 m
2026-03-26 22:14:06.716 | DEBUG    | utils.geo_utils:haversine_distance:20 - Haversine: (31.3907077, 73.1897443) → (31.4060883, 73.1115478) = 7616.3 m
2026-03-26 22:14:06.716 | DEBUG    | utils.geo_utils:haversine_distance:20 - Haversine: (31.3907077, 73.1897443) → (31.4773379, 73.0052033) = 19983.5 m
2026-03-26 22:14:06.716 | DEBUG    | utils.geo_utils:haversine_distance:20 - Haversine: (31.3907077, 73.1897443) → (31.4766945, 73.1677037) = 9787.3 m
2026-03-26 22:14:06.716 | DEBUG    | utils.geo_utils:haversine_distance:20 - Haversine: (31.3907077, 73.1897443) → (31.504101, 73.1583633) = 12955.4 m
2026-03-26 22:14:06.716 | DEBUG    | utils.geo_utils:haversine_distance:20 - Haversine: (31.4052045, 73.0873694) → (31.3691526, 73.0514611) = 5262.0 m
2026-03-26 22:14:06.716 | DEBUG    | utils.geo_utils:haversine_distance:20 - Haversine: (31.4052045, 73.0873694) → (31.3787188, 73.157798) = 7305.0 m
2026-03-26 22:14:06.716 | DEBUG    | utils.geo_utils:haversine_distance:20 - Haversine: (31.4052045, 73.0873694) → (31.4457694, 73.1408101) = 6786.6 m
2026-03-26 22:14:06.717 | DEBUG    | utils.geo_utils:haversine_distance:20 - Haversine: (31.4052045, 73.0873694) → (31.5487412, 73.1501112) = 17033.5 m
2026-03-26 22:14:06.717 | DEBUG    | utils.geo_utils:haversine_distance:20 - Haversine: (31.4052045, 73.0873694) → (31.3836456, 73.0640586) = 3262.2 m
2026-03-26 22:14:06.717 | DEBUG    | utils.geo_utils:haversine_distance:20 - Haversine: (31.4052045, 73.0873694) → (31.4467219, 73.1271368) = 5962.4 m
2026-03-26 22:14:06.717 | DEBUG    | utils.geo_utils:haversine_distance:20 - Haversine: (31.4052045, 73.0873694) → (31.330396, 73.0696448) = 8486.8 m
2026-03-26 22:14:06.717 | DEBUG    | utils.geo_utils:haversine_distance:20 - Haversine: (31.4052045, 73.0873694) → (31.3413852, 73.1852291) = 11690.7 m
2026-03-26 22:14:06.717 | DEBUG    | utils.geo_utils:haversine_distance:20 - Haversine: (31.4052045, 73.0873694) → (31.4000755, 73.0126538) = 7114.0 m
2026-03-26 22:14:06.717 | DEBUG    | utils.geo_utils:haversine_distance:20 - Haversine: (31.4052045, 73.0873694) → (31.527645, 73.0552285) = 13951.9 m
2026-03-26 22:14:06.717 | DEBUG    | utils.geo_utils:haversine_distance:20 - Haversine: (31.4052045, 73.0873694) → (31.3281703, 73.1302408) = 9483.7 m
2026-03-26 22:14:06.717 | DEBUG    | utils.geo_utils:haversine_distance:20 - Haversine: (31.4052045, 73.0873694) → (31.4192659, 73.0416323) = 4613.4 m
2026-03-26 22:14:06.717 | DEBUG    | utils.geo_utils:haversine_distance:20 - Haversine: (31.4052045, 73.0873694) → (31.5101284, 73.1503952) = 13109.4 m
2026-03-26 22:14:06.718 | DEBUG    | utils.geo_utils:haversine_distance:20 - Haversine: (31.4052045, 73.0873694) → (31.4641337, 73.1683411) = 10097.2 m
2026-03-26 22:14:06.718 | DEBUG    | utils.geo_utils:haversine_distance:20 - Haversine: (31.4052045, 73.0873694) → (31.3446991, 73.0585627) = 7262.5 m
2026-03-26 22:14:06.718 | DEBUG    | utils.geo_utils:haversine_distance:20 - Haversine: (31.4052045, 73.0873694) → (31.5431453, 73.1283131) = 15822.2 m
2026-03-26 22:14:06.718 | DEBUG    | utils.geo_utils:haversine_distance:20 - Haversine: (31.4052045, 73.0873694) → (31.398463, 73.0263855) = 5836.2 m
2026-03-26 22:14:06.718 | DEBUG    | utils.geo_utils:haversine_distance:20 - Haversine: (31.4052045, 73.0873694) → (31.3190478, 73.1756414) = 12729.0 m
2026-03-26 22:14:06.718 | DEBUG    | utils.geo_utils:haversine_distance:20 - Haversine: (31.4052045, 73.0873694) → (31.3557607, 73.1450675) = 7760.6 m
2026-03-26 22:14:06.718 | DEBUG    | utils.geo_utils:haversine_distance:20 - Haversine: (31.4052045, 73.0873694) → (31.4601458, 73.0666137) = 6418.7 m
2026-03-26 22:14:06.718 | DEBUG    | utils.geo_utils:haversine_distance:20 - Haversine: (31.4052045, 73.0873694) → (31.4743292, 73.1046958) = 7860.1 m
2026-03-26 22:14:06.718 | DEBUG    | utils.geo_utils:haversine_distance:20 - Haversine: (31.4052045, 73.0873694) → (31.4693742, 73.1600766) = 9924.4 m
2026-03-26 22:14:06.718 | DEBUG    | utils.geo_utils:haversine_distance:20 - Haversine: (31.4052045, 73.0873694) → (31.4060883, 73.1115478) = 2296.7 m
2026-03-26 22:14:06.718 | DEBUG    | utils.geo_utils:haversine_distance:20 - Haversine: (31.4052045, 73.0873694) → (31.4773379, 73.0052033) = 11184.6 m
2026-03-26 22:14:06.731 | DEBUG    | utils.geo_utils:haversine_distance:20 - Haversine: (31.4052045, 73.0873694) → (31.4766945, 73.1677037) = 11012.5 m
2026-03-26 22:14:06.732 | DEBUG    | utils.geo_utils:haversine_distance:20 - Haversine: (31.4052045, 73.0873694) → (31.504101, 73.1583633) = 12894.9 m
2026-03-26 22:14:06.732 | DEBUG    | utils.geo_utils:haversine_distance:20 - Haversine: (31.4052045, 73.0873694) → (31.3907077, 73.1897443) = 9849.5 m
2026-03-26 22:14:06.732 | INFO     | data_pipeline.stop_builder:merge_nearby_stops:91 - Merged stops:
2026-03-26 22:14:06.733 | INFO     | data_pipeline.stop_builder:merge_nearby_stops:92 -   Before merge: 30 stops
2026-03-26 22:14:06.733 | INFO     | data_pipeline.stop_builder:merge_nearby_stops:93 -   After merge : 28 stops (merged 2 pairs/groups)
2026-03-26 22:14:06.734 | DEBUG    | data_pipeline.stop_builder:merge_nearby_stops:95 - First few merged stops: [{'student_id': '3CNKLBNknvMId9G9MJ1cVoQjkpw2', 'name': 'Test Student 12', 'roll_no': 'TEST-4382', 'lat': 31.3691526, 'lng': 73.0514611, 'student_count': 1, 'contact': '03597900028', 'semester': 'Spring 2026', 'fee_status': 'unpaid', 'registration_status': 'successful', 'original_lat': 31.369289, 'original_lng': 73.051406, 'snap_distance_m': 16.04, 'merged_student_ids': ['3CNKLBNknvMId9G9MJ1cVoQjkpw2']}, {'student_id': '61fbjUraIhPuzNx8BY68aYewSG02', 'name': 'Test Student 28', 'roll_no': 'TEST-7403', 'lat': 31.3787188, 'lng': 73.157798, 'student_count': 1, 'contact': '03344993000', 'semester': 'Spring 2026', 'fee_status': 'unpaid', 'registration_status': 'successful', 'original_lat': 31.380283, 'original_lng': 73.159195, 'snap_distance_m': 218.72, 'merged_student_ids': ['61fbjUraIhPuzNx8BY68aYewSG02']}, {'student_id': '7DxKX1nW4ZdeWHKXM2Vf5OIfGvr1', 'name': 'Test Student 10', 'roll_no': 'TEST-9142', 'lat': 31.4457694, 'lng': 73.1408101, 'student_count': 1, 'contact': '03537549971', 'semester': 'Spring 2026', 'fee_status': 'unpaid', 'registration_status': 'successful', 'original_lat': 31.446304, 'original_lng': 73.140169, 'snap_distance_m': 85.04, 'merged_student_ids': ['7DxKX1nW4ZdeWHKXM2Vf5OIfGvr1']}]
2026-03-26 22:14:06.843 | INFO     | clustering.stop_clustering:cluster_stops:45 - Clustered into 3 buses (capacity 10):
2026-03-26 22:14:06.843 | INFO     | clustering.stop_clustering:cluster_stops:48 -   Bus 0: 6 stops, 7 students
2026-03-26 22:14:06.844 | INFO     | clustering.stop_clustering:cluster_stops:48 -   Bus 1: 11 stops, 12 students
2026-03-26 22:14:06.844 | INFO     | clustering.stop_clustering:cluster_stops:48 -   Bus 2: 11 stops, 11 students
2026-03-26 22:14:08.908 | INFO     | optimization.tsp_solver:get_road_distance_matrix:38 - ORS matrix computed: 7x7
2026-03-26 22:14:23.912 | INFO     | optimization.tsp_solver:solve_tsp:123 - TSP solved: 6 stops, distance 33064 m, objective 33064
2026-03-26 22:14:23.913 | DEBUG    | optimization.tsp_solver:solve_tsp:124 - Order: ['unknown', 'unknown', 'unknown', 'unknown', 'unknown', 'unknown']
2026-03-26 22:14:23.915 | DEBUG    | optimization.route_generator:generate_route_path:57 - Requesting ORS route with 7 waypoints
2026-03-26 22:14:25.853 | INFO     | optimization.route_generator:generate_route_path:74 - ORS route generated successfully (bug-free)
2026-03-26 22:14:25.854 | INFO     | optimization.route_generator:generate_route_path:75 -   Waypoints: 6 stops → University
2026-03-26 22:14:25.855 | INFO     | optimization.route_generator:generate_route_path:76 -   Distance: 58.93 km
2026-03-26 22:14:25.855 | INFO     | optimization.route_generator:generate_route_path:77 -   Duration: 1.20 h (72 min)
2026-03-26 22:14:25.855 | DEBUG    | optimization.route_generator:generate_route_path:78 - Geometry sample (first 3 & last 3): [[73.157798, 31.378719], [73.16044, 31.376661], [73.161875, 31.375597]] ... [[73.03447, 31.602425], [73.034742, 31.602694], [73.034832, 31.602523]]
2026-03-26 22:14:25.857 | INFO     | optimization.store_routes:compute_fee_per_student:32 - Fee calc: 40412 PKR/student | dist=58.9km | students=7
2026-03-26 22:14:26.739 | DEBUG    | optimization.store_routes:reverse_geocode_stop_name:176 - Stop name resolved: (31.3787, 73.1578) → 'Punjab Social Security Housing Colony'
2026-03-26 22:14:27.322 | DEBUG    | optimization.store_routes:store_optimized_routes:270 - Assigned seat S1 to student 61fbjUraIhPuzNx8BY68aYewSG02
2026-03-26 22:14:29.575 | DEBUG    | optimization.store_routes:store_optimized_routes:296 - Stored stop R1_stop1 | name='Punjab Social Security Housing Colony' | route=R1
2026-03-26 22:14:31.320 | DEBUG    | optimization.store_routes:reverse_geocode_stop_name:176 - Stop name resolved: (31.3907, 73.1897) → 'Karar Wala'
2026-03-26 22:14:31.983 | DEBUG    | optimization.store_routes:store_optimized_routes:270 - Assigned seat S2 to student vjz604g8oKerN5zBKZ7mU7mG2M03
2026-03-26 22:14:34.145 | DEBUG    | optimization.store_routes:store_optimized_routes:296 - Stored stop R1_stop2 | name='Karar Wala' | route=R1
2026-03-26 22:14:36.516 | DEBUG    | optimization.store_routes:reverse_geocode_stop_name:176 - Stop name resolved: (31.3414, 73.1852) → 'Khojewala'
2026-03-26 22:14:37.068 | DEBUG    | optimization.store_routes:store_optimized_routes:270 - Assigned seat S3 to student KSn42uZ4dDaMueZxSsk9yyYYMbU2
2026-03-26 22:14:39.303 | DEBUG    | optimization.store_routes:store_optimized_routes:270 - Assigned seat S4 to student SF9XoWomQLQm1mkqTnpp8bDSyxG3
2026-03-26 22:14:39.896 | DEBUG    | optimization.store_routes:store_optimized_routes:296 - Stored stop R1_stop3 | name='Khojewala' | route=R1
2026-03-26 22:14:42.259 | DEBUG    | optimization.store_routes:reverse_geocode_stop_name:176 - Stop name resolved: (31.3190, 73.1756) → 'Chak 75 GB'
2026-03-26 22:14:42.798 | DEBUG    | optimization.store_routes:store_optimized_routes:270 - Assigned seat S5 to student XmlYR1ejNvTp0enFtavXMQRl9l62
2026-03-26 22:14:43.347 | DEBUG    | optimization.store_routes:store_optimized_routes:296 - Stored stop R1_stop4 | name='Chak 75 GB' | route=R1
2026-03-26 22:14:45.657 | DEBUG    | optimization.store_routes:reverse_geocode_stop_name:176 - Stop name resolved: (31.3282, 73.1302) → 'Faisalabad ByPass'
2026-03-26 22:14:46.199 | DEBUG    | optimization.store_routes:store_optimized_routes:270 - Assigned seat S6 to student Os55fn9jigeXpNaUlGTOSD1kzUH3
2026-03-26 22:14:46.728 | DEBUG    | optimization.store_routes:store_optimized_routes:296 - Stored stop R1_stop5 | name='Faisalabad ByPass' | route=R1
2026-03-26 22:14:49.658 | DEBUG    | optimization.store_routes:reverse_geocode_stop_name:176 - Stop name resolved: (31.3558, 73.1451) → 'Satiana Road'
2026-03-26 22:14:52.683 | DEBUG    | optimization.store_routes:store_optimized_routes:270 - Assigned seat S7 to student XuCFaAxIj3RH4cDaJKu6xmWSwfi1
2026-03-26 22:14:53.219 | DEBUG    | optimization.store_routes:store_optimized_routes:296 - Stored stop R1_stop6 | name='Satiana Road' | route=R1
2026-03-26 22:14:55.771 | INFO     | optimization.store_routes:store_optimized_routes:321 - Stored route route_0 (R1): 6 stops, 58.93 km
2026-03-26 22:14:57.320 | INFO     | optimization.tsp_solver:get_road_distance_matrix:38 - ORS matrix computed: 12x12
2026-03-26 22:15:12.325 | INFO     | optimization.tsp_solver:solve_tsp:123 - TSP solved: 11 stops, distance 60287 m, objective 60287
2026-03-26 22:15:12.325 | DEBUG    | optimization.tsp_solver:solve_tsp:124 - Order: ['unknown', 'unknown', 'unknown', 'unknown', 'unknown', 'unknown', 'unknown', 'unknown', 'unknown', 'unknown', 'unknown']
2026-03-26 22:15:12.325 | DEBUG    | optimization.route_generator:generate_route_path:57 - Requesting ORS route with 12 waypoints
2026-03-26 22:15:14.101 | INFO     | optimization.route_generator:generate_route_path:74 - ORS route generated successfully (bug-free)
2026-03-26 22:15:14.101 | INFO     | optimization.route_generator:generate_route_path:75 -   Waypoints: 11 stops → University
2026-03-26 22:15:14.101 | INFO     | optimization.route_generator:generate_route_path:76 -   Distance: 81.84 km
2026-03-26 22:15:14.102 | INFO     | optimization.route_generator:generate_route_path:77 -   Duration: 1.68 h (101 min)
2026-03-26 22:15:14.102 | DEBUG    | optimization.route_generator:generate_route_path:78 - Geometry sample (first 3 & last 3): [[73.14081, 31.445769], [73.14365, 31.447906], [73.145117, 31.448895]] ... [[73.03447, 31.602425], [73.034742, 31.602694], [73.034832, 31.602523]]
2026-03-26 22:15:14.103 | INFO     | optimization.store_routes:compute_fee_per_student:32 - Fee calc: 32738 PKR/student | dist=81.8km | students=12
2026-03-26 22:15:15.236 | DEBUG    | optimization.store_routes:reverse_geocode_stop_name:176 - Stop name resolved: (31.4458, 73.1408) → 'West Canal Expressway, Faisalabad City Tehsil'
2026-03-26 22:15:15.770 | DEBUG    | optimization.store_routes:store_optimized_routes:270 - Assigned seat S1 to student 7DxKX1nW4ZdeWHKXM2Vf5OIfGvr1
2026-03-26 22:15:18.068 | DEBUG    | optimization.store_routes:store_optimized_routes:296 - Stored stop R2_stop1 | name='West Canal Expressway, Faisalabad City Tehsil' | route=R2
2026-03-26 22:15:20.260 | DEBUG    | optimization.store_routes:reverse_geocode_stop_name:176 - Stop name resolved: (31.4641, 73.1683) → 'Faisal Gardens, Faisalabad City Tehsil'
2026-03-26 22:15:20.819 | DEBUG    | optimization.store_routes:store_optimized_routes:270 - Assigned seat S2 to student UpNOyWoNcXaW1O5jadyyddeniWj2
2026-03-26 22:15:23.096 | DEBUG    | optimization.store_routes:store_optimized_routes:296 - Stored stop R2_stop2 | name='Faisal Gardens, Faisalabad City Tehsil' | route=R2
2026-03-26 22:15:25.046 | DEBUG    | optimization.store_routes:reverse_geocode_stop_name:176 - Stop name resolved: (31.4694, 73.1601) → 'Bagewal Road, Faisalabad City Tehsil'
2026-03-26 22:15:25.564 | DEBUG    | optimization.store_routes:store_optimized_routes:270 - Assigned seat S3 to student qwxNS37KPQSeME1Rb86ZDMnXjYX2
2026-03-26 22:15:26.100 | DEBUG    | optimization.store_routes:store_optimized_routes:296 - Stored stop R2_stop3 | name='Bagewal Road, Faisalabad City Tehsil' | route=R2
2026-03-26 22:15:29.018 | DEBUG    | optimization.store_routes:reverse_geocode_stop_name:176 - Stop name resolved: (31.4767, 73.1677) → 'Bagewal Road, Sabina Town'
2026-03-26 22:15:29.553 | DEBUG    | optimization.store_routes:store_optimized_routes:270 - Assigned seat S4 to student unEE7hJDp7cMFEu2M568RmrtWRq2
2026-03-26 22:15:30.086 | DEBUG    | optimization.store_routes:store_optimized_routes:296 - Stored stop R2_stop4 | name='Bagewal Road, Sabina Town' | route=R2
2026-03-26 22:15:31.950 | DEBUG    | optimization.store_routes:reverse_geocode_stop_name:176 - Stop name resolved: (31.5041, 73.1584) → 'Faisalabad District'
2026-03-26 22:15:32.495 | DEBUG    | optimization.store_routes:store_optimized_routes:270 - Assigned seat S5 to student vQHRPPdjWmTjASjEQvAqjzPhHdm2
2026-03-26 22:15:33.020 | DEBUG    | optimization.store_routes:store_optimized_routes:296 - Stored stop R2_stop5 | name='Faisalabad District' | route=R2
2026-03-26 22:15:34.886 | DEBUG    | optimization.store_routes:reverse_geocode_stop_name:176 - Stop name resolved: (31.5101, 73.1504) → 'Faisalabad District'
2026-03-26 22:15:35.424 | DEBUG    | optimization.store_routes:store_optimized_routes:270 - Assigned seat S6 to student SXxBaOHsDPhcbAy5QSfe0NZxZM83
2026-03-26 22:15:35.955 | DEBUG    | optimization.store_routes:store_optimized_routes:296 - Stored stop R2_stop6 | name='Faisalabad District' | route=R2
2026-03-26 22:15:37.904 | DEBUG    | optimization.store_routes:reverse_geocode_stop_name:176 - Stop name resolved: (31.5487, 73.1501) → 'Faisalabad Bypass'
2026-03-26 22:15:38.440 | DEBUG    | optimization.store_routes:store_optimized_routes:270 - Assigned seat S7 to student DS0YCp1l3RXIwCBzxzmEzv99Zii1
2026-03-26 22:15:38.982 | DEBUG    | optimization.store_routes:store_optimized_routes:296 - Stored stop R2_stop7 | name='Faisalabad Bypass' | route=R2
2026-03-26 22:15:40.851 | DEBUG    | optimization.store_routes:reverse_geocode_stop_name:176 - Stop name resolved: (31.5276, 73.0552) → 'Faisalabad District'
2026-03-26 22:15:41.381 | DEBUG    | optimization.store_routes:store_optimized_routes:270 - Assigned seat S8 to student NkZ3VPHBNtS3wxSmCjfBkRWPaZQ2
2026-03-26 22:15:43.647 | DEBUG    | optimization.store_routes:store_optimized_routes:296 - Stored stop R2_stop8 | name='Faisalabad District' | route=R2
2026-03-26 22:15:45.527 | DEBUG    | optimization.store_routes:reverse_geocode_stop_name:176 - Stop name resolved: (31.5431, 73.1283) → 'Dialgarh'
2026-03-26 22:15:46.071 | DEBUG    | optimization.store_routes:store_optimized_routes:270 - Assigned seat S9 to student VMbnLGOyDuRi41R8XPG6toeooJt1
2026-03-26 22:15:48.313 | DEBUG    | optimization.store_routes:store_optimized_routes:270 - Assigned seat S10 to student e3D31VgcVrXKjMfjS13MWcxDZgi1
2026-03-26 22:15:48.868 | DEBUG    | optimization.store_routes:store_optimized_routes:296 - Stored stop R2_stop9 | name='Dialgarh' | route=R2
2026-03-26 22:15:50.809 | DEBUG    | optimization.store_routes:reverse_geocode_stop_name:176 - Stop name resolved: (31.4743, 73.1047) → 'Millat Road, Faisalabad City Tehsil'
2026-03-26 22:15:51.353 | DEBUG    | optimization.store_routes:store_optimized_routes:270 - Assigned seat S11 to student n5w74mESTuV3BSMbnAo4AqNZ3oT2
2026-03-26 22:15:51.884 | DEBUG    | optimization.store_routes:store_optimized_routes:296 - Stored stop R2_stop10 | name='Millat Road, Faisalabad City Tehsil' | route=R2
2026-03-26 22:15:53.752 | DEBUG    | optimization.store_routes:reverse_geocode_stop_name:176 - Stop name resolved: (31.4467, 73.1271) → 'Faisalabad District, Faisalabad City Tehsil'
2026-03-26 22:15:54.286 | DEBUG    | optimization.store_routes:store_optimized_routes:270 - Assigned seat S12 to student GydB2I2Y0Ec14olrl5Hbtm8ziZF3
2026-03-26 22:15:54.812 | DEBUG    | optimization.store_routes:store_optimized_routes:296 - Stored stop R2_stop11 | name='Faisalabad District, Faisalabad City Tehsil' | route=R2
2026-03-26 22:15:55.695 | INFO     | optimization.store_routes:store_optimized_routes:321 - Stored route route_1 (R2): 11 stops, 81.84 km
2026-03-26 22:15:56.870 | INFO     | optimization.tsp_solver:get_road_distance_matrix:38 - ORS matrix computed: 12x12
2026-03-26 22:16:11.874 | INFO     | optimization.tsp_solver:solve_tsp:123 - TSP solved: 11 stops, distance 72708 m, objective 72708
2026-03-26 22:16:11.875 | DEBUG    | optimization.tsp_solver:solve_tsp:124 - Order: ['unknown', 'unknown', 'unknown', 'unknown', 'unknown', 'unknown', 'unknown', 'unknown', 'unknown', 'unknown', 'unknown']
2026-03-26 22:16:11.875 | DEBUG    | optimization.route_generator:generate_route_path:57 - Requesting ORS route with 12 waypoints
2026-03-26 22:16:13.598 | INFO     | optimization.route_generator:generate_route_path:74 - ORS route generated successfully (bug-free)
2026-03-26 22:16:13.598 | INFO     | optimization.route_generator:generate_route_path:75 -   Waypoints: 11 stops → University
2026-03-26 22:16:13.599 | INFO     | optimization.route_generator:generate_route_path:76 -   Distance: 99.05 km
2026-03-26 22:16:13.599 | INFO     | optimization.route_generator:generate_route_path:77 -   Duration: 1.92 h (115 min)
2026-03-26 22:16:13.599 | DEBUG    | optimization.route_generator:generate_route_path:78 - Geometry sample (first 3 & last 3): [[73.051461, 31.369153], [73.051213, 31.36893], [73.050868, 31.368599]] ... [[73.03447, 31.602425], [73.034742, 31.602694], [73.034832, 31.602523]]
2026-03-26 22:16:13.601 | INFO     | optimization.store_routes:compute_fee_per_student:32 - Fee calc: 43223 PKR/student | dist=99.1km | students=11
2026-03-26 22:16:14.603 | DEBUG    | optimization.store_routes:reverse_geocode_stop_name:176 - Stop name resolved: (31.3692, 73.0515) → 'Fatenabad'
2026-03-26 22:16:15.133 | DEBUG    | optimization.store_routes:store_optimized_routes:270 - Assigned seat S1 to student 3CNKLBNknvMId9G9MJ1cVoQjkpw2
2026-03-26 22:16:15.666 | DEBUG    | optimization.store_routes:store_optimized_routes:296 - Stored stop R3_stop1 | name='Fatenabad' | route=R3
2026-03-26 22:16:17.593 | DEBUG    | optimization.store_routes:reverse_geocode_stop_name:176 - Stop name resolved: (31.4001, 73.0127) → 'Faisalabad District, Shadab Colony'
2026-03-26 22:16:18.118 | DEBUG    | optimization.store_routes:store_optimized_routes:270 - Assigned seat S2 to student KbkXVOhtA3hfwjvwsS5w2IIOki93
2026-03-26 22:16:18.732 | DEBUG    | optimization.store_routes:store_optimized_routes:296 - Stored stop R3_stop2 | name='Faisalabad District, Shadab Colony' | route=R3
2026-03-26 22:16:20.377 | DEBUG    | optimization.store_routes:reverse_geocode_stop_name:176 - Stop name resolved: (31.3985, 73.0264) → 'Faisalabad District'
2026-03-26 22:16:20.906 | DEBUG    | optimization.store_routes:store_optimized_routes:270 - Assigned seat S3 to student WRVMbOeJLLdnIPhcWnncdjhPSjb2
2026-03-26 22:16:21.435 | DEBUG    | optimization.store_routes:store_optimized_routes:296 - Stored stop R3_stop3 | name='Faisalabad District' | route=R3
2026-03-26 22:16:23.362 | DEBUG    | optimization.store_routes:reverse_geocode_stop_name:176 - Stop name resolved: (31.4193, 73.0416) → 'Bakar Mandi Road, Faisalabad City Tehsil'
2026-03-26 22:16:23.885 | DEBUG    | optimization.store_routes:store_optimized_routes:270 - Assigned seat S4 to student SOWTJArpcRRKPC0v7cWYW0XJk6v1
2026-03-26 22:16:24.409 | DEBUG    | optimization.store_routes:store_optimized_routes:296 - Stored stop R3_stop4 | name='Bakar Mandi Road, Faisalabad City Tehsil' | route=R3
2026-03-26 22:16:26.054 | DEBUG    | optimization.store_routes:reverse_geocode_stop_name:176 - Stop name resolved: (31.4773, 73.0052) → 'Faisalabad bypass'
2026-03-26 22:16:26.579 | DEBUG    | optimization.store_routes:store_optimized_routes:270 - Assigned seat S5 to student shSuBEXnw4TLpoUGH1D5uwg8QKr1
2026-03-26 22:16:27.128 | DEBUG    | optimization.store_routes:store_optimized_routes:296 - Stored stop R3_stop5 | name='Faisalabad bypass' | route=R3
2026-03-26 22:16:29.201 | DEBUG    | optimization.store_routes:reverse_geocode_stop_name:176 - Stop name resolved: (31.4601, 73.0666) → 'Faisalabad District, Faisalabad City Tehsil'
2026-03-26 22:16:29.743 | DEBUG    | optimization.store_routes:store_optimized_routes:270 - Assigned seat S6 to student bvudy4BMDIZ3KxtxPyHvDJd3rjf2
2026-03-26 22:16:30.271 | DEBUG    | optimization.store_routes:store_optimized_routes:296 - Stored stop R3_stop6 | name='Faisalabad District, Faisalabad City Tehsil' | route=R3
2026-03-26 22:16:32.211 | DEBUG    | optimization.store_routes:reverse_geocode_stop_name:176 - Stop name resolved: (31.4061, 73.1115) → 'Faisalabad District, Faisalabad City Tehsil'
2026-03-26 22:16:32.758 | DEBUG    | optimization.store_routes:store_optimized_routes:270 - Assigned seat S7 to student rtsUd2Aeg0W2HTpXZhrpSlqMhdL2
2026-03-26 22:16:33.290 | DEBUG    | optimization.store_routes:store_optimized_routes:296 - Stored stop R3_stop7 | name='Faisalabad District, Faisalabad City Tehsil' | route=R3
2026-03-26 22:16:35.293 | DEBUG    | optimization.store_routes:reverse_geocode_stop_name:176 - Stop name resolved: (31.4052, 73.0874) → 'Itthad Road, Faisalabad City Tehsil'
2026-03-26 22:16:35.827 | DEBUG    | optimization.store_routes:store_optimized_routes:270 - Assigned seat S8 to student x2LmEXZ95YfrQpxSQgrBTDTWbk83
2026-03-26 22:16:36.358 | DEBUG    | optimization.store_routes:store_optimized_routes:296 - Stored stop R3_stop8 | name='Itthad Road, Faisalabad City Tehsil' | route=R3
2026-03-26 22:16:38.033 | DEBUG    | optimization.store_routes:reverse_geocode_stop_name:176 - Stop name resolved: (31.3836, 73.0641) → 'Faisalabad District, Nowaban Wala'
2026-03-26 22:16:38.585 | DEBUG    | optimization.store_routes:store_optimized_routes:270 - Assigned seat S9 to student GBGXh21H2VefIT4NkSWu8FQldkF3
2026-03-26 22:16:39.110 | DEBUG    | optimization.store_routes:store_optimized_routes:296 - Stored stop R3_stop9 | name='Faisalabad District, Nowaban Wala' | route=R3
2026-03-26 22:16:41.155 | DEBUG    | optimization.store_routes:reverse_geocode_stop_name:176 - Stop name resolved: (31.3304, 73.0696) → 'Four Seasons Housing'
2026-03-26 22:16:41.739 | DEBUG    | optimization.store_routes:store_optimized_routes:270 - Assigned seat S10 to student I6aLScqZSSeAF3ug6jDkoPrt6g23
2026-03-26 22:16:42.264 | DEBUG    | optimization.store_routes:store_optimized_routes:296 - Stored stop R3_stop10 | name='Four Seasons Housing' | route=R3
2026-03-26 22:16:44.119 | DEBUG    | optimization.store_routes:reverse_geocode_stop_name:176 - Stop name resolved: (31.3447, 73.0586) → 'Samundari Faisalabad Road'
2026-03-26 22:16:44.643 | DEBUG    | optimization.store_routes:store_optimized_routes:270 - Assigned seat S11 to student VItoVj8ml0ZAMdLtqGCBxaDdkWj1
2026-03-26 22:16:45.170 | DEBUG    | optimization.store_routes:store_optimized_routes:296 - Stored stop R3_stop11 | name='Samundari Faisalabad Road' | route=R3
2026-03-26 22:16:46.436 | INFO     | optimization.store_routes:store_optimized_routes:321 - Stored route route_2 (R3): 11 stops, 99.05 km
2026-03-26 22:16:46.437 | INFO     | optimization.store_routes:store_optimized_routes:327 - Back-filling route_id on 28 stops + students...
2026-03-26 22:16:50.147 | INFO     | api.main:run_optimization:29 - Starting full route optimization pipeline
2026-03-26 22:16:50.891 | INFO     | data_pipeline.student_loader:load_student_stops:42 - Loaded 30 student stops from Firestore
2026-03-26 22:16:50.891 | DEBUG    | data_pipeline.student_loader:load_student_stops:43 - First 3 stops (sample): [{'student_id': '3CNKLBNknvMId9G9MJ1cVoQjkpw2', 'name': 'Test Student 12', 'roll_no': 'TEST-4382', 'lat': 31.369289, 'lng': 73.051406, 'student_count': 1, 'contact': '03597900028', 'semester': 'Spring 2026', 'fee_status': 'unpaid', 'registration_status': 'successful'}, {'student_id': '61fbjUraIhPuzNx8BY68aYewSG02', 'name': 'Test Student 28', 'roll_no': 'TEST-7403', 'lat': 31.380283, 'lng': 73.159195, 'student_count': 1, 'contact': '03344993000', 'semester': 'Spring 2026', 'fee_status': 'unpaid', 'registration_status': 'successful'}, {'student_id': '7DxKX1nW4ZdeWHKXM2Vf5OIfGvr1', 'name': 'Test Student 10', 'roll_no': 'TEST-9142', 'lat': 31.446304, 'lng': 73.140169, 'student_count': 1, 'contact': '03537549971', 'semester': 'Spring 2026', 'fee_status': 'unpaid', 'registration_status': 'successful'}]
2026-03-26 22:16:50.892 | INFO     | osm.fetch_roads:fetch_or_load_road_graph:19 - Loading cached Faisalabad road graph...
2026-03-26 22:17:02.305 | INFO     | osm.fetch_roads:fetch_or_load_road_graph:21 - Loaded graph with 50872 nodes and 144715 edges
2026-03-26 22:17:02.554 | INFO     | osm.road_filter:filter_main_roads:38 - Filtered graph:
2026-03-26 22:17:02.612 | INFO     | osm.road_filter:filter_main_roads:39 -   Original: 50872 nodes, 144715 edges
2026-03-26 22:17:02.948 | INFO     | osm.road_filter:filter_main_roads:40 -   After filter (main roads only): 7460 nodes, 12863 edges
2026-03-26 22:17:03.612 | DEBUG    | utils.distance_utils:build_node_balltree:29 - Built BallTree with 7460 nodes
2026-03-26 22:17:03.624 | DEBUG    | utils.geo_utils:haversine_distance:20 - Haversine: (31.369289, 73.051406) → (31.3691526, 73.0514611) = 16.0 m
2026-03-26 22:17:03.624 | DEBUG    | utils.distance_utils:find_nearest_road_point:56 - Nearest road node to (31.369289, 73.051406): (31.369153, 73.051461) — 16.0m
2026-03-26 22:17:03.625 | DEBUG    | utils.geo_utils:haversine_distance:20 - Haversine: (31.369289, 73.051406) → (31.3691526, 73.0514611) = 16.0 m
2026-03-26 22:17:03.625 | DEBUG    | data_pipeline.stop_builder:snap_stops_to_roads:38 - Snapped Test Student 12 (TEST-4382): 16.0m
2026-03-26 22:17:03.690 | DEBUG    | utils.distance_utils:build_node_balltree:29 - Built BallTree with 7460 nodes
2026-03-26 22:17:03.694 | DEBUG    | utils.geo_utils:haversine_distance:20 - Haversine: (31.380283, 73.159195) → (31.3787188, 73.157798) = 218.7 m
2026-03-26 22:17:03.694 | DEBUG    | utils.distance_utils:find_nearest_road_point:56 - Nearest road node to (31.380283, 73.159195): (31.378719, 73.157798) — 218.7m
2026-03-26 22:17:03.694 | DEBUG    | utils.geo_utils:haversine_distance:20 - Haversine: (31.380283, 73.159195) → (31.3787188, 73.157798) = 218.7 m
2026-03-26 22:17:03.695 | DEBUG    | data_pipeline.stop_builder:snap_stops_to_roads:38 - Snapped Test Student 28 (TEST-7403): 218.7m
2026-03-26 22:17:03.729 | DEBUG    | utils.distance_utils:build_node_balltree:29 - Built BallTree with 7460 nodes
2026-03-26 22:17:03.736 | DEBUG    | utils.geo_utils:haversine_distance:20 - Haversine: (31.446304, 73.140169) → (31.4457694, 73.1408101) = 85.0 m
2026-03-26 22:17:03.736 | DEBUG    | utils.distance_utils:find_nearest_road_point:56 - Nearest road node to (31.446304, 73.140169): (31.445769, 73.140810) — 85.0m
2026-03-26 22:17:03.736 | DEBUG    | utils.geo_utils:haversine_distance:20 - Haversine: (31.446304, 73.140169) → (31.4457694, 73.1408101) = 85.0 m
2026-03-26 22:17:03.736 | DEBUG    | data_pipeline.stop_builder:snap_stops_to_roads:38 - Snapped Test Student 10 (TEST-9142): 85.0m
2026-03-26 22:17:03.773 | DEBUG    | utils.distance_utils:build_node_balltree:29 - Built BallTree with 7460 nodes
2026-03-26 22:17:03.775 | DEBUG    | utils.geo_utils:haversine_distance:20 - Haversine: (31.548998, 73.147656) → (31.5487412, 73.1501112) = 234.4 m
2026-03-26 22:17:03.775 | DEBUG    | utils.distance_utils:find_nearest_road_point:56 - Nearest road node to (31.548998, 73.147656): (31.548741, 73.150111) — 234.4m
2026-03-26 22:17:03.775 | DEBUG    | utils.geo_utils:haversine_distance:20 - Haversine: (31.548998, 73.147656) → (31.5487412, 73.1501112) = 234.4 m
2026-03-26 22:17:03.775 | DEBUG    | data_pipeline.stop_builder:snap_stops_to_roads:38 - Snapped Test Student 14 (TEST-9162): 234.4m
2026-03-26 22:17:03.837 | DEBUG    | utils.distance_utils:build_node_balltree:29 - Built BallTree with 7460 nodes
2026-03-26 22:17:03.844 | DEBUG    | utils.geo_utils:haversine_distance:20 - Haversine: (31.384254, 73.063765) → (31.3836456, 73.0640586) = 73.2 m
2026-03-26 22:17:03.844 | DEBUG    | utils.distance_utils:find_nearest_road_point:56 - Nearest road node to (31.384254, 73.063765): (31.383646, 73.064059) — 73.2m
2026-03-26 22:17:03.848 | DEBUG    | utils.geo_utils:haversine_distance:20 - Haversine: (31.384254, 73.063765) → (31.3836456, 73.0640586) = 73.2 m
2026-03-26 22:17:03.849 | DEBUG    | data_pipeline.stop_builder:snap_stops_to_roads:38 - Snapped Test Student 30 (TEST-6182): 73.2m
2026-03-26 22:17:03.921 | DEBUG    | utils.distance_utils:build_node_balltree:29 - Built BallTree with 7460 nodes
2026-03-26 22:17:03.926 | DEBUG    | utils.geo_utils:haversine_distance:20 - Haversine: (31.450094, 73.130742) → (31.4467219, 73.1271368) = 507.5 m
2026-03-26 22:17:03.926 | DEBUG    | utils.distance_utils:find_nearest_road_point:56 - Nearest road node to (31.450094, 73.130742): (31.446722, 73.127137) — 507.5m
2026-03-26 22:17:03.927 | DEBUG    | utils.geo_utils:haversine_distance:20 - Haversine: (31.450094, 73.130742) → (31.4467219, 73.1271368) = 507.5 m
2026-03-26 22:17:03.927 | DEBUG    | data_pipeline.stop_builder:snap_stops_to_roads:38 - Snapped Test Student 23 (TEST-9957): 507.5m
2026-03-26 22:17:04.027 | DEBUG    | utils.distance_utils:build_node_balltree:29 - Built BallTree with 7460 nodes
2026-03-26 22:17:04.046 | DEBUG    | utils.geo_utils:haversine_distance:20 - Haversine: (31.327595, 73.065724) → (31.330396, 73.0696448) = 485.5 m
2026-03-26 22:17:04.048 | DEBUG    | utils.distance_utils:find_nearest_road_point:56 - Nearest road node to (31.327595, 73.065724): (31.330396, 73.069645) — 485.5m
2026-03-26 22:17:04.051 | DEBUG    | utils.geo_utils:haversine_distance:20 - Haversine: (31.327595, 73.065724) → (31.330396, 73.0696448) = 485.5 m
2026-03-26 22:17:04.051 | DEBUG    | data_pipeline.stop_builder:snap_stops_to_roads:38 - Snapped Test Student 13 (TEST-5755): 485.5m
2026-03-26 22:17:04.092 | DEBUG    | utils.distance_utils:build_node_balltree:29 - Built BallTree with 7460 nodes
2026-03-26 22:17:04.094 | DEBUG    | utils.geo_utils:haversine_distance:20 - Haversine: (31.343859, 73.18566) → (31.3413852, 73.1852291) = 278.1 m
2026-03-26 22:17:04.094 | DEBUG    | utils.distance_utils:find_nearest_road_point:56 - Nearest road node to (31.343859, 73.18566): (31.341385, 73.185229) — 278.1m
2026-03-26 22:17:04.094 | DEBUG    | utils.geo_utils:haversine_distance:20 - Haversine: (31.343859, 73.18566) → (31.3413852, 73.1852291) = 278.1 m
2026-03-26 22:17:04.095 | DEBUG    | data_pipeline.stop_builder:snap_stops_to_roads:38 - Snapped Test Student 7 (TEST-9790): 278.1m
2026-03-26 22:17:04.154 | DEBUG    | utils.distance_utils:build_node_balltree:29 - Built BallTree with 7460 nodes
2026-03-26 22:17:04.156 | DEBUG    | utils.geo_utils:haversine_distance:20 - Haversine: (31.401088, 73.01135) → (31.4000755, 73.0126538) = 167.3 m
2026-03-26 22:17:04.156 | DEBUG    | utils.distance_utils:find_nearest_road_point:56 - Nearest road node to (31.401088, 73.01135): (31.400075, 73.012654) — 167.3m
2026-03-26 22:17:04.156 | DEBUG    | utils.geo_utils:haversine_distance:20 - Haversine: (31.401088, 73.01135) → (31.4000755, 73.0126538) = 167.3 m
2026-03-26 22:17:04.157 | DEBUG    | data_pipeline.stop_builder:snap_stops_to_roads:38 - Snapped Test Student 3 (TEST-2055): 167.3m
2026-03-26 22:17:04.228 | DEBUG    | utils.distance_utils:build_node_balltree:29 - Built BallTree with 7460 nodes
2026-03-26 22:17:04.235 | DEBUG    | utils.geo_utils:haversine_distance:20 - Haversine: (31.526254, 73.053671) → (31.527645, 73.0552285) = 213.8 m
2026-03-26 22:17:04.235 | DEBUG    | utils.distance_utils:find_nearest_road_point:56 - Nearest road node to (31.526254, 73.053671): (31.527645, 73.055228) — 213.8m
2026-03-26 22:17:04.235 | DEBUG    | utils.geo_utils:haversine_distance:20 - Haversine: (31.526254, 73.053671) → (31.527645, 73.0552285) = 213.8 m
2026-03-26 22:17:04.236 | DEBUG    | data_pipeline.stop_builder:snap_stops_to_roads:38 - Snapped Test Student 25 (TEST-4783): 213.8m
2026-03-26 22:17:04.288 | DEBUG    | utils.distance_utils:build_node_balltree:29 - Built BallTree with 7460 nodes
2026-03-26 22:17:04.290 | DEBUG    | utils.geo_utils:haversine_distance:20 - Haversine: (31.319581, 73.129629) → (31.3281703, 73.1302408) = 956.9 m
2026-03-26 22:17:04.290 | DEBUG    | utils.distance_utils:find_nearest_road_point:56 - Nearest road node to (31.319581, 73.129629): (31.328170, 73.130241) — 956.9m
2026-03-26 22:17:04.290 | DEBUG    | utils.geo_utils:haversine_distance:20 - Haversine: (31.319581, 73.129629) → (31.3281703, 73.1302408) = 956.9 m
2026-03-26 22:17:04.290 | DEBUG    | data_pipeline.stop_builder:snap_stops_to_roads:38 - Snapped Test Student 11 (TEST-6729): 956.9m
2026-03-26 22:17:04.365 | DEBUG    | optimization.store_routes:store_optimized_routes:358 - Final batch: 58 writes
2026-03-26 22:17:04.402 | INFO     | optimization.store_routes:store_optimized_routes:361 - Phase 3: Storing per-student fees...
2026-03-26 22:17:04.423 | DEBUG    | utils.distance_utils:build_node_balltree:29 - Built BallTree with 7460 nodes
2026-03-26 22:17:04.440 | DEBUG    | utils.geo_utils:haversine_distance:20 - Haversine: (31.342673, 73.180091) → (31.3434454, 73.1825193) = 246.1 m
2026-03-26 22:17:04.441 | DEBUG    | utils.distance_utils:find_nearest_road_point:56 - Nearest road node to (31.342673, 73.180091): (31.343445, 73.182519) — 246.1m
2026-03-26 22:17:04.441 | DEBUG    | utils.geo_utils:haversine_distance:20 - Haversine: (31.342673, 73.180091) → (31.3434454, 73.1825193) = 246.1 m
2026-03-26 22:17:04.441 | DEBUG    | data_pipeline.stop_builder:snap_stops_to_roads:38 - Snapped Test Student 1 (TEST-1717): 246.1m
2026-03-26 22:17:04.520 | DEBUG    | utils.distance_utils:build_node_balltree:29 - Built BallTree with 7460 nodes
2026-03-26 22:17:04.523 | DEBUG    | utils.geo_utils:haversine_distance:20 - Haversine: (31.419161, 73.04138) → (31.4192659, 73.0416323) = 26.6 m
2026-03-26 22:17:04.523 | DEBUG    | utils.distance_utils:find_nearest_road_point:56 - Nearest road node to (31.419161, 73.04138): (31.419266, 73.041632) — 26.6m
2026-03-26 22:17:04.523 | DEBUG    | utils.geo_utils:haversine_distance:20 - Haversine: (31.419161, 73.04138) → (31.4192659, 73.0416323) = 26.6 m
2026-03-26 22:17:04.523 | DEBUG    | data_pipeline.stop_builder:snap_stops_to_roads:38 - Snapped Test Student 27 (TEST-3106): 26.6m
2026-03-26 22:17:04.588 | DEBUG    | utils.distance_utils:build_node_balltree:29 - Built BallTree with 7460 nodes
2026-03-26 22:17:04.591 | DEBUG    | utils.geo_utils:haversine_distance:20 - Haversine: (31.513945, 73.145) → (31.5101284, 73.1503952) = 664.6 m
2026-03-26 22:17:04.591 | DEBUG    | utils.distance_utils:find_nearest_road_point:56 - Nearest road node to (31.513945, 73.145): (31.510128, 73.150395) — 664.6m
2026-03-26 22:17:04.592 | DEBUG    | utils.geo_utils:haversine_distance:20 - Haversine: (31.513945, 73.145) → (31.5101284, 73.1503952) = 664.6 m
2026-03-26 22:17:04.593 | DEBUG    | data_pipeline.stop_builder:snap_stops_to_roads:38 - Snapped Test Student 20 (TEST-7495): 664.6m
2026-03-26 22:17:04.640 | DEBUG    | utils.distance_utils:build_node_balltree:29 - Built BallTree with 7460 nodes
2026-03-26 22:17:04.643 | DEBUG    | utils.geo_utils:haversine_distance:20 - Haversine: (31.462728, 73.168167) → (31.4641337, 73.1683411) = 157.2 m
2026-03-26 22:17:04.649 | DEBUG    | utils.distance_utils:find_nearest_road_point:56 - Nearest road node to (31.462728, 73.168167): (31.464134, 73.168341) — 157.2m
2026-03-26 22:17:04.651 | DEBUG    | utils.geo_utils:haversine_distance:20 - Haversine: (31.462728, 73.168167) → (31.4641337, 73.1683411) = 157.2 m
2026-03-26 22:17:04.651 | DEBUG    | data_pipeline.stop_builder:snap_stops_to_roads:38 - Snapped Test Student 15 (TEST-5668): 157.2m
2026-03-26 22:17:04.732 | DEBUG    | utils.distance_utils:build_node_balltree:29 - Built BallTree with 7460 nodes
2026-03-26 22:17:04.733 | DEBUG    | utils.geo_utils:haversine_distance:20 - Haversine: (31.346116, 73.056539) → (31.3446991, 73.0585627) = 248.5 m
2026-03-26 22:17:04.734 | DEBUG    | utils.distance_utils:find_nearest_road_point:56 - Nearest road node to (31.346116, 73.056539): (31.344699, 73.058563) — 248.5m
2026-03-26 22:17:04.734 | DEBUG    | utils.geo_utils:haversine_distance:20 - Haversine: (31.346116, 73.056539) → (31.3446991, 73.0585627) = 248.5 m
2026-03-26 22:17:04.734 | DEBUG    | data_pipeline.stop_builder:snap_stops_to_roads:38 - Snapped Test Student 9 (TEST-8987): 248.5m
2026-03-26 22:17:04.835 | DEBUG    | utils.distance_utils:build_node_balltree:29 - Built BallTree with 7460 nodes
2026-03-26 22:17:04.837 | DEBUG    | utils.geo_utils:haversine_distance:20 - Haversine: (31.544202, 73.128686) → (31.5431453, 73.1283131) = 122.7 m
2026-03-26 22:17:04.837 | DEBUG    | utils.distance_utils:find_nearest_road_point:56 - Nearest road node to (31.544202, 73.128686): (31.543145, 73.128313) — 122.7m
2026-03-26 22:17:04.838 | DEBUG    | utils.geo_utils:haversine_distance:20 - Haversine: (31.544202, 73.128686) → (31.5431453, 73.1283131) = 122.7 m
2026-03-26 22:17:04.838 | DEBUG    | data_pipeline.stop_builder:snap_stops_to_roads:38 - Snapped Test Student 4 (TEST-9428): 122.7m
2026-03-26 22:17:04.882 | DEBUG    | utils.distance_utils:build_node_balltree:29 - Built BallTree with 7460 nodes
2026-03-26 22:17:04.883 | DEBUG    | utils.geo_utils:haversine_distance:20 - Haversine: (31.393089, 73.028228) → (31.398463, 73.0263855) = 622.6 m
2026-03-26 22:17:04.884 | DEBUG    | utils.distance_utils:find_nearest_road_point:56 - Nearest road node to (31.393089, 73.028228): (31.398463, 73.026386) — 622.6m
2026-03-26 22:17:04.885 | DEBUG    | utils.geo_utils:haversine_distance:20 - Haversine: (31.393089, 73.028228) → (31.398463, 73.0263855) = 622.6 m
2026-03-26 22:17:04.885 | DEBUG    | data_pipeline.stop_builder:snap_stops_to_roads:38 - Snapped Test Student 5 (TEST-5892): 622.6m
2026-03-26 22:17:04.958 | DEBUG    | utils.distance_utils:build_node_balltree:29 - Built BallTree with 7460 nodes
2026-03-26 22:17:04.965 | DEBUG    | utils.geo_utils:haversine_distance:20 - Haversine: (31.318863, 73.183249) → (31.3190478, 73.1756414) = 723.0 m
2026-03-26 22:17:04.965 | DEBUG    | utils.distance_utils:find_nearest_road_point:56 - Nearest road node to (31.318863, 73.183249): (31.319048, 73.175641) — 723.0m
2026-03-26 22:17:04.966 | DEBUG    | utils.geo_utils:haversine_distance:20 - Haversine: (31.318863, 73.183249) → (31.3190478, 73.1756414) = 723.0 m
2026-03-26 22:17:04.966 | DEBUG    | data_pipeline.stop_builder:snap_stops_to_roads:38 - Snapped Test Student 29 (TEST-7084): 723.0m
2026-03-26 22:17:06.183 | DEBUG    | utils.distance_utils:build_node_balltree:29 - Built BallTree with 7460 nodes
2026-03-26 22:17:06.204 | DEBUG    | utils.geo_utils:haversine_distance:20 - Haversine: (31.354815, 73.143189) → (31.3557607, 73.1450675) = 207.1 m
2026-03-26 22:17:06.226 | DEBUG    | utils.distance_utils:find_nearest_road_point:56 - Nearest road node to (31.354815, 73.143189): (31.355761, 73.145067) — 207.1m
2026-03-26 22:17:06.228 | DEBUG    | utils.geo_utils:haversine_distance:20 - Haversine: (31.354815, 73.143189) → (31.3557607, 73.1450675) = 207.1 m
2026-03-26 22:17:06.228 | DEBUG    | data_pipeline.stop_builder:snap_stops_to_roads:38 - Snapped Test Student 17 (TEST-4072): 207.1m
2026-03-26 22:17:06.273 | INFO     | optimization.store_routes:compute_fee_per_student:32 - Fee calc: 40410 PKR/student | dist=58.9km | students=7
2026-03-26 22:17:06.342 | DEBUG    | utils.distance_utils:build_node_balltree:29 - Built BallTree with 7460 nodes
2026-03-26 22:17:06.351 | DEBUG    | utils.geo_utils:haversine_distance:20 - Haversine: (31.459172, 73.066434) → (31.4601458, 73.0666137) = 109.6 m
2026-03-26 22:17:06.351 | DEBUG    | utils.distance_utils:find_nearest_road_point:56 - Nearest road node to (31.459172, 73.066434): (31.460146, 73.066614) — 109.6m
2026-03-26 22:17:06.351 | DEBUG    | utils.geo_utils:haversine_distance:20 - Haversine: (31.459172, 73.066434) → (31.4601458, 73.0666137) = 109.6 m
2026-03-26 22:17:06.351 | DEBUG    | data_pipeline.stop_builder:snap_stops_to_roads:38 - Snapped Test Student 18 (TEST-9353): 109.6m
2026-03-26 22:17:06.422 | DEBUG    | utils.distance_utils:build_node_balltree:29 - Built BallTree with 7460 nodes
2026-03-26 22:17:06.424 | DEBUG    | utils.geo_utils:haversine_distance:20 - Haversine: (31.537509, 73.124448) → (31.5426468, 73.1258022) = 585.5 m
2026-03-26 22:17:06.424 | DEBUG    | utils.distance_utils:find_nearest_road_point:56 - Nearest road node to (31.537509, 73.124448): (31.542647, 73.125802) — 585.5m
2026-03-26 22:17:06.425 | DEBUG    | utils.geo_utils:haversine_distance:20 - Haversine: (31.537509, 73.124448) → (31.5426468, 73.1258022) = 585.5 m
2026-03-26 22:17:06.425 | DEBUG    | data_pipeline.stop_builder:snap_stops_to_roads:38 - Snapped Test Student 6 (TEST-3775): 585.5m
2026-03-26 22:17:06.519 | DEBUG    | utils.distance_utils:build_node_balltree:29 - Built BallTree with 7460 nodes
2026-03-26 22:17:06.530 | DEBUG    | utils.geo_utils:haversine_distance:20 - Haversine: (31.473589, 73.112736) → (31.4743292, 73.1046958) = 766.9 m
2026-03-26 22:17:06.530 | DEBUG    | utils.distance_utils:find_nearest_road_point:56 - Nearest road node to (31.473589, 73.112736): (31.474329, 73.104696) — 766.9m
2026-03-26 22:17:06.530 | DEBUG    | utils.geo_utils:haversine_distance:20 - Haversine: (31.473589, 73.112736) → (31.4743292, 73.1046958) = 766.9 m
2026-03-26 22:17:06.530 | DEBUG    | data_pipeline.stop_builder:snap_stops_to_roads:38 - Snapped Test Student 22 (TEST-9109): 766.9m
2026-03-26 22:17:06.583 | DEBUG    | utils.distance_utils:build_node_balltree:29 - Built BallTree with 7460 nodes
2026-03-26 22:17:06.585 | DEBUG    | utils.geo_utils:haversine_distance:20 - Haversine: (31.468675, 73.160721) → (31.4693742, 73.1600766) = 98.9 m
2026-03-26 22:17:06.585 | DEBUG    | utils.distance_utils:find_nearest_road_point:56 - Nearest road node to (31.468675, 73.160721): (31.469374, 73.160077) — 98.9m
2026-03-26 22:17:06.585 | DEBUG    | utils.geo_utils:haversine_distance:20 - Haversine: (31.468675, 73.160721) → (31.4693742, 73.1600766) = 98.9 m
2026-03-26 22:17:06.586 | DEBUG    | data_pipeline.stop_builder:snap_stops_to_roads:38 - Snapped Test Student 19 (TEST-9533): 98.9m
2026-03-26 22:17:06.621 | DEBUG    | utils.distance_utils:build_node_balltree:29 - Built BallTree with 7460 nodes
2026-03-26 22:17:06.622 | DEBUG    | utils.geo_utils:haversine_distance:20 - Haversine: (31.405239, 73.112616) → (31.4060883, 73.1115478) = 138.5 m
2026-03-26 22:17:06.623 | DEBUG    | utils.distance_utils:find_nearest_road_point:56 - Nearest road node to (31.405239, 73.112616): (31.406088, 73.111548) — 138.5m
2026-03-26 22:17:06.623 | DEBUG    | utils.geo_utils:haversine_distance:20 - Haversine: (31.405239, 73.112616) → (31.4060883, 73.1115478) = 138.5 m
2026-03-26 22:17:06.623 | DEBUG    | data_pipeline.stop_builder:snap_stops_to_roads:38 - Snapped Test Student 26 (TEST-5354): 138.5m
2026-03-26 22:17:06.673 | DEBUG    | utils.distance_utils:build_node_balltree:29 - Built BallTree with 7460 nodes
2026-03-26 22:17:06.676 | DEBUG    | utils.geo_utils:haversine_distance:20 - Haversine: (31.470598, 73.008555) → (31.4773379, 73.0052033) = 814.1 m
2026-03-26 22:17:06.676 | DEBUG    | utils.distance_utils:find_nearest_road_point:56 - Nearest road node to (31.470598, 73.008555): (31.477338, 73.005203) — 814.1m
2026-03-26 22:17:06.678 | DEBUG    | utils.geo_utils:haversine_distance:20 - Haversine: (31.470598, 73.008555) → (31.4773379, 73.0052033) = 814.1 m
2026-03-26 22:17:06.680 | DEBUG    | data_pipeline.stop_builder:snap_stops_to_roads:38 - Snapped Test Student 24 (TEST-8754): 814.1m
2026-03-26 22:17:06.725 | DEBUG    | utils.distance_utils:build_node_balltree:29 - Built BallTree with 7460 nodes
2026-03-26 22:17:06.729 | DEBUG    | utils.geo_utils:haversine_distance:20 - Haversine: (31.480136, 73.16337) → (31.4766945, 73.1677037) = 561.5 m
2026-03-26 22:17:06.730 | DEBUG    | utils.distance_utils:find_nearest_road_point:56 - Nearest road node to (31.480136, 73.16337): (31.476695, 73.167704) — 561.5m
2026-03-26 22:17:06.730 | DEBUG    | utils.geo_utils:haversine_distance:20 - Haversine: (31.480136, 73.16337) → (31.4766945, 73.1677037) = 561.5 m
2026-03-26 22:17:06.730 | DEBUG    | data_pipeline.stop_builder:snap_stops_to_roads:38 - Snapped Test Student 21 (TEST-9356): 561.5m
2026-03-26 22:17:06.775 | DEBUG    | utils.distance_utils:build_node_balltree:29 - Built BallTree with 7460 nodes
2026-03-26 22:17:06.780 | DEBUG    | utils.geo_utils:haversine_distance:20 - Haversine: (31.503809, 73.163047) → (31.504101, 73.1583633) = 445.2 m
2026-03-26 22:17:06.780 | DEBUG    | utils.distance_utils:find_nearest_road_point:56 - Nearest road node to (31.503809, 73.163047): (31.504101, 73.158363) — 445.2m
2026-03-26 22:17:06.781 | DEBUG    | utils.geo_utils:haversine_distance:20 - Haversine: (31.503809, 73.163047) → (31.504101, 73.1583633) = 445.2 m
2026-03-26 22:17:06.781 | DEBUG    | data_pipeline.stop_builder:snap_stops_to_roads:38 - Snapped Test Student 2 (TEST-1842): 445.2m
2026-03-26 22:17:06.829 | DEBUG    | utils.distance_utils:build_node_balltree:29 - Built BallTree with 7460 nodes
2026-03-26 22:17:06.832 | DEBUG    | utils.geo_utils:haversine_distance:20 - Haversine: (31.388719, 73.18885) → (31.3907077, 73.1897443) = 236.9 m
2026-03-26 22:17:06.832 | DEBUG    | utils.distance_utils:find_nearest_road_point:56 - Nearest road node to (31.388719, 73.18885): (31.390708, 73.189744) — 236.9m
2026-03-26 22:17:06.832 | DEBUG    | utils.geo_utils:haversine_distance:20 - Haversine: (31.388719, 73.18885) → (31.3907077, 73.1897443) = 236.9 m
2026-03-26 22:17:06.833 | DEBUG    | data_pipeline.stop_builder:snap_stops_to_roads:38 - Snapped Test Student 16 (TEST-8203): 236.9m
2026-03-26 22:17:06.875 | DEBUG    | utils.distance_utils:build_node_balltree:29 - Built BallTree with 7460 nodes
2026-03-26 22:17:06.875 | DEBUG    | optimization.store_routes:store_optimized_routes:401 - Stored fee for 61fbjUraIhPuzNx8BY68aYewSG02: 40410 PKR
2026-03-26 22:17:06.881 | DEBUG    | utils.geo_utils:haversine_distance:20 - Haversine: (31.406549, 73.086759) → (31.4052045, 73.0873694) = 160.3 m
2026-03-26 22:17:06.883 | DEBUG    | utils.distance_utils:find_nearest_road_point:56 - Nearest road node to (31.406549, 73.086759): (31.405204, 73.087369) — 160.3m
2026-03-26 22:17:06.883 | DEBUG    | utils.geo_utils:haversine_distance:20 - Haversine: (31.406549, 73.086759) → (31.4052045, 73.0873694) = 160.3 m
2026-03-26 22:17:06.883 | DEBUG    | data_pipeline.stop_builder:snap_stops_to_roads:38 - Snapped Test Student 8 (TEST-8476): 160.3m
2026-03-26 22:17:06.884 | INFO     | data_pipeline.stop_builder:snap_stops_to_roads:47 - Snapping complete:
2026-03-26 22:17:06.886 | INFO     | data_pipeline.stop_builder:snap_stops_to_roads:48 -   Input stops: 30
2026-03-26 22:17:06.886 | INFO     | data_pipeline.stop_builder:snap_stops_to_roads:49 -   Snapped successfully: 30
2026-03-26 22:17:06.887 | INFO     | data_pipeline.stop_builder:snap_stops_to_roads:50 -   Skipped (too far): 0
2026-03-26 22:17:06.887 | DEBUG    | data_pipeline.stop_builder:snap_stops_to_roads:53 - First snapped stop example: {'student_id': '3CNKLBNknvMId9G9MJ1cVoQjkpw2', 'name': 'Test Student 12', 'roll_no': 'TEST-4382', 'lat': 31.3691526, 'lng': 73.0514611, 'student_count': 1, 'contact': '03597900028', 'semester': 'Spring 2026', 'fee_status': 'unpaid', 'registration_status': 'successful', 'original_lat': 31.369289, 'original_lng': 73.051406, 'snap_distance_m': 16.04}
2026-03-26 22:17:06.887 | DEBUG    | utils.geo_utils:haversine_distance:20 - Haversine: (31.3787188, 73.157798) → (31.3691526, 73.0514611) = 10151.2 m
2026-03-26 22:17:06.888 | DEBUG    | utils.geo_utils:haversine_distance:20 - Haversine: (31.4457694, 73.1408101) → (31.3691526, 73.0514611) = 12020.1 m
2026-03-26 22:17:06.888 | DEBUG    | utils.geo_utils:haversine_distance:20 - Haversine: (31.4457694, 73.1408101) → (31.3787188, 73.157798) = 7628.0 m
2026-03-26 22:17:06.888 | DEBUG    | utils.geo_utils:haversine_distance:20 - Haversine: (31.5487412, 73.1501112) → (31.3691526, 73.0514611) = 22052.9 m
2026-03-26 22:17:06.888 | DEBUG    | utils.geo_utils:haversine_distance:20 - Haversine: (31.5487412, 73.1501112) → (31.3787188, 73.157798) = 18919.7 m
2026-03-26 22:17:06.888 | DEBUG    | utils.geo_utils:haversine_distance:20 - Haversine: (31.5487412, 73.1501112) → (31.4457694, 73.1408101) = 11483.9 m
2026-03-26 22:17:06.888 | DEBUG    | utils.geo_utils:haversine_distance:20 - Haversine: (31.3836456, 73.0640586) → (31.3691526, 73.0514611) = 2006.8 m
2026-03-26 22:17:06.888 | DEBUG    | utils.geo_utils:haversine_distance:20 - Haversine: (31.3836456, 73.0640586) → (31.3787188, 73.157798) = 8915.5 m
2026-03-26 22:17:06.888 | DEBUG    | utils.geo_utils:haversine_distance:20 - Haversine: (31.3836456, 73.0640586) → (31.4457694, 73.1408101) = 10038.2 m
2026-03-26 22:17:06.888 | DEBUG    | utils.geo_utils:haversine_distance:20 - Haversine: (31.3836456, 73.0640586) → (31.5487412, 73.1501112) = 20090.3 m
2026-03-26 22:17:06.889 | DEBUG    | utils.geo_utils:haversine_distance:20 - Haversine: (31.4467219, 73.1271368) → (31.3691526, 73.0514611) = 11223.8 m
2026-03-26 22:17:06.889 | DEBUG    | utils.geo_utils:haversine_distance:20 - Haversine: (31.4467219, 73.1271368) → (31.3787188, 73.157798) = 8102.1 m
2026-03-26 22:17:06.889 | DEBUG    | utils.geo_utils:haversine_distance:20 - Haversine: (31.4467219, 73.1271368) → (31.4457694, 73.1408101) = 1301.4 m
2026-03-26 22:17:06.889 | DEBUG    | utils.geo_utils:haversine_distance:20 - Haversine: (31.4467219, 73.1271368) → (31.5487412, 73.1501112) = 11551.3 m
2026-03-26 22:17:06.889 | DEBUG    | utils.geo_utils:haversine_distance:20 - Haversine: (31.4467219, 73.1271368) → (31.3836456, 73.0640586) = 9220.8 m
2026-03-26 22:17:06.889 | DEBUG    | utils.geo_utils:haversine_distance:20 - Haversine: (31.330396, 73.0696448) → (31.3691526, 73.0514611) = 4642.6 m
2026-03-26 22:17:06.889 | DEBUG    | utils.geo_utils:haversine_distance:20 - Haversine: (31.330396, 73.0696448) → (31.3787188, 73.157798) = 9946.9 m
2026-03-26 22:17:06.889 | DEBUG    | utils.geo_utils:haversine_distance:20 - Haversine: (31.330396, 73.0696448) → (31.4457694, 73.1408101) = 14498.8 m
2026-03-26 22:17:06.889 | DEBUG    | utils.geo_utils:haversine_distance:20 - Haversine: (31.330396, 73.0696448) → (31.5487412, 73.1501112) = 25450.7 m
2026-03-26 22:17:06.889 | DEBUG    | utils.geo_utils:haversine_distance:20 - Haversine: (31.330396, 73.0696448) → (31.3836456, 73.0640586) = 5944.8 m
2026-03-26 22:17:06.889 | DEBUG    | utils.geo_utils:haversine_distance:20 - Haversine: (31.330396, 73.0696448) → (31.4467219, 73.1271368) = 14038.9 m
2026-03-26 22:17:06.889 | DEBUG    | utils.geo_utils:haversine_distance:20 - Haversine: (31.3413852, 73.1852291) → (31.3691526, 73.0514611) = 13071.9 m
2026-03-26 22:17:06.889 | DEBUG    | utils.geo_utils:haversine_distance:20 - Haversine: (31.3413852, 73.1852291) → (31.3787188, 73.157798) = 4900.7 m
2026-03-26 22:17:06.889 | DEBUG    | utils.geo_utils:haversine_distance:20 - Haversine: (31.3413852, 73.1852291) → (31.4457694, 73.1408101) = 12349.0 m
2026-03-26 22:17:06.890 | DEBUG    | utils.geo_utils:haversine_distance:20 - Haversine: (31.3413852, 73.1852291) → (31.5487412, 73.1501112) = 23296.4 m
2026-03-26 22:17:06.890 | DEBUG    | utils.geo_utils:haversine_distance:20 - Haversine: (31.3413852, 73.1852291) → (31.3836456, 73.0640586) = 12427.6 m
2026-03-26 22:17:06.890 | DEBUG    | utils.geo_utils:haversine_distance:20 - Haversine: (31.3413852, 73.1852291) → (31.4467219, 73.1271368) = 12945.9 m
2026-03-26 22:17:06.890 | DEBUG    | utils.geo_utils:haversine_distance:20 - Haversine: (31.3413852, 73.1852291) → (31.330396, 73.0696448) = 11045.4 m
2026-03-26 22:17:06.890 | DEBUG    | utils.geo_utils:haversine_distance:20 - Haversine: (31.4000755, 73.0126538) → (31.3691526, 73.0514611) = 5039.2 m
2026-03-26 22:17:06.890 | DEBUG    | utils.geo_utils:haversine_distance:20 - Haversine: (31.4000755, 73.0126538) → (31.3787188, 73.157798) = 13980.4 m
2026-03-26 22:17:06.890 | DEBUG    | utils.geo_utils:haversine_distance:20 - Haversine: (31.4000755, 73.0126538) → (31.4457694, 73.1408101) = 13179.2 m
2026-03-26 22:17:06.890 | DEBUG    | utils.geo_utils:haversine_distance:20 - Haversine: (31.4000755, 73.0126538) → (31.5487412, 73.1501112) = 21052.4 m
2026-03-26 22:17:06.890 | DEBUG    | utils.geo_utils:haversine_distance:20 - Haversine: (31.4000755, 73.0126538) → (31.3836456, 73.0640586) = 5210.1 m
2026-03-26 22:17:06.890 | DEBUG    | utils.geo_utils:haversine_distance:20 - Haversine: (31.4000755, 73.0126538) → (31.4467219, 73.1271368) = 12037.7 m
2026-03-26 22:17:06.890 | DEBUG    | utils.geo_utils:haversine_distance:20 - Haversine: (31.4000755, 73.0126538) → (31.330396, 73.0696448) = 9450.5 m
2026-03-26 22:17:06.890 | DEBUG    | utils.geo_utils:haversine_distance:20 - Haversine: (31.4000755, 73.0126538) → (31.3413852, 73.1852291) = 17636.2 m
2026-03-26 22:17:06.890 | DEBUG    | utils.geo_utils:haversine_distance:20 - Haversine: (31.527645, 73.0552285) → (31.3691526, 73.0514611) = 17627.2 m
2026-03-26 22:17:06.891 | DEBUG    | utils.geo_utils:haversine_distance:20 - Haversine: (31.527645, 73.0552285) → (31.3787188, 73.157798) = 19206.5 m
2026-03-26 22:17:06.891 | DEBUG    | utils.geo_utils:haversine_distance:20 - Haversine: (31.527645, 73.0552285) → (31.4457694, 73.1408101) = 12195.9 m
2026-03-26 22:17:06.891 | DEBUG    | utils.geo_utils:haversine_distance:20 - Haversine: (31.527645, 73.0552285) → (31.5487412, 73.1501112) = 9293.0 m
2026-03-26 22:17:06.891 | DEBUG    | utils.geo_utils:haversine_distance:20 - Haversine: (31.527645, 73.0552285) → (31.3836456, 73.0640586) = 16033.9 m
2026-03-26 22:17:06.891 | DEBUG    | utils.geo_utils:haversine_distance:20 - Haversine: (31.527645, 73.0552285) → (31.4467219, 73.1271368) = 11289.8 m
2026-03-26 22:17:06.891 | DEBUG    | utils.geo_utils:haversine_distance:20 - Haversine: (31.527645, 73.0552285) → (31.330396, 73.0696448) = 21975.7 m
2026-03-26 22:17:06.891 | DEBUG    | utils.geo_utils:haversine_distance:20 - Haversine: (31.527645, 73.0552285) → (31.3413852, 73.1852291) = 24105.5 m
2026-03-26 22:17:06.891 | DEBUG    | utils.geo_utils:haversine_distance:20 - Haversine: (31.527645, 73.0552285) → (31.4000755, 73.0126538) = 14748.6 m
2026-03-26 22:17:06.891 | DEBUG    | utils.geo_utils:haversine_distance:20 - Haversine: (31.3281703, 73.1302408) → (31.3691526, 73.0514611) = 8759.8 m
2026-03-26 22:17:06.891 | DEBUG    | utils.geo_utils:haversine_distance:20 - Haversine: (31.3281703, 73.1302408) → (31.3787188, 73.157798) = 6200.0 m
2026-03-26 22:17:06.891 | DEBUG    | utils.geo_utils:haversine_distance:20 - Haversine: (31.3281703, 73.1302408) → (31.4457694, 73.1408101) = 13114.9 m
2026-03-26 22:17:06.891 | DEBUG    | utils.geo_utils:haversine_distance:20 - Haversine: (31.3281703, 73.1302408) → (31.5487412, 73.1501112) = 24598.7 m
2026-03-26 22:17:06.892 | DEBUG    | utils.geo_utils:haversine_distance:20 - Haversine: (31.3281703, 73.1302408) → (31.3836456, 73.0640586) = 8805.9 m
2026-03-26 22:17:06.896 | DEBUG    | utils.geo_utils:haversine_distance:20 - Haversine: (31.3281703, 73.1302408) → (31.4467219, 73.1271368) = 13185.6 m
2026-03-26 22:17:06.897 | DEBUG    | utils.geo_utils:haversine_distance:20 - Haversine: (31.3281703, 73.1302408) → (31.330396, 73.0696448) = 5760.8 m
2026-03-26 22:17:06.897 | DEBUG    | utils.geo_utils:haversine_distance:20 - Haversine: (31.3281703, 73.1302408) → (31.3413852, 73.1852291) = 5425.4 m
2026-03-26 22:17:06.897 | DEBUG    | utils.geo_utils:haversine_distance:20 - Haversine: (31.3281703, 73.1302408) → (31.4000755, 73.0126538) = 13732.2 m
2026-03-26 22:17:06.897 | DEBUG    | utils.geo_utils:haversine_distance:20 - Haversine: (31.3281703, 73.1302408) → (31.527645, 73.0552285) = 23294.5 m
2026-03-26 22:17:06.897 | DEBUG    | utils.geo_utils:haversine_distance:20 - Haversine: (31.3434454, 73.1825193) → (31.3691526, 73.0514611) = 12768.7 m
2026-03-26 22:17:06.897 | DEBUG    | utils.geo_utils:haversine_distance:20 - Haversine: (31.3434454, 73.1825193) → (31.3787188, 73.157798) = 4570.9 m
2026-03-26 22:17:06.897 | DEBUG    | utils.geo_utils:haversine_distance:20 - Haversine: (31.3434454, 73.1825193) → (31.4457694, 73.1408101) = 12047.0 m
2026-03-26 22:17:06.898 | DEBUG    | utils.geo_utils:haversine_distance:20 - Haversine: (31.3434454, 73.1825193) → (31.5487412, 73.1501112) = 23033.9 m
2026-03-26 22:17:06.898 | DEBUG    | utils.geo_utils:haversine_distance:20 - Haversine: (31.3434454, 73.1825193) → (31.3836456, 73.0640586) = 12103.2 m
2026-03-26 22:17:06.898 | DEBUG    | utils.geo_utils:haversine_distance:20 - Haversine: (31.3434454, 73.1825193) → (31.4467219, 73.1271368) = 12629.8 m
2026-03-26 22:17:06.898 | DEBUG    | utils.geo_utils:haversine_distance:20 - Haversine: (31.3434454, 73.1825193) → (31.330396, 73.0696448) = 10817.9 m
2026-03-26 22:17:06.898 | DEBUG    | utils.geo_utils:haversine_distance:20 - Haversine: (31.3434454, 73.1825193) → (31.3413852, 73.1852291) = 344.5 m
2026-03-26 22:17:06.898 | DEBUG    | utils.geo_utils:haversine_distance:20 - Haversine: (31.4192659, 73.0416323) → (31.3691526, 73.0514611) = 5649.9 m
2026-03-26 22:17:06.899 | DEBUG    | utils.geo_utils:haversine_distance:20 - Haversine: (31.4192659, 73.0416323) → (31.3787188, 73.157798) = 11911.7 m
2026-03-26 22:17:06.899 | DEBUG    | utils.geo_utils:haversine_distance:20 - Haversine: (31.4192659, 73.0416323) → (31.4457694, 73.1408101) = 9860.5 m
2026-03-26 22:17:06.900 | DEBUG    | utils.geo_utils:haversine_distance:20 - Haversine: (31.4192659, 73.0416323) → (31.5487412, 73.1501112) = 17694.3 m
2026-03-26 22:17:06.900 | DEBUG    | utils.geo_utils:haversine_distance:20 - Haversine: (31.4192659, 73.0416323) → (31.3836456, 73.0640586) = 4496.5 m
2026-03-26 22:17:06.900 | DEBUG    | utils.geo_utils:haversine_distance:20 - Haversine: (31.4192659, 73.0416323) → (31.4467219, 73.1271368) = 8667.9 m
2026-03-26 22:17:06.901 | DEBUG    | utils.geo_utils:haversine_distance:20 - Haversine: (31.4192659, 73.0416323) → (31.330396, 73.0696448) = 10233.5 m
2026-03-26 22:17:06.901 | DEBUG    | utils.geo_utils:haversine_distance:20 - Haversine: (31.4192659, 73.0416323) → (31.3413852, 73.1852291) = 16149.9 m
2026-03-26 22:17:06.902 | DEBUG    | utils.geo_utils:haversine_distance:20 - Haversine: (31.4192659, 73.0416323) → (31.4000755, 73.0126538) = 3480.9 m
2026-03-26 22:17:06.902 | DEBUG    | utils.geo_utils:haversine_distance:20 - Haversine: (31.4192659, 73.0416323) → (31.527645, 73.0552285) = 12120.0 m
2026-03-26 22:17:06.902 | DEBUG    | utils.geo_utils:haversine_distance:20 - Haversine: (31.4192659, 73.0416323) → (31.3281703, 73.1302408) = 13167.0 m
2026-03-26 22:17:06.902 | DEBUG    | utils.geo_utils:haversine_distance:20 - Haversine: (31.5101284, 73.1503952) → (31.3691526, 73.0514611) = 18270.9 m
2026-03-26 22:17:06.902 | DEBUG    | utils.geo_utils:haversine_distance:20 - Haversine: (31.5101284, 73.1503952) → (31.3787188, 73.157798) = 14628.9 m
2026-03-26 22:17:06.902 | DEBUG    | utils.geo_utils:haversine_distance:20 - Haversine: (31.5101284, 73.1503952) → (31.4457694, 73.1408101) = 7213.9 m
2026-03-26 22:17:06.903 | DEBUG    | utils.geo_utils:haversine_distance:20 - Haversine: (31.5101284, 73.1503952) → (31.5487412, 73.1501112) = 4293.6 m
2026-03-26 22:17:06.904 | DEBUG    | utils.geo_utils:haversine_distance:20 - Haversine: (31.5101284, 73.1503952) → (31.3836456, 73.0640586) = 16275.2 m
2026-03-26 22:17:06.904 | DEBUG    | utils.geo_utils:haversine_distance:20 - Haversine: (31.5101284, 73.1503952) → (31.4467219, 73.1271368) = 7387.4 m
2026-03-26 22:17:06.904 | DEBUG    | utils.geo_utils:haversine_distance:20 - Haversine: (31.5101284, 73.1503952) → (31.330396, 73.0696448) = 21403.9 m
2026-03-26 22:17:06.904 | DEBUG    | utils.geo_utils:haversine_distance:20 - Haversine: (31.5101284, 73.1503952) → (31.3413852, 73.1852291) = 19052.3 m
2026-03-26 22:17:06.904 | DEBUG    | utils.geo_utils:haversine_distance:20 - Haversine: (31.5101284, 73.1503952) → (31.4000755, 73.0126538) = 17901.3 m
2026-03-26 22:17:06.905 | DEBUG    | utils.geo_utils:haversine_distance:20 - Haversine: (31.5101284, 73.1503952) → (31.527645, 73.0552285) = 9228.7 m
2026-03-26 22:17:06.905 | DEBUG    | utils.geo_utils:haversine_distance:20 - Haversine: (31.5101284, 73.1503952) → (31.3281703, 73.1302408) = 20323.0 m
2026-03-26 22:17:06.905 | DEBUG    | utils.geo_utils:haversine_distance:20 - Haversine: (31.5101284, 73.1503952) → (31.4192659, 73.0416323) = 14439.2 m
2026-03-26 22:17:06.905 | DEBUG    | utils.geo_utils:haversine_distance:20 - Haversine: (31.4641337, 73.1683411) → (31.3691526, 73.0514611) = 15315.3 m
2026-03-26 22:17:06.905 | DEBUG    | utils.geo_utils:haversine_distance:20 - Haversine: (31.4641337, 73.1683411) → (31.3787188, 73.157798) = 9550.2 m
2026-03-26 22:17:06.905 | DEBUG    | utils.geo_utils:haversine_distance:20 - Haversine: (31.4641337, 73.1683411) → (31.4457694, 73.1408101) = 3315.0 m
2026-03-26 22:17:06.905 | DEBUG    | utils.geo_utils:haversine_distance:20 - Haversine: (31.4641337, 73.1683411) → (31.5487412, 73.1501112) = 9565.3 m
2026-03-26 22:17:06.905 | DEBUG    | utils.geo_utils:haversine_distance:20 - Haversine: (31.4641337, 73.1683411) → (31.3836456, 73.0640586) = 13342.1 m
2026-03-26 22:17:06.905 | DEBUG    | utils.geo_utils:haversine_distance:20 - Haversine: (31.4641337, 73.1683411) → (31.4467219, 73.1271368) = 4361.7 m
2026-03-26 22:17:06.905 | DEBUG    | utils.geo_utils:haversine_distance:20 - Haversine: (31.4641337, 73.1683411) → (31.330396, 73.0696448) = 17575.5 m
2026-03-26 22:17:06.905 | DEBUG    | utils.geo_utils:haversine_distance:20 - Haversine: (31.4641337, 73.1683411) → (31.3413852, 73.1852291) = 13742.8 m
2026-03-26 22:17:06.905 | DEBUG    | utils.geo_utils:haversine_distance:20 - Haversine: (31.4641337, 73.1683411) → (31.4000755, 73.0126538) = 16399.0 m
2026-03-26 22:17:06.905 | DEBUG    | utils.geo_utils:haversine_distance:20 - Haversine: (31.4641337, 73.1683411) → (31.527645, 73.0552285) = 12841.0 m
2026-03-26 22:17:06.906 | DEBUG    | utils.geo_utils:haversine_distance:20 - Haversine: (31.4641337, 73.1683411) → (31.3281703, 73.1302408) = 15544.9 m
2026-03-26 22:17:06.906 | DEBUG    | utils.geo_utils:haversine_distance:20 - Haversine: (31.4641337, 73.1683411) → (31.4192659, 73.0416323) = 13014.9 m
2026-03-26 22:17:06.906 | DEBUG    | utils.geo_utils:haversine_distance:20 - Haversine: (31.4641337, 73.1683411) → (31.5101284, 73.1503952) = 5390.0 m
2026-03-26 22:17:06.906 | DEBUG    | utils.geo_utils:haversine_distance:20 - Haversine: (31.3446991, 73.0585627) → (31.3691526, 73.0514611) = 2801.5 m
2026-03-26 22:17:06.906 | DEBUG    | utils.geo_utils:haversine_distance:20 - Haversine: (31.3446991, 73.0585627) → (31.3787188, 73.157798) = 10153.3 m
2026-03-26 22:17:06.906 | DEBUG    | utils.geo_utils:haversine_distance:20 - Haversine: (31.3446991, 73.0585627) → (31.4457694, 73.1408101) = 13683.8 m
2026-03-26 22:17:06.906 | DEBUG    | utils.geo_utils:haversine_distance:20 - Haversine: (31.3446991, 73.0585627) → (31.5487412, 73.1501112) = 24293.8 m
2026-03-26 22:17:06.906 | DEBUG    | utils.geo_utils:haversine_distance:20 - Haversine: (31.3446991, 73.0585627) → (31.3836456, 73.0640586) = 4362.0 m
2026-03-26 22:17:06.906 | DEBUG    | utils.geo_utils:haversine_distance:20 - Haversine: (31.3446991, 73.0585627) → (31.4467219, 73.1271368) = 13079.0 m
2026-03-26 22:17:06.906 | DEBUG    | utils.geo_utils:haversine_distance:20 - Haversine: (31.3446991, 73.0585627) → (31.330396, 73.0696448) = 1907.2 m
2026-03-26 22:17:06.906 | DEBUG    | utils.geo_utils:haversine_distance:20 - Haversine: (31.3446991, 73.0585627) → (31.3413852, 73.1852291) = 12034.9 m
2026-03-26 22:17:06.907 | DEBUG    | utils.geo_utils:haversine_distance:20 - Haversine: (31.3446991, 73.0585627) → (31.4000755, 73.0126538) = 7544.0 m
2026-03-26 22:17:06.907 | DEBUG    | utils.geo_utils:haversine_distance:20 - Haversine: (31.3446991, 73.0585627) → (31.527645, 73.0552285) = 20345.1 m
2026-03-26 22:17:06.907 | DEBUG    | utils.geo_utils:haversine_distance:20 - Haversine: (31.3446991, 73.0585627) → (31.3281703, 73.1302408) = 7051.3 m
2026-03-26 22:17:06.907 | DEBUG    | utils.geo_utils:haversine_distance:20 - Haversine: (31.3446991, 73.0585627) → (31.4192659, 73.0416323) = 8445.8 m
2026-03-26 22:17:06.907 | DEBUG    | utils.geo_utils:haversine_distance:20 - Haversine: (31.3446991, 73.0585627) → (31.5101284, 73.1503952) = 20354.2 m
2026-03-26 22:17:06.907 | DEBUG    | utils.geo_utils:haversine_distance:20 - Haversine: (31.3446991, 73.0585627) → (31.4641337, 73.1683411) = 16879.6 m
2026-03-26 22:17:06.907 | DEBUG    | utils.geo_utils:haversine_distance:20 - Haversine: (31.5431453, 73.1283131) → (31.3691526, 73.0514611) = 20674.9 m
2026-03-26 22:17:06.908 | DEBUG    | utils.geo_utils:haversine_distance:20 - Haversine: (31.5431453, 73.1283131) → (31.3787188, 73.157798) = 18496.0 m
2026-03-26 22:17:06.908 | DEBUG    | utils.geo_utils:haversine_distance:20 - Haversine: (31.5431453, 73.1283131) → (31.4457694, 73.1408101) = 10892.3 m
2026-03-26 22:17:06.908 | DEBUG    | utils.geo_utils:haversine_distance:20 - Haversine: (31.5431453, 73.1283131) → (31.5487412, 73.1501112) = 2157.3 m
2026-03-26 22:17:06.908 | DEBUG    | utils.geo_utils:haversine_distance:20 - Haversine: (31.5431453, 73.1283131) → (31.3836456, 73.0640586) = 18753.4 m
2026-03-26 22:17:06.908 | DEBUG    | utils.geo_utils:haversine_distance:20 - Haversine: (31.5431453, 73.1283131) → (31.4467219, 73.1271368) = 10722.4 m
2026-03-26 22:17:06.908 | DEBUG    | utils.geo_utils:haversine_distance:20 - Haversine: (31.5431453, 73.1283131) → (31.330396, 73.0696448) = 24302.6 m
2026-03-26 22:17:06.908 | DEBUG    | utils.geo_utils:haversine_distance:20 - Haversine: (31.5431453, 73.1283131) → (31.3413852, 73.1852291) = 23075.3 m
2026-03-26 22:17:06.908 | DEBUG    | utils.geo_utils:haversine_distance:20 - Haversine: (31.5431453, 73.1283131) → (31.4000755, 73.0126538) = 19323.6 m
2026-03-26 22:17:06.908 | DEBUG    | utils.geo_utils:haversine_distance:20 - Haversine: (31.5431453, 73.1283131) → (31.527645, 73.0552285) = 7137.7 m
2026-03-26 22:17:06.908 | DEBUG    | utils.geo_utils:haversine_distance:20 - Haversine: (31.5431453, 73.1283131) → (31.3281703, 73.1302408) = 23904.8 m
2026-03-26 22:17:06.908 | DEBUG    | utils.geo_utils:haversine_distance:20 - Haversine: (31.5431453, 73.1283131) → (31.4192659, 73.0416323) = 16040.9 m
2026-03-26 22:17:06.909 | DEBUG    | utils.geo_utils:haversine_distance:20 - Haversine: (31.5431453, 73.1283131) → (31.5101284, 73.1503952) = 4226.0 m
2026-03-26 22:17:06.909 | DEBUG    | utils.geo_utils:haversine_distance:20 - Haversine: (31.5431453, 73.1283131) → (31.4641337, 73.1683411) = 9570.2 m
2026-03-26 22:17:06.909 | DEBUG    | utils.geo_utils:haversine_distance:20 - Haversine: (31.5431453, 73.1283131) → (31.3446991, 73.0585627) = 23037.0 m
2026-03-26 22:17:06.909 | DEBUG    | utils.geo_utils:haversine_distance:20 - Haversine: (31.398463, 73.0263855) → (31.3691526, 73.0514611) = 4035.9 m
2026-03-26 22:17:06.909 | DEBUG    | utils.geo_utils:haversine_distance:20 - Haversine: (31.398463, 73.0263855) → (31.3787188, 73.157798) = 12665.7 m
2026-03-26 22:17:06.909 | DEBUG    | utils.geo_utils:haversine_distance:20 - Haversine: (31.398463, 73.0263855) → (31.4457694, 73.1408101) = 12064.7 m
2026-03-26 22:17:06.909 | DEBUG    | utils.geo_utils:haversine_distance:20 - Haversine: (31.398463, 73.0263855) → (31.5487412, 73.1501112) = 20418.3 m
2026-03-26 22:17:06.909 | DEBUG    | utils.geo_utils:haversine_distance:20 - Haversine: (31.398463, 73.0263855) → (31.3836456, 73.0640586) = 3937.2 m
2026-03-26 22:17:06.909 | DEBUG    | utils.geo_utils:haversine_distance:20 - Haversine: (31.398463, 73.0263855) → (31.4467219, 73.1271368) = 10963.1 m
2026-03-26 22:17:06.909 | DEBUG    | utils.geo_utils:haversine_distance:20 - Haversine: (31.398463, 73.0263855) → (31.330396, 73.0696448) = 8611.4 m
2026-03-26 22:17:06.909 | DEBUG    | utils.geo_utils:haversine_distance:20 - Haversine: (31.398463, 73.0263855) → (31.3413852, 73.1852291) = 16361.9 m
2026-03-26 22:17:06.909 | DEBUG    | utils.geo_utils:haversine_distance:20 - Haversine: (31.398463, 73.0263855) → (31.4000755, 73.0126538) = 1315.6 m
2026-03-26 22:17:06.913 | DEBUG    | utils.geo_utils:haversine_distance:20 - Haversine: (31.398463, 73.0263855) → (31.527645, 73.0552285) = 14622.6 m
2026-03-26 22:17:06.913 | DEBUG    | utils.geo_utils:haversine_distance:20 - Haversine: (31.398463, 73.0263855) → (31.3281703, 73.1302408) = 12582.9 m
2026-03-26 22:17:06.913 | DEBUG    | utils.geo_utils:haversine_distance:20 - Haversine: (31.398463, 73.0263855) → (31.4192659, 73.0416323) = 2728.4 m
2026-03-26 22:17:06.913 | DEBUG    | utils.geo_utils:haversine_distance:20 - Haversine: (31.398463, 73.0263855) → (31.5101284, 73.1503952) = 17103.8 m
2026-03-26 22:17:06.914 | DEBUG    | utils.geo_utils:haversine_distance:20 - Haversine: (31.398463, 73.0263855) → (31.4641337, 73.1683411) = 15320.8 m
2026-03-26 22:17:06.914 | DEBUG    | utils.geo_utils:haversine_distance:20 - Haversine: (31.398463, 73.0263855) → (31.3446991, 73.0585627) = 6713.6 m
2026-03-26 22:17:06.914 | DEBUG    | utils.geo_utils:haversine_distance:20 - Haversine: (31.398463, 73.0263855) → (31.5431453, 73.1283131) = 18768.8 m
2026-03-26 22:17:06.914 | DEBUG    | utils.geo_utils:haversine_distance:20 - Haversine: (31.3190478, 73.1756414) → (31.3691526, 73.0514611) = 13042.9 m
2026-03-26 22:17:06.914 | DEBUG    | utils.geo_utils:haversine_distance:20 - Haversine: (31.3190478, 73.1756414) → (31.3787188, 73.157798) = 6848.1 m
2026-03-26 22:17:06.914 | DEBUG    | utils.geo_utils:haversine_distance:20 - Haversine: (31.3190478, 73.1756414) → (31.4457694, 73.1408101) = 14473.5 m
2026-03-26 22:17:06.915 | DEBUG    | utils.geo_utils:haversine_distance:20 - Haversine: (31.3190478, 73.1756414) → (31.5487412, 73.1501112) = 25655.3 m
2026-03-26 22:17:06.915 | DEBUG    | utils.geo_utils:haversine_distance:20 - Haversine: (31.3190478, 73.1756414) → (31.3836456, 73.0640586) = 12801.1 m
2026-03-26 22:17:06.915 | DEBUG    | utils.geo_utils:haversine_distance:20 - Haversine: (31.3190478, 73.1756414) → (31.4467219, 73.1271368) = 14924.7 m
2026-03-26 22:17:06.915 | DEBUG    | utils.geo_utils:haversine_distance:20 - Haversine: (31.3190478, 73.1756414) → (31.330396, 73.0696448) = 10147.0 m
2026-03-26 22:17:06.915 | DEBUG    | utils.geo_utils:haversine_distance:20 - Haversine: (31.3190478, 73.1756414) → (31.3413852, 73.1852291) = 2645.5 m
2026-03-26 22:17:06.915 | DEBUG    | utils.geo_utils:haversine_distance:20 - Haversine: (31.3190478, 73.1756414) → (31.4000755, 73.0126538) = 17907.6 m
2026-03-26 22:17:06.915 | DEBUG    | utils.geo_utils:haversine_distance:20 - Haversine: (31.3190478, 73.1756414) → (31.527645, 73.0552285) = 25856.3 m
2026-03-26 22:17:06.916 | DEBUG    | utils.geo_utils:haversine_distance:20 - Haversine: (31.3190478, 73.1756414) → (31.3281703, 73.1302408) = 4430.2 m
2026-03-26 22:17:06.916 | DEBUG    | utils.geo_utils:haversine_distance:20 - Haversine: (31.3190478, 73.1756414) → (31.4192659, 73.0416323) = 16913.3 m
2026-03-26 22:17:06.916 | DEBUG    | utils.geo_utils:haversine_distance:20 - Haversine: (31.3190478, 73.1756414) → (31.5101284, 73.1503952) = 21381.8 m
2026-03-26 22:17:06.916 | DEBUG    | utils.geo_utils:haversine_distance:20 - Haversine: (31.3190478, 73.1756414) → (31.4641337, 73.1683411) = 16147.7 m
2026-03-26 22:17:06.916 | DEBUG    | utils.geo_utils:haversine_distance:20 - Haversine: (31.3190478, 73.1756414) → (31.3446991, 73.0585627) = 11480.0 m
2026-03-26 22:17:06.916 | DEBUG    | utils.geo_utils:haversine_distance:20 - Haversine: (31.3190478, 73.1756414) → (31.5431453, 73.1283131) = 25319.9 m
2026-03-26 22:17:06.916 | DEBUG    | utils.geo_utils:haversine_distance:20 - Haversine: (31.3190478, 73.1756414) → (31.398463, 73.0263855) = 16698.2 m
2026-03-26 22:17:06.917 | DEBUG    | utils.geo_utils:haversine_distance:20 - Haversine: (31.3557607, 73.1450675) → (31.3691526, 73.0514611) = 9011.7 m
2026-03-26 22:17:06.917 | DEBUG    | utils.geo_utils:haversine_distance:20 - Haversine: (31.3557607, 73.1450675) → (31.3787188, 73.157798) = 2824.5 m
2026-03-26 22:17:06.917 | DEBUG    | utils.geo_utils:haversine_distance:20 - Haversine: (31.3557607, 73.1450675) → (31.4457694, 73.1408101) = 10016.7 m
2026-03-26 22:17:06.919 | DEBUG    | utils.geo_utils:haversine_distance:20 - Haversine: (31.3557607, 73.1450675) → (31.5487412, 73.1501112) = 21463.8 m
2026-03-26 22:17:06.919 | DEBUG    | utils.geo_utils:haversine_distance:20 - Haversine: (31.3557607, 73.1450675) → (31.3836456, 73.0640586) = 8292.6 m
2026-03-26 22:17:06.920 | DEBUG    | utils.geo_utils:haversine_distance:20 - Haversine: (31.3557607, 73.1450675) → (31.4467219, 73.1271368) = 10256.6 m
2026-03-26 22:17:06.920 | DEBUG    | utils.geo_utils:haversine_distance:20 - Haversine: (31.3557607, 73.1450675) → (31.330396, 73.0696448) = 7698.0 m
2026-03-26 22:17:06.920 | DEBUG    | utils.geo_utils:haversine_distance:20 - Haversine: (31.3557607, 73.1450675) → (31.3413852, 73.1852291) = 4135.3 m
2026-03-26 22:17:06.921 | DEBUG    | utils.geo_utils:haversine_distance:20 - Haversine: (31.3557607, 73.1450675) → (31.4000755, 73.0126538) = 13501.7 m
2026-03-26 22:17:06.921 | DEBUG    | utils.geo_utils:haversine_distance:20 - Haversine: (31.3557607, 73.1450675) → (31.527645, 73.0552285) = 20926.9 m
2026-03-26 22:17:06.921 | DEBUG    | utils.geo_utils:haversine_distance:20 - Haversine: (31.3557607, 73.1450675) → (31.3281703, 73.1302408) = 3375.6 m
2026-03-26 22:17:06.921 | DEBUG    | utils.geo_utils:haversine_distance:20 - Haversine: (31.3557607, 73.1450675) → (31.4192659, 73.0416323) = 12094.0 m
2026-03-26 22:17:06.921 | DEBUG    | utils.geo_utils:haversine_distance:20 - Haversine: (31.3557607, 73.1450675) → (31.5101284, 73.1503952) = 17172.3 m
2026-03-26 22:17:06.921 | DEBUG    | utils.geo_utils:haversine_distance:20 - Haversine: (31.3557607, 73.1450675) → (31.4641337, 73.1683411) = 12251.3 m
2026-03-26 22:17:06.921 | DEBUG    | utils.geo_utils:haversine_distance:20 - Haversine: (31.3557607, 73.1450675) → (31.3446991, 73.0585627) = 8306.1 m
2026-03-26 22:17:06.921 | DEBUG    | utils.geo_utils:haversine_distance:20 - Haversine: (31.3557607, 73.1450675) → (31.5431453, 73.1283131) = 20896.7 m
2026-03-26 22:17:06.921 | DEBUG    | utils.geo_utils:haversine_distance:20 - Haversine: (31.3557607, 73.1450675) → (31.398463, 73.0263855) = 12226.6 m
2026-03-26 22:17:06.922 | DEBUG    | utils.geo_utils:haversine_distance:20 - Haversine: (31.3557607, 73.1450675) → (31.3190478, 73.1756414) = 5009.7 m
2026-03-26 22:17:06.922 | DEBUG    | utils.geo_utils:haversine_distance:20 - Haversine: (31.4601458, 73.0666137) → (31.3691526, 73.0514611) = 10219.6 m
2026-03-26 22:17:06.922 | DEBUG    | utils.geo_utils:haversine_distance:20 - Haversine: (31.4601458, 73.0666137) → (31.3787188, 73.157798) = 12523.8 m
2026-03-26 22:17:06.922 | DEBUG    | utils.geo_utils:haversine_distance:20 - Haversine: (31.4601458, 73.0666137) → (31.4457694, 73.1408101) = 7217.3 m
2026-03-26 22:17:06.922 | DEBUG    | utils.geo_utils:haversine_distance:20 - Haversine: (31.4601458, 73.0666137) → (31.5487412, 73.1501112) = 12637.7 m
2026-03-26 22:17:06.922 | DEBUG    | utils.geo_utils:haversine_distance:20 - Haversine: (31.4601458, 73.0666137) → (31.3836456, 73.0640586) = 8509.9 m
2026-03-26 22:17:06.924 | DEBUG    | utils.geo_utils:haversine_distance:20 - Haversine: (31.4601458, 73.0666137) → (31.4467219, 73.1271368) = 5931.9 m
2026-03-26 22:17:06.925 | DEBUG    | utils.geo_utils:haversine_distance:20 - Haversine: (31.4601458, 73.0666137) → (31.330396, 73.0696448) = 14430.4 m
2026-03-26 22:17:06.925 | DEBUG    | utils.geo_utils:haversine_distance:20 - Haversine: (31.4601458, 73.0666137) → (31.3413852, 73.1852291) = 17352.9 m
2026-03-26 22:17:06.925 | DEBUG    | utils.geo_utils:haversine_distance:20 - Haversine: (31.4601458, 73.0666137) → (31.4000755, 73.0126538) = 8415.9 m
2026-03-26 22:17:06.925 | DEBUG    | utils.geo_utils:haversine_distance:20 - Haversine: (31.4601458, 73.0666137) → (31.527645, 73.0552285) = 7582.8 m
2026-03-26 22:17:06.925 | DEBUG    | utils.geo_utils:haversine_distance:20 - Haversine: (31.4601458, 73.0666137) → (31.3281703, 73.1302408) = 15869.1 m
2026-03-26 22:17:06.925 | DEBUG    | utils.geo_utils:haversine_distance:20 - Haversine: (31.4601458, 73.0666137) → (31.4192659, 73.0416323) = 5126.4 m
2026-03-26 22:17:06.925 | DEBUG    | utils.geo_utils:haversine_distance:20 - Haversine: (31.4601458, 73.0666137) → (31.5101284, 73.1503952) = 9695.6 m
2026-03-26 22:17:06.925 | DEBUG    | utils.geo_utils:haversine_distance:20 - Haversine: (31.4601458, 73.0666137) → (31.4641337, 73.1683411) = 9658.8 m
2026-03-26 22:17:06.925 | DEBUG    | utils.geo_utils:haversine_distance:20 - Haversine: (31.4601458, 73.0666137) → (31.3446991, 73.0585627) = 12859.8 m
2026-03-26 22:17:06.925 | DEBUG    | utils.geo_utils:haversine_distance:20 - Haversine: (31.4601458, 73.0666137) → (31.5431453, 73.1283131) = 10926.8 m
2026-03-26 22:17:06.925 | DEBUG    | utils.geo_utils:haversine_distance:20 - Haversine: (31.4601458, 73.0666137) → (31.398463, 73.0263855) = 7849.3 m
2026-03-26 22:17:06.926 | DEBUG    | utils.geo_utils:haversine_distance:20 - Haversine: (31.4601458, 73.0666137) → (31.3190478, 73.1756414) = 18795.2 m
2026-03-26 22:17:06.926 | DEBUG    | utils.geo_utils:haversine_distance:20 - Haversine: (31.4601458, 73.0666137) → (31.3557607, 73.1450675) = 13789.8 m
2026-03-26 22:17:06.926 | DEBUG    | utils.geo_utils:haversine_distance:20 - Haversine: (31.5426468, 73.1258022) → (31.3691526, 73.0514611) = 20540.0 m
2026-03-26 22:17:06.926 | DEBUG    | utils.geo_utils:haversine_distance:20 - Haversine: (31.5426468, 73.1258022) → (31.3787188, 73.157798) = 18478.9 m
2026-03-26 22:17:06.926 | DEBUG    | utils.geo_utils:haversine_distance:20 - Haversine: (31.5426468, 73.1258022) → (31.4457694, 73.1408101) = 10865.9 m
2026-03-26 22:17:06.927 | DEBUG    | utils.geo_utils:haversine_distance:20 - Haversine: (31.5426468, 73.1258022) → (31.5487412, 73.1501112) = 2401.2 m
2026-03-26 22:17:06.927 | DEBUG    | utils.geo_utils:haversine_distance:20 - Haversine: (31.5426468, 73.1258022) → (31.3836456, 73.0640586) = 18624.8 m
2026-03-26 22:17:06.927 | DEBUG    | utils.geo_utils:haversine_distance:20 - Haversine: (31.5426468, 73.1258022) → (31.4467219, 73.1271368) = 10667.1 m
2026-03-26 22:17:06.928 | DEBUG    | utils.geo_utils:haversine_distance:20 - Haversine: (31.5426468, 73.1258022) → (31.330396, 73.0696448) = 24195.1 m
2026-03-26 22:17:06.928 | DEBUG    | utils.geo_utils:haversine_distance:20 - Haversine: (31.5426468, 73.1258022) → (31.3413852, 73.1852291) = 23078.5 m
2026-03-26 22:17:06.928 | DEBUG    | utils.geo_utils:haversine_distance:20 - Haversine: (31.5426468, 73.1258022) → (31.4000755, 73.0126538) = 19143.5 m
2026-03-26 22:17:06.928 | DEBUG    | utils.geo_utils:haversine_distance:20 - Haversine: (31.5426468, 73.1258022) → (31.527645, 73.0552285) = 6893.4 m
2026-03-26 22:17:06.928 | DEBUG    | utils.geo_utils:haversine_distance:20 - Haversine: (31.5426468, 73.1258022) → (31.3281703, 73.1302408) = 23852.4 m
2026-03-26 22:17:06.929 | DEBUG    | utils.geo_utils:haversine_distance:20 - Haversine: (31.5426468, 73.1258022) → (31.4192659, 73.0416323) = 15872.2 m
2026-03-26 22:17:06.929 | DEBUG    | utils.geo_utils:haversine_distance:20 - Haversine: (31.5426468, 73.1258022) → (31.5101284, 73.1503952) = 4302.1 m
2026-03-26 22:17:06.929 | DEBUG    | utils.geo_utils:haversine_distance:20 - Haversine: (31.5426468, 73.1258022) → (31.4641337, 73.1683411) = 9616.8 m
2026-03-26 22:17:06.929 | DEBUG    | utils.geo_utils:haversine_distance:20 - Haversine: (31.5426468, 73.1258022) → (31.3446991, 73.0585627) = 22916.4 m
2026-03-26 22:17:06.929 | DEBUG    | utils.geo_utils:haversine_distance:20 - Haversine: (31.5426468, 73.1258022) → (31.5431453, 73.1283131) = 244.3 m
2026-03-26 22:17:06.929 | DEBUG    | utils.geo_utils:haversine_distance:20 - Haversine: (31.4743292, 73.1046958) → (31.3691526, 73.0514611) = 12739.4 m
2026-03-26 22:17:06.929 | DEBUG    | utils.geo_utils:haversine_distance:20 - Haversine: (31.4743292, 73.1046958) → (31.3787188, 73.157798) = 11764.9 m
2026-03-26 22:17:06.929 | DEBUG    | utils.geo_utils:haversine_distance:20 - Haversine: (31.4743292, 73.1046958) → (31.4457694, 73.1408101) = 4671.0 m
2026-03-26 22:17:06.929 | DEBUG    | utils.geo_utils:haversine_distance:20 - Haversine: (31.4743292, 73.1046958) → (31.5487412, 73.1501112) = 9327.3 m
2026-03-26 22:17:06.929 | DEBUG    | utils.geo_utils:haversine_distance:20 - Haversine: (31.4743292, 73.1046958) → (31.3836456, 73.0640586) = 10795.6 m
2026-03-26 22:17:06.929 | DEBUG    | utils.geo_utils:haversine_distance:20 - Haversine: (31.4743292, 73.1046958) → (31.4467219, 73.1271368) = 3735.5 m
2026-03-26 22:17:06.929 | DEBUG    | utils.geo_utils:haversine_distance:20 - Haversine: (31.4743292, 73.1046958) → (31.330396, 73.0696448) = 16346.7 m
2026-03-26 22:17:06.929 | DEBUG    | utils.geo_utils:haversine_distance:20 - Haversine: (31.4743292, 73.1046958) → (31.3413852, 73.1852291) = 16641.5 m
2026-03-26 22:17:06.930 | DEBUG    | utils.geo_utils:haversine_distance:20 - Haversine: (31.4743292, 73.1046958) → (31.4000755, 73.0126538) = 12017.7 m
2026-03-26 22:17:06.932 | DEBUG    | utils.geo_utils:haversine_distance:20 - Haversine: (31.4743292, 73.1046958) → (31.527645, 73.0552285) = 7559.2 m
2026-03-26 22:17:06.932 | DEBUG    | utils.geo_utils:haversine_distance:20 - Haversine: (31.4743292, 73.1046958) → (31.3281703, 73.1302408) = 16432.0 m
2026-03-26 22:17:06.933 | DEBUG    | utils.geo_utils:haversine_distance:20 - Haversine: (31.4743292, 73.1046958) → (31.4192659, 73.0416323) = 8560.2 m
2026-03-26 22:17:06.933 | DEBUG    | utils.geo_utils:haversine_distance:20 - Haversine: (31.4743292, 73.1046958) → (31.5101284, 73.1503952) = 5884.0 m
2026-03-26 22:17:06.933 | DEBUG    | utils.geo_utils:haversine_distance:20 - Haversine: (31.4743292, 73.1046958) → (31.4641337, 73.1683411) = 6141.7 m
2026-03-26 22:17:06.933 | DEBUG    | utils.geo_utils:haversine_distance:20 - Haversine: (31.4743292, 73.1046958) → (31.3446991, 73.0585627) = 15064.4 m
2026-03-26 22:17:06.952 | DEBUG    | utils.geo_utils:haversine_distance:20 - Haversine: (31.4743292, 73.1046958) → (31.5431453, 73.1283131) = 7972.8 m
2026-03-26 22:17:06.952 | DEBUG    | utils.geo_utils:haversine_distance:20 - Haversine: (31.4743292, 73.1046958) → (31.398463, 73.0263855) = 11241.2 m
2026-03-26 22:17:06.952 | DEBUG    | utils.geo_utils:haversine_distance:20 - Haversine: (31.4743292, 73.1046958) → (31.3190478, 73.1756414) = 18533.1 m
2026-03-26 22:17:06.952 | DEBUG    | utils.geo_utils:haversine_distance:20 - Haversine: (31.4743292, 73.1046958) → (31.3557607, 73.1450675) = 13729.6 m
2026-03-26 22:17:06.952 | DEBUG    | utils.geo_utils:haversine_distance:20 - Haversine: (31.4743292, 73.1046958) → (31.4601458, 73.0666137) = 3941.1 m
2026-03-26 22:17:06.952 | DEBUG    | utils.geo_utils:haversine_distance:20 - Haversine: (31.4693742, 73.1600766) → (31.3691526, 73.0514611) = 15179.5 m
2026-03-26 22:17:06.952 | DEBUG    | utils.geo_utils:haversine_distance:20 - Haversine: (31.4693742, 73.1600766) → (31.3787188, 73.157798) = 10082.7 m
2026-03-26 22:17:06.953 | DEBUG    | utils.geo_utils:haversine_distance:20 - Haversine: (31.4693742, 73.1600766) → (31.4457694, 73.1408101) = 3198.3 m
2026-03-26 22:17:06.953 | DEBUG    | utils.geo_utils:haversine_distance:20 - Haversine: (31.4693742, 73.1600766) → (31.5487412, 73.1501112) = 8875.6 m
2026-03-26 22:17:06.953 | DEBUG    | utils.geo_utils:haversine_distance:20 - Haversine: (31.4693742, 73.1600766) → (31.3836456, 73.0640586) = 13186.1 m
2026-03-26 22:17:06.954 | DEBUG    | utils.geo_utils:haversine_distance:20 - Haversine: (31.4693742, 73.1600766) → (31.4467219, 73.1271368) = 4013.3 m
2026-03-26 22:17:06.954 | DEBUG    | utils.geo_utils:haversine_distance:20 - Haversine: (31.4693742, 73.1600766) → (31.330396, 73.0696448) = 17677.2 m
2026-03-26 22:17:06.954 | DEBUG    | utils.geo_utils:haversine_distance:20 - Haversine: (31.4693742, 73.1600766) → (31.3413852, 73.1852291) = 14430.5 m
2026-03-26 22:17:06.954 | DEBUG    | utils.geo_utils:haversine_distance:20 - Haversine: (31.4693742, 73.1600766) → (31.4000755, 73.0126538) = 15969.0 m
2026-03-26 22:17:06.954 | DEBUG    | utils.geo_utils:haversine_distance:20 - Haversine: (31.4693742, 73.1600766) → (31.527645, 73.0552285) = 11866.0 m
2026-03-26 22:17:06.954 | DEBUG    | utils.geo_utils:haversine_distance:20 - Haversine: (31.4693742, 73.1600766) → (31.3281703, 73.1302408) = 15954.5 m
2026-03-26 22:17:06.954 | DEBUG    | utils.geo_utils:haversine_distance:20 - Haversine: (31.4693742, 73.1600766) → (31.4192659, 73.0416323) = 12541.9 m
2026-03-26 22:17:06.954 | DEBUG    | utils.geo_utils:haversine_distance:20 - Haversine: (31.4693742, 73.1600766) → (31.5101284, 73.1503952) = 4623.7 m
2026-03-26 22:17:06.954 | DEBUG    | utils.geo_utils:haversine_distance:20 - Haversine: (31.4693742, 73.1600766) → (31.4641337, 73.1683411) = 976.7 m
2026-03-26 22:17:06.954 | DEBUG    | utils.geo_utils:haversine_distance:20 - Haversine: (31.4693742, 73.1600766) → (31.3446991, 73.0585627) = 16882.0 m
2026-03-26 22:17:06.959 | DEBUG    | utils.geo_utils:haversine_distance:20 - Haversine: (31.4693742, 73.1600766) → (31.5431453, 73.1283131) = 8738.2 m
2026-03-26 22:17:06.960 | DEBUG    | utils.geo_utils:haversine_distance:20 - Haversine: (31.4693742, 73.1600766) → (31.398463, 73.0263855) = 14935.2 m
2026-03-26 22:17:06.960 | DEBUG    | utils.geo_utils:haversine_distance:20 - Haversine: (31.4693742, 73.1600766) → (31.3190478, 73.1756414) = 16780.7 m
2026-03-26 22:17:06.960 | DEBUG    | utils.geo_utils:haversine_distance:20 - Haversine: (31.4693742, 73.1600766) → (31.3557607, 73.1450675) = 12713.3 m
2026-03-26 22:17:06.960 | DEBUG    | utils.geo_utils:haversine_distance:20 - Haversine: (31.4693742, 73.1600766) → (31.4601458, 73.0666137) = 8923.7 m
2026-03-26 22:17:06.960 | DEBUG    | utils.geo_utils:haversine_distance:20 - Haversine: (31.4693742, 73.1600766) → (31.4743292, 73.1046958) = 5281.0 m
2026-03-26 22:17:06.961 | DEBUG    | utils.geo_utils:haversine_distance:20 - Haversine: (31.4060883, 73.1115478) → (31.3691526, 73.0514611) = 7028.5 m
2026-03-26 22:17:06.961 | DEBUG    | utils.geo_utils:haversine_distance:20 - Haversine: (31.4060883, 73.1115478) → (31.3787188, 73.157798) = 5341.7 m
2026-03-26 22:17:06.961 | DEBUG    | utils.geo_utils:haversine_distance:20 - Haversine: (31.4060883, 73.1115478) → (31.4457694, 73.1408101) = 5213.2 m
2026-03-26 22:17:06.961 | DEBUG    | utils.geo_utils:haversine_distance:20 - Haversine: (31.4060883, 73.1115478) → (31.5487412, 73.1501112) = 16278.4 m
2026-03-26 22:17:06.961 | DEBUG    | utils.geo_utils:haversine_distance:20 - Haversine: (31.4060883, 73.1115478) → (31.3836456, 73.0640586) = 5152.2 m
2026-03-26 22:17:06.961 | DEBUG    | utils.geo_utils:haversine_distance:20 - Haversine: (31.4060883, 73.1115478) → (31.4467219, 73.1271368) = 4754.2 m
2026-03-26 22:17:06.961 | DEBUG    | utils.geo_utils:haversine_distance:20 - Haversine: (31.4060883, 73.1115478) → (31.330396, 73.0696448) = 9309.5 m
2026-03-26 22:17:06.961 | DEBUG    | utils.geo_utils:haversine_distance:20 - Haversine: (31.4060883, 73.1115478) → (31.3413852, 73.1852291) = 10034.7 m
2026-03-26 22:17:06.961 | DEBUG    | utils.geo_utils:haversine_distance:20 - Haversine: (31.4060883, 73.1115478) → (31.4000755, 73.0126538) = 9409.6 m
2026-03-26 22:17:06.961 | DEBUG    | utils.geo_utils:haversine_distance:20 - Haversine: (31.4060883, 73.1115478) → (31.527645, 73.0552285) = 14533.6 m
2026-03-26 22:17:06.961 | DEBUG    | utils.geo_utils:haversine_distance:20 - Haversine: (31.4060883, 73.1115478) → (31.3281703, 73.1302408) = 8844.0 m
2026-03-26 22:17:06.961 | DEBUG    | utils.geo_utils:haversine_distance:20 - Haversine: (31.4060883, 73.1115478) → (31.4192659, 73.0416323) = 6794.7 m
2026-03-26 22:17:06.962 | DEBUG    | utils.geo_utils:haversine_distance:20 - Haversine: (31.4060883, 73.1115478) → (31.5101284, 73.1503952) = 12141.4 m
2026-03-26 22:17:06.962 | DEBUG    | utils.geo_utils:haversine_distance:20 - Haversine: (31.4060883, 73.1115478) → (31.4641337, 73.1683411) = 8407.9 m
2026-03-26 22:17:06.962 | DEBUG    | utils.geo_utils:haversine_distance:20 - Haversine: (31.4060883, 73.1115478) → (31.3446991, 73.0585627) = 8479.3 m
2026-03-26 22:17:06.963 | DEBUG    | utils.geo_utils:haversine_distance:20 - Haversine: (31.4060883, 73.1115478) → (31.5431453, 73.1283131) = 15322.8 m
2026-03-26 22:17:06.964 | DEBUG    | utils.geo_utils:haversine_distance:20 - Haversine: (31.4060883, 73.1115478) → (31.398463, 73.0263855) = 8127.0 m
2026-03-26 22:17:06.964 | DEBUG    | utils.geo_utils:haversine_distance:20 - Haversine: (31.4060883, 73.1115478) → (31.3190478, 73.1756414) = 11432.7 m
2026-03-26 22:17:06.964 | DEBUG    | utils.geo_utils:haversine_distance:20 - Haversine: (31.4060883, 73.1115478) → (31.3557607, 73.1450675) = 6437.6 m
2026-03-26 22:17:06.964 | DEBUG    | utils.geo_utils:haversine_distance:20 - Haversine: (31.4060883, 73.1115478) → (31.4601458, 73.0666137) = 7369.3 m
2026-03-26 22:17:06.964 | DEBUG    | utils.geo_utils:haversine_distance:20 - Haversine: (31.4060883, 73.1115478) → (31.4743292, 73.1046958) = 7615.8 m
2026-03-26 22:17:06.964 | DEBUG    | utils.geo_utils:haversine_distance:20 - Haversine: (31.4060883, 73.1115478) → (31.4693742, 73.1600766) = 8409.4 m
2026-03-26 22:17:06.965 | DEBUG    | utils.geo_utils:haversine_distance:20 - Haversine: (31.4773379, 73.0052033) → (31.3691526, 73.0514611) = 12805.4 m
2026-03-26 22:17:06.965 | DEBUG    | utils.geo_utils:haversine_distance:20 - Haversine: (31.4773379, 73.0052033) → (31.3787188, 73.157798) = 18162.6 m
2026-03-26 22:17:06.965 | DEBUG    | utils.geo_utils:haversine_distance:20 - Haversine: (31.4773379, 73.0052033) → (31.4457694, 73.1408101) = 13332.5 m
2026-03-26 22:17:06.965 | DEBUG    | utils.geo_utils:haversine_distance:20 - Haversine: (31.4773379, 73.0052033) → (31.5487412, 73.1501112) = 15866.2 m
2026-03-26 22:17:06.965 | DEBUG    | utils.geo_utils:haversine_distance:20 - Haversine: (31.4773379, 73.0052033) → (31.3836456, 73.0640586) = 11820.3 m
2026-03-26 22:17:06.965 | DEBUG    | utils.geo_utils:haversine_distance:20 - Haversine: (31.4773379, 73.0052033) → (31.4467219, 73.1271368) = 12055.8 m
2026-03-26 22:17:06.966 | DEBUG    | utils.geo_utils:haversine_distance:20 - Haversine: (31.4773379, 73.0052033) → (31.330396, 73.0696448) = 17446.3 m
2026-03-26 22:17:06.966 | DEBUG    | utils.geo_utils:haversine_distance:20 - Haversine: (31.4773379, 73.0052033) → (31.3413852, 73.1852291) = 22812.6 m
2026-03-26 22:17:06.966 | DEBUG    | utils.geo_utils:haversine_distance:20 - Haversine: (31.4773379, 73.0052033) → (31.4000755, 73.0126538) = 8620.2 m
2026-03-26 22:17:06.966 | DEBUG    | utils.geo_utils:haversine_distance:20 - Haversine: (31.4773379, 73.0052033) → (31.527645, 73.0552285) = 7333.8 m
2026-03-26 22:17:06.966 | DEBUG    | utils.geo_utils:haversine_distance:20 - Haversine: (31.4773379, 73.0052033) → (31.3281703, 73.1302408) = 20394.7 m
2026-03-26 22:17:06.966 | DEBUG    | utils.geo_utils:haversine_distance:20 - Haversine: (31.4773379, 73.0052033) → (31.4192659, 73.0416323) = 7323.9 m
2026-03-26 22:17:06.966 | DEBUG    | utils.geo_utils:haversine_distance:20 - Haversine: (31.4773379, 73.0052033) → (31.5101284, 73.1503952) = 14241.1 m
2026-03-26 22:17:06.966 | DEBUG    | utils.geo_utils:haversine_distance:20 - Haversine: (31.4773379, 73.0052033) → (31.4641337, 73.1683411) = 15541.3 m
2026-03-26 22:17:06.966 | DEBUG    | utils.geo_utils:haversine_distance:20 - Haversine: (31.4773379, 73.0052033) → (31.3446991, 73.0585627) = 15593.8 m
2026-03-26 22:17:06.967 | DEBUG    | utils.geo_utils:haversine_distance:20 - Haversine: (31.4773379, 73.0052033) → (31.5431453, 73.1283131) = 13775.0 m
2026-03-26 22:17:06.967 | DEBUG    | utils.geo_utils:haversine_distance:20 - Haversine: (31.4773379, 73.0052033) → (31.398463, 73.0263855) = 8997.8 m
2026-03-26 22:17:06.967 | DEBUG    | utils.geo_utils:haversine_distance:20 - Haversine: (31.4773379, 73.0052033) → (31.3190478, 73.1756414) = 23905.7 m
2026-03-26 22:17:06.967 | DEBUG    | utils.geo_utils:haversine_distance:20 - Haversine: (31.4773379, 73.0052033) → (31.3557607, 73.1450675) = 18944.9 m
2026-03-26 22:17:06.967 | DEBUG    | utils.geo_utils:haversine_distance:20 - Haversine: (31.4773379, 73.0052033) → (31.4601458, 73.0666137) = 6129.9 m
2026-03-26 22:17:06.967 | DEBUG    | utils.geo_utils:haversine_distance:20 - Haversine: (31.4773379, 73.0052033) → (31.4743292, 73.1046958) = 9441.2 m
2026-03-26 22:17:06.967 | DEBUG    | utils.geo_utils:haversine_distance:20 - Haversine: (31.4773379, 73.0052033) → (31.4693742, 73.1600766) = 14714.3 m
2026-03-26 22:17:06.967 | DEBUG    | utils.geo_utils:haversine_distance:20 - Haversine: (31.4773379, 73.0052033) → (31.4060883, 73.1115478) = 12827.7 m
2026-03-26 22:17:06.967 | DEBUG    | utils.geo_utils:haversine_distance:20 - Haversine: (31.4766945, 73.1677037) → (31.3691526, 73.0514611) = 16268.3 m
2026-03-26 22:17:06.967 | DEBUG    | utils.geo_utils:haversine_distance:20 - Haversine: (31.4766945, 73.1677037) → (31.3787188, 73.157798) = 10934.9 m
2026-03-26 22:17:06.968 | DEBUG    | utils.geo_utils:haversine_distance:20 - Haversine: (31.4766945, 73.1677037) → (31.4457694, 73.1408101) = 4281.5 m
2026-03-26 22:17:06.968 | DEBUG    | utils.geo_utils:haversine_distance:20 - Haversine: (31.4766945, 73.1677037) → (31.5487412, 73.1501112) = 8183.0 m
2026-03-26 22:17:06.968 | DEBUG    | utils.geo_utils:haversine_distance:20 - Haversine: (31.4766945, 73.1677037) → (31.3836456, 73.0640586) = 14274.3 m
2026-03-26 22:17:06.968 | DEBUG    | utils.geo_utils:haversine_distance:20 - Haversine: (31.4766945, 73.1677037) → (31.4467219, 73.1271368) = 5090.4 m
2026-03-26 22:17:06.968 | DEBUG    | utils.geo_utils:haversine_distance:20 - Haversine: (31.4766945, 73.1677037) → (31.330396, 73.0696448) = 18741.6 m
2026-03-26 22:17:06.968 | DEBUG    | utils.geo_utils:haversine_distance:20 - Haversine: (31.4766945, 73.1677037) → (31.3413852, 73.1852291) = 15137.4 m
2026-03-26 22:17:06.978 | DEBUG    | utils.geo_utils:haversine_distance:20 - Haversine: (31.4766945, 73.1677037) → (31.4000755, 73.0126538) = 16998.9 m
2026-03-26 22:17:06.978 | DEBUG    | utils.geo_utils:haversine_distance:20 - Haversine: (31.4766945, 73.1677037) → (31.527645, 73.0552285) = 12075.0 m
2026-03-26 22:17:06.982 | DEBUG    | utils.geo_utils:haversine_distance:20 - Haversine: (31.4766945, 73.1677037) → (31.3281703, 73.1302408) = 16893.5 m
2026-03-26 22:17:06.982 | DEBUG    | utils.geo_utils:haversine_distance:20 - Haversine: (31.4766945, 73.1677037) → (31.4192659, 73.0416323) = 13557.5 m
2026-03-26 22:17:06.982 | DEBUG    | utils.geo_utils:haversine_distance:20 - Haversine: (31.4766945, 73.1677037) → (31.5101284, 73.1503952) = 4063.8 m
2026-03-26 22:17:06.982 | DEBUG    | utils.geo_utils:haversine_distance:20 - Haversine: (31.4766945, 73.1677037) → (31.4641337, 73.1683411) = 1398.0 m
2026-03-26 22:17:06.982 | DEBUG    | utils.geo_utils:haversine_distance:20 - Haversine: (31.4766945, 73.1677037) → (31.3446991, 73.0585627) = 17963.8 m
2026-03-26 22:17:06.982 | DEBUG    | utils.geo_utils:haversine_distance:20 - Haversine: (31.4766945, 73.1677037) → (31.5431453, 73.1283131) = 8279.0 m
2026-03-26 22:17:06.982 | DEBUG    | utils.geo_utils:haversine_distance:20 - Haversine: (31.4766945, 73.1677037) → (31.398463, 73.0263855) = 15982.0 m
2026-03-26 22:17:06.983 | DEBUG    | utils.geo_utils:haversine_distance:20 - Haversine: (31.4766945, 73.1677037) → (31.3190478, 73.1756414) = 17545.7 m
2026-03-26 22:17:06.983 | DEBUG    | utils.geo_utils:haversine_distance:20 - Haversine: (31.4766945, 73.1677037) → (31.3557607, 73.1450675) = 13617.7 m
2026-03-26 22:17:06.983 | DEBUG    | utils.geo_utils:haversine_distance:20 - Haversine: (31.4766945, 73.1677037) → (31.4601458, 73.0666137) = 9762.5 m
2026-03-26 22:17:06.983 | DEBUG    | utils.geo_utils:haversine_distance:20 - Haversine: (31.4766945, 73.1677037) → (31.4743292, 73.1046958) = 5981.1 m
2026-03-26 22:17:06.983 | DEBUG    | utils.geo_utils:haversine_distance:20 - Haversine: (31.4766945, 73.1677037) → (31.4693742, 73.1600766) = 1088.9 m
2026-03-26 22:17:06.983 | DEBUG    | utils.geo_utils:haversine_distance:20 - Haversine: (31.4766945, 73.1677037) → (31.4060883, 73.1115478) = 9487.9 m
2026-03-26 22:17:06.983 | DEBUG    | utils.geo_utils:haversine_distance:20 - Haversine: (31.4766945, 73.1677037) → (31.4773379, 73.0052033) = 15410.5 m
2026-03-26 22:17:06.983 | DEBUG    | utils.geo_utils:haversine_distance:20 - Haversine: (31.504101, 73.1583633) → (31.3691526, 73.0514611) = 18111.6 m
2026-03-26 22:17:06.983 | DEBUG    | utils.geo_utils:haversine_distance:20 - Haversine: (31.504101, 73.1583633) → (31.3787188, 73.157798) = 13942.0 m
2026-03-26 22:17:06.983 | DEBUG    | utils.geo_utils:haversine_distance:20 - Haversine: (31.504101, 73.1583633) → (31.4457694, 73.1408101) = 6696.4 m
2026-03-26 22:17:06.983 | DEBUG    | utils.geo_utils:haversine_distance:20 - Haversine: (31.504101, 73.1583633) → (31.5487412, 73.1501112) = 5025.0 m
2026-03-26 22:17:06.983 | DEBUG    | utils.geo_utils:haversine_distance:20 - Haversine: (31.504101, 73.1583633) → (31.3836456, 73.0640586) = 16107.0 m
2026-03-26 22:17:06.984 | DEBUG    | utils.geo_utils:haversine_distance:20 - Haversine: (31.504101, 73.1583633) → (31.4467219, 73.1271368) = 7034.0 m
2026-03-26 22:17:06.984 | DEBUG    | utils.geo_utils:haversine_distance:20 - Haversine: (31.504101, 73.1583633) → (31.330396, 73.0696448) = 21070.1 m
2026-03-26 22:17:06.984 | DEBUG    | utils.geo_utils:haversine_distance:20 - Haversine: (31.504101, 73.1583633) → (31.3413852, 73.1852291) = 18271.9 m
2026-03-26 22:17:06.984 | DEBUG    | utils.geo_utils:haversine_distance:20 - Haversine: (31.504101, 73.1583633) → (31.4000755, 73.0126538) = 18023.2 m
2026-03-26 22:17:06.984 | DEBUG    | utils.geo_utils:haversine_distance:20 - Haversine: (31.504101, 73.1583633) → (31.527645, 73.0552285) = 10120.9 m
2026-03-26 22:17:06.985 | DEBUG    | utils.geo_utils:haversine_distance:20 - Haversine: (31.504101, 73.1583633) → (31.3281703, 73.1302408) = 19743.8 m
2026-03-26 22:17:06.985 | DEBUG    | utils.geo_utils:haversine_distance:20 - Haversine: (31.504101, 73.1583633) → (31.4192659, 73.0416323) = 14545.4 m
2026-03-26 22:17:06.985 | DEBUG    | utils.geo_utils:haversine_distance:20 - Haversine: (31.504101, 73.1583633) → (31.5101284, 73.1503952) = 1009.9 m
2026-03-26 22:17:06.985 | DEBUG    | utils.geo_utils:haversine_distance:20 - Haversine: (31.504101, 73.1583633) → (31.4641337, 73.1683411) = 4543.8 m
2026-03-26 22:17:06.986 | DEBUG    | utils.geo_utils:haversine_distance:20 - Haversine: (31.504101, 73.1583633) → (31.3446991, 73.0585627) = 20095.7 m
2026-03-26 22:17:06.986 | DEBUG    | utils.geo_utils:haversine_distance:20 - Haversine: (31.504101, 73.1583633) → (31.5431453, 73.1283131) = 5192.5 m
2026-03-26 22:17:06.986 | DEBUG    | utils.geo_utils:haversine_distance:20 - Haversine: (31.504101, 73.1583633) → (31.398463, 73.0263855) = 17167.1 m
2026-03-26 22:17:06.986 | DEBUG    | utils.geo_utils:haversine_distance:20 - Haversine: (31.504101, 73.1583633) → (31.3190478, 73.1756414) = 20642.2 m
2026-03-26 22:17:06.986 | DEBUG    | utils.geo_utils:haversine_distance:20 - Haversine: (31.504101, 73.1583633) → (31.3557607, 73.1450675) = 16542.9 m
2026-03-26 22:17:06.986 | DEBUG    | utils.geo_utils:haversine_distance:20 - Haversine: (31.504101, 73.1583633) → (31.4601458, 73.0666137) = 9979.2 m
2026-03-26 22:17:06.986 | DEBUG    | utils.geo_utils:haversine_distance:20 - Haversine: (31.504101, 73.1583633) → (31.4743292, 73.1046958) = 6070.8 m
2026-03-26 22:17:06.986 | DEBUG    | utils.geo_utils:haversine_distance:20 - Haversine: (31.504101, 73.1583633) → (31.4693742, 73.1600766) = 3864.9 m
2026-03-26 22:17:06.986 | DEBUG    | utils.geo_utils:haversine_distance:20 - Haversine: (31.504101, 73.1583633) → (31.4060883, 73.1115478) = 11768.5 m
2026-03-26 22:17:06.986 | DEBUG    | utils.geo_utils:haversine_distance:20 - Haversine: (31.504101, 73.1583633) → (31.4773379, 73.0052033) = 14824.2 m
2026-03-26 22:17:06.986 | DEBUG    | utils.geo_utils:haversine_distance:20 - Haversine: (31.504101, 73.1583633) → (31.4766945, 73.1677037) = 3173.5 m
2026-03-26 22:17:06.986 | DEBUG    | utils.geo_utils:haversine_distance:20 - Haversine: (31.3907077, 73.1897443) → (31.3691526, 73.0514611) = 13344.3 m
2026-03-26 22:17:06.987 | DEBUG    | utils.geo_utils:haversine_distance:20 - Haversine: (31.3907077, 73.1897443) → (31.3787188, 73.157798) = 3312.6 m
2026-03-26 22:17:06.987 | DEBUG    | utils.geo_utils:haversine_distance:20 - Haversine: (31.3907077, 73.1897443) → (31.4457694, 73.1408101) = 7684.3 m
2026-03-26 22:17:06.987 | DEBUG    | utils.geo_utils:haversine_distance:20 - Haversine: (31.3907077, 73.1897443) → (31.5487412, 73.1501112) = 17970.0 m
2026-03-26 22:17:06.987 | DEBUG    | utils.geo_utils:haversine_distance:20 - Haversine: (31.3907077, 73.1897443) → (31.3836456, 73.0640586) = 11956.3 m
2026-03-26 22:17:06.987 | DEBUG    | utils.geo_utils:haversine_distance:20 - Haversine: (31.3907077, 73.1897443) → (31.4467219, 73.1271368) = 8607.5 m
2026-03-26 22:17:06.987 | DEBUG    | utils.geo_utils:haversine_distance:20 - Haversine: (31.3907077, 73.1897443) → (31.330396, 73.0696448) = 13229.3 m
2026-03-26 22:17:06.987 | DEBUG    | utils.geo_utils:haversine_distance:20 - Haversine: (31.3907077, 73.1897443) → (31.3413852, 73.1852291) = 5501.1 m
2026-03-26 22:17:06.987 | DEBUG    | utils.geo_utils:haversine_distance:20 - Haversine: (31.3907077, 73.1897443) → (31.4000755, 73.0126538) = 16840.8 m
2026-03-26 22:17:06.987 | DEBUG    | utils.geo_utils:haversine_distance:20 - Haversine: (31.3907077, 73.1897443) → (31.527645, 73.0552285) = 19865.6 m
2026-03-26 22:17:06.987 | DEBUG    | utils.geo_utils:haversine_distance:20 - Haversine: (31.3907077, 73.1897443) → (31.3281703, 73.1302408) = 8959.8 m
2026-03-26 22:17:06.988 | DEBUG    | utils.geo_utils:haversine_distance:20 - Haversine: (31.3907077, 73.1897443) → (31.4192659, 73.0416323) = 14410.9 m
2026-03-26 22:17:06.988 | DEBUG    | utils.geo_utils:haversine_distance:20 - Haversine: (31.3907077, 73.1897443) → (31.5101284, 73.1503952) = 13793.6 m
2026-03-26 22:17:06.988 | DEBUG    | utils.geo_utils:haversine_distance:20 - Haversine: (31.3907077, 73.1897443) → (31.4641337, 73.1683411) = 8413.4 m
2026-03-26 22:17:06.988 | DEBUG    | utils.geo_utils:haversine_distance:20 - Haversine: (31.3907077, 73.1897443) → (31.3446991, 73.0585627) = 13464.6 m
2026-03-26 22:17:06.988 | DEBUG    | utils.geo_utils:haversine_distance:20 - Haversine: (31.3907077, 73.1897443) → (31.5431453, 73.1283131) = 17923.7 m
2026-03-26 22:17:06.988 | DEBUG    | utils.geo_utils:haversine_distance:20 - Haversine: (31.3907077, 73.1897443) → (31.398463, 73.0263855) = 15529.3 m
2026-03-26 22:17:06.988 | DEBUG    | utils.geo_utils:haversine_distance:20 - Haversine: (31.3907077, 73.1897443) → (31.3190478, 73.1756414) = 8080.0 m
2026-03-26 22:17:06.988 | DEBUG    | utils.geo_utils:haversine_distance:20 - Haversine: (31.3907077, 73.1897443) → (31.3557607, 73.1450675) = 5752.5 m
2026-03-26 22:17:06.988 | DEBUG    | utils.geo_utils:haversine_distance:20 - Haversine: (31.3907077, 73.1897443) → (31.4601458, 73.0666137) = 14004.1 m
2026-03-26 22:17:06.988 | DEBUG    | utils.geo_utils:haversine_distance:20 - Haversine: (31.3907077, 73.1897443) → (31.4743292, 73.1046958) = 12311.4 m
2026-03-26 22:17:06.988 | DEBUG    | utils.geo_utils:haversine_distance:20 - Haversine: (31.3907077, 73.1897443) → (31.4693742, 73.1600766) = 9189.1 m
2026-03-26 22:17:06.988 | DEBUG    | utils.geo_utils:haversine_distance:20 - Haversine: (31.3907077, 73.1897443) → (31.4060883, 73.1115478) = 7616.3 m
2026-03-26 22:17:06.989 | DEBUG    | utils.geo_utils:haversine_distance:20 - Haversine: (31.3907077, 73.1897443) → (31.4773379, 73.0052033) = 19983.5 m
2026-03-26 22:17:06.989 | DEBUG    | utils.geo_utils:haversine_distance:20 - Haversine: (31.3907077, 73.1897443) → (31.4766945, 73.1677037) = 9787.3 m
2026-03-26 22:17:06.989 | DEBUG    | utils.geo_utils:haversine_distance:20 - Haversine: (31.3907077, 73.1897443) → (31.504101, 73.1583633) = 12955.4 m
2026-03-26 22:17:06.989 | DEBUG    | utils.geo_utils:haversine_distance:20 - Haversine: (31.4052045, 73.0873694) → (31.3691526, 73.0514611) = 5262.0 m
2026-03-26 22:17:06.989 | DEBUG    | utils.geo_utils:haversine_distance:20 - Haversine: (31.4052045, 73.0873694) → (31.3787188, 73.157798) = 7305.0 m
2026-03-26 22:17:06.989 | DEBUG    | utils.geo_utils:haversine_distance:20 - Haversine: (31.4052045, 73.0873694) → (31.4457694, 73.1408101) = 6786.6 m
2026-03-26 22:17:06.989 | DEBUG    | utils.geo_utils:haversine_distance:20 - Haversine: (31.4052045, 73.0873694) → (31.5487412, 73.1501112) = 17033.5 m
2026-03-26 22:17:06.989 | DEBUG    | utils.geo_utils:haversine_distance:20 - Haversine: (31.4052045, 73.0873694) → (31.3836456, 73.0640586) = 3262.2 m
2026-03-26 22:17:06.989 | DEBUG    | utils.geo_utils:haversine_distance:20 - Haversine: (31.4052045, 73.0873694) → (31.4467219, 73.1271368) = 5962.4 m
2026-03-26 22:17:06.989 | DEBUG    | utils.geo_utils:haversine_distance:20 - Haversine: (31.4052045, 73.0873694) → (31.330396, 73.0696448) = 8486.8 m
2026-03-26 22:17:06.989 | DEBUG    | utils.geo_utils:haversine_distance:20 - Haversine: (31.4052045, 73.0873694) → (31.3413852, 73.1852291) = 11690.7 m
2026-03-26 22:17:06.989 | DEBUG    | utils.geo_utils:haversine_distance:20 - Haversine: (31.4052045, 73.0873694) → (31.4000755, 73.0126538) = 7114.0 m
2026-03-26 22:17:06.990 | DEBUG    | utils.geo_utils:haversine_distance:20 - Haversine: (31.4052045, 73.0873694) → (31.527645, 73.0552285) = 13951.9 m
2026-03-26 22:17:06.990 | DEBUG    | utils.geo_utils:haversine_distance:20 - Haversine: (31.4052045, 73.0873694) → (31.3281703, 73.1302408) = 9483.7 m
2026-03-26 22:17:06.990 | DEBUG    | utils.geo_utils:haversine_distance:20 - Haversine: (31.4052045, 73.0873694) → (31.4192659, 73.0416323) = 4613.4 m
2026-03-26 22:17:06.990 | DEBUG    | utils.geo_utils:haversine_distance:20 - Haversine: (31.4052045, 73.0873694) → (31.5101284, 73.1503952) = 13109.4 m
2026-03-26 22:17:06.991 | DEBUG    | utils.geo_utils:haversine_distance:20 - Haversine: (31.4052045, 73.0873694) → (31.4641337, 73.1683411) = 10097.2 m
2026-03-26 22:17:06.991 | DEBUG    | utils.geo_utils:haversine_distance:20 - Haversine: (31.4052045, 73.0873694) → (31.3446991, 73.0585627) = 7262.5 m
2026-03-26 22:17:06.991 | DEBUG    | utils.geo_utils:haversine_distance:20 - Haversine: (31.4052045, 73.0873694) → (31.5431453, 73.1283131) = 15822.2 m
2026-03-26 22:17:06.991 | DEBUG    | utils.geo_utils:haversine_distance:20 - Haversine: (31.4052045, 73.0873694) → (31.398463, 73.0263855) = 5836.2 m
2026-03-26 22:17:06.991 | DEBUG    | utils.geo_utils:haversine_distance:20 - Haversine: (31.4052045, 73.0873694) → (31.3190478, 73.1756414) = 12729.0 m
2026-03-26 22:17:06.991 | DEBUG    | utils.geo_utils:haversine_distance:20 - Haversine: (31.4052045, 73.0873694) → (31.3557607, 73.1450675) = 7760.6 m
2026-03-26 22:17:06.991 | DEBUG    | utils.geo_utils:haversine_distance:20 - Haversine: (31.4052045, 73.0873694) → (31.4601458, 73.0666137) = 6418.7 m
2026-03-26 22:17:06.991 | DEBUG    | utils.geo_utils:haversine_distance:20 - Haversine: (31.4052045, 73.0873694) → (31.4743292, 73.1046958) = 7860.1 m
2026-03-26 22:17:06.991 | DEBUG    | utils.geo_utils:haversine_distance:20 - Haversine: (31.4052045, 73.0873694) → (31.4693742, 73.1600766) = 9924.4 m
2026-03-26 22:17:06.991 | DEBUG    | utils.geo_utils:haversine_distance:20 - Haversine: (31.4052045, 73.0873694) → (31.4060883, 73.1115478) = 2296.7 m
2026-03-26 22:17:06.991 | DEBUG    | utils.geo_utils:haversine_distance:20 - Haversine: (31.4052045, 73.0873694) → (31.4773379, 73.0052033) = 11184.6 m
2026-03-26 22:17:06.992 | DEBUG    | utils.geo_utils:haversine_distance:20 - Haversine: (31.4052045, 73.0873694) → (31.4766945, 73.1677037) = 11012.5 m
2026-03-26 22:17:06.992 | DEBUG    | utils.geo_utils:haversine_distance:20 - Haversine: (31.4052045, 73.0873694) → (31.504101, 73.1583633) = 12894.9 m
2026-03-26 22:17:06.992 | DEBUG    | utils.geo_utils:haversine_distance:20 - Haversine: (31.4052045, 73.0873694) → (31.3907077, 73.1897443) = 9849.5 m
2026-03-26 22:17:06.992 | INFO     | data_pipeline.stop_builder:merge_nearby_stops:91 - Merged stops:
2026-03-26 22:17:06.998 | INFO     | data_pipeline.stop_builder:merge_nearby_stops:92 -   Before merge: 30 stops
2026-03-26 22:17:06.999 | INFO     | data_pipeline.stop_builder:merge_nearby_stops:93 -   After merge : 28 stops (merged 2 pairs/groups)
2026-03-26 22:17:07.001 | DEBUG    | data_pipeline.stop_builder:merge_nearby_stops:95 - First few merged stops: [{'student_id': '3CNKLBNknvMId9G9MJ1cVoQjkpw2', 'name': 'Test Student 12', 'roll_no': 'TEST-4382', 'lat': 31.3691526, 'lng': 73.0514611, 'student_count': 1, 'contact': '03597900028', 'semester': 'Spring 2026', 'fee_status': 'unpaid', 'registration_status': 'successful', 'original_lat': 31.369289, 'original_lng': 73.051406, 'snap_distance_m': 16.04, 'merged_student_ids': ['3CNKLBNknvMId9G9MJ1cVoQjkpw2']}, {'student_id': '61fbjUraIhPuzNx8BY68aYewSG02', 'name': 'Test Student 28', 'roll_no': 'TEST-7403', 'lat': 31.3787188, 'lng': 73.157798, 'student_count': 1, 'contact': '03344993000', 'semester': 'Spring 2026', 'fee_status': 'unpaid', 'registration_status': 'successful', 'original_lat': 31.380283, 'original_lng': 73.159195, 'snap_distance_m': 218.72, 'merged_student_ids': ['61fbjUraIhPuzNx8BY68aYewSG02']}, {'student_id': '7DxKX1nW4ZdeWHKXM2Vf5OIfGvr1', 'name': 'Test Student 10', 'roll_no': 'TEST-9142', 'lat': 31.4457694, 'lng': 73.1408101, 'student_count': 1, 'contact': '03537549971', 'semester': 'Spring 2026', 'fee_status': 'unpaid', 'registration_status': 'successful', 'original_lat': 31.446304, 'original_lng': 73.140169, 'snap_distance_m': 85.04, 'merged_student_ids': ['7DxKX1nW4ZdeWHKXM2Vf5OIfGvr1']}]
2026-03-26 22:17:07.058 | INFO     | clustering.stop_clustering:cluster_stops:45 - Clustered into 3 buses (capacity 10):
2026-03-26 22:17:07.062 | INFO     | clustering.stop_clustering:cluster_stops:48 -   Bus 0: 6 stops, 7 students
2026-03-26 22:17:07.065 | INFO     | clustering.stop_clustering:cluster_stops:48 -   Bus 1: 11 stops, 12 students
2026-03-26 22:17:07.065 | INFO     | clustering.stop_clustering:cluster_stops:48 -   Bus 2: 11 stops, 11 students
2026-03-26 22:17:07.411 | DEBUG    | optimization.store_routes:store_optimized_routes:401 - Stored fee for KSn42uZ4dDaMueZxSsk9yyYYMbU2: 40410 PKR
2026-03-26 22:17:07.944 | DEBUG    | optimization.store_routes:store_optimized_routes:401 - Stored fee for SF9XoWomQLQm1mkqTnpp8bDSyxG3: 40410 PKR
2026-03-26 22:17:08.465 | DEBUG    | optimization.store_routes:store_optimized_routes:401 - Stored fee for Os55fn9jigeXpNaUlGTOSD1kzUH3: 40410 PKR
2026-03-26 22:17:08.537 | INFO     | optimization.tsp_solver:get_road_distance_matrix:38 - ORS matrix computed: 7x7
2026-03-26 22:17:09.012 | DEBUG    | optimization.store_routes:store_optimized_routes:401 - Stored fee for XmlYR1ejNvTp0enFtavXMQRl9l62: 40410 PKR
2026-03-26 22:17:09.653 | DEBUG    | optimization.store_routes:store_optimized_routes:401 - Stored fee for XuCFaAxIj3RH4cDaJKu6xmWSwfi1: 40410 PKR
2026-03-26 22:17:10.253 | DEBUG    | optimization.store_routes:store_optimized_routes:401 - Stored fee for vjz604g8oKerN5zBKZ7mU7mG2M03: 40410 PKR
2026-03-26 22:17:11.186 | INFO     | optimization.store_routes:compute_fee_per_student:32 - Fee calc: 32736 PKR/student | dist=81.8km | students=12
2026-03-26 22:17:11.812 | DEBUG    | optimization.store_routes:store_optimized_routes:401 - Stored fee for 7DxKX1nW4ZdeWHKXM2Vf5OIfGvr1: 32736 PKR
2026-03-26 22:17:12.424 | DEBUG    | optimization.store_routes:store_optimized_routes:401 - Stored fee for DS0YCp1l3RXIwCBzxzmEzv99Zii1: 32736 PKR
2026-03-26 22:17:13.033 | DEBUG    | optimization.store_routes:store_optimized_routes:401 - Stored fee for GydB2I2Y0Ec14olrl5Hbtm8ziZF3: 32736 PKR
2026-03-26 22:17:13.632 | DEBUG    | optimization.store_routes:store_optimized_routes:401 - Stored fee for NkZ3VPHBNtS3wxSmCjfBkRWPaZQ2: 32736 PKR
2026-03-26 22:17:14.216 | DEBUG    | optimization.store_routes:store_optimized_routes:401 - Stored fee for SXxBaOHsDPhcbAy5QSfe0NZxZM83: 32736 PKR
2026-03-26 22:17:15.198 | DEBUG    | optimization.store_routes:store_optimized_routes:401 - Stored fee for UpNOyWoNcXaW1O5jadyyddeniWj2: 32736 PKR
2026-03-26 22:17:15.809 | DEBUG    | optimization.store_routes:store_optimized_routes:401 - Stored fee for VMbnLGOyDuRi41R8XPG6toeooJt1: 32736 PKR
2026-03-26 22:17:16.447 | DEBUG    | optimization.store_routes:store_optimized_routes:401 - Stored fee for e3D31VgcVrXKjMfjS13MWcxDZgi1: 32736 PKR
2026-03-26 22:17:17.128 | DEBUG    | optimization.store_routes:store_optimized_routes:401 - Stored fee for n5w74mESTuV3BSMbnAo4AqNZ3oT2: 32736 PKR
2026-03-26 22:17:17.759 | DEBUG    | optimization.store_routes:store_optimized_routes:401 - Stored fee for qwxNS37KPQSeME1Rb86ZDMnXjYX2: 32736 PKR
2026-03-26 22:17:18.353 | DEBUG    | optimization.store_routes:store_optimized_routes:401 - Stored fee for unEE7hJDp7cMFEu2M568RmrtWRq2: 32736 PKR
2026-03-26 22:17:18.962 | DEBUG    | optimization.store_routes:store_optimized_routes:401 - Stored fee for vQHRPPdjWmTjASjEQvAqjzPhHdm2: 32736 PKR
2026-03-26 22:17:20.266 | INFO     | optimization.store_routes:compute_fee_per_student:32 - Fee calc: 43222 PKR/student | dist=99.0km | students=11
2026-03-26 22:17:20.866 | DEBUG    | optimization.store_routes:store_optimized_routes:401 - Stored fee for 3CNKLBNknvMId9G9MJ1cVoQjkpw2: 43222 PKR
2026-03-26 22:17:21.455 | DEBUG    | optimization.store_routes:store_optimized_routes:401 - Stored fee for GBGXh21H2VefIT4NkSWu8FQldkF3: 43222 PKR
2026-03-26 22:17:22.051 | DEBUG    | optimization.store_routes:store_optimized_routes:401 - Stored fee for I6aLScqZSSeAF3ug6jDkoPrt6g23: 43222 PKR
2026-03-26 22:17:22.676 | DEBUG    | optimization.store_routes:store_optimized_routes:401 - Stored fee for KbkXVOhtA3hfwjvwsS5w2IIOki93: 43222 PKR
2026-03-26 22:17:23.316 | DEBUG    | optimization.store_routes:store_optimized_routes:401 - Stored fee for SOWTJArpcRRKPC0v7cWYW0XJk6v1: 43222 PKR
2026-03-26 22:17:23.546 | INFO     | optimization.tsp_solver:solve_tsp:123 - TSP solved: 6 stops, distance 33064 m, objective 33064
2026-03-26 22:17:23.547 | DEBUG    | optimization.tsp_solver:solve_tsp:124 - Order: ['unknown', 'unknown', 'unknown', 'unknown', 'unknown', 'unknown']
2026-03-26 22:17:23.547 | DEBUG    | optimization.route_generator:generate_route_path:57 - Requesting ORS route with 7 waypoints
2026-03-26 22:17:23.898 | DEBUG    | optimization.store_routes:store_optimized_routes:401 - Stored fee for VItoVj8ml0ZAMdLtqGCBxaDdkWj1: 43222 PKR
2026-03-26 22:17:24.430 | DEBUG    | optimization.store_routes:store_optimized_routes:401 - Stored fee for WRVMbOeJLLdnIPhcWnncdjhPSjb2: 43222 PKR
2026-03-26 22:17:24.945 | DEBUG    | optimization.store_routes:store_optimized_routes:401 - Stored fee for bvudy4BMDIZ3KxtxPyHvDJd3rjf2: 43222 PKR
2026-03-26 22:17:25.110 | INFO     | optimization.route_generator:generate_route_path:74 - ORS route generated successfully (bug-free)
2026-03-26 22:17:25.112 | INFO     | optimization.route_generator:generate_route_path:75 -   Waypoints: 6 stops → University
2026-03-26 22:17:25.112 | INFO     | optimization.route_generator:generate_route_path:76 -   Distance: 58.93 km
2026-03-26 22:17:25.113 | INFO     | optimization.route_generator:generate_route_path:77 -   Duration: 1.20 h (72 min)
2026-03-26 22:17:25.113 | DEBUG    | optimization.route_generator:generate_route_path:78 - Geometry sample (first 3 & last 3): [[73.157798, 31.378719], [73.16044, 31.376661], [73.161875, 31.375597]] ... [[73.03447, 31.602425], [73.034742, 31.602694], [73.034832, 31.602523]]
2026-03-26 22:17:25.117 | INFO     | optimization.store_routes:compute_fee_per_student:32 - Fee calc: 40412 PKR/student | dist=58.9km | students=7
2026-03-26 22:17:25.461 | DEBUG    | optimization.store_routes:store_optimized_routes:401 - Stored fee for rtsUd2Aeg0W2HTpXZhrpSlqMhdL2: 43222 PKR
2026-03-26 22:17:25.668 | DEBUG    | optimization.store_routes:reverse_geocode_stop_name:176 - Stop name resolved: (31.3787, 73.1578) → 'Punjab Social Security Housing Colony'
2026-03-26 22:17:25.994 | DEBUG    | optimization.store_routes:store_optimized_routes:401 - Stored fee for shSuBEXnw4TLpoUGH1D5uwg8QKr1: 43222 PKR
2026-03-26 22:17:26.197 | DEBUG    | optimization.store_routes:store_optimized_routes:270 - Assigned seat S1 to student 61fbjUraIhPuzNx8BY68aYewSG02
2026-03-26 22:17:26.521 | DEBUG    | optimization.store_routes:store_optimized_routes:401 - Stored fee for x2LmEXZ95YfrQpxSQgrBTDTWbk83: 43222 PKR
2026-03-26 22:17:26.521 | INFO     | optimization.store_routes:store_optimized_routes:403 - Phase 3 complete: 30 fee records stored
2026-03-26 22:17:26.525 | INFO     | optimization.store_routes:store_optimized_routes:405 - Overall done: 3 routes | 28 stops | 30 fees
2026-03-26 22:17:26.527 | INFO     | optimization.store_routes:store_optimized_routes:407 - Done: 3 routes | 28 stops stored
2026-03-26 22:17:26.527 | INFO     | optimization.store_routes:store_optimized_routes:410 - Phase 3 complete: 30 fee records stored
2026-03-26 22:17:26.528 | INFO     | optimization.store_routes:store_optimized_routes:413 - Final step: Updating registration_status to 'successful' for all processed students...
2026-03-26 22:17:26.718 | DEBUG    | optimization.store_routes:store_optimized_routes:296 - Stored stop R1_stop1 | name='Punjab Social Security Housing Colony' | route=R1
2026-03-26 22:17:27.188 | INFO     | optimization.store_routes:store_optimized_routes:437 - Updated 30 students to 'successful' registration status.
2026-03-26 22:17:27.189 | INFO     | optimization.store_routes:store_optimized_routes:440 - Overall done: 3 routes | 28 stops | 30 fees
2026-03-26 22:17:27.193 | INFO     | api.main:run_optimization:64 - Pipeline completed successfully | 3 buses processed
2026-03-26 22:17:28.294 | DEBUG    | optimization.store_routes:reverse_geocode_stop_name:176 - Stop name resolved: (31.3907, 73.1897) → 'Karar Wala'
2026-03-26 22:17:28.817 | DEBUG    | optimization.store_routes:store_optimized_routes:270 - Assigned seat S2 to student vjz604g8oKerN5zBKZ7mU7mG2M03
2026-03-26 22:17:29.341 | DEBUG    | optimization.store_routes:store_optimized_routes:296 - Stored stop R1_stop2 | name='Karar Wala' | route=R1
2026-03-26 22:17:30.835 | DEBUG    | optimization.store_routes:reverse_geocode_stop_name:176 - Stop name resolved: (31.3414, 73.1852) → 'Khojewala'
2026-03-26 22:17:31.357 | DEBUG    | optimization.store_routes:store_optimized_routes:270 - Assigned seat S3 to student KSn42uZ4dDaMueZxSsk9yyYYMbU2
2026-03-26 22:17:31.881 | DEBUG    | optimization.store_routes:store_optimized_routes:270 - Assigned seat S4 to student SF9XoWomQLQm1mkqTnpp8bDSyxG3
2026-03-26 22:17:32.405 | DEBUG    | optimization.store_routes:store_optimized_routes:296 - Stored stop R1_stop3 | name='Khojewala' | route=R1
2026-03-26 22:17:33.920 | DEBUG    | optimization.store_routes:reverse_geocode_stop_name:176 - Stop name resolved: (31.3190, 73.1756) → 'Chak 75 GB'
2026-03-26 22:17:34.439 | DEBUG    | optimization.store_routes:store_optimized_routes:270 - Assigned seat S5 to student XmlYR1ejNvTp0enFtavXMQRl9l62
2026-03-26 22:17:34.956 | DEBUG    | optimization.store_routes:store_optimized_routes:296 - Stored stop R1_stop4 | name='Chak 75 GB' | route=R1
2026-03-26 22:17:36.659 | DEBUG    | optimization.store_routes:reverse_geocode_stop_name:176 - Stop name resolved: (31.3282, 73.1302) → 'Faisalabad ByPass'
2026-03-26 22:17:37.177 | DEBUG    | optimization.store_routes:store_optimized_routes:270 - Assigned seat S6 to student Os55fn9jigeXpNaUlGTOSD1kzUH3
2026-03-26 22:17:37.729 | DEBUG    | optimization.store_routes:store_optimized_routes:296 - Stored stop R1_stop5 | name='Faisalabad ByPass' | route=R1
2026-03-26 22:17:39.236 | DEBUG    | optimization.store_routes:reverse_geocode_stop_name:176 - Stop name resolved: (31.3558, 73.1451) → 'Satiana Road'
2026-03-26 22:17:39.749 | DEBUG    | optimization.store_routes:store_optimized_routes:270 - Assigned seat S7 to student XuCFaAxIj3RH4cDaJKu6xmWSwfi1
2026-03-26 22:17:40.266 | DEBUG    | optimization.store_routes:store_optimized_routes:296 - Stored stop R1_stop6 | name='Satiana Road' | route=R1
2026-03-26 22:17:41.121 | INFO     | optimization.store_routes:store_optimized_routes:321 - Stored route route_0 (R1): 6 stops, 58.93 km
2026-03-26 22:17:42.290 | INFO     | optimization.tsp_solver:get_road_distance_matrix:38 - ORS matrix computed: 12x12
2026-03-26 22:17:57.297 | INFO     | optimization.tsp_solver:solve_tsp:123 - TSP solved: 11 stops, distance 60287 m, objective 60287
2026-03-26 22:17:57.297 | DEBUG    | optimization.tsp_solver:solve_tsp:124 - Order: ['unknown', 'unknown', 'unknown', 'unknown', 'unknown', 'unknown', 'unknown', 'unknown', 'unknown', 'unknown', 'unknown']
2026-03-26 22:17:57.298 | DEBUG    | optimization.route_generator:generate_route_path:57 - Requesting ORS route with 12 waypoints
2026-03-26 22:17:58.580 | INFO     | optimization.route_generator:generate_route_path:74 - ORS route generated successfully (bug-free)
2026-03-26 22:17:58.581 | INFO     | optimization.route_generator:generate_route_path:75 -   Waypoints: 11 stops → University
2026-03-26 22:17:58.581 | INFO     | optimization.route_generator:generate_route_path:76 -   Distance: 81.84 km
2026-03-26 22:17:58.582 | INFO     | optimization.route_generator:generate_route_path:77 -   Duration: 1.68 h (101 min)
2026-03-26 22:17:58.582 | DEBUG    | optimization.route_generator:generate_route_path:78 - Geometry sample (first 3 & last 3): [[73.14081, 31.445769], [73.14365, 31.447906], [73.145117, 31.448895]] ... [[73.03447, 31.602425], [73.034742, 31.602694], [73.034832, 31.602523]]
2026-03-26 22:17:58.583 | INFO     | optimization.store_routes:compute_fee_per_student:32 - Fee calc: 32738 PKR/student | dist=81.8km | students=12
2026-03-26 22:17:59.045 | DEBUG    | optimization.store_routes:reverse_geocode_stop_name:176 - Stop name resolved: (31.4458, 73.1408) → 'West Canal Expressway, Faisalabad City Tehsil'
2026-03-26 22:17:59.566 | DEBUG    | optimization.store_routes:store_optimized_routes:270 - Assigned seat S1 to student 7DxKX1nW4ZdeWHKXM2Vf5OIfGvr1
2026-03-26 22:18:00.083 | DEBUG    | optimization.store_routes:store_optimized_routes:296 - Stored stop R2_stop1 | name='West Canal Expressway, Faisalabad City Tehsil' | route=R2
2026-03-26 22:18:01.620 | DEBUG    | optimization.store_routes:reverse_geocode_stop_name:176 - Stop name resolved: (31.4641, 73.1683) → 'Faisal Gardens, Faisalabad City Tehsil'
2026-03-26 22:18:02.153 | DEBUG    | optimization.store_routes:store_optimized_routes:270 - Assigned seat S2 to student UpNOyWoNcXaW1O5jadyyddeniWj2
2026-03-26 22:18:02.691 | DEBUG    | optimization.store_routes:store_optimized_routes:296 - Stored stop R2_stop2 | name='Faisal Gardens, Faisalabad City Tehsil' | route=R2
2026-03-26 22:18:04.114 | DEBUG    | optimization.store_routes:reverse_geocode_stop_name:176 - Stop name resolved: (31.4694, 73.1601) → 'Bagewal Road, Faisalabad City Tehsil'
2026-03-26 22:18:04.647 | DEBUG    | optimization.store_routes:store_optimized_routes:270 - Assigned seat S3 to student qwxNS37KPQSeME1Rb86ZDMnXjYX2
2026-03-26 22:18:05.173 | DEBUG    | optimization.store_routes:store_optimized_routes:296 - Stored stop R2_stop3 | name='Bagewal Road, Faisalabad City Tehsil' | route=R2
2026-03-26 22:18:07.707 | DEBUG    | optimization.store_routes:reverse_geocode_stop_name:176 - Stop name resolved: (31.4767, 73.1677) → 'Bagewal Road, Sabina Town'
2026-03-26 22:18:08.232 | DEBUG    | optimization.store_routes:store_optimized_routes:270 - Assigned seat S4 to student unEE7hJDp7cMFEu2M568RmrtWRq2
2026-03-26 22:18:08.770 | DEBUG    | optimization.store_routes:store_optimized_routes:296 - Stored stop R2_stop4 | name='Bagewal Road, Sabina Town' | route=R2
2026-03-26 22:18:10.260 | DEBUG    | optimization.store_routes:reverse_geocode_stop_name:176 - Stop name resolved: (31.5041, 73.1584) → 'Faisalabad District'
2026-03-26 22:18:10.788 | DEBUG    | optimization.store_routes:store_optimized_routes:270 - Assigned seat S5 to student vQHRPPdjWmTjASjEQvAqjzPhHdm2
2026-03-26 22:18:11.314 | DEBUG    | optimization.store_routes:store_optimized_routes:296 - Stored stop R2_stop5 | name='Faisalabad District' | route=R2
2026-03-26 22:18:12.793 | DEBUG    | optimization.store_routes:reverse_geocode_stop_name:176 - Stop name resolved: (31.5101, 73.1504) → 'Faisalabad District'
2026-03-26 22:18:13.311 | DEBUG    | optimization.store_routes:store_optimized_routes:270 - Assigned seat S6 to student SXxBaOHsDPhcbAy5QSfe0NZxZM83
2026-03-26 22:18:13.821 | DEBUG    | optimization.store_routes:store_optimized_routes:296 - Stored stop R2_stop6 | name='Faisalabad District' | route=R2
2026-03-26 22:18:15.475 | DEBUG    | optimization.store_routes:reverse_geocode_stop_name:176 - Stop name resolved: (31.5487, 73.1501) → 'Faisalabad Bypass'
2026-03-26 22:18:15.991 | DEBUG    | optimization.store_routes:store_optimized_routes:270 - Assigned seat S7 to student DS0YCp1l3RXIwCBzxzmEzv99Zii1
2026-03-26 22:18:16.515 | DEBUG    | optimization.store_routes:store_optimized_routes:296 - Stored stop R2_stop7 | name='Faisalabad Bypass' | route=R2
2026-03-26 22:18:18.002 | DEBUG    | optimization.store_routes:reverse_geocode_stop_name:176 - Stop name resolved: (31.5276, 73.0552) → 'Faisalabad District'
2026-03-26 22:18:18.532 | DEBUG    | optimization.store_routes:store_optimized_routes:270 - Assigned seat S8 to student NkZ3VPHBNtS3wxSmCjfBkRWPaZQ2
2026-03-26 22:18:19.064 | DEBUG    | optimization.store_routes:store_optimized_routes:296 - Stored stop R2_stop8 | name='Faisalabad District' | route=R2
2026-03-26 22:18:20.548 | DEBUG    | optimization.store_routes:reverse_geocode_stop_name:176 - Stop name resolved: (31.5431, 73.1283) → 'Dialgarh'
2026-03-26 22:18:21.075 | DEBUG    | optimization.store_routes:store_optimized_routes:270 - Assigned seat S9 to student VMbnLGOyDuRi41R8XPG6toeooJt1
2026-03-26 22:18:21.598 | DEBUG    | optimization.store_routes:store_optimized_routes:270 - Assigned seat S10 to student e3D31VgcVrXKjMfjS13MWcxDZgi1
2026-03-26 22:18:22.119 | DEBUG    | optimization.store_routes:store_optimized_routes:296 - Stored stop R2_stop9 | name='Dialgarh' | route=R2
2026-03-26 22:18:23.645 | DEBUG    | optimization.store_routes:reverse_geocode_stop_name:176 - Stop name resolved: (31.4743, 73.1047) → 'Millat Road, Faisalabad City Tehsil'
2026-03-26 22:18:24.173 | DEBUG    | optimization.store_routes:store_optimized_routes:270 - Assigned seat S11 to student n5w74mESTuV3BSMbnAo4AqNZ3oT2
2026-03-26 22:18:24.696 | DEBUG    | optimization.store_routes:store_optimized_routes:296 - Stored stop R2_stop10 | name='Millat Road, Faisalabad City Tehsil' | route=R2
2026-03-26 22:18:26.237 | DEBUG    | optimization.store_routes:reverse_geocode_stop_name:176 - Stop name resolved: (31.4467, 73.1271) → 'Faisalabad District, Faisalabad City Tehsil'
2026-03-26 22:18:26.769 | DEBUG    | optimization.store_routes:store_optimized_routes:270 - Assigned seat S12 to student GydB2I2Y0Ec14olrl5Hbtm8ziZF3
2026-03-26 22:18:27.293 | DEBUG    | optimization.store_routes:store_optimized_routes:296 - Stored stop R2_stop11 | name='Faisalabad District, Faisalabad City Tehsil' | route=R2
2026-03-26 22:18:28.352 | INFO     | optimization.store_routes:store_optimized_routes:321 - Stored route route_1 (R2): 11 stops, 81.84 km
2026-03-26 22:18:29.359 | INFO     | optimization.tsp_solver:get_road_distance_matrix:38 - ORS matrix computed: 12x12
2026-03-26 22:18:44.367 | INFO     | optimization.tsp_solver:solve_tsp:123 - TSP solved: 11 stops, distance 72708 m, objective 72708
2026-03-26 22:18:44.367 | DEBUG    | optimization.tsp_solver:solve_tsp:124 - Order: ['unknown', 'unknown', 'unknown', 'unknown', 'unknown', 'unknown', 'unknown', 'unknown', 'unknown', 'unknown', 'unknown']
2026-03-26 22:18:44.368 | DEBUG    | optimization.route_generator:generate_route_path:57 - Requesting ORS route with 12 waypoints
2026-03-26 22:18:46.016 | INFO     | optimization.route_generator:generate_route_path:74 - ORS route generated successfully (bug-free)
2026-03-26 22:18:46.016 | INFO     | optimization.route_generator:generate_route_path:75 -   Waypoints: 11 stops → University
2026-03-26 22:18:46.017 | INFO     | optimization.route_generator:generate_route_path:76 -   Distance: 99.05 km
2026-03-26 22:18:46.017 | INFO     | optimization.route_generator:generate_route_path:77 -   Duration: 1.92 h (115 min)
2026-03-26 22:18:46.017 | DEBUG    | optimization.route_generator:generate_route_path:78 - Geometry sample (first 3 & last 3): [[73.051461, 31.369153], [73.051213, 31.36893], [73.050868, 31.368599]] ... [[73.03447, 31.602425], [73.034742, 31.602694], [73.034832, 31.602523]]
2026-03-26 22:18:46.019 | INFO     | optimization.store_routes:compute_fee_per_student:32 - Fee calc: 43223 PKR/student | dist=99.1km | students=11
2026-03-26 22:18:46.514 | DEBUG    | optimization.store_routes:reverse_geocode_stop_name:176 - Stop name resolved: (31.3692, 73.0515) → 'Fatenabad'
2026-03-26 22:18:47.042 | DEBUG    | optimization.store_routes:store_optimized_routes:270 - Assigned seat S1 to student 3CNKLBNknvMId9G9MJ1cVoQjkpw2
2026-03-26 22:18:47.576 | DEBUG    | optimization.store_routes:store_optimized_routes:296 - Stored stop R3_stop1 | name='Fatenabad' | route=R3
2026-03-26 22:18:49.037 | DEBUG    | optimization.store_routes:reverse_geocode_stop_name:176 - Stop name resolved: (31.4001, 73.0127) → 'Faisalabad District, Shadab Colony'
2026-03-26 22:18:49.552 | DEBUG    | optimization.store_routes:store_optimized_routes:270 - Assigned seat S2 to student KbkXVOhtA3hfwjvwsS5w2IIOki93
2026-03-26 22:18:50.076 | DEBUG    | optimization.store_routes:store_optimized_routes:296 - Stored stop R3_stop2 | name='Faisalabad District, Shadab Colony' | route=R3
2026-03-26 22:18:51.755 | DEBUG    | optimization.store_routes:reverse_geocode_stop_name:176 - Stop name resolved: (31.3985, 73.0264) → 'Faisalabad District'
2026-03-26 22:18:52.273 | DEBUG    | optimization.store_routes:store_optimized_routes:270 - Assigned seat S3 to student WRVMbOeJLLdnIPhcWnncdjhPSjb2
2026-03-26 22:18:52.798 | DEBUG    | optimization.store_routes:store_optimized_routes:296 - Stored stop R3_stop3 | name='Faisalabad District' | route=R3
2026-03-26 22:18:54.270 | DEBUG    | optimization.store_routes:reverse_geocode_stop_name:176 - Stop name resolved: (31.4193, 73.0416) → 'Bakar Mandi Road, Faisalabad City Tehsil'
2026-03-26 22:18:54.802 | DEBUG    | optimization.store_routes:store_optimized_routes:270 - Assigned seat S4 to student SOWTJArpcRRKPC0v7cWYW0XJk6v1
2026-03-26 22:18:55.319 | DEBUG    | optimization.store_routes:store_optimized_routes:296 - Stored stop R3_stop4 | name='Bakar Mandi Road, Faisalabad City Tehsil' | route=R3
2026-03-26 22:18:56.822 | DEBUG    | optimization.store_routes:reverse_geocode_stop_name:176 - Stop name resolved: (31.4773, 73.0052) → 'Faisalabad bypass'
2026-03-26 22:18:57.341 | DEBUG    | optimization.store_routes:store_optimized_routes:270 - Assigned seat S5 to student shSuBEXnw4TLpoUGH1D5uwg8QKr1
2026-03-26 22:18:57.858 | DEBUG    | optimization.store_routes:store_optimized_routes:296 - Stored stop R3_stop5 | name='Faisalabad bypass' | route=R3
2026-03-26 22:18:59.318 | DEBUG    | optimization.store_routes:reverse_geocode_stop_name:176 - Stop name resolved: (31.4601, 73.0666) → 'Faisalabad District, Faisalabad City Tehsil'
2026-03-26 22:18:59.844 | DEBUG    | optimization.store_routes:store_optimized_routes:270 - Assigned seat S6 to student bvudy4BMDIZ3KxtxPyHvDJd3rjf2
2026-03-26 22:19:00.358 | DEBUG    | optimization.store_routes:store_optimized_routes:296 - Stored stop R3_stop6 | name='Faisalabad District, Faisalabad City Tehsil' | route=R3
2026-03-26 22:19:01.822 | DEBUG    | optimization.store_routes:reverse_geocode_stop_name:176 - Stop name resolved: (31.4061, 73.1115) → 'Faisalabad District, Faisalabad City Tehsil'
2026-03-26 22:19:02.349 | DEBUG    | optimization.store_routes:store_optimized_routes:270 - Assigned seat S7 to student rtsUd2Aeg0W2HTpXZhrpSlqMhdL2
2026-03-26 22:19:02.872 | DEBUG    | optimization.store_routes:store_optimized_routes:296 - Stored stop R3_stop7 | name='Faisalabad District, Faisalabad City Tehsil' | route=R3
2026-03-26 22:19:04.337 | DEBUG    | optimization.store_routes:reverse_geocode_stop_name:176 - Stop name resolved: (31.4052, 73.0874) → 'Itthad Road, Faisalabad City Tehsil'
2026-03-26 22:19:04.854 | DEBUG    | optimization.store_routes:store_optimized_routes:270 - Assigned seat S8 to student x2LmEXZ95YfrQpxSQgrBTDTWbk83
2026-03-26 22:19:05.368 | DEBUG    | optimization.store_routes:store_optimized_routes:296 - Stored stop R3_stop8 | name='Itthad Road, Faisalabad City Tehsil' | route=R3
2026-03-26 22:19:06.827 | DEBUG    | optimization.store_routes:reverse_geocode_stop_name:176 - Stop name resolved: (31.3836, 73.0641) → 'Faisalabad District, Nowaban Wala'
2026-03-26 22:19:07.346 | DEBUG    | optimization.store_routes:store_optimized_routes:270 - Assigned seat S9 to student GBGXh21H2VefIT4NkSWu8FQldkF3
2026-03-26 22:19:07.853 | DEBUG    | optimization.store_routes:store_optimized_routes:296 - Stored stop R3_stop9 | name='Faisalabad District, Nowaban Wala' | route=R3
2026-03-26 22:19:09.523 | DEBUG    | optimization.store_routes:reverse_geocode_stop_name:176 - Stop name resolved: (31.3304, 73.0696) → 'Four Seasons Housing'
2026-03-26 22:19:10.052 | DEBUG    | optimization.store_routes:store_optimized_routes:270 - Assigned seat S10 to student I6aLScqZSSeAF3ug6jDkoPrt6g23
2026-03-26 22:19:10.584 | DEBUG    | optimization.store_routes:store_optimized_routes:296 - Stored stop R3_stop10 | name='Four Seasons Housing' | route=R3
2026-03-26 22:19:12.114 | DEBUG    | optimization.store_routes:reverse_geocode_stop_name:176 - Stop name resolved: (31.3447, 73.0586) → 'Samundari Faisalabad Road'
2026-03-26 22:19:12.633 | DEBUG    | optimization.store_routes:store_optimized_routes:270 - Assigned seat S11 to student VItoVj8ml0ZAMdLtqGCBxaDdkWj1
2026-03-26 22:19:13.158 | DEBUG    | optimization.store_routes:store_optimized_routes:296 - Stored stop R3_stop11 | name='Samundari Faisalabad Road' | route=R3
2026-03-26 22:19:14.419 | INFO     | optimization.store_routes:store_optimized_routes:321 - Stored route route_2 (R3): 11 stops, 99.05 km
2026-03-26 22:19:14.419 | INFO     | optimization.store_routes:store_optimized_routes:327 - Back-filling route_id on 28 stops + students...
2026-03-26 22:19:29.792 | DEBUG    | optimization.store_routes:store_optimized_routes:358 - Final batch: 58 writes
2026-03-26 22:19:29.792 | INFO     | optimization.store_routes:store_optimized_routes:361 - Phase 3: Storing per-student fees...
2026-03-26 22:19:30.570 | INFO     | optimization.store_routes:compute_fee_per_student:32 - Fee calc: 40410 PKR/student | dist=58.9km | students=7
2026-03-26 22:19:31.087 | DEBUG    | optimization.store_routes:store_optimized_routes:401 - Stored fee for 61fbjUraIhPuzNx8BY68aYewSG02: 40410 PKR
2026-03-26 22:19:31.605 | DEBUG    | optimization.store_routes:store_optimized_routes:401 - Stored fee for KSn42uZ4dDaMueZxSsk9yyYYMbU2: 40410 PKR
2026-03-26 22:19:32.132 | DEBUG    | optimization.store_routes:store_optimized_routes:401 - Stored fee for SF9XoWomQLQm1mkqTnpp8bDSyxG3: 40410 PKR
2026-03-26 22:19:32.650 | DEBUG    | optimization.store_routes:store_optimized_routes:401 - Stored fee for Os55fn9jigeXpNaUlGTOSD1kzUH3: 40410 PKR
2026-03-26 22:19:33.172 | DEBUG    | optimization.store_routes:store_optimized_routes:401 - Stored fee for XmlYR1ejNvTp0enFtavXMQRl9l62: 40410 PKR
2026-03-26 22:19:33.692 | DEBUG    | optimization.store_routes:store_optimized_routes:401 - Stored fee for XuCFaAxIj3RH4cDaJKu6xmWSwfi1: 40410 PKR
2026-03-26 22:19:34.202 | DEBUG    | optimization.store_routes:store_optimized_routes:401 - Stored fee for vjz604g8oKerN5zBKZ7mU7mG2M03: 40410 PKR
2026-03-26 22:19:35.244 | INFO     | optimization.store_routes:compute_fee_per_student:32 - Fee calc: 32736 PKR/student | dist=81.8km | students=12
2026-03-26 22:19:35.862 | DEBUG    | optimization.store_routes:store_optimized_routes:401 - Stored fee for 7DxKX1nW4ZdeWHKXM2Vf5OIfGvr1: 32736 PKR
2026-03-26 22:19:36.378 | DEBUG    | optimization.store_routes:store_optimized_routes:401 - Stored fee for DS0YCp1l3RXIwCBzxzmEzv99Zii1: 32736 PKR
2026-03-26 22:19:36.898 | DEBUG    | optimization.store_routes:store_optimized_routes:401 - Stored fee for GydB2I2Y0Ec14olrl5Hbtm8ziZF3: 32736 PKR
2026-03-26 22:19:37.412 | DEBUG    | optimization.store_routes:store_optimized_routes:401 - Stored fee for NkZ3VPHBNtS3wxSmCjfBkRWPaZQ2: 32736 PKR
2026-03-26 22:19:37.930 | DEBUG    | optimization.store_routes:store_optimized_routes:401 - Stored fee for SXxBaOHsDPhcbAy5QSfe0NZxZM83: 32736 PKR
2026-03-26 22:19:38.448 | DEBUG    | optimization.store_routes:store_optimized_routes:401 - Stored fee for UpNOyWoNcXaW1O5jadyyddeniWj2: 32736 PKR
2026-03-26 22:19:38.963 | DEBUG    | optimization.store_routes:store_optimized_routes:401 - Stored fee for VMbnLGOyDuRi41R8XPG6toeooJt1: 32736 PKR
2026-03-26 22:19:39.486 | DEBUG    | optimization.store_routes:store_optimized_routes:401 - Stored fee for e3D31VgcVrXKjMfjS13MWcxDZgi1: 32736 PKR
2026-03-26 22:19:40.035 | DEBUG    | optimization.store_routes:store_optimized_routes:401 - Stored fee for n5w74mESTuV3BSMbnAo4AqNZ3oT2: 32736 PKR
2026-03-26 22:19:40.865 | DEBUG    | optimization.store_routes:store_optimized_routes:401 - Stored fee for qwxNS37KPQSeME1Rb86ZDMnXjYX2: 32736 PKR
2026-03-26 22:19:41.384 | DEBUG    | optimization.store_routes:store_optimized_routes:401 - Stored fee for unEE7hJDp7cMFEu2M568RmrtWRq2: 32736 PKR
2026-03-26 22:19:41.914 | DEBUG    | optimization.store_routes:store_optimized_routes:401 - Stored fee for vQHRPPdjWmTjASjEQvAqjzPhHdm2: 32736 PKR
2026-03-26 22:19:43.093 | INFO     | optimization.store_routes:compute_fee_per_student:32 - Fee calc: 43222 PKR/student | dist=99.0km | students=11
2026-03-26 22:19:43.621 | DEBUG    | optimization.store_routes:store_optimized_routes:401 - Stored fee for 3CNKLBNknvMId9G9MJ1cVoQjkpw2: 43222 PKR
2026-03-26 22:19:44.142 | DEBUG    | optimization.store_routes:store_optimized_routes:401 - Stored fee for GBGXh21H2VefIT4NkSWu8FQldkF3: 43222 PKR
2026-03-26 22:19:44.667 | DEBUG    | optimization.store_routes:store_optimized_routes:401 - Stored fee for I6aLScqZSSeAF3ug6jDkoPrt6g23: 43222 PKR
2026-03-26 22:19:45.183 | DEBUG    | optimization.store_routes:store_optimized_routes:401 - Stored fee for KbkXVOhtA3hfwjvwsS5w2IIOki93: 43222 PKR
2026-03-26 22:19:45.701 | DEBUG    | optimization.store_routes:store_optimized_routes:401 - Stored fee for SOWTJArpcRRKPC0v7cWYW0XJk6v1: 43222 PKR
2026-03-26 22:19:46.213 | DEBUG    | optimization.store_routes:store_optimized_routes:401 - Stored fee for VItoVj8ml0ZAMdLtqGCBxaDdkWj1: 43222 PKR
2026-03-26 22:19:46.730 | DEBUG    | optimization.store_routes:store_optimized_routes:401 - Stored fee for WRVMbOeJLLdnIPhcWnncdjhPSjb2: 43222 PKR
2026-03-26 22:19:47.248 | DEBUG    | optimization.store_routes:store_optimized_routes:401 - Stored fee for bvudy4BMDIZ3KxtxPyHvDJd3rjf2: 43222 PKR
2026-03-26 22:19:47.764 | DEBUG    | optimization.store_routes:store_optimized_routes:401 - Stored fee for rtsUd2Aeg0W2HTpXZhrpSlqMhdL2: 43222 PKR
2026-03-26 22:19:48.282 | DEBUG    | optimization.store_routes:store_optimized_routes:401 - Stored fee for shSuBEXnw4TLpoUGH1D5uwg8QKr1: 43222 PKR
2026-03-26 22:19:48.801 | DEBUG    | optimization.store_routes:store_optimized_routes:401 - Stored fee for x2LmEXZ95YfrQpxSQgrBTDTWbk83: 43222 PKR
2026-03-26 22:19:48.802 | INFO     | optimization.store_routes:store_optimized_routes:403 - Phase 3 complete: 30 fee records stored
2026-03-26 22:19:48.807 | INFO     | optimization.store_routes:store_optimized_routes:405 - Overall done: 3 routes | 28 stops | 30 fees
2026-03-26 22:19:48.808 | INFO     | optimization.store_routes:store_optimized_routes:407 - Done: 3 routes | 28 stops stored
2026-03-26 22:19:48.808 | INFO     | optimization.store_routes:store_optimized_routes:410 - Phase 3 complete: 30 fee records stored
2026-03-26 22:19:48.809 | INFO     | optimization.store_routes:store_optimized_routes:413 - Final step: Updating registration_status to 'successful' for all processed students...
2026-03-26 22:19:49.443 | INFO     | optimization.store_routes:store_optimized_routes:437 - Updated 30 students to 'successful' registration status.
2026-03-26 22:19:49.447 | INFO     | optimization.store_routes:store_optimized_routes:440 - Overall done: 3 routes | 28 stops | 30 fees
2026-03-26 22:19:49.448 | INFO     | api.main:run_optimization:64 - Pipeline completed successfully | 3 buses processed
2026-03-26 22:20:30.983 | INFO     | api.main:run_optimization:29 - Starting full route optimization pipeline
2026-03-26 22:20:31.713 | INFO     | data_pipeline.student_loader:load_student_stops:42 - Loaded 30 student stops from Firestore
2026-03-26 22:20:31.714 | DEBUG    | data_pipeline.student_loader:load_student_stops:43 - First 3 stops (sample): [{'student_id': '3CNKLBNknvMId9G9MJ1cVoQjkpw2', 'name': 'Test Student 12', 'roll_no': 'TEST-4382', 'lat': 31.369289, 'lng': 73.051406, 'student_count': 1, 'contact': '03597900028', 'semester': 'Spring 2026', 'fee_status': 'unpaid', 'registration_status': 'successful'}, {'student_id': '61fbjUraIhPuzNx8BY68aYewSG02', 'name': 'Test Student 28', 'roll_no': 'TEST-7403', 'lat': 31.380283, 'lng': 73.159195, 'student_count': 1, 'contact': '03344993000', 'semester': 'Spring 2026', 'fee_status': 'unpaid', 'registration_status': 'successful'}, {'student_id': '7DxKX1nW4ZdeWHKXM2Vf5OIfGvr1', 'name': 'Test Student 10', 'roll_no': 'TEST-9142', 'lat': 31.446304, 'lng': 73.140169, 'student_count': 1, 'contact': '03537549971', 'semester': 'Spring 2026', 'fee_status': 'unpaid', 'registration_status': 'successful'}]
2026-03-26 22:20:31.715 | INFO     | osm.fetch_roads:fetch_or_load_road_graph:19 - Loading cached Faisalabad road graph...
2026-03-26 22:20:44.592 | INFO     | osm.fetch_roads:fetch_or_load_road_graph:21 - Loaded graph with 50872 nodes and 144715 edges
2026-03-26 22:20:44.823 | INFO     | osm.road_filter:filter_main_roads:38 - Filtered graph:
2026-03-26 22:20:44.867 | INFO     | osm.road_filter:filter_main_roads:39 -   Original: 50872 nodes, 144715 edges
2026-03-26 22:20:45.008 | INFO     | osm.road_filter:filter_main_roads:40 -   After filter (main roads only): 7460 nodes, 12863 edges
2026-03-26 22:20:45.340 | DEBUG    | utils.distance_utils:build_node_balltree:29 - Built BallTree with 7460 nodes
2026-03-26 22:20:45.342 | DEBUG    | utils.geo_utils:haversine_distance:20 - Haversine: (31.369289, 73.051406) → (31.3691526, 73.0514611) = 16.0 m
2026-03-26 22:20:45.342 | DEBUG    | utils.distance_utils:find_nearest_road_point:56 - Nearest road node to (31.369289, 73.051406): (31.369153, 73.051461) — 16.0m
2026-03-26 22:20:45.342 | DEBUG    | utils.geo_utils:haversine_distance:20 - Haversine: (31.369289, 73.051406) → (31.3691526, 73.0514611) = 16.0 m
2026-03-26 22:20:45.342 | DEBUG    | data_pipeline.stop_builder:snap_stops_to_roads:38 - Snapped Test Student 12 (TEST-4382): 16.0m
2026-03-26 22:20:45.372 | DEBUG    | utils.distance_utils:build_node_balltree:29 - Built BallTree with 7460 nodes
2026-03-26 22:20:45.373 | DEBUG    | utils.geo_utils:haversine_distance:20 - Haversine: (31.380283, 73.159195) → (31.3787188, 73.157798) = 218.7 m
2026-03-26 22:20:45.373 | DEBUG    | utils.distance_utils:find_nearest_road_point:56 - Nearest road node to (31.380283, 73.159195): (31.378719, 73.157798) — 218.7m
2026-03-26 22:20:45.374 | DEBUG    | utils.geo_utils:haversine_distance:20 - Haversine: (31.380283, 73.159195) → (31.3787188, 73.157798) = 218.7 m
2026-03-26 22:20:45.374 | DEBUG    | data_pipeline.stop_builder:snap_stops_to_roads:38 - Snapped Test Student 28 (TEST-7403): 218.7m
2026-03-26 22:20:45.397 | DEBUG    | utils.distance_utils:build_node_balltree:29 - Built BallTree with 7460 nodes
2026-03-26 22:20:45.400 | DEBUG    | utils.geo_utils:haversine_distance:20 - Haversine: (31.446304, 73.140169) → (31.4457694, 73.1408101) = 85.0 m
2026-03-26 22:20:45.400 | DEBUG    | utils.distance_utils:find_nearest_road_point:56 - Nearest road node to (31.446304, 73.140169): (31.445769, 73.140810) — 85.0m
2026-03-26 22:20:45.401 | DEBUG    | utils.geo_utils:haversine_distance:20 - Haversine: (31.446304, 73.140169) → (31.4457694, 73.1408101) = 85.0 m
2026-03-26 22:20:45.401 | DEBUG    | data_pipeline.stop_builder:snap_stops_to_roads:38 - Snapped Test Student 10 (TEST-9142): 85.0m
2026-03-26 22:20:45.436 | DEBUG    | utils.distance_utils:build_node_balltree:29 - Built BallTree with 7460 nodes
2026-03-26 22:20:45.438 | DEBUG    | utils.geo_utils:haversine_distance:20 - Haversine: (31.548998, 73.147656) → (31.5487412, 73.1501112) = 234.4 m
2026-03-26 22:20:45.438 | DEBUG    | utils.distance_utils:find_nearest_road_point:56 - Nearest road node to (31.548998, 73.147656): (31.548741, 73.150111) — 234.4m
2026-03-26 22:20:45.439 | DEBUG    | utils.geo_utils:haversine_distance:20 - Haversine: (31.548998, 73.147656) → (31.5487412, 73.1501112) = 234.4 m
2026-03-26 22:20:45.439 | DEBUG    | data_pipeline.stop_builder:snap_stops_to_roads:38 - Snapped Test Student 14 (TEST-9162): 234.4m
2026-03-26 22:20:45.474 | DEBUG    | utils.distance_utils:build_node_balltree:29 - Built BallTree with 7460 nodes
2026-03-26 22:20:45.482 | DEBUG    | utils.geo_utils:haversine_distance:20 - Haversine: (31.384254, 73.063765) → (31.3836456, 73.0640586) = 73.2 m
2026-03-26 22:20:45.483 | DEBUG    | utils.distance_utils:find_nearest_road_point:56 - Nearest road node to (31.384254, 73.063765): (31.383646, 73.064059) — 73.2m
2026-03-26 22:20:45.483 | DEBUG    | utils.geo_utils:haversine_distance:20 - Haversine: (31.384254, 73.063765) → (31.3836456, 73.0640586) = 73.2 m
2026-03-26 22:20:45.483 | DEBUG    | data_pipeline.stop_builder:snap_stops_to_roads:38 - Snapped Test Student 30 (TEST-6182): 73.2m
2026-03-26 22:20:45.521 | DEBUG    | utils.distance_utils:build_node_balltree:29 - Built BallTree with 7460 nodes
2026-03-26 22:20:45.523 | DEBUG    | utils.geo_utils:haversine_distance:20 - Haversine: (31.450094, 73.130742) → (31.4467219, 73.1271368) = 507.5 m
2026-03-26 22:20:45.523 | DEBUG    | utils.distance_utils:find_nearest_road_point:56 - Nearest road node to (31.450094, 73.130742): (31.446722, 73.127137) — 507.5m
2026-03-26 22:20:45.527 | DEBUG    | utils.geo_utils:haversine_distance:20 - Haversine: (31.450094, 73.130742) → (31.4467219, 73.1271368) = 507.5 m
2026-03-26 22:20:45.527 | DEBUG    | data_pipeline.stop_builder:snap_stops_to_roads:38 - Snapped Test Student 23 (TEST-9957): 507.5m
2026-03-26 22:20:45.564 | DEBUG    | utils.distance_utils:build_node_balltree:29 - Built BallTree with 7460 nodes
2026-03-26 22:20:45.565 | DEBUG    | utils.geo_utils:haversine_distance:20 - Haversine: (31.327595, 73.065724) → (31.330396, 73.0696448) = 485.5 m
2026-03-26 22:20:45.565 | DEBUG    | utils.distance_utils:find_nearest_road_point:56 - Nearest road node to (31.327595, 73.065724): (31.330396, 73.069645) — 485.5m
2026-03-26 22:20:45.566 | DEBUG    | utils.geo_utils:haversine_distance:20 - Haversine: (31.327595, 73.065724) → (31.330396, 73.0696448) = 485.5 m
2026-03-26 22:20:45.566 | DEBUG    | data_pipeline.stop_builder:snap_stops_to_roads:38 - Snapped Test Student 13 (TEST-5755): 485.5m
2026-03-26 22:20:45.592 | DEBUG    | utils.distance_utils:build_node_balltree:29 - Built BallTree with 7460 nodes
2026-03-26 22:20:45.593 | DEBUG    | utils.geo_utils:haversine_distance:20 - Haversine: (31.343859, 73.18566) → (31.3413852, 73.1852291) = 278.1 m
2026-03-26 22:20:45.594 | DEBUG    | utils.distance_utils:find_nearest_road_point:56 - Nearest road node to (31.343859, 73.18566): (31.341385, 73.185229) — 278.1m
2026-03-26 22:20:45.594 | DEBUG    | utils.geo_utils:haversine_distance:20 - Haversine: (31.343859, 73.18566) → (31.3413852, 73.1852291) = 278.1 m
2026-03-26 22:20:45.594 | DEBUG    | data_pipeline.stop_builder:snap_stops_to_roads:38 - Snapped Test Student 7 (TEST-9790): 278.1m
2026-03-26 22:20:45.625 | DEBUG    | utils.distance_utils:build_node_balltree:29 - Built BallTree with 7460 nodes
2026-03-26 22:20:45.626 | DEBUG    | utils.geo_utils:haversine_distance:20 - Haversine: (31.401088, 73.01135) → (31.4000755, 73.0126538) = 167.3 m
2026-03-26 22:20:45.627 | DEBUG    | utils.distance_utils:find_nearest_road_point:56 - Nearest road node to (31.401088, 73.01135): (31.400075, 73.012654) — 167.3m
2026-03-26 22:20:45.627 | DEBUG    | utils.geo_utils:haversine_distance:20 - Haversine: (31.401088, 73.01135) → (31.4000755, 73.0126538) = 167.3 m
2026-03-26 22:20:45.627 | DEBUG    | data_pipeline.stop_builder:snap_stops_to_roads:38 - Snapped Test Student 3 (TEST-2055): 167.3m
2026-03-26 22:20:45.657 | DEBUG    | utils.distance_utils:build_node_balltree:29 - Built BallTree with 7460 nodes
2026-03-26 22:20:45.659 | DEBUG    | utils.geo_utils:haversine_distance:20 - Haversine: (31.526254, 73.053671) → (31.527645, 73.0552285) = 213.8 m
2026-03-26 22:20:45.659 | DEBUG    | utils.distance_utils:find_nearest_road_point:56 - Nearest road node to (31.526254, 73.053671): (31.527645, 73.055228) — 213.8m
2026-03-26 22:20:45.660 | DEBUG    | utils.geo_utils:haversine_distance:20 - Haversine: (31.526254, 73.053671) → (31.527645, 73.0552285) = 213.8 m
2026-03-26 22:20:45.660 | DEBUG    | data_pipeline.stop_builder:snap_stops_to_roads:38 - Snapped Test Student 25 (TEST-4783): 213.8m
2026-03-26 22:20:45.692 | DEBUG    | utils.distance_utils:build_node_balltree:29 - Built BallTree with 7460 nodes
2026-03-26 22:20:45.693 | DEBUG    | utils.geo_utils:haversine_distance:20 - Haversine: (31.319581, 73.129629) → (31.3281703, 73.1302408) = 956.9 m
2026-03-26 22:20:45.693 | DEBUG    | utils.distance_utils:find_nearest_road_point:56 - Nearest road node to (31.319581, 73.129629): (31.328170, 73.130241) — 956.9m
2026-03-26 22:20:45.693 | DEBUG    | utils.geo_utils:haversine_distance:20 - Haversine: (31.319581, 73.129629) → (31.3281703, 73.1302408) = 956.9 m
2026-03-26 22:20:45.693 | DEBUG    | data_pipeline.stop_builder:snap_stops_to_roads:38 - Snapped Test Student 11 (TEST-6729): 956.9m
2026-03-26 22:20:45.718 | DEBUG    | utils.distance_utils:build_node_balltree:29 - Built BallTree with 7460 nodes
2026-03-26 22:20:45.719 | DEBUG    | utils.geo_utils:haversine_distance:20 - Haversine: (31.342673, 73.180091) → (31.3434454, 73.1825193) = 246.1 m
2026-03-26 22:20:45.719 | DEBUG    | utils.distance_utils:find_nearest_road_point:56 - Nearest road node to (31.342673, 73.180091): (31.343445, 73.182519) — 246.1m
2026-03-26 22:20:45.719 | DEBUG    | utils.geo_utils:haversine_distance:20 - Haversine: (31.342673, 73.180091) → (31.3434454, 73.1825193) = 246.1 m
2026-03-26 22:20:45.719 | DEBUG    | data_pipeline.stop_builder:snap_stops_to_roads:38 - Snapped Test Student 1 (TEST-1717): 246.1m
2026-03-26 22:20:45.742 | DEBUG    | utils.distance_utils:build_node_balltree:29 - Built BallTree with 7460 nodes
2026-03-26 22:20:45.744 | DEBUG    | utils.geo_utils:haversine_distance:20 - Haversine: (31.419161, 73.04138) → (31.4192659, 73.0416323) = 26.6 m
2026-03-26 22:20:45.745 | DEBUG    | utils.distance_utils:find_nearest_road_point:56 - Nearest road node to (31.419161, 73.04138): (31.419266, 73.041632) — 26.6m
2026-03-26 22:20:45.748 | DEBUG    | utils.geo_utils:haversine_distance:20 - Haversine: (31.419161, 73.04138) → (31.4192659, 73.0416323) = 26.6 m
2026-03-26 22:20:45.748 | DEBUG    | data_pipeline.stop_builder:snap_stops_to_roads:38 - Snapped Test Student 27 (TEST-3106): 26.6m
2026-03-26 22:20:45.775 | DEBUG    | utils.distance_utils:build_node_balltree:29 - Built BallTree with 7460 nodes
2026-03-26 22:20:45.777 | DEBUG    | utils.geo_utils:haversine_distance:20 - Haversine: (31.513945, 73.145) → (31.5101284, 73.1503952) = 664.6 m
2026-03-26 22:20:45.777 | DEBUG    | utils.distance_utils:find_nearest_road_point:56 - Nearest road node to (31.513945, 73.145): (31.510128, 73.150395) — 664.6m
2026-03-26 22:20:45.778 | DEBUG    | utils.geo_utils:haversine_distance:20 - Haversine: (31.513945, 73.145) → (31.5101284, 73.1503952) = 664.6 m
2026-03-26 22:20:45.778 | DEBUG    | data_pipeline.stop_builder:snap_stops_to_roads:38 - Snapped Test Student 20 (TEST-7495): 664.6m
2026-03-26 22:20:45.805 | DEBUG    | utils.distance_utils:build_node_balltree:29 - Built BallTree with 7460 nodes
2026-03-26 22:20:45.806 | DEBUG    | utils.geo_utils:haversine_distance:20 - Haversine: (31.462728, 73.168167) → (31.4641337, 73.1683411) = 157.2 m
2026-03-26 22:20:45.806 | DEBUG    | utils.distance_utils:find_nearest_road_point:56 - Nearest road node to (31.462728, 73.168167): (31.464134, 73.168341) — 157.2m
2026-03-26 22:20:45.806 | DEBUG    | utils.geo_utils:haversine_distance:20 - Haversine: (31.462728, 73.168167) → (31.4641337, 73.1683411) = 157.2 m
2026-03-26 22:20:45.806 | DEBUG    | data_pipeline.stop_builder:snap_stops_to_roads:38 - Snapped Test Student 15 (TEST-5668): 157.2m
2026-03-26 22:20:45.831 | DEBUG    | utils.distance_utils:build_node_balltree:29 - Built BallTree with 7460 nodes
2026-03-26 22:20:45.833 | DEBUG    | utils.geo_utils:haversine_distance:20 - Haversine: (31.346116, 73.056539) → (31.3446991, 73.0585627) = 248.5 m
2026-03-26 22:20:45.833 | DEBUG    | utils.distance_utils:find_nearest_road_point:56 - Nearest road node to (31.346116, 73.056539): (31.344699, 73.058563) — 248.5m
2026-03-26 22:20:45.833 | DEBUG    | utils.geo_utils:haversine_distance:20 - Haversine: (31.346116, 73.056539) → (31.3446991, 73.0585627) = 248.5 m
2026-03-26 22:20:45.833 | DEBUG    | data_pipeline.stop_builder:snap_stops_to_roads:38 - Snapped Test Student 9 (TEST-8987): 248.5m
2026-03-26 22:20:45.858 | DEBUG    | utils.distance_utils:build_node_balltree:29 - Built BallTree with 7460 nodes
2026-03-26 22:20:45.859 | DEBUG    | utils.geo_utils:haversine_distance:20 - Haversine: (31.544202, 73.128686) → (31.5431453, 73.1283131) = 122.7 m
2026-03-26 22:20:45.859 | DEBUG    | utils.distance_utils:find_nearest_road_point:56 - Nearest road node to (31.544202, 73.128686): (31.543145, 73.128313) — 122.7m
2026-03-26 22:20:45.860 | DEBUG    | utils.geo_utils:haversine_distance:20 - Haversine: (31.544202, 73.128686) → (31.5431453, 73.1283131) = 122.7 m
2026-03-26 22:20:45.860 | DEBUG    | data_pipeline.stop_builder:snap_stops_to_roads:38 - Snapped Test Student 4 (TEST-9428): 122.7m
2026-03-26 22:20:45.888 | DEBUG    | utils.distance_utils:build_node_balltree:29 - Built BallTree with 7460 nodes
2026-03-26 22:20:45.890 | DEBUG    | utils.geo_utils:haversine_distance:20 - Haversine: (31.393089, 73.028228) → (31.398463, 73.0263855) = 622.6 m
2026-03-26 22:20:45.890 | DEBUG    | utils.distance_utils:find_nearest_road_point:56 - Nearest road node to (31.393089, 73.028228): (31.398463, 73.026386) — 622.6m
2026-03-26 22:20:45.890 | DEBUG    | utils.geo_utils:haversine_distance:20 - Haversine: (31.393089, 73.028228) → (31.398463, 73.0263855) = 622.6 m
2026-03-26 22:20:45.890 | DEBUG    | data_pipeline.stop_builder:snap_stops_to_roads:38 - Snapped Test Student 5 (TEST-5892): 622.6m
2026-03-26 22:20:45.917 | DEBUG    | utils.distance_utils:build_node_balltree:29 - Built BallTree with 7460 nodes
2026-03-26 22:20:45.918 | DEBUG    | utils.geo_utils:haversine_distance:20 - Haversine: (31.318863, 73.183249) → (31.3190478, 73.1756414) = 723.0 m
2026-03-26 22:20:45.918 | DEBUG    | utils.distance_utils:find_nearest_road_point:56 - Nearest road node to (31.318863, 73.183249): (31.319048, 73.175641) — 723.0m
2026-03-26 22:20:45.919 | DEBUG    | utils.geo_utils:haversine_distance:20 - Haversine: (31.318863, 73.183249) → (31.3190478, 73.1756414) = 723.0 m
2026-03-26 22:20:45.919 | DEBUG    | data_pipeline.stop_builder:snap_stops_to_roads:38 - Snapped Test Student 29 (TEST-7084): 723.0m
2026-03-26 22:20:45.943 | DEBUG    | utils.distance_utils:build_node_balltree:29 - Built BallTree with 7460 nodes
2026-03-26 22:20:45.948 | DEBUG    | utils.geo_utils:haversine_distance:20 - Haversine: (31.354815, 73.143189) → (31.3557607, 73.1450675) = 207.1 m
2026-03-26 22:20:45.948 | DEBUG    | utils.distance_utils:find_nearest_road_point:56 - Nearest road node to (31.354815, 73.143189): (31.355761, 73.145067) — 207.1m
2026-03-26 22:20:45.949 | DEBUG    | utils.geo_utils:haversine_distance:20 - Haversine: (31.354815, 73.143189) → (31.3557607, 73.1450675) = 207.1 m
2026-03-26 22:20:45.949 | DEBUG    | data_pipeline.stop_builder:snap_stops_to_roads:38 - Snapped Test Student 17 (TEST-4072): 207.1m
2026-03-26 22:20:45.976 | DEBUG    | utils.distance_utils:build_node_balltree:29 - Built BallTree with 7460 nodes
2026-03-26 22:20:45.977 | DEBUG    | utils.geo_utils:haversine_distance:20 - Haversine: (31.459172, 73.066434) → (31.4601458, 73.0666137) = 109.6 m
2026-03-26 22:20:45.978 | DEBUG    | utils.distance_utils:find_nearest_road_point:56 - Nearest road node to (31.459172, 73.066434): (31.460146, 73.066614) — 109.6m
2026-03-26 22:20:45.978 | DEBUG    | utils.geo_utils:haversine_distance:20 - Haversine: (31.459172, 73.066434) → (31.4601458, 73.0666137) = 109.6 m
2026-03-26 22:20:45.978 | DEBUG    | data_pipeline.stop_builder:snap_stops_to_roads:38 - Snapped Test Student 18 (TEST-9353): 109.6m
2026-03-26 22:20:46.002 | DEBUG    | utils.distance_utils:build_node_balltree:29 - Built BallTree with 7460 nodes
2026-03-26 22:20:46.004 | DEBUG    | utils.geo_utils:haversine_distance:20 - Haversine: (31.537509, 73.124448) → (31.5426468, 73.1258022) = 585.5 m
2026-03-26 22:20:46.004 | DEBUG    | utils.distance_utils:find_nearest_road_point:56 - Nearest road node to (31.537509, 73.124448): (31.542647, 73.125802) — 585.5m
2026-03-26 22:20:46.005 | DEBUG    | utils.geo_utils:haversine_distance:20 - Haversine: (31.537509, 73.124448) → (31.5426468, 73.1258022) = 585.5 m
2026-03-26 22:20:46.005 | DEBUG    | data_pipeline.stop_builder:snap_stops_to_roads:38 - Snapped Test Student 6 (TEST-3775): 585.5m
2026-03-26 22:20:46.028 | DEBUG    | utils.distance_utils:build_node_balltree:29 - Built BallTree with 7460 nodes
2026-03-26 22:20:46.031 | DEBUG    | utils.geo_utils:haversine_distance:20 - Haversine: (31.473589, 73.112736) → (31.4743292, 73.1046958) = 766.9 m
2026-03-26 22:20:46.032 | DEBUG    | utils.distance_utils:find_nearest_road_point:56 - Nearest road node to (31.473589, 73.112736): (31.474329, 73.104696) — 766.9m
2026-03-26 22:20:46.032 | DEBUG    | utils.geo_utils:haversine_distance:20 - Haversine: (31.473589, 73.112736) → (31.4743292, 73.1046958) = 766.9 m
2026-03-26 22:20:46.033 | DEBUG    | data_pipeline.stop_builder:snap_stops_to_roads:38 - Snapped Test Student 22 (TEST-9109): 766.9m
2026-03-26 22:20:46.065 | DEBUG    | utils.distance_utils:build_node_balltree:29 - Built BallTree with 7460 nodes
2026-03-26 22:20:46.067 | DEBUG    | utils.geo_utils:haversine_distance:20 - Haversine: (31.468675, 73.160721) → (31.4693742, 73.1600766) = 98.9 m
2026-03-26 22:20:46.067 | DEBUG    | utils.distance_utils:find_nearest_road_point:56 - Nearest road node to (31.468675, 73.160721): (31.469374, 73.160077) — 98.9m
2026-03-26 22:20:46.068 | DEBUG    | utils.geo_utils:haversine_distance:20 - Haversine: (31.468675, 73.160721) → (31.4693742, 73.1600766) = 98.9 m
2026-03-26 22:20:46.068 | DEBUG    | data_pipeline.stop_builder:snap_stops_to_roads:38 - Snapped Test Student 19 (TEST-9533): 98.9m
2026-03-26 22:20:46.096 | DEBUG    | utils.distance_utils:build_node_balltree:29 - Built BallTree with 7460 nodes
2026-03-26 22:20:46.098 | DEBUG    | utils.geo_utils:haversine_distance:20 - Haversine: (31.405239, 73.112616) → (31.4060883, 73.1115478) = 138.5 m
2026-03-26 22:20:46.098 | DEBUG    | utils.distance_utils:find_nearest_road_point:56 - Nearest road node to (31.405239, 73.112616): (31.406088, 73.111548) — 138.5m
2026-03-26 22:20:46.099 | DEBUG    | utils.geo_utils:haversine_distance:20 - Haversine: (31.405239, 73.112616) → (31.4060883, 73.1115478) = 138.5 m
2026-03-26 22:20:46.099 | DEBUG    | data_pipeline.stop_builder:snap_stops_to_roads:38 - Snapped Test Student 26 (TEST-5354): 138.5m
2026-03-26 22:20:46.126 | DEBUG    | utils.distance_utils:build_node_balltree:29 - Built BallTree with 7460 nodes
2026-03-26 22:20:46.128 | DEBUG    | utils.geo_utils:haversine_distance:20 - Haversine: (31.470598, 73.008555) → (31.4773379, 73.0052033) = 814.1 m
2026-03-26 22:20:46.128 | DEBUG    | utils.distance_utils:find_nearest_road_point:56 - Nearest road node to (31.470598, 73.008555): (31.477338, 73.005203) — 814.1m
2026-03-26 22:20:46.133 | DEBUG    | utils.geo_utils:haversine_distance:20 - Haversine: (31.470598, 73.008555) → (31.4773379, 73.0052033) = 814.1 m
2026-03-26 22:20:46.133 | DEBUG    | data_pipeline.stop_builder:snap_stops_to_roads:38 - Snapped Test Student 24 (TEST-8754): 814.1m
2026-03-26 22:20:46.159 | DEBUG    | utils.distance_utils:build_node_balltree:29 - Built BallTree with 7460 nodes
2026-03-26 22:20:46.164 | DEBUG    | utils.geo_utils:haversine_distance:20 - Haversine: (31.480136, 73.16337) → (31.4766945, 73.1677037) = 561.5 m
2026-03-26 22:20:46.164 | DEBUG    | utils.distance_utils:find_nearest_road_point:56 - Nearest road node to (31.480136, 73.16337): (31.476695, 73.167704) — 561.5m
2026-03-26 22:20:46.164 | DEBUG    | utils.geo_utils:haversine_distance:20 - Haversine: (31.480136, 73.16337) → (31.4766945, 73.1677037) = 561.5 m
2026-03-26 22:20:46.165 | DEBUG    | data_pipeline.stop_builder:snap_stops_to_roads:38 - Snapped Test Student 21 (TEST-9356): 561.5m
2026-03-26 22:20:46.192 | DEBUG    | utils.distance_utils:build_node_balltree:29 - Built BallTree with 7460 nodes
2026-03-26 22:20:46.194 | DEBUG    | utils.geo_utils:haversine_distance:20 - Haversine: (31.503809, 73.163047) → (31.504101, 73.1583633) = 445.2 m
2026-03-26 22:20:46.194 | DEBUG    | utils.distance_utils:find_nearest_road_point:56 - Nearest road node to (31.503809, 73.163047): (31.504101, 73.158363) — 445.2m
2026-03-26 22:20:46.194 | DEBUG    | utils.geo_utils:haversine_distance:20 - Haversine: (31.503809, 73.163047) → (31.504101, 73.1583633) = 445.2 m
2026-03-26 22:20:46.194 | DEBUG    | data_pipeline.stop_builder:snap_stops_to_roads:38 - Snapped Test Student 2 (TEST-1842): 445.2m
2026-03-26 22:20:46.224 | DEBUG    | utils.distance_utils:build_node_balltree:29 - Built BallTree with 7460 nodes
2026-03-26 22:20:46.226 | DEBUG    | utils.geo_utils:haversine_distance:20 - Haversine: (31.388719, 73.18885) → (31.3907077, 73.1897443) = 236.9 m
2026-03-26 22:20:46.226 | DEBUG    | utils.distance_utils:find_nearest_road_point:56 - Nearest road node to (31.388719, 73.18885): (31.390708, 73.189744) — 236.9m
2026-03-26 22:20:46.226 | DEBUG    | utils.geo_utils:haversine_distance:20 - Haversine: (31.388719, 73.18885) → (31.3907077, 73.1897443) = 236.9 m
2026-03-26 22:20:46.227 | DEBUG    | data_pipeline.stop_builder:snap_stops_to_roads:38 - Snapped Test Student 16 (TEST-8203): 236.9m
2026-03-26 22:20:46.259 | DEBUG    | utils.distance_utils:build_node_balltree:29 - Built BallTree with 7460 nodes
2026-03-26 22:20:46.261 | DEBUG    | utils.geo_utils:haversine_distance:20 - Haversine: (31.406549, 73.086759) → (31.4052045, 73.0873694) = 160.3 m
2026-03-26 22:20:46.261 | DEBUG    | utils.distance_utils:find_nearest_road_point:56 - Nearest road node to (31.406549, 73.086759): (31.405204, 73.087369) — 160.3m
2026-03-26 22:20:46.261 | DEBUG    | utils.geo_utils:haversine_distance:20 - Haversine: (31.406549, 73.086759) → (31.4052045, 73.0873694) = 160.3 m
2026-03-26 22:20:46.263 | DEBUG    | data_pipeline.stop_builder:snap_stops_to_roads:38 - Snapped Test Student 8 (TEST-8476): 160.3m
2026-03-26 22:20:46.263 | INFO     | data_pipeline.stop_builder:snap_stops_to_roads:47 - Snapping complete:
2026-03-26 22:20:46.264 | INFO     | data_pipeline.stop_builder:snap_stops_to_roads:48 -   Input stops: 30
2026-03-26 22:20:46.265 | INFO     | data_pipeline.stop_builder:snap_stops_to_roads:49 -   Snapped successfully: 30
2026-03-26 22:20:46.265 | INFO     | data_pipeline.stop_builder:snap_stops_to_roads:50 -   Skipped (too far): 0
2026-03-26 22:20:46.267 | DEBUG    | data_pipeline.stop_builder:snap_stops_to_roads:53 - First snapped stop example: {'student_id': '3CNKLBNknvMId9G9MJ1cVoQjkpw2', 'name': 'Test Student 12', 'roll_no': 'TEST-4382', 'lat': 31.3691526, 'lng': 73.0514611, 'student_count': 1, 'contact': '03597900028', 'semester': 'Spring 2026', 'fee_status': 'unpaid', 'registration_status': 'successful', 'original_lat': 31.369289, 'original_lng': 73.051406, 'snap_distance_m': 16.04}
2026-03-26 22:20:46.268 | DEBUG    | utils.geo_utils:haversine_distance:20 - Haversine: (31.3787188, 73.157798) → (31.3691526, 73.0514611) = 10151.2 m
2026-03-26 22:20:46.268 | DEBUG    | utils.geo_utils:haversine_distance:20 - Haversine: (31.4457694, 73.1408101) → (31.3691526, 73.0514611) = 12020.1 m
2026-03-26 22:20:46.268 | DEBUG    | utils.geo_utils:haversine_distance:20 - Haversine: (31.4457694, 73.1408101) → (31.3787188, 73.157798) = 7628.0 m
2026-03-26 22:20:46.268 | DEBUG    | utils.geo_utils:haversine_distance:20 - Haversine: (31.5487412, 73.1501112) → (31.3691526, 73.0514611) = 22052.9 m
2026-03-26 22:20:46.268 | DEBUG    | utils.geo_utils:haversine_distance:20 - Haversine: (31.5487412, 73.1501112) → (31.3787188, 73.157798) = 18919.7 m
2026-03-26 22:20:46.268 | DEBUG    | utils.geo_utils:haversine_distance:20 - Haversine: (31.5487412, 73.1501112) → (31.4457694, 73.1408101) = 11483.9 m
2026-03-26 22:20:46.268 | DEBUG    | utils.geo_utils:haversine_distance:20 - Haversine: (31.3836456, 73.0640586) → (31.3691526, 73.0514611) = 2006.8 m
2026-03-26 22:20:46.268 | DEBUG    | utils.geo_utils:haversine_distance:20 - Haversine: (31.3836456, 73.0640586) → (31.3787188, 73.157798) = 8915.5 m
2026-03-26 22:20:46.268 | DEBUG    | utils.geo_utils:haversine_distance:20 - Haversine: (31.3836456, 73.0640586) → (31.4457694, 73.1408101) = 10038.2 m
2026-03-26 22:20:46.268 | DEBUG    | utils.geo_utils:haversine_distance:20 - Haversine: (31.3836456, 73.0640586) → (31.5487412, 73.1501112) = 20090.3 m
2026-03-26 22:20:46.268 | DEBUG    | utils.geo_utils:haversine_distance:20 - Haversine: (31.4467219, 73.1271368) → (31.3691526, 73.0514611) = 11223.8 m
2026-03-26 22:20:46.269 | DEBUG    | utils.geo_utils:haversine_distance:20 - Haversine: (31.4467219, 73.1271368) → (31.3787188, 73.157798) = 8102.1 m
2026-03-26 22:20:46.269 | DEBUG    | utils.geo_utils:haversine_distance:20 - Haversine: (31.4467219, 73.1271368) → (31.4457694, 73.1408101) = 1301.4 m
2026-03-26 22:20:46.269 | DEBUG    | utils.geo_utils:haversine_distance:20 - Haversine: (31.4467219, 73.1271368) → (31.5487412, 73.1501112) = 11551.3 m
2026-03-26 22:20:46.269 | DEBUG    | utils.geo_utils:haversine_distance:20 - Haversine: (31.4467219, 73.1271368) → (31.3836456, 73.0640586) = 9220.8 m
2026-03-26 22:20:46.269 | DEBUG    | utils.geo_utils:haversine_distance:20 - Haversine: (31.330396, 73.0696448) → (31.3691526, 73.0514611) = 4642.6 m
2026-03-26 22:20:46.269 | DEBUG    | utils.geo_utils:haversine_distance:20 - Haversine: (31.330396, 73.0696448) → (31.3787188, 73.157798) = 9946.9 m
2026-03-26 22:20:46.269 | DEBUG    | utils.geo_utils:haversine_distance:20 - Haversine: (31.330396, 73.0696448) → (31.4457694, 73.1408101) = 14498.8 m
2026-03-26 22:20:46.269 | DEBUG    | utils.geo_utils:haversine_distance:20 - Haversine: (31.330396, 73.0696448) → (31.5487412, 73.1501112) = 25450.7 m
2026-03-26 22:20:46.269 | DEBUG    | utils.geo_utils:haversine_distance:20 - Haversine: (31.330396, 73.0696448) → (31.3836456, 73.0640586) = 5944.8 m
2026-03-26 22:20:46.269 | DEBUG    | utils.geo_utils:haversine_distance:20 - Haversine: (31.330396, 73.0696448) → (31.4467219, 73.1271368) = 14038.9 m
2026-03-26 22:20:46.269 | DEBUG    | utils.geo_utils:haversine_distance:20 - Haversine: (31.3413852, 73.1852291) → (31.3691526, 73.0514611) = 13071.9 m
2026-03-26 22:20:46.269 | DEBUG    | utils.geo_utils:haversine_distance:20 - Haversine: (31.3413852, 73.1852291) → (31.3787188, 73.157798) = 4900.7 m
2026-03-26 22:20:46.269 | DEBUG    | utils.geo_utils:haversine_distance:20 - Haversine: (31.3413852, 73.1852291) → (31.4457694, 73.1408101) = 12349.0 m
2026-03-26 22:20:46.270 | DEBUG    | utils.geo_utils:haversine_distance:20 - Haversine: (31.3413852, 73.1852291) → (31.5487412, 73.1501112) = 23296.4 m
2026-03-26 22:20:46.270 | DEBUG    | utils.geo_utils:haversine_distance:20 - Haversine: (31.3413852, 73.1852291) → (31.3836456, 73.0640586) = 12427.6 m
2026-03-26 22:20:46.270 | DEBUG    | utils.geo_utils:haversine_distance:20 - Haversine: (31.3413852, 73.1852291) → (31.4467219, 73.1271368) = 12945.9 m
2026-03-26 22:20:46.270 | DEBUG    | utils.geo_utils:haversine_distance:20 - Haversine: (31.3413852, 73.1852291) → (31.330396, 73.0696448) = 11045.4 m
2026-03-26 22:20:46.270 | DEBUG    | utils.geo_utils:haversine_distance:20 - Haversine: (31.4000755, 73.0126538) → (31.3691526, 73.0514611) = 5039.2 m
2026-03-26 22:20:46.270 | DEBUG    | utils.geo_utils:haversine_distance:20 - Haversine: (31.4000755, 73.0126538) → (31.3787188, 73.157798) = 13980.4 m
2026-03-26 22:20:46.270 | DEBUG    | utils.geo_utils:haversine_distance:20 - Haversine: (31.4000755, 73.0126538) → (31.4457694, 73.1408101) = 13179.2 m
2026-03-26 22:20:46.270 | DEBUG    | utils.geo_utils:haversine_distance:20 - Haversine: (31.4000755, 73.0126538) → (31.5487412, 73.1501112) = 21052.4 m
2026-03-26 22:20:46.270 | DEBUG    | utils.geo_utils:haversine_distance:20 - Haversine: (31.4000755, 73.0126538) → (31.3836456, 73.0640586) = 5210.1 m
2026-03-26 22:20:46.270 | DEBUG    | utils.geo_utils:haversine_distance:20 - Haversine: (31.4000755, 73.0126538) → (31.4467219, 73.1271368) = 12037.7 m
2026-03-26 22:20:46.270 | DEBUG    | utils.geo_utils:haversine_distance:20 - Haversine: (31.4000755, 73.0126538) → (31.330396, 73.0696448) = 9450.5 m
2026-03-26 22:20:46.270 | DEBUG    | utils.geo_utils:haversine_distance:20 - Haversine: (31.4000755, 73.0126538) → (31.3413852, 73.1852291) = 17636.2 m
2026-03-26 22:20:46.270 | DEBUG    | utils.geo_utils:haversine_distance:20 - Haversine: (31.527645, 73.0552285) → (31.3691526, 73.0514611) = 17627.2 m
2026-03-26 22:20:46.270 | DEBUG    | utils.geo_utils:haversine_distance:20 - Haversine: (31.527645, 73.0552285) → (31.3787188, 73.157798) = 19206.5 m
2026-03-26 22:20:46.271 | DEBUG    | utils.geo_utils:haversine_distance:20 - Haversine: (31.527645, 73.0552285) → (31.4457694, 73.1408101) = 12195.9 m
2026-03-26 22:20:46.271 | DEBUG    | utils.geo_utils:haversine_distance:20 - Haversine: (31.527645, 73.0552285) → (31.5487412, 73.1501112) = 9293.0 m
2026-03-26 22:20:46.271 | DEBUG    | utils.geo_utils:haversine_distance:20 - Haversine: (31.527645, 73.0552285) → (31.3836456, 73.0640586) = 16033.9 m
2026-03-26 22:20:46.271 | DEBUG    | utils.geo_utils:haversine_distance:20 - Haversine: (31.527645, 73.0552285) → (31.4467219, 73.1271368) = 11289.8 m
2026-03-26 22:20:46.271 | DEBUG    | utils.geo_utils:haversine_distance:20 - Haversine: (31.527645, 73.0552285) → (31.330396, 73.0696448) = 21975.7 m
2026-03-26 22:20:46.271 | DEBUG    | utils.geo_utils:haversine_distance:20 - Haversine: (31.527645, 73.0552285) → (31.3413852, 73.1852291) = 24105.5 m
2026-03-26 22:20:46.271 | DEBUG    | utils.geo_utils:haversine_distance:20 - Haversine: (31.527645, 73.0552285) → (31.4000755, 73.0126538) = 14748.6 m
2026-03-26 22:20:46.271 | DEBUG    | utils.geo_utils:haversine_distance:20 - Haversine: (31.3281703, 73.1302408) → (31.3691526, 73.0514611) = 8759.8 m
2026-03-26 22:20:46.271 | DEBUG    | utils.geo_utils:haversine_distance:20 - Haversine: (31.3281703, 73.1302408) → (31.3787188, 73.157798) = 6200.0 m
2026-03-26 22:20:46.271 | DEBUG    | utils.geo_utils:haversine_distance:20 - Haversine: (31.3281703, 73.1302408) → (31.4457694, 73.1408101) = 13114.9 m
2026-03-26 22:20:46.271 | DEBUG    | utils.geo_utils:haversine_distance:20 - Haversine: (31.3281703, 73.1302408) → (31.5487412, 73.1501112) = 24598.7 m
2026-03-26 22:20:46.271 | DEBUG    | utils.geo_utils:haversine_distance:20 - Haversine: (31.3281703, 73.1302408) → (31.3836456, 73.0640586) = 8805.9 m
2026-03-26 22:20:46.272 | DEBUG    | utils.geo_utils:haversine_distance:20 - Haversine: (31.3281703, 73.1302408) → (31.4467219, 73.1271368) = 13185.6 m
2026-03-26 22:20:46.272 | DEBUG    | utils.geo_utils:haversine_distance:20 - Haversine: (31.3281703, 73.1302408) → (31.330396, 73.0696448) = 5760.8 m
2026-03-26 22:20:46.272 | DEBUG    | utils.geo_utils:haversine_distance:20 - Haversine: (31.3281703, 73.1302408) → (31.3413852, 73.1852291) = 5425.4 m
2026-03-26 22:20:46.272 | DEBUG    | utils.geo_utils:haversine_distance:20 - Haversine: (31.3281703, 73.1302408) → (31.4000755, 73.0126538) = 13732.2 m
2026-03-26 22:20:46.272 | DEBUG    | utils.geo_utils:haversine_distance:20 - Haversine: (31.3281703, 73.1302408) → (31.527645, 73.0552285) = 23294.5 m
2026-03-26 22:20:46.272 | DEBUG    | utils.geo_utils:haversine_distance:20 - Haversine: (31.3434454, 73.1825193) → (31.3691526, 73.0514611) = 12768.7 m
2026-03-26 22:20:46.272 | DEBUG    | utils.geo_utils:haversine_distance:20 - Haversine: (31.3434454, 73.1825193) → (31.3787188, 73.157798) = 4570.9 m
2026-03-26 22:20:46.272 | DEBUG    | utils.geo_utils:haversine_distance:20 - Haversine: (31.3434454, 73.1825193) → (31.4457694, 73.1408101) = 12047.0 m
2026-03-26 22:20:46.272 | DEBUG    | utils.geo_utils:haversine_distance:20 - Haversine: (31.3434454, 73.1825193) → (31.5487412, 73.1501112) = 23033.9 m
2026-03-26 22:20:46.272 | DEBUG    | utils.geo_utils:haversine_distance:20 - Haversine: (31.3434454, 73.1825193) → (31.3836456, 73.0640586) = 12103.2 m
2026-03-26 22:20:46.272 | DEBUG    | utils.geo_utils:haversine_distance:20 - Haversine: (31.3434454, 73.1825193) → (31.4467219, 73.1271368) = 12629.8 m
2026-03-26 22:20:46.272 | DEBUG    | utils.geo_utils:haversine_distance:20 - Haversine: (31.3434454, 73.1825193) → (31.330396, 73.0696448) = 10817.9 m
2026-03-26 22:20:46.272 | DEBUG    | utils.geo_utils:haversine_distance:20 - Haversine: (31.3434454, 73.1825193) → (31.3413852, 73.1852291) = 344.5 m
2026-03-26 22:20:46.273 | DEBUG    | utils.geo_utils:haversine_distance:20 - Haversine: (31.4192659, 73.0416323) → (31.3691526, 73.0514611) = 5649.9 m
2026-03-26 22:20:46.273 | DEBUG    | utils.geo_utils:haversine_distance:20 - Haversine: (31.4192659, 73.0416323) → (31.3787188, 73.157798) = 11911.7 m
2026-03-26 22:20:46.273 | DEBUG    | utils.geo_utils:haversine_distance:20 - Haversine: (31.4192659, 73.0416323) → (31.4457694, 73.1408101) = 9860.5 m
2026-03-26 22:20:46.273 | DEBUG    | utils.geo_utils:haversine_distance:20 - Haversine: (31.4192659, 73.0416323) → (31.5487412, 73.1501112) = 17694.3 m
2026-03-26 22:20:46.273 | DEBUG    | utils.geo_utils:haversine_distance:20 - Haversine: (31.4192659, 73.0416323) → (31.3836456, 73.0640586) = 4496.5 m
2026-03-26 22:20:46.273 | DEBUG    | utils.geo_utils:haversine_distance:20 - Haversine: (31.4192659, 73.0416323) → (31.4467219, 73.1271368) = 8667.9 m
2026-03-26 22:20:46.273 | DEBUG    | utils.geo_utils:haversine_distance:20 - Haversine: (31.4192659, 73.0416323) → (31.330396, 73.0696448) = 10233.5 m
2026-03-26 22:20:46.273 | DEBUG    | utils.geo_utils:haversine_distance:20 - Haversine: (31.4192659, 73.0416323) → (31.3413852, 73.1852291) = 16149.9 m
2026-03-26 22:20:46.273 | DEBUG    | utils.geo_utils:haversine_distance:20 - Haversine: (31.4192659, 73.0416323) → (31.4000755, 73.0126538) = 3480.9 m
2026-03-26 22:20:46.273 | DEBUG    | utils.geo_utils:haversine_distance:20 - Haversine: (31.4192659, 73.0416323) → (31.527645, 73.0552285) = 12120.0 m
2026-03-26 22:20:46.273 | DEBUG    | utils.geo_utils:haversine_distance:20 - Haversine: (31.4192659, 73.0416323) → (31.3281703, 73.1302408) = 13167.0 m
2026-03-26 22:20:46.273 | DEBUG    | utils.geo_utils:haversine_distance:20 - Haversine: (31.5101284, 73.1503952) → (31.3691526, 73.0514611) = 18270.9 m
2026-03-26 22:20:46.273 | DEBUG    | utils.geo_utils:haversine_distance:20 - Haversine: (31.5101284, 73.1503952) → (31.3787188, 73.157798) = 14628.9 m
2026-03-26 22:20:46.273 | DEBUG    | utils.geo_utils:haversine_distance:20 - Haversine: (31.5101284, 73.1503952) → (31.4457694, 73.1408101) = 7213.9 m
2026-03-26 22:20:46.274 | DEBUG    | utils.geo_utils:haversine_distance:20 - Haversine: (31.5101284, 73.1503952) → (31.5487412, 73.1501112) = 4293.6 m
2026-03-26 22:20:46.274 | DEBUG    | utils.geo_utils:haversine_distance:20 - Haversine: (31.5101284, 73.1503952) → (31.3836456, 73.0640586) = 16275.2 m
2026-03-26 22:20:46.274 | DEBUG    | utils.geo_utils:haversine_distance:20 - Haversine: (31.5101284, 73.1503952) → (31.4467219, 73.1271368) = 7387.4 m
2026-03-26 22:20:46.274 | DEBUG    | utils.geo_utils:haversine_distance:20 - Haversine: (31.5101284, 73.1503952) → (31.330396, 73.0696448) = 21403.9 m
2026-03-26 22:20:46.274 | DEBUG    | utils.geo_utils:haversine_distance:20 - Haversine: (31.5101284, 73.1503952) → (31.3413852, 73.1852291) = 19052.3 m
2026-03-26 22:20:46.274 | DEBUG    | utils.geo_utils:haversine_distance:20 - Haversine: (31.5101284, 73.1503952) → (31.4000755, 73.0126538) = 17901.3 m
2026-03-26 22:20:46.274 | DEBUG    | utils.geo_utils:haversine_distance:20 - Haversine: (31.5101284, 73.1503952) → (31.527645, 73.0552285) = 9228.7 m
2026-03-26 22:20:46.274 | DEBUG    | utils.geo_utils:haversine_distance:20 - Haversine: (31.5101284, 73.1503952) → (31.3281703, 73.1302408) = 20323.0 m
2026-03-26 22:20:46.274 | DEBUG    | utils.geo_utils:haversine_distance:20 - Haversine: (31.5101284, 73.1503952) → (31.4192659, 73.0416323) = 14439.2 m
2026-03-26 22:20:46.274 | DEBUG    | utils.geo_utils:haversine_distance:20 - Haversine: (31.4641337, 73.1683411) → (31.3691526, 73.0514611) = 15315.3 m
2026-03-26 22:20:46.274 | DEBUG    | utils.geo_utils:haversine_distance:20 - Haversine: (31.4641337, 73.1683411) → (31.3787188, 73.157798) = 9550.2 m
2026-03-26 22:20:46.274 | DEBUG    | utils.geo_utils:haversine_distance:20 - Haversine: (31.4641337, 73.1683411) → (31.4457694, 73.1408101) = 3315.0 m
2026-03-26 22:20:46.274 | DEBUG    | utils.geo_utils:haversine_distance:20 - Haversine: (31.4641337, 73.1683411) → (31.5487412, 73.1501112) = 9565.3 m
2026-03-26 22:20:46.274 | DEBUG    | utils.geo_utils:haversine_distance:20 - Haversine: (31.4641337, 73.1683411) → (31.3836456, 73.0640586) = 13342.1 m
2026-03-26 22:20:46.274 | DEBUG    | utils.geo_utils:haversine_distance:20 - Haversine: (31.4641337, 73.1683411) → (31.4467219, 73.1271368) = 4361.7 m
2026-03-26 22:20:46.274 | DEBUG    | utils.geo_utils:haversine_distance:20 - Haversine: (31.4641337, 73.1683411) → (31.330396, 73.0696448) = 17575.5 m
2026-03-26 22:20:46.275 | DEBUG    | utils.geo_utils:haversine_distance:20 - Haversine: (31.4641337, 73.1683411) → (31.3413852, 73.1852291) = 13742.8 m
2026-03-26 22:20:46.275 | DEBUG    | utils.geo_utils:haversine_distance:20 - Haversine: (31.4641337, 73.1683411) → (31.4000755, 73.0126538) = 16399.0 m
2026-03-26 22:20:46.275 | DEBUG    | utils.geo_utils:haversine_distance:20 - Haversine: (31.4641337, 73.1683411) → (31.527645, 73.0552285) = 12841.0 m
2026-03-26 22:20:46.276 | DEBUG    | utils.geo_utils:haversine_distance:20 - Haversine: (31.4641337, 73.1683411) → (31.3281703, 73.1302408) = 15544.9 m
2026-03-26 22:20:46.276 | DEBUG    | utils.geo_utils:haversine_distance:20 - Haversine: (31.4641337, 73.1683411) → (31.4192659, 73.0416323) = 13014.9 m
2026-03-26 22:20:46.276 | DEBUG    | utils.geo_utils:haversine_distance:20 - Haversine: (31.4641337, 73.1683411) → (31.5101284, 73.1503952) = 5390.0 m
2026-03-26 22:20:46.276 | DEBUG    | utils.geo_utils:haversine_distance:20 - Haversine: (31.3446991, 73.0585627) → (31.3691526, 73.0514611) = 2801.5 m
2026-03-26 22:20:46.276 | DEBUG    | utils.geo_utils:haversine_distance:20 - Haversine: (31.3446991, 73.0585627) → (31.3787188, 73.157798) = 10153.3 m
2026-03-26 22:20:46.276 | DEBUG    | utils.geo_utils:haversine_distance:20 - Haversine: (31.3446991, 73.0585627) → (31.4457694, 73.1408101) = 13683.8 m
2026-03-26 22:20:46.276 | DEBUG    | utils.geo_utils:haversine_distance:20 - Haversine: (31.3446991, 73.0585627) → (31.5487412, 73.1501112) = 24293.8 m
2026-03-26 22:20:46.276 | DEBUG    | utils.geo_utils:haversine_distance:20 - Haversine: (31.3446991, 73.0585627) → (31.3836456, 73.0640586) = 4362.0 m
2026-03-26 22:20:46.277 | DEBUG    | utils.geo_utils:haversine_distance:20 - Haversine: (31.3446991, 73.0585627) → (31.4467219, 73.1271368) = 13079.0 m
2026-03-26 22:20:46.277 | DEBUG    | utils.geo_utils:haversine_distance:20 - Haversine: (31.3446991, 73.0585627) → (31.330396, 73.0696448) = 1907.2 m
2026-03-26 22:20:46.277 | DEBUG    | utils.geo_utils:haversine_distance:20 - Haversine: (31.3446991, 73.0585627) → (31.3413852, 73.1852291) = 12034.9 m
2026-03-26 22:20:46.277 | DEBUG    | utils.geo_utils:haversine_distance:20 - Haversine: (31.3446991, 73.0585627) → (31.4000755, 73.0126538) = 7544.0 m
2026-03-26 22:20:46.277 | DEBUG    | utils.geo_utils:haversine_distance:20 - Haversine: (31.3446991, 73.0585627) → (31.527645, 73.0552285) = 20345.1 m
2026-03-26 22:20:46.277 | DEBUG    | utils.geo_utils:haversine_distance:20 - Haversine: (31.3446991, 73.0585627) → (31.3281703, 73.1302408) = 7051.3 m
2026-03-26 22:20:46.277 | DEBUG    | utils.geo_utils:haversine_distance:20 - Haversine: (31.3446991, 73.0585627) → (31.4192659, 73.0416323) = 8445.8 m
2026-03-26 22:20:46.277 | DEBUG    | utils.geo_utils:haversine_distance:20 - Haversine: (31.3446991, 73.0585627) → (31.5101284, 73.1503952) = 20354.2 m
2026-03-26 22:20:46.277 | DEBUG    | utils.geo_utils:haversine_distance:20 - Haversine: (31.3446991, 73.0585627) → (31.4641337, 73.1683411) = 16879.6 m
2026-03-26 22:20:46.277 | DEBUG    | utils.geo_utils:haversine_distance:20 - Haversine: (31.5431453, 73.1283131) → (31.3691526, 73.0514611) = 20674.9 m
2026-03-26 22:20:46.277 | DEBUG    | utils.geo_utils:haversine_distance:20 - Haversine: (31.5431453, 73.1283131) → (31.3787188, 73.157798) = 18496.0 m
2026-03-26 22:20:46.277 | DEBUG    | utils.geo_utils:haversine_distance:20 - Haversine: (31.5431453, 73.1283131) → (31.4457694, 73.1408101) = 10892.3 m
2026-03-26 22:20:46.277 | DEBUG    | utils.geo_utils:haversine_distance:20 - Haversine: (31.5431453, 73.1283131) → (31.5487412, 73.1501112) = 2157.3 m
2026-03-26 22:20:46.278 | DEBUG    | utils.geo_utils:haversine_distance:20 - Haversine: (31.5431453, 73.1283131) → (31.3836456, 73.0640586) = 18753.4 m
2026-03-26 22:20:46.278 | DEBUG    | utils.geo_utils:haversine_distance:20 - Haversine: (31.5431453, 73.1283131) → (31.4467219, 73.1271368) = 10722.4 m
2026-03-26 22:20:46.278 | DEBUG    | utils.geo_utils:haversine_distance:20 - Haversine: (31.5431453, 73.1283131) → (31.330396, 73.0696448) = 24302.6 m
2026-03-26 22:20:46.278 | DEBUG    | utils.geo_utils:haversine_distance:20 - Haversine: (31.5431453, 73.1283131) → (31.3413852, 73.1852291) = 23075.3 m
2026-03-26 22:20:46.278 | DEBUG    | utils.geo_utils:haversine_distance:20 - Haversine: (31.5431453, 73.1283131) → (31.4000755, 73.0126538) = 19323.6 m
2026-03-26 22:20:46.280 | DEBUG    | utils.geo_utils:haversine_distance:20 - Haversine: (31.5431453, 73.1283131) → (31.527645, 73.0552285) = 7137.7 m
2026-03-26 22:20:46.281 | DEBUG    | utils.geo_utils:haversine_distance:20 - Haversine: (31.5431453, 73.1283131) → (31.3281703, 73.1302408) = 23904.8 m
2026-03-26 22:20:46.281 | DEBUG    | utils.geo_utils:haversine_distance:20 - Haversine: (31.5431453, 73.1283131) → (31.4192659, 73.0416323) = 16040.9 m
2026-03-26 22:20:46.283 | DEBUG    | utils.geo_utils:haversine_distance:20 - Haversine: (31.5431453, 73.1283131) → (31.5101284, 73.1503952) = 4226.0 m
2026-03-26 22:20:46.283 | DEBUG    | utils.geo_utils:haversine_distance:20 - Haversine: (31.5431453, 73.1283131) → (31.4641337, 73.1683411) = 9570.2 m
2026-03-26 22:20:46.283 | DEBUG    | utils.geo_utils:haversine_distance:20 - Haversine: (31.5431453, 73.1283131) → (31.3446991, 73.0585627) = 23037.0 m
2026-03-26 22:20:46.284 | DEBUG    | utils.geo_utils:haversine_distance:20 - Haversine: (31.398463, 73.0263855) → (31.3691526, 73.0514611) = 4035.9 m
2026-03-26 22:20:46.284 | DEBUG    | utils.geo_utils:haversine_distance:20 - Haversine: (31.398463, 73.0263855) → (31.3787188, 73.157798) = 12665.7 m
2026-03-26 22:20:46.284 | DEBUG    | utils.geo_utils:haversine_distance:20 - Haversine: (31.398463, 73.0263855) → (31.4457694, 73.1408101) = 12064.7 m
2026-03-26 22:20:46.284 | DEBUG    | utils.geo_utils:haversine_distance:20 - Haversine: (31.398463, 73.0263855) → (31.5487412, 73.1501112) = 20418.3 m
2026-03-26 22:20:46.284 | DEBUG    | utils.geo_utils:haversine_distance:20 - Haversine: (31.398463, 73.0263855) → (31.3836456, 73.0640586) = 3937.2 m
2026-03-26 22:20:46.284 | DEBUG    | utils.geo_utils:haversine_distance:20 - Haversine: (31.398463, 73.0263855) → (31.4467219, 73.1271368) = 10963.1 m
2026-03-26 22:20:46.284 | DEBUG    | utils.geo_utils:haversine_distance:20 - Haversine: (31.398463, 73.0263855) → (31.330396, 73.0696448) = 8611.4 m
2026-03-26 22:20:46.284 | DEBUG    | utils.geo_utils:haversine_distance:20 - Haversine: (31.398463, 73.0263855) → (31.3413852, 73.1852291) = 16361.9 m
2026-03-26 22:20:46.284 | DEBUG    | utils.geo_utils:haversine_distance:20 - Haversine: (31.398463, 73.0263855) → (31.4000755, 73.0126538) = 1315.6 m
2026-03-26 22:20:46.284 | DEBUG    | utils.geo_utils:haversine_distance:20 - Haversine: (31.398463, 73.0263855) → (31.527645, 73.0552285) = 14622.6 m
2026-03-26 22:20:46.284 | DEBUG    | utils.geo_utils:haversine_distance:20 - Haversine: (31.398463, 73.0263855) → (31.3281703, 73.1302408) = 12582.9 m
2026-03-26 22:20:46.284 | DEBUG    | utils.geo_utils:haversine_distance:20 - Haversine: (31.398463, 73.0263855) → (31.4192659, 73.0416323) = 2728.4 m
2026-03-26 22:20:46.284 | DEBUG    | utils.geo_utils:haversine_distance:20 - Haversine: (31.398463, 73.0263855) → (31.5101284, 73.1503952) = 17103.8 m
2026-03-26 22:20:46.285 | DEBUG    | utils.geo_utils:haversine_distance:20 - Haversine: (31.398463, 73.0263855) → (31.4641337, 73.1683411) = 15320.8 m
2026-03-26 22:20:46.286 | DEBUG    | utils.geo_utils:haversine_distance:20 - Haversine: (31.398463, 73.0263855) → (31.3446991, 73.0585627) = 6713.6 m
2026-03-26 22:20:46.286 | DEBUG    | utils.geo_utils:haversine_distance:20 - Haversine: (31.398463, 73.0263855) → (31.5431453, 73.1283131) = 18768.8 m
2026-03-26 22:20:46.286 | DEBUG    | utils.geo_utils:haversine_distance:20 - Haversine: (31.3190478, 73.1756414) → (31.3691526, 73.0514611) = 13042.9 m
2026-03-26 22:20:46.286 | DEBUG    | utils.geo_utils:haversine_distance:20 - Haversine: (31.3190478, 73.1756414) → (31.3787188, 73.157798) = 6848.1 m
2026-03-26 22:20:46.286 | DEBUG    | utils.geo_utils:haversine_distance:20 - Haversine: (31.3190478, 73.1756414) → (31.4457694, 73.1408101) = 14473.5 m
2026-03-26 22:20:46.286 | DEBUG    | utils.geo_utils:haversine_distance:20 - Haversine: (31.3190478, 73.1756414) → (31.5487412, 73.1501112) = 25655.3 m
2026-03-26 22:20:46.286 | DEBUG    | utils.geo_utils:haversine_distance:20 - Haversine: (31.3190478, 73.1756414) → (31.3836456, 73.0640586) = 12801.1 m
2026-03-26 22:20:46.287 | DEBUG    | utils.geo_utils:haversine_distance:20 - Haversine: (31.3190478, 73.1756414) → (31.4467219, 73.1271368) = 14924.7 m
2026-03-26 22:20:46.287 | DEBUG    | utils.geo_utils:haversine_distance:20 - Haversine: (31.3190478, 73.1756414) → (31.330396, 73.0696448) = 10147.0 m
2026-03-26 22:20:46.287 | DEBUG    | utils.geo_utils:haversine_distance:20 - Haversine: (31.3190478, 73.1756414) → (31.3413852, 73.1852291) = 2645.5 m
2026-03-26 22:20:46.287 | DEBUG    | utils.geo_utils:haversine_distance:20 - Haversine: (31.3190478, 73.1756414) → (31.4000755, 73.0126538) = 17907.6 m
2026-03-26 22:20:46.287 | DEBUG    | utils.geo_utils:haversine_distance:20 - Haversine: (31.3190478, 73.1756414) → (31.527645, 73.0552285) = 25856.3 m
2026-03-26 22:20:46.287 | DEBUG    | utils.geo_utils:haversine_distance:20 - Haversine: (31.3190478, 73.1756414) → (31.3281703, 73.1302408) = 4430.2 m
2026-03-26 22:20:46.287 | DEBUG    | utils.geo_utils:haversine_distance:20 - Haversine: (31.3190478, 73.1756414) → (31.4192659, 73.0416323) = 16913.3 m
2026-03-26 22:20:46.287 | DEBUG    | utils.geo_utils:haversine_distance:20 - Haversine: (31.3190478, 73.1756414) → (31.5101284, 73.1503952) = 21381.8 m
2026-03-26 22:20:46.287 | DEBUG    | utils.geo_utils:haversine_distance:20 - Haversine: (31.3190478, 73.1756414) → (31.4641337, 73.1683411) = 16147.7 m
2026-03-26 22:20:46.287 | DEBUG    | utils.geo_utils:haversine_distance:20 - Haversine: (31.3190478, 73.1756414) → (31.3446991, 73.0585627) = 11480.0 m
2026-03-26 22:20:46.287 | DEBUG    | utils.geo_utils:haversine_distance:20 - Haversine: (31.3190478, 73.1756414) → (31.5431453, 73.1283131) = 25319.9 m
2026-03-26 22:20:46.287 | DEBUG    | utils.geo_utils:haversine_distance:20 - Haversine: (31.3190478, 73.1756414) → (31.398463, 73.0263855) = 16698.2 m
2026-03-26 22:20:46.287 | DEBUG    | utils.geo_utils:haversine_distance:20 - Haversine: (31.3557607, 73.1450675) → (31.3691526, 73.0514611) = 9011.7 m
2026-03-26 22:20:46.287 | DEBUG    | utils.geo_utils:haversine_distance:20 - Haversine: (31.3557607, 73.1450675) → (31.3787188, 73.157798) = 2824.5 m
2026-03-26 22:20:46.288 | DEBUG    | utils.geo_utils:haversine_distance:20 - Haversine: (31.3557607, 73.1450675) → (31.4457694, 73.1408101) = 10016.7 m
2026-03-26 22:20:46.288 | DEBUG    | utils.geo_utils:haversine_distance:20 - Haversine: (31.3557607, 73.1450675) → (31.5487412, 73.1501112) = 21463.8 m
2026-03-26 22:20:46.288 | DEBUG    | utils.geo_utils:haversine_distance:20 - Haversine: (31.3557607, 73.1450675) → (31.3836456, 73.0640586) = 8292.6 m
2026-03-26 22:20:46.288 | DEBUG    | utils.geo_utils:haversine_distance:20 - Haversine: (31.3557607, 73.1450675) → (31.4467219, 73.1271368) = 10256.6 m
2026-03-26 22:20:46.288 | DEBUG    | utils.geo_utils:haversine_distance:20 - Haversine: (31.3557607, 73.1450675) → (31.330396, 73.0696448) = 7698.0 m
2026-03-26 22:20:46.289 | DEBUG    | utils.geo_utils:haversine_distance:20 - Haversine: (31.3557607, 73.1450675) → (31.3413852, 73.1852291) = 4135.3 m
2026-03-26 22:20:46.289 | DEBUG    | utils.geo_utils:haversine_distance:20 - Haversine: (31.3557607, 73.1450675) → (31.4000755, 73.0126538) = 13501.7 m
2026-03-26 22:20:46.289 | DEBUG    | utils.geo_utils:haversine_distance:20 - Haversine: (31.3557607, 73.1450675) → (31.527645, 73.0552285) = 20926.9 m
2026-03-26 22:20:46.289 | DEBUG    | utils.geo_utils:haversine_distance:20 - Haversine: (31.3557607, 73.1450675) → (31.3281703, 73.1302408) = 3375.6 m
2026-03-26 22:20:46.290 | DEBUG    | utils.geo_utils:haversine_distance:20 - Haversine: (31.3557607, 73.1450675) → (31.4192659, 73.0416323) = 12094.0 m
2026-03-26 22:20:46.290 | DEBUG    | utils.geo_utils:haversine_distance:20 - Haversine: (31.3557607, 73.1450675) → (31.5101284, 73.1503952) = 17172.3 m
2026-03-26 22:20:46.290 | DEBUG    | utils.geo_utils:haversine_distance:20 - Haversine: (31.3557607, 73.1450675) → (31.4641337, 73.1683411) = 12251.3 m
2026-03-26 22:20:46.290 | DEBUG    | utils.geo_utils:haversine_distance:20 - Haversine: (31.3557607, 73.1450675) → (31.3446991, 73.0585627) = 8306.1 m
2026-03-26 22:20:46.290 | DEBUG    | utils.geo_utils:haversine_distance:20 - Haversine: (31.3557607, 73.1450675) → (31.5431453, 73.1283131) = 20896.7 m
2026-03-26 22:20:46.290 | DEBUG    | utils.geo_utils:haversine_distance:20 - Haversine: (31.3557607, 73.1450675) → (31.398463, 73.0263855) = 12226.6 m
2026-03-26 22:20:46.290 | DEBUG    | utils.geo_utils:haversine_distance:20 - Haversine: (31.3557607, 73.1450675) → (31.3190478, 73.1756414) = 5009.7 m
2026-03-26 22:20:46.290 | DEBUG    | utils.geo_utils:haversine_distance:20 - Haversine: (31.4601458, 73.0666137) → (31.3691526, 73.0514611) = 10219.6 m
2026-03-26 22:20:46.290 | DEBUG    | utils.geo_utils:haversine_distance:20 - Haversine: (31.4601458, 73.0666137) → (31.3787188, 73.157798) = 12523.8 m
2026-03-26 22:20:46.290 | DEBUG    | utils.geo_utils:haversine_distance:20 - Haversine: (31.4601458, 73.0666137) → (31.4457694, 73.1408101) = 7217.3 m
2026-03-26 22:20:46.290 | DEBUG    | utils.geo_utils:haversine_distance:20 - Haversine: (31.4601458, 73.0666137) → (31.5487412, 73.1501112) = 12637.7 m
2026-03-26 22:20:46.290 | DEBUG    | utils.geo_utils:haversine_distance:20 - Haversine: (31.4601458, 73.0666137) → (31.3836456, 73.0640586) = 8509.9 m
2026-03-26 22:20:46.290 | DEBUG    | utils.geo_utils:haversine_distance:20 - Haversine: (31.4601458, 73.0666137) → (31.4467219, 73.1271368) = 5931.9 m
2026-03-26 22:20:46.290 | DEBUG    | utils.geo_utils:haversine_distance:20 - Haversine: (31.4601458, 73.0666137) → (31.330396, 73.0696448) = 14430.4 m
2026-03-26 22:20:46.291 | DEBUG    | utils.geo_utils:haversine_distance:20 - Haversine: (31.4601458, 73.0666137) → (31.3413852, 73.1852291) = 17352.9 m
2026-03-26 22:20:46.291 | DEBUG    | utils.geo_utils:haversine_distance:20 - Haversine: (31.4601458, 73.0666137) → (31.4000755, 73.0126538) = 8415.9 m
2026-03-26 22:20:46.291 | DEBUG    | utils.geo_utils:haversine_distance:20 - Haversine: (31.4601458, 73.0666137) → (31.527645, 73.0552285) = 7582.8 m
2026-03-26 22:20:46.291 | DEBUG    | utils.geo_utils:haversine_distance:20 - Haversine: (31.4601458, 73.0666137) → (31.3281703, 73.1302408) = 15869.1 m
2026-03-26 22:20:46.291 | DEBUG    | utils.geo_utils:haversine_distance:20 - Haversine: (31.4601458, 73.0666137) → (31.4192659, 73.0416323) = 5126.4 m
2026-03-26 22:20:46.291 | DEBUG    | utils.geo_utils:haversine_distance:20 - Haversine: (31.4601458, 73.0666137) → (31.5101284, 73.1503952) = 9695.6 m
2026-03-26 22:20:46.291 | DEBUG    | utils.geo_utils:haversine_distance:20 - Haversine: (31.4601458, 73.0666137) → (31.4641337, 73.1683411) = 9658.8 m
2026-03-26 22:20:46.291 | DEBUG    | utils.geo_utils:haversine_distance:20 - Haversine: (31.4601458, 73.0666137) → (31.3446991, 73.0585627) = 12859.8 m
2026-03-26 22:20:46.291 | DEBUG    | utils.geo_utils:haversine_distance:20 - Haversine: (31.4601458, 73.0666137) → (31.5431453, 73.1283131) = 10926.8 m
2026-03-26 22:20:46.291 | DEBUG    | utils.geo_utils:haversine_distance:20 - Haversine: (31.4601458, 73.0666137) → (31.398463, 73.0263855) = 7849.3 m
2026-03-26 22:20:46.291 | DEBUG    | utils.geo_utils:haversine_distance:20 - Haversine: (31.4601458, 73.0666137) → (31.3190478, 73.1756414) = 18795.2 m
2026-03-26 22:20:46.291 | DEBUG    | utils.geo_utils:haversine_distance:20 - Haversine: (31.4601458, 73.0666137) → (31.3557607, 73.1450675) = 13789.8 m
2026-03-26 22:20:46.294 | DEBUG    | utils.geo_utils:haversine_distance:20 - Haversine: (31.5426468, 73.1258022) → (31.3691526, 73.0514611) = 20540.0 m
2026-03-26 22:20:46.294 | DEBUG    | utils.geo_utils:haversine_distance:20 - Haversine: (31.5426468, 73.1258022) → (31.3787188, 73.157798) = 18478.9 m
2026-03-26 22:20:46.294 | DEBUG    | utils.geo_utils:haversine_distance:20 - Haversine: (31.5426468, 73.1258022) → (31.4457694, 73.1408101) = 10865.9 m
2026-03-26 22:20:46.294 | DEBUG    | utils.geo_utils:haversine_distance:20 - Haversine: (31.5426468, 73.1258022) → (31.5487412, 73.1501112) = 2401.2 m
2026-03-26 22:20:46.294 | DEBUG    | utils.geo_utils:haversine_distance:20 - Haversine: (31.5426468, 73.1258022) → (31.3836456, 73.0640586) = 18624.8 m
2026-03-26 22:20:46.294 | DEBUG    | utils.geo_utils:haversine_distance:20 - Haversine: (31.5426468, 73.1258022) → (31.4467219, 73.1271368) = 10667.1 m
2026-03-26 22:20:46.294 | DEBUG    | utils.geo_utils:haversine_distance:20 - Haversine: (31.5426468, 73.1258022) → (31.330396, 73.0696448) = 24195.1 m
2026-03-26 22:20:46.295 | DEBUG    | utils.geo_utils:haversine_distance:20 - Haversine: (31.5426468, 73.1258022) → (31.3413852, 73.1852291) = 23078.5 m
2026-03-26 22:20:46.295 | DEBUG    | utils.geo_utils:haversine_distance:20 - Haversine: (31.5426468, 73.1258022) → (31.4000755, 73.0126538) = 19143.5 m
2026-03-26 22:20:46.295 | DEBUG    | utils.geo_utils:haversine_distance:20 - Haversine: (31.5426468, 73.1258022) → (31.527645, 73.0552285) = 6893.4 m
2026-03-26 22:20:46.301 | DEBUG    | utils.geo_utils:haversine_distance:20 - Haversine: (31.5426468, 73.1258022) → (31.3281703, 73.1302408) = 23852.4 m
2026-03-26 22:20:46.301 | DEBUG    | utils.geo_utils:haversine_distance:20 - Haversine: (31.5426468, 73.1258022) → (31.4192659, 73.0416323) = 15872.2 m
2026-03-26 22:20:46.301 | DEBUG    | utils.geo_utils:haversine_distance:20 - Haversine: (31.5426468, 73.1258022) → (31.5101284, 73.1503952) = 4302.1 m
2026-03-26 22:20:46.302 | DEBUG    | utils.geo_utils:haversine_distance:20 - Haversine: (31.5426468, 73.1258022) → (31.4641337, 73.1683411) = 9616.8 m
2026-03-26 22:20:46.302 | DEBUG    | utils.geo_utils:haversine_distance:20 - Haversine: (31.5426468, 73.1258022) → (31.3446991, 73.0585627) = 22916.4 m
2026-03-26 22:20:46.302 | DEBUG    | utils.geo_utils:haversine_distance:20 - Haversine: (31.5426468, 73.1258022) → (31.5431453, 73.1283131) = 244.3 m
2026-03-26 22:20:46.302 | DEBUG    | utils.geo_utils:haversine_distance:20 - Haversine: (31.4743292, 73.1046958) → (31.3691526, 73.0514611) = 12739.4 m
2026-03-26 22:20:46.302 | DEBUG    | utils.geo_utils:haversine_distance:20 - Haversine: (31.4743292, 73.1046958) → (31.3787188, 73.157798) = 11764.9 m
2026-03-26 22:20:46.302 | DEBUG    | utils.geo_utils:haversine_distance:20 - Haversine: (31.4743292, 73.1046958) → (31.4457694, 73.1408101) = 4671.0 m
2026-03-26 22:20:46.302 | DEBUG    | utils.geo_utils:haversine_distance:20 - Haversine: (31.4743292, 73.1046958) → (31.5487412, 73.1501112) = 9327.3 m
2026-03-26 22:20:46.302 | DEBUG    | utils.geo_utils:haversine_distance:20 - Haversine: (31.4743292, 73.1046958) → (31.3836456, 73.0640586) = 10795.6 m
2026-03-26 22:20:46.308 | DEBUG    | utils.geo_utils:haversine_distance:20 - Haversine: (31.4743292, 73.1046958) → (31.4467219, 73.1271368) = 3735.5 m
2026-03-26 22:20:46.308 | DEBUG    | utils.geo_utils:haversine_distance:20 - Haversine: (31.4743292, 73.1046958) → (31.330396, 73.0696448) = 16346.7 m
2026-03-26 22:20:46.308 | DEBUG    | utils.geo_utils:haversine_distance:20 - Haversine: (31.4743292, 73.1046958) → (31.3413852, 73.1852291) = 16641.5 m
2026-03-26 22:20:46.310 | DEBUG    | utils.geo_utils:haversine_distance:20 - Haversine: (31.4743292, 73.1046958) → (31.4000755, 73.0126538) = 12017.7 m
2026-03-26 22:20:46.310 | DEBUG    | utils.geo_utils:haversine_distance:20 - Haversine: (31.4743292, 73.1046958) → (31.527645, 73.0552285) = 7559.2 m
2026-03-26 22:20:46.310 | DEBUG    | utils.geo_utils:haversine_distance:20 - Haversine: (31.4743292, 73.1046958) → (31.3281703, 73.1302408) = 16432.0 m
2026-03-26 22:20:46.310 | DEBUG    | utils.geo_utils:haversine_distance:20 - Haversine: (31.4743292, 73.1046958) → (31.4192659, 73.0416323) = 8560.2 m
2026-03-26 22:20:46.310 | DEBUG    | utils.geo_utils:haversine_distance:20 - Haversine: (31.4743292, 73.1046958) → (31.5101284, 73.1503952) = 5884.0 m
2026-03-26 22:20:46.310 | DEBUG    | utils.geo_utils:haversine_distance:20 - Haversine: (31.4743292, 73.1046958) → (31.4641337, 73.1683411) = 6141.7 m
2026-03-26 22:20:46.310 | DEBUG    | utils.geo_utils:haversine_distance:20 - Haversine: (31.4743292, 73.1046958) → (31.3446991, 73.0585627) = 15064.4 m
2026-03-26 22:20:46.310 | DEBUG    | utils.geo_utils:haversine_distance:20 - Haversine: (31.4743292, 73.1046958) → (31.5431453, 73.1283131) = 7972.8 m
2026-03-26 22:20:46.310 | DEBUG    | utils.geo_utils:haversine_distance:20 - Haversine: (31.4743292, 73.1046958) → (31.398463, 73.0263855) = 11241.2 m
2026-03-26 22:20:46.310 | DEBUG    | utils.geo_utils:haversine_distance:20 - Haversine: (31.4743292, 73.1046958) → (31.3190478, 73.1756414) = 18533.1 m
2026-03-26 22:20:46.311 | DEBUG    | utils.geo_utils:haversine_distance:20 - Haversine: (31.4743292, 73.1046958) → (31.3557607, 73.1450675) = 13729.6 m
2026-03-26 22:20:46.318 | DEBUG    | utils.geo_utils:haversine_distance:20 - Haversine: (31.4743292, 73.1046958) → (31.4601458, 73.0666137) = 3941.1 m
2026-03-26 22:20:46.318 | DEBUG    | utils.geo_utils:haversine_distance:20 - Haversine: (31.4693742, 73.1600766) → (31.3691526, 73.0514611) = 15179.5 m
2026-03-26 22:20:46.318 | DEBUG    | utils.geo_utils:haversine_distance:20 - Haversine: (31.4693742, 73.1600766) → (31.3787188, 73.157798) = 10082.7 m
2026-03-26 22:20:46.318 | DEBUG    | utils.geo_utils:haversine_distance:20 - Haversine: (31.4693742, 73.1600766) → (31.4457694, 73.1408101) = 3198.3 m
2026-03-26 22:20:46.318 | DEBUG    | utils.geo_utils:haversine_distance:20 - Haversine: (31.4693742, 73.1600766) → (31.5487412, 73.1501112) = 8875.6 m
2026-03-26 22:20:46.319 | DEBUG    | utils.geo_utils:haversine_distance:20 - Haversine: (31.4693742, 73.1600766) → (31.3836456, 73.0640586) = 13186.1 m
2026-03-26 22:20:46.319 | DEBUG    | utils.geo_utils:haversine_distance:20 - Haversine: (31.4693742, 73.1600766) → (31.4467219, 73.1271368) = 4013.3 m
2026-03-26 22:20:46.319 | DEBUG    | utils.geo_utils:haversine_distance:20 - Haversine: (31.4693742, 73.1600766) → (31.330396, 73.0696448) = 17677.2 m
2026-03-26 22:20:46.319 | DEBUG    | utils.geo_utils:haversine_distance:20 - Haversine: (31.4693742, 73.1600766) → (31.3413852, 73.1852291) = 14430.5 m
2026-03-26 22:20:46.319 | DEBUG    | utils.geo_utils:haversine_distance:20 - Haversine: (31.4693742, 73.1600766) → (31.4000755, 73.0126538) = 15969.0 m
2026-03-26 22:20:46.319 | DEBUG    | utils.geo_utils:haversine_distance:20 - Haversine: (31.4693742, 73.1600766) → (31.527645, 73.0552285) = 11866.0 m
2026-03-26 22:20:46.319 | DEBUG    | utils.geo_utils:haversine_distance:20 - Haversine: (31.4693742, 73.1600766) → (31.3281703, 73.1302408) = 15954.5 m
2026-03-26 22:20:46.320 | DEBUG    | utils.geo_utils:haversine_distance:20 - Haversine: (31.4693742, 73.1600766) → (31.4192659, 73.0416323) = 12541.9 m
2026-03-26 22:20:46.320 | DEBUG    | utils.geo_utils:haversine_distance:20 - Haversine: (31.4693742, 73.1600766) → (31.5101284, 73.1503952) = 4623.7 m
2026-03-26 22:20:46.320 | DEBUG    | utils.geo_utils:haversine_distance:20 - Haversine: (31.4693742, 73.1600766) → (31.4641337, 73.1683411) = 976.7 m
2026-03-26 22:20:46.320 | DEBUG    | utils.geo_utils:haversine_distance:20 - Haversine: (31.4693742, 73.1600766) → (31.3446991, 73.0585627) = 16882.0 m
2026-03-26 22:20:46.320 | DEBUG    | utils.geo_utils:haversine_distance:20 - Haversine: (31.4693742, 73.1600766) → (31.5431453, 73.1283131) = 8738.2 m
2026-03-26 22:20:46.320 | DEBUG    | utils.geo_utils:haversine_distance:20 - Haversine: (31.4693742, 73.1600766) → (31.398463, 73.0263855) = 14935.2 m
2026-03-26 22:20:46.320 | DEBUG    | utils.geo_utils:haversine_distance:20 - Haversine: (31.4693742, 73.1600766) → (31.3190478, 73.1756414) = 16780.7 m
2026-03-26 22:20:46.320 | DEBUG    | utils.geo_utils:haversine_distance:20 - Haversine: (31.4693742, 73.1600766) → (31.3557607, 73.1450675) = 12713.3 m
2026-03-26 22:20:46.320 | DEBUG    | utils.geo_utils:haversine_distance:20 - Haversine: (31.4693742, 73.1600766) → (31.4601458, 73.0666137) = 8923.7 m
2026-03-26 22:20:46.321 | DEBUG    | utils.geo_utils:haversine_distance:20 - Haversine: (31.4693742, 73.1600766) → (31.4743292, 73.1046958) = 5281.0 m
2026-03-26 22:20:46.321 | DEBUG    | utils.geo_utils:haversine_distance:20 - Haversine: (31.4060883, 73.1115478) → (31.3691526, 73.0514611) = 7028.5 m
2026-03-26 22:20:46.321 | DEBUG    | utils.geo_utils:haversine_distance:20 - Haversine: (31.4060883, 73.1115478) → (31.3787188, 73.157798) = 5341.7 m
2026-03-26 22:20:46.321 | DEBUG    | utils.geo_utils:haversine_distance:20 - Haversine: (31.4060883, 73.1115478) → (31.4457694, 73.1408101) = 5213.2 m
2026-03-26 22:20:46.321 | DEBUG    | utils.geo_utils:haversine_distance:20 - Haversine: (31.4060883, 73.1115478) → (31.5487412, 73.1501112) = 16278.4 m
2026-03-26 22:20:46.321 | DEBUG    | utils.geo_utils:haversine_distance:20 - Haversine: (31.4060883, 73.1115478) → (31.3836456, 73.0640586) = 5152.2 m
2026-03-26 22:20:46.321 | DEBUG    | utils.geo_utils:haversine_distance:20 - Haversine: (31.4060883, 73.1115478) → (31.4467219, 73.1271368) = 4754.2 m
2026-03-26 22:20:46.321 | DEBUG    | utils.geo_utils:haversine_distance:20 - Haversine: (31.4060883, 73.1115478) → (31.330396, 73.0696448) = 9309.5 m
2026-03-26 22:20:46.321 | DEBUG    | utils.geo_utils:haversine_distance:20 - Haversine: (31.4060883, 73.1115478) → (31.3413852, 73.1852291) = 10034.7 m
2026-03-26 22:20:46.321 | DEBUG    | utils.geo_utils:haversine_distance:20 - Haversine: (31.4060883, 73.1115478) → (31.4000755, 73.0126538) = 9409.6 m
2026-03-26 22:20:46.322 | DEBUG    | utils.geo_utils:haversine_distance:20 - Haversine: (31.4060883, 73.1115478) → (31.527645, 73.0552285) = 14533.6 m
2026-03-26 22:20:46.322 | DEBUG    | utils.geo_utils:haversine_distance:20 - Haversine: (31.4060883, 73.1115478) → (31.3281703, 73.1302408) = 8844.0 m
2026-03-26 22:20:46.322 | DEBUG    | utils.geo_utils:haversine_distance:20 - Haversine: (31.4060883, 73.1115478) → (31.4192659, 73.0416323) = 6794.7 m
2026-03-26 22:20:46.322 | DEBUG    | utils.geo_utils:haversine_distance:20 - Haversine: (31.4060883, 73.1115478) → (31.5101284, 73.1503952) = 12141.4 m
2026-03-26 22:20:46.322 | DEBUG    | utils.geo_utils:haversine_distance:20 - Haversine: (31.4060883, 73.1115478) → (31.4641337, 73.1683411) = 8407.9 m
2026-03-26 22:20:46.322 | DEBUG    | utils.geo_utils:haversine_distance:20 - Haversine: (31.4060883, 73.1115478) → (31.3446991, 73.0585627) = 8479.3 m
2026-03-26 22:20:46.322 | DEBUG    | utils.geo_utils:haversine_distance:20 - Haversine: (31.4060883, 73.1115478) → (31.5431453, 73.1283131) = 15322.8 m
2026-03-26 22:20:46.322 | DEBUG    | utils.geo_utils:haversine_distance:20 - Haversine: (31.4060883, 73.1115478) → (31.398463, 73.0263855) = 8127.0 m
2026-03-26 22:20:46.322 | DEBUG    | utils.geo_utils:haversine_distance:20 - Haversine: (31.4060883, 73.1115478) → (31.3190478, 73.1756414) = 11432.7 m
2026-03-26 22:20:46.322 | DEBUG    | utils.geo_utils:haversine_distance:20 - Haversine: (31.4060883, 73.1115478) → (31.3557607, 73.1450675) = 6437.6 m
2026-03-26 22:20:46.323 | DEBUG    | utils.geo_utils:haversine_distance:20 - Haversine: (31.4060883, 73.1115478) → (31.4601458, 73.0666137) = 7369.3 m
2026-03-26 22:20:46.323 | DEBUG    | utils.geo_utils:haversine_distance:20 - Haversine: (31.4060883, 73.1115478) → (31.4743292, 73.1046958) = 7615.8 m
2026-03-26 22:20:46.323 | DEBUG    | utils.geo_utils:haversine_distance:20 - Haversine: (31.4060883, 73.1115478) → (31.4693742, 73.1600766) = 8409.4 m
2026-03-26 22:20:46.323 | DEBUG    | utils.geo_utils:haversine_distance:20 - Haversine: (31.4773379, 73.0052033) → (31.3691526, 73.0514611) = 12805.4 m
2026-03-26 22:20:46.323 | DEBUG    | utils.geo_utils:haversine_distance:20 - Haversine: (31.4773379, 73.0052033) → (31.3787188, 73.157798) = 18162.6 m
2026-03-26 22:20:46.323 | DEBUG    | utils.geo_utils:haversine_distance:20 - Haversine: (31.4773379, 73.0052033) → (31.4457694, 73.1408101) = 13332.5 m
2026-03-26 22:20:46.323 | DEBUG    | utils.geo_utils:haversine_distance:20 - Haversine: (31.4773379, 73.0052033) → (31.5487412, 73.1501112) = 15866.2 m
2026-03-26 22:20:46.323 | DEBUG    | utils.geo_utils:haversine_distance:20 - Haversine: (31.4773379, 73.0052033) → (31.3836456, 73.0640586) = 11820.3 m
2026-03-26 22:20:46.323 | DEBUG    | utils.geo_utils:haversine_distance:20 - Haversine: (31.4773379, 73.0052033) → (31.4467219, 73.1271368) = 12055.8 m
2026-03-26 22:20:46.323 | DEBUG    | utils.geo_utils:haversine_distance:20 - Haversine: (31.4773379, 73.0052033) → (31.330396, 73.0696448) = 17446.3 m
2026-03-26 22:20:46.323 | DEBUG    | utils.geo_utils:haversine_distance:20 - Haversine: (31.4773379, 73.0052033) → (31.3413852, 73.1852291) = 22812.6 m
2026-03-26 22:20:46.323 | DEBUG    | utils.geo_utils:haversine_distance:20 - Haversine: (31.4773379, 73.0052033) → (31.4000755, 73.0126538) = 8620.2 m
2026-03-26 22:20:46.324 | DEBUG    | utils.geo_utils:haversine_distance:20 - Haversine: (31.4773379, 73.0052033) → (31.527645, 73.0552285) = 7333.8 m
2026-03-26 22:20:46.324 | DEBUG    | utils.geo_utils:haversine_distance:20 - Haversine: (31.4773379, 73.0052033) → (31.3281703, 73.1302408) = 20394.7 m
2026-03-26 22:20:46.324 | DEBUG    | utils.geo_utils:haversine_distance:20 - Haversine: (31.4773379, 73.0052033) → (31.4192659, 73.0416323) = 7323.9 m
2026-03-26 22:20:46.324 | DEBUG    | utils.geo_utils:haversine_distance:20 - Haversine: (31.4773379, 73.0052033) → (31.5101284, 73.1503952) = 14241.1 m
2026-03-26 22:20:46.324 | DEBUG    | utils.geo_utils:haversine_distance:20 - Haversine: (31.4773379, 73.0052033) → (31.4641337, 73.1683411) = 15541.3 m
2026-03-26 22:20:46.324 | DEBUG    | utils.geo_utils:haversine_distance:20 - Haversine: (31.4773379, 73.0052033) → (31.3446991, 73.0585627) = 15593.8 m
2026-03-26 22:20:46.324 | DEBUG    | utils.geo_utils:haversine_distance:20 - Haversine: (31.4773379, 73.0052033) → (31.5431453, 73.1283131) = 13775.0 m
2026-03-26 22:20:46.324 | DEBUG    | utils.geo_utils:haversine_distance:20 - Haversine: (31.4773379, 73.0052033) → (31.398463, 73.0263855) = 8997.8 m
2026-03-26 22:20:46.324 | DEBUG    | utils.geo_utils:haversine_distance:20 - Haversine: (31.4773379, 73.0052033) → (31.3190478, 73.1756414) = 23905.7 m
2026-03-26 22:20:46.324 | DEBUG    | utils.geo_utils:haversine_distance:20 - Haversine: (31.4773379, 73.0052033) → (31.3557607, 73.1450675) = 18944.9 m
2026-03-26 22:20:46.324 | DEBUG    | utils.geo_utils:haversine_distance:20 - Haversine: (31.4773379, 73.0052033) → (31.4601458, 73.0666137) = 6129.9 m
2026-03-26 22:20:46.324 | DEBUG    | utils.geo_utils:haversine_distance:20 - Haversine: (31.4773379, 73.0052033) → (31.4743292, 73.1046958) = 9441.2 m
2026-03-26 22:20:46.324 | DEBUG    | utils.geo_utils:haversine_distance:20 - Haversine: (31.4773379, 73.0052033) → (31.4693742, 73.1600766) = 14714.3 m
2026-03-26 22:20:46.325 | DEBUG    | utils.geo_utils:haversine_distance:20 - Haversine: (31.4773379, 73.0052033) → (31.4060883, 73.1115478) = 12827.7 m
2026-03-26 22:20:46.325 | DEBUG    | utils.geo_utils:haversine_distance:20 - Haversine: (31.4766945, 73.1677037) → (31.3691526, 73.0514611) = 16268.3 m
2026-03-26 22:20:46.325 | DEBUG    | utils.geo_utils:haversine_distance:20 - Haversine: (31.4766945, 73.1677037) → (31.3787188, 73.157798) = 10934.9 m
2026-03-26 22:20:46.325 | DEBUG    | utils.geo_utils:haversine_distance:20 - Haversine: (31.4766945, 73.1677037) → (31.4457694, 73.1408101) = 4281.5 m
2026-03-26 22:20:46.325 | DEBUG    | utils.geo_utils:haversine_distance:20 - Haversine: (31.4766945, 73.1677037) → (31.5487412, 73.1501112) = 8183.0 m
2026-03-26 22:20:46.325 | DEBUG    | utils.geo_utils:haversine_distance:20 - Haversine: (31.4766945, 73.1677037) → (31.3836456, 73.0640586) = 14274.3 m
2026-03-26 22:20:46.325 | DEBUG    | utils.geo_utils:haversine_distance:20 - Haversine: (31.4766945, 73.1677037) → (31.4467219, 73.1271368) = 5090.4 m
2026-03-26 22:20:46.325 | DEBUG    | utils.geo_utils:haversine_distance:20 - Haversine: (31.4766945, 73.1677037) → (31.330396, 73.0696448) = 18741.6 m
2026-03-26 22:20:46.325 | DEBUG    | utils.geo_utils:haversine_distance:20 - Haversine: (31.4766945, 73.1677037) → (31.3413852, 73.1852291) = 15137.4 m
2026-03-26 22:20:46.325 | DEBUG    | utils.geo_utils:haversine_distance:20 - Haversine: (31.4766945, 73.1677037) → (31.4000755, 73.0126538) = 16998.9 m
2026-03-26 22:20:46.325 | DEBUG    | utils.geo_utils:haversine_distance:20 - Haversine: (31.4766945, 73.1677037) → (31.527645, 73.0552285) = 12075.0 m
2026-03-26 22:20:46.326 | DEBUG    | utils.geo_utils:haversine_distance:20 - Haversine: (31.4766945, 73.1677037) → (31.3281703, 73.1302408) = 16893.5 m
2026-03-26 22:20:46.326 | DEBUG    | utils.geo_utils:haversine_distance:20 - Haversine: (31.4766945, 73.1677037) → (31.4192659, 73.0416323) = 13557.5 m
2026-03-26 22:20:46.326 | DEBUG    | utils.geo_utils:haversine_distance:20 - Haversine: (31.4766945, 73.1677037) → (31.5101284, 73.1503952) = 4063.8 m
2026-03-26 22:20:46.326 | DEBUG    | utils.geo_utils:haversine_distance:20 - Haversine: (31.4766945, 73.1677037) → (31.4641337, 73.1683411) = 1398.0 m
2026-03-26 22:20:46.326 | DEBUG    | utils.geo_utils:haversine_distance:20 - Haversine: (31.4766945, 73.1677037) → (31.3446991, 73.0585627) = 17963.8 m
2026-03-26 22:20:46.326 | DEBUG    | utils.geo_utils:haversine_distance:20 - Haversine: (31.4766945, 73.1677037) → (31.5431453, 73.1283131) = 8279.0 m
2026-03-26 22:20:46.326 | DEBUG    | utils.geo_utils:haversine_distance:20 - Haversine: (31.4766945, 73.1677037) → (31.398463, 73.0263855) = 15982.0 m
2026-03-26 22:20:46.326 | DEBUG    | utils.geo_utils:haversine_distance:20 - Haversine: (31.4766945, 73.1677037) → (31.3190478, 73.1756414) = 17545.7 m
2026-03-26 22:20:46.326 | DEBUG    | utils.geo_utils:haversine_distance:20 - Haversine: (31.4766945, 73.1677037) → (31.3557607, 73.1450675) = 13617.7 m
2026-03-26 22:20:46.326 | DEBUG    | utils.geo_utils:haversine_distance:20 - Haversine: (31.4766945, 73.1677037) → (31.4601458, 73.0666137) = 9762.5 m
2026-03-26 22:20:46.326 | DEBUG    | utils.geo_utils:haversine_distance:20 - Haversine: (31.4766945, 73.1677037) → (31.4743292, 73.1046958) = 5981.1 m
2026-03-26 22:20:46.327 | DEBUG    | utils.geo_utils:haversine_distance:20 - Haversine: (31.4766945, 73.1677037) → (31.4693742, 73.1600766) = 1088.9 m
2026-03-26 22:20:46.327 | DEBUG    | utils.geo_utils:haversine_distance:20 - Haversine: (31.4766945, 73.1677037) → (31.4060883, 73.1115478) = 9487.9 m
2026-03-26 22:20:46.327 | DEBUG    | utils.geo_utils:haversine_distance:20 - Haversine: (31.4766945, 73.1677037) → (31.4773379, 73.0052033) = 15410.5 m
2026-03-26 22:20:46.327 | DEBUG    | utils.geo_utils:haversine_distance:20 - Haversine: (31.504101, 73.1583633) → (31.3691526, 73.0514611) = 18111.6 m
2026-03-26 22:20:46.327 | DEBUG    | utils.geo_utils:haversine_distance:20 - Haversine: (31.504101, 73.1583633) → (31.3787188, 73.157798) = 13942.0 m
2026-03-26 22:20:46.327 | DEBUG    | utils.geo_utils:haversine_distance:20 - Haversine: (31.504101, 73.1583633) → (31.4457694, 73.1408101) = 6696.4 m
2026-03-26 22:20:46.327 | DEBUG    | utils.geo_utils:haversine_distance:20 - Haversine: (31.504101, 73.1583633) → (31.5487412, 73.1501112) = 5025.0 m
2026-03-26 22:20:46.327 | DEBUG    | utils.geo_utils:haversine_distance:20 - Haversine: (31.504101, 73.1583633) → (31.3836456, 73.0640586) = 16107.0 m
2026-03-26 22:20:46.327 | DEBUG    | utils.geo_utils:haversine_distance:20 - Haversine: (31.504101, 73.1583633) → (31.4467219, 73.1271368) = 7034.0 m
2026-03-26 22:20:46.327 | DEBUG    | utils.geo_utils:haversine_distance:20 - Haversine: (31.504101, 73.1583633) → (31.330396, 73.0696448) = 21070.1 m
2026-03-26 22:20:46.327 | DEBUG    | utils.geo_utils:haversine_distance:20 - Haversine: (31.504101, 73.1583633) → (31.3413852, 73.1852291) = 18271.9 m
2026-03-26 22:20:46.327 | DEBUG    | utils.geo_utils:haversine_distance:20 - Haversine: (31.504101, 73.1583633) → (31.4000755, 73.0126538) = 18023.2 m
2026-03-26 22:20:46.327 | DEBUG    | utils.geo_utils:haversine_distance:20 - Haversine: (31.504101, 73.1583633) → (31.527645, 73.0552285) = 10120.9 m
2026-03-26 22:20:46.327 | DEBUG    | utils.geo_utils:haversine_distance:20 - Haversine: (31.504101, 73.1583633) → (31.3281703, 73.1302408) = 19743.8 m
2026-03-26 22:20:46.327 | DEBUG    | utils.geo_utils:haversine_distance:20 - Haversine: (31.504101, 73.1583633) → (31.4192659, 73.0416323) = 14545.4 m
2026-03-26 22:20:46.327 | DEBUG    | utils.geo_utils:haversine_distance:20 - Haversine: (31.504101, 73.1583633) → (31.5101284, 73.1503952) = 1009.9 m
2026-03-26 22:20:46.328 | DEBUG    | utils.geo_utils:haversine_distance:20 - Haversine: (31.504101, 73.1583633) → (31.4641337, 73.1683411) = 4543.8 m
2026-03-26 22:20:46.328 | DEBUG    | utils.geo_utils:haversine_distance:20 - Haversine: (31.504101, 73.1583633) → (31.3446991, 73.0585627) = 20095.7 m
2026-03-26 22:20:46.328 | DEBUG    | utils.geo_utils:haversine_distance:20 - Haversine: (31.504101, 73.1583633) → (31.5431453, 73.1283131) = 5192.5 m
2026-03-26 22:20:46.328 | DEBUG    | utils.geo_utils:haversine_distance:20 - Haversine: (31.504101, 73.1583633) → (31.398463, 73.0263855) = 17167.1 m
2026-03-26 22:20:46.328 | DEBUG    | utils.geo_utils:haversine_distance:20 - Haversine: (31.504101, 73.1583633) → (31.3190478, 73.1756414) = 20642.2 m
2026-03-26 22:20:46.329 | DEBUG    | utils.geo_utils:haversine_distance:20 - Haversine: (31.504101, 73.1583633) → (31.3557607, 73.1450675) = 16542.9 m
2026-03-26 22:20:46.330 | DEBUG    | utils.geo_utils:haversine_distance:20 - Haversine: (31.504101, 73.1583633) → (31.4601458, 73.0666137) = 9979.2 m
2026-03-26 22:20:46.330 | DEBUG    | utils.geo_utils:haversine_distance:20 - Haversine: (31.504101, 73.1583633) → (31.4743292, 73.1046958) = 6070.8 m
2026-03-26 22:20:46.330 | DEBUG    | utils.geo_utils:haversine_distance:20 - Haversine: (31.504101, 73.1583633) → (31.4693742, 73.1600766) = 3864.9 m
2026-03-26 22:20:46.330 | DEBUG    | utils.geo_utils:haversine_distance:20 - Haversine: (31.504101, 73.1583633) → (31.4060883, 73.1115478) = 11768.5 m
2026-03-26 22:20:46.330 | DEBUG    | utils.geo_utils:haversine_distance:20 - Haversine: (31.504101, 73.1583633) → (31.4773379, 73.0052033) = 14824.2 m
2026-03-26 22:20:46.334 | DEBUG    | utils.geo_utils:haversine_distance:20 - Haversine: (31.504101, 73.1583633) → (31.4766945, 73.1677037) = 3173.5 m
2026-03-26 22:20:46.334 | DEBUG    | utils.geo_utils:haversine_distance:20 - Haversine: (31.3907077, 73.1897443) → (31.3691526, 73.0514611) = 13344.3 m
2026-03-26 22:20:46.334 | DEBUG    | utils.geo_utils:haversine_distance:20 - Haversine: (31.3907077, 73.1897443) → (31.3787188, 73.157798) = 3312.6 m
2026-03-26 22:20:46.335 | DEBUG    | utils.geo_utils:haversine_distance:20 - Haversine: (31.3907077, 73.1897443) → (31.4457694, 73.1408101) = 7684.3 m
2026-03-26 22:20:46.335 | DEBUG    | utils.geo_utils:haversine_distance:20 - Haversine: (31.3907077, 73.1897443) → (31.5487412, 73.1501112) = 17970.0 m
2026-03-26 22:20:46.335 | DEBUG    | utils.geo_utils:haversine_distance:20 - Haversine: (31.3907077, 73.1897443) → (31.3836456, 73.0640586) = 11956.3 m
2026-03-26 22:20:46.335 | DEBUG    | utils.geo_utils:haversine_distance:20 - Haversine: (31.3907077, 73.1897443) → (31.4467219, 73.1271368) = 8607.5 m
2026-03-26 22:20:46.335 | DEBUG    | utils.geo_utils:haversine_distance:20 - Haversine: (31.3907077, 73.1897443) → (31.330396, 73.0696448) = 13229.3 m
2026-03-26 22:20:46.335 | DEBUG    | utils.geo_utils:haversine_distance:20 - Haversine: (31.3907077, 73.1897443) → (31.3413852, 73.1852291) = 5501.1 m
2026-03-26 22:20:46.335 | DEBUG    | utils.geo_utils:haversine_distance:20 - Haversine: (31.3907077, 73.1897443) → (31.4000755, 73.0126538) = 16840.8 m
2026-03-26 22:20:46.335 | DEBUG    | utils.geo_utils:haversine_distance:20 - Haversine: (31.3907077, 73.1897443) → (31.527645, 73.0552285) = 19865.6 m
2026-03-26 22:20:46.336 | DEBUG    | utils.geo_utils:haversine_distance:20 - Haversine: (31.3907077, 73.1897443) → (31.3281703, 73.1302408) = 8959.8 m
2026-03-26 22:20:46.336 | DEBUG    | utils.geo_utils:haversine_distance:20 - Haversine: (31.3907077, 73.1897443) → (31.4192659, 73.0416323) = 14410.9 m
2026-03-26 22:20:46.336 | DEBUG    | utils.geo_utils:haversine_distance:20 - Haversine: (31.3907077, 73.1897443) → (31.5101284, 73.1503952) = 13793.6 m
2026-03-26 22:20:46.336 | DEBUG    | utils.geo_utils:haversine_distance:20 - Haversine: (31.3907077, 73.1897443) → (31.4641337, 73.1683411) = 8413.4 m
2026-03-26 22:20:46.336 | DEBUG    | utils.geo_utils:haversine_distance:20 - Haversine: (31.3907077, 73.1897443) → (31.3446991, 73.0585627) = 13464.6 m
2026-03-26 22:20:46.336 | DEBUG    | utils.geo_utils:haversine_distance:20 - Haversine: (31.3907077, 73.1897443) → (31.5431453, 73.1283131) = 17923.7 m
2026-03-26 22:20:46.336 | DEBUG    | utils.geo_utils:haversine_distance:20 - Haversine: (31.3907077, 73.1897443) → (31.398463, 73.0263855) = 15529.3 m
2026-03-26 22:20:46.336 | DEBUG    | utils.geo_utils:haversine_distance:20 - Haversine: (31.3907077, 73.1897443) → (31.3190478, 73.1756414) = 8080.0 m
2026-03-26 22:20:46.336 | DEBUG    | utils.geo_utils:haversine_distance:20 - Haversine: (31.3907077, 73.1897443) → (31.3557607, 73.1450675) = 5752.5 m
2026-03-26 22:20:46.337 | DEBUG    | utils.geo_utils:haversine_distance:20 - Haversine: (31.3907077, 73.1897443) → (31.4601458, 73.0666137) = 14004.1 m
2026-03-26 22:20:46.337 | DEBUG    | utils.geo_utils:haversine_distance:20 - Haversine: (31.3907077, 73.1897443) → (31.4743292, 73.1046958) = 12311.4 m
2026-03-26 22:20:46.337 | DEBUG    | utils.geo_utils:haversine_distance:20 - Haversine: (31.3907077, 73.1897443) → (31.4693742, 73.1600766) = 9189.1 m
2026-03-26 22:20:46.337 | DEBUG    | utils.geo_utils:haversine_distance:20 - Haversine: (31.3907077, 73.1897443) → (31.4060883, 73.1115478) = 7616.3 m
2026-03-26 22:20:46.337 | DEBUG    | utils.geo_utils:haversine_distance:20 - Haversine: (31.3907077, 73.1897443) → (31.4773379, 73.0052033) = 19983.5 m
2026-03-26 22:20:46.337 | DEBUG    | utils.geo_utils:haversine_distance:20 - Haversine: (31.3907077, 73.1897443) → (31.4766945, 73.1677037) = 9787.3 m
2026-03-26 22:20:46.337 | DEBUG    | utils.geo_utils:haversine_distance:20 - Haversine: (31.3907077, 73.1897443) → (31.504101, 73.1583633) = 12955.4 m
2026-03-26 22:20:46.337 | DEBUG    | utils.geo_utils:haversine_distance:20 - Haversine: (31.4052045, 73.0873694) → (31.3691526, 73.0514611) = 5262.0 m
2026-03-26 22:20:46.337 | DEBUG    | utils.geo_utils:haversine_distance:20 - Haversine: (31.4052045, 73.0873694) → (31.3787188, 73.157798) = 7305.0 m
2026-03-26 22:20:46.337 | DEBUG    | utils.geo_utils:haversine_distance:20 - Haversine: (31.4052045, 73.0873694) → (31.4457694, 73.1408101) = 6786.6 m
2026-03-26 22:20:46.337 | DEBUG    | utils.geo_utils:haversine_distance:20 - Haversine: (31.4052045, 73.0873694) → (31.5487412, 73.1501112) = 17033.5 m
2026-03-26 22:20:46.337 | DEBUG    | utils.geo_utils:haversine_distance:20 - Haversine: (31.4052045, 73.0873694) → (31.3836456, 73.0640586) = 3262.2 m
2026-03-26 22:20:46.337 | DEBUG    | utils.geo_utils:haversine_distance:20 - Haversine: (31.4052045, 73.0873694) → (31.4467219, 73.1271368) = 5962.4 m
2026-03-26 22:20:46.338 | DEBUG    | utils.geo_utils:haversine_distance:20 - Haversine: (31.4052045, 73.0873694) → (31.330396, 73.0696448) = 8486.8 m
2026-03-26 22:20:46.338 | DEBUG    | utils.geo_utils:haversine_distance:20 - Haversine: (31.4052045, 73.0873694) → (31.3413852, 73.1852291) = 11690.7 m
2026-03-26 22:20:46.338 | DEBUG    | utils.geo_utils:haversine_distance:20 - Haversine: (31.4052045, 73.0873694) → (31.4000755, 73.0126538) = 7114.0 m
2026-03-26 22:20:46.338 | DEBUG    | utils.geo_utils:haversine_distance:20 - Haversine: (31.4052045, 73.0873694) → (31.527645, 73.0552285) = 13951.9 m
2026-03-26 22:20:46.338 | DEBUG    | utils.geo_utils:haversine_distance:20 - Haversine: (31.4052045, 73.0873694) → (31.3281703, 73.1302408) = 9483.7 m
2026-03-26 22:20:46.338 | DEBUG    | utils.geo_utils:haversine_distance:20 - Haversine: (31.4052045, 73.0873694) → (31.4192659, 73.0416323) = 4613.4 m
2026-03-26 22:20:46.338 | DEBUG    | utils.geo_utils:haversine_distance:20 - Haversine: (31.4052045, 73.0873694) → (31.5101284, 73.1503952) = 13109.4 m
2026-03-26 22:20:46.338 | DEBUG    | utils.geo_utils:haversine_distance:20 - Haversine: (31.4052045, 73.0873694) → (31.4641337, 73.1683411) = 10097.2 m
2026-03-26 22:20:46.338 | DEBUG    | utils.geo_utils:haversine_distance:20 - Haversine: (31.4052045, 73.0873694) → (31.3446991, 73.0585627) = 7262.5 m
2026-03-26 22:20:46.338 | DEBUG    | utils.geo_utils:haversine_distance:20 - Haversine: (31.4052045, 73.0873694) → (31.5431453, 73.1283131) = 15822.2 m
2026-03-26 22:20:46.338 | DEBUG    | utils.geo_utils:haversine_distance:20 - Haversine: (31.4052045, 73.0873694) → (31.398463, 73.0263855) = 5836.2 m
2026-03-26 22:20:46.338 | DEBUG    | utils.geo_utils:haversine_distance:20 - Haversine: (31.4052045, 73.0873694) → (31.3190478, 73.1756414) = 12729.0 m
2026-03-26 22:20:46.338 | DEBUG    | utils.geo_utils:haversine_distance:20 - Haversine: (31.4052045, 73.0873694) → (31.3557607, 73.1450675) = 7760.6 m
2026-03-26 22:20:46.339 | DEBUG    | utils.geo_utils:haversine_distance:20 - Haversine: (31.4052045, 73.0873694) → (31.4601458, 73.0666137) = 6418.7 m
2026-03-26 22:20:46.339 | DEBUG    | utils.geo_utils:haversine_distance:20 - Haversine: (31.4052045, 73.0873694) → (31.4743292, 73.1046958) = 7860.1 m
2026-03-26 22:20:46.339 | DEBUG    | utils.geo_utils:haversine_distance:20 - Haversine: (31.4052045, 73.0873694) → (31.4693742, 73.1600766) = 9924.4 m
2026-03-26 22:20:46.339 | DEBUG    | utils.geo_utils:haversine_distance:20 - Haversine: (31.4052045, 73.0873694) → (31.4060883, 73.1115478) = 2296.7 m
2026-03-26 22:20:46.339 | DEBUG    | utils.geo_utils:haversine_distance:20 - Haversine: (31.4052045, 73.0873694) → (31.4773379, 73.0052033) = 11184.6 m
2026-03-26 22:20:46.339 | DEBUG    | utils.geo_utils:haversine_distance:20 - Haversine: (31.4052045, 73.0873694) → (31.4766945, 73.1677037) = 11012.5 m
2026-03-26 22:20:46.339 | DEBUG    | utils.geo_utils:haversine_distance:20 - Haversine: (31.4052045, 73.0873694) → (31.504101, 73.1583633) = 12894.9 m
2026-03-26 22:20:46.339 | DEBUG    | utils.geo_utils:haversine_distance:20 - Haversine: (31.4052045, 73.0873694) → (31.3907077, 73.1897443) = 9849.5 m
2026-03-26 22:20:46.339 | INFO     | data_pipeline.stop_builder:merge_nearby_stops:91 - Merged stops:
2026-03-26 22:20:46.340 | INFO     | data_pipeline.stop_builder:merge_nearby_stops:92 -   Before merge: 30 stops
2026-03-26 22:20:46.341 | INFO     | data_pipeline.stop_builder:merge_nearby_stops:93 -   After merge : 28 stops (merged 2 pairs/groups)
2026-03-26 22:20:46.341 | DEBUG    | data_pipeline.stop_builder:merge_nearby_stops:95 - First few merged stops: [{'student_id': '3CNKLBNknvMId9G9MJ1cVoQjkpw2', 'name': 'Test Student 12', 'roll_no': 'TEST-4382', 'lat': 31.3691526, 'lng': 73.0514611, 'student_count': 1, 'contact': '03597900028', 'semester': 'Spring 2026', 'fee_status': 'unpaid', 'registration_status': 'successful', 'original_lat': 31.369289, 'original_lng': 73.051406, 'snap_distance_m': 16.04, 'merged_student_ids': ['3CNKLBNknvMId9G9MJ1cVoQjkpw2']}, {'student_id': '61fbjUraIhPuzNx8BY68aYewSG02', 'name': 'Test Student 28', 'roll_no': 'TEST-7403', 'lat': 31.3787188, 'lng': 73.157798, 'student_count': 1, 'contact': '03344993000', 'semester': 'Spring 2026', 'fee_status': 'unpaid', 'registration_status': 'successful', 'original_lat': 31.380283, 'original_lng': 73.159195, 'snap_distance_m': 218.72, 'merged_student_ids': ['61fbjUraIhPuzNx8BY68aYewSG02']}, {'student_id': '7DxKX1nW4ZdeWHKXM2Vf5OIfGvr1', 'name': 'Test Student 10', 'roll_no': 'TEST-9142', 'lat': 31.4457694, 'lng': 73.1408101, 'student_count': 1, 'contact': '03537549971', 'semester': 'Spring 2026', 'fee_status': 'unpaid', 'registration_status': 'successful', 'original_lat': 31.446304, 'original_lng': 73.140169, 'snap_distance_m': 85.04, 'merged_student_ids': ['7DxKX1nW4ZdeWHKXM2Vf5OIfGvr1']}]
2026-03-26 22:20:46.396 | INFO     | clustering.stop_clustering:cluster_stops:45 - Clustered into 3 buses (capacity 10):
2026-03-26 22:20:46.398 | INFO     | clustering.stop_clustering:cluster_stops:48 -   Bus 0: 6 stops, 7 students
2026-03-26 22:20:46.402 | INFO     | clustering.stop_clustering:cluster_stops:48 -   Bus 1: 11 stops, 12 students
2026-03-26 22:20:46.404 | INFO     | clustering.stop_clustering:cluster_stops:48 -   Bus 2: 11 stops, 11 students
2026-03-26 22:20:49.098 | INFO     | optimization.tsp_solver:get_road_distance_matrix:38 - ORS matrix computed: 7x7
2026-03-26 22:21:04.102 | INFO     | optimization.tsp_solver:solve_tsp:123 - TSP solved: 6 stops, distance 33064 m, objective 33064
2026-03-26 22:21:04.104 | DEBUG    | optimization.tsp_solver:solve_tsp:124 - Order: ['unknown', 'unknown', 'unknown', 'unknown', 'unknown', 'unknown']
2026-03-26 22:21:04.105 | DEBUG    | optimization.route_generator:generate_route_path:57 - Requesting ORS route with 7 waypoints
2026-03-26 22:21:05.580 | INFO     | optimization.route_generator:generate_route_path:74 - ORS route generated successfully (bug-free)
2026-03-26 22:21:05.581 | INFO     | optimization.route_generator:generate_route_path:75 -   Waypoints: 6 stops → University
2026-03-26 22:21:05.581 | INFO     | optimization.route_generator:generate_route_path:76 -   Distance: 58.93 km
2026-03-26 22:21:05.582 | INFO     | optimization.route_generator:generate_route_path:77 -   Duration: 1.20 h (72 min)
2026-03-26 22:21:05.582 | DEBUG    | optimization.route_generator:generate_route_path:78 - Geometry sample (first 3 & last 3): [[73.157798, 31.378719], [73.16044, 31.376661], [73.161875, 31.375597]] ... [[73.03447, 31.602425], [73.034742, 31.602694], [73.034832, 31.602523]]
2026-03-26 22:21:05.583 | INFO     | optimization.store_routes:compute_fee_per_student:32 - Fee calc: 40412 PKR/student | dist=58.9km | students=7
2026-03-26 22:21:06.112 | DEBUG    | optimization.store_routes:reverse_geocode_stop_name:176 - Stop name resolved: (31.3787, 73.1578) → 'Punjab Social Security Housing Colony'
2026-03-26 22:21:07.547 | DEBUG    | optimization.store_routes:store_optimized_routes:270 - Assigned seat S1 to student 61fbjUraIhPuzNx8BY68aYewSG02
2026-03-26 22:21:08.081 | DEBUG    | optimization.store_routes:store_optimized_routes:296 - Stored stop R1_stop1 | name='Punjab Social Security Housing Colony' | route=R1
2026-03-26 22:21:09.683 | DEBUG    | optimization.store_routes:reverse_geocode_stop_name:176 - Stop name resolved: (31.3907, 73.1897) → 'Karar Wala'
2026-03-26 22:21:10.226 | DEBUG    | optimization.store_routes:store_optimized_routes:270 - Assigned seat S2 to student vjz604g8oKerN5zBKZ7mU7mG2M03
2026-03-26 22:21:10.760 | DEBUG    | optimization.store_routes:store_optimized_routes:296 - Stored stop R1_stop2 | name='Karar Wala' | route=R1
2026-03-26 22:21:12.361 | DEBUG    | optimization.store_routes:reverse_geocode_stop_name:176 - Stop name resolved: (31.3414, 73.1852) → 'Khojewala'
2026-03-26 22:21:12.892 | DEBUG    | optimization.store_routes:store_optimized_routes:270 - Assigned seat S3 to student KSn42uZ4dDaMueZxSsk9yyYYMbU2
2026-03-26 22:21:13.410 | DEBUG    | optimization.store_routes:store_optimized_routes:270 - Assigned seat S4 to student SF9XoWomQLQm1mkqTnpp8bDSyxG3
2026-03-26 22:21:13.943 | DEBUG    | optimization.store_routes:store_optimized_routes:296 - Stored stop R1_stop3 | name='Khojewala' | route=R1
2026-03-26 22:21:15.494 | DEBUG    | optimization.store_routes:reverse_geocode_stop_name:176 - Stop name resolved: (31.3190, 73.1756) → 'Chak 75 GB'
2026-03-26 22:21:16.019 | DEBUG    | optimization.store_routes:store_optimized_routes:270 - Assigned seat S5 to student XmlYR1ejNvTp0enFtavXMQRl9l62
2026-03-26 22:21:16.555 | DEBUG    | optimization.store_routes:store_optimized_routes:296 - Stored stop R1_stop4 | name='Chak 75 GB' | route=R1
2026-03-26 22:21:18.209 | DEBUG    | optimization.store_routes:reverse_geocode_stop_name:176 - Stop name resolved: (31.3282, 73.1302) → 'Faisalabad ByPass'
2026-03-26 22:21:18.746 | DEBUG    | optimization.store_routes:store_optimized_routes:270 - Assigned seat S6 to student Os55fn9jigeXpNaUlGTOSD1kzUH3
2026-03-26 22:21:19.268 | DEBUG    | optimization.store_routes:store_optimized_routes:296 - Stored stop R1_stop5 | name='Faisalabad ByPass' | route=R1
2026-03-26 22:21:20.787 | DEBUG    | optimization.store_routes:reverse_geocode_stop_name:176 - Stop name resolved: (31.3558, 73.1451) → 'Satiana Road'
2026-03-26 22:21:21.310 | DEBUG    | optimization.store_routes:store_optimized_routes:270 - Assigned seat S7 to student XuCFaAxIj3RH4cDaJKu6xmWSwfi1
2026-03-26 22:21:21.844 | DEBUG    | optimization.store_routes:store_optimized_routes:296 - Stored stop R1_stop6 | name='Satiana Road' | route=R1
2026-03-26 22:21:22.668 | INFO     | optimization.store_routes:store_optimized_routes:321 - Stored route route_0 (R1): 6 stops, 58.93 km
2026-03-26 22:21:23.929 | INFO     | optimization.tsp_solver:get_road_distance_matrix:38 - ORS matrix computed: 12x12
2026-03-26 22:21:38.932 | INFO     | optimization.tsp_solver:solve_tsp:123 - TSP solved: 11 stops, distance 60287 m, objective 60287
2026-03-26 22:21:38.932 | DEBUG    | optimization.tsp_solver:solve_tsp:124 - Order: ['unknown', 'unknown', 'unknown', 'unknown', 'unknown', 'unknown', 'unknown', 'unknown', 'unknown', 'unknown', 'unknown']
2026-03-26 22:21:38.933 | DEBUG    | optimization.route_generator:generate_route_path:57 - Requesting ORS route with 12 waypoints
2026-03-26 22:21:40.652 | INFO     | optimization.route_generator:generate_route_path:74 - ORS route generated successfully (bug-free)
2026-03-26 22:21:40.653 | INFO     | optimization.route_generator:generate_route_path:75 -   Waypoints: 11 stops → University
2026-03-26 22:21:40.654 | INFO     | optimization.route_generator:generate_route_path:76 -   Distance: 81.84 km
2026-03-26 22:21:40.654 | INFO     | optimization.route_generator:generate_route_path:77 -   Duration: 1.68 h (101 min)
2026-03-26 22:21:40.654 | DEBUG    | optimization.route_generator:generate_route_path:78 - Geometry sample (first 3 & last 3): [[73.14081, 31.445769], [73.14365, 31.447906], [73.145117, 31.448895]] ... [[73.03447, 31.602425], [73.034742, 31.602694], [73.034832, 31.602523]]
2026-03-26 22:21:40.656 | INFO     | optimization.store_routes:compute_fee_per_student:32 - Fee calc: 32738 PKR/student | dist=81.8km | students=12
2026-03-26 22:21:41.368 | DEBUG    | optimization.store_routes:reverse_geocode_stop_name:176 - Stop name resolved: (31.4458, 73.1408) → 'West Canal Expressway, Faisalabad City Tehsil'
2026-03-26 22:21:41.904 | DEBUG    | optimization.store_routes:store_optimized_routes:270 - Assigned seat S1 to student 7DxKX1nW4ZdeWHKXM2Vf5OIfGvr1
2026-03-26 22:21:42.438 | DEBUG    | optimization.store_routes:store_optimized_routes:296 - Stored stop R2_stop1 | name='West Canal Expressway, Faisalabad City Tehsil' | route=R2
2026-03-26 22:21:44.095 | DEBUG    | optimization.store_routes:reverse_geocode_stop_name:176 - Stop name resolved: (31.4641, 73.1683) → 'Faisal Gardens, Faisalabad City Tehsil'
2026-03-26 22:21:44.654 | DEBUG    | optimization.store_routes:store_optimized_routes:270 - Assigned seat S2 to student UpNOyWoNcXaW1O5jadyyddeniWj2
2026-03-26 22:21:45.179 | DEBUG    | optimization.store_routes:store_optimized_routes:296 - Stored stop R2_stop2 | name='Faisal Gardens, Faisalabad City Tehsil' | route=R2
2026-03-26 22:21:46.633 | DEBUG    | optimization.store_routes:reverse_geocode_stop_name:176 - Stop name resolved: (31.4694, 73.1601) → 'Bagewal Road, Faisalabad City Tehsil'
2026-03-26 22:21:47.151 | DEBUG    | optimization.store_routes:store_optimized_routes:270 - Assigned seat S3 to student qwxNS37KPQSeME1Rb86ZDMnXjYX2
2026-03-26 22:21:47.681 | DEBUG    | optimization.store_routes:store_optimized_routes:296 - Stored stop R2_stop3 | name='Bagewal Road, Faisalabad City Tehsil' | route=R2
2026-03-26 22:21:49.369 | DEBUG    | optimization.store_routes:reverse_geocode_stop_name:176 - Stop name resolved: (31.4767, 73.1677) → 'Bagewal Road, Sabina Town'
2026-03-26 22:21:49.893 | DEBUG    | optimization.store_routes:store_optimized_routes:270 - Assigned seat S4 to student unEE7hJDp7cMFEu2M568RmrtWRq2
2026-03-26 22:21:50.418 | DEBUG    | optimization.store_routes:store_optimized_routes:296 - Stored stop R2_stop4 | name='Bagewal Road, Sabina Town' | route=R2
2026-03-26 22:21:51.917 | DEBUG    | optimization.store_routes:reverse_geocode_stop_name:176 - Stop name resolved: (31.5041, 73.1584) → 'Faisalabad District'
2026-03-26 22:21:52.433 | DEBUG    | optimization.store_routes:store_optimized_routes:270 - Assigned seat S5 to student vQHRPPdjWmTjASjEQvAqjzPhHdm2
2026-03-26 22:21:52.959 | DEBUG    | optimization.store_routes:store_optimized_routes:296 - Stored stop R2_stop5 | name='Faisalabad District' | route=R2
2026-03-26 22:21:54.464 | DEBUG    | optimization.store_routes:reverse_geocode_stop_name:176 - Stop name resolved: (31.5101, 73.1504) → 'Faisalabad District'
2026-03-26 22:21:54.973 | DEBUG    | optimization.store_routes:store_optimized_routes:270 - Assigned seat S6 to student SXxBaOHsDPhcbAy5QSfe0NZxZM83
2026-03-26 22:21:55.497 | DEBUG    | optimization.store_routes:store_optimized_routes:296 - Stored stop R2_stop6 | name='Faisalabad District' | route=R2
2026-03-26 22:21:57.180 | DEBUG    | optimization.store_routes:reverse_geocode_stop_name:176 - Stop name resolved: (31.5487, 73.1501) → 'Faisalabad Bypass'
2026-03-26 22:21:57.695 | DEBUG    | optimization.store_routes:store_optimized_routes:270 - Assigned seat S7 to student DS0YCp1l3RXIwCBzxzmEzv99Zii1
2026-03-26 22:21:58.203 | DEBUG    | optimization.store_routes:store_optimized_routes:296 - Stored stop R2_stop7 | name='Faisalabad Bypass' | route=R2
2026-03-26 22:22:00.064 | DEBUG    | optimization.store_routes:reverse_geocode_stop_name:176 - Stop name resolved: (31.5276, 73.0552) → 'Faisalabad District'
2026-03-26 22:22:00.600 | DEBUG    | optimization.store_routes:store_optimized_routes:270 - Assigned seat S8 to student NkZ3VPHBNtS3wxSmCjfBkRWPaZQ2
2026-03-26 22:22:01.149 | DEBUG    | optimization.store_routes:store_optimized_routes:296 - Stored stop R2_stop8 | name='Faisalabad District' | route=R2
2026-03-26 22:22:02.923 | DEBUG    | optimization.store_routes:reverse_geocode_stop_name:176 - Stop name resolved: (31.5431, 73.1283) → 'Dialgarh'
2026-03-26 22:22:03.457 | DEBUG    | optimization.store_routes:store_optimized_routes:270 - Assigned seat S9 to student VMbnLGOyDuRi41R8XPG6toeooJt1
2026-03-26 22:22:03.977 | DEBUG    | optimization.store_routes:store_optimized_routes:270 - Assigned seat S10 to student e3D31VgcVrXKjMfjS13MWcxDZgi1
2026-03-26 22:22:04.509 | DEBUG    | optimization.store_routes:store_optimized_routes:296 - Stored stop R2_stop9 | name='Dialgarh' | route=R2
2026-03-26 22:22:06.253 | DEBUG    | optimization.store_routes:reverse_geocode_stop_name:176 - Stop name resolved: (31.4743, 73.1047) → 'Millat Road, Faisalabad City Tehsil'
2026-03-26 22:22:06.794 | DEBUG    | optimization.store_routes:store_optimized_routes:270 - Assigned seat S11 to student n5w74mESTuV3BSMbnAo4AqNZ3oT2
2026-03-26 22:22:07.307 | DEBUG    | optimization.store_routes:store_optimized_routes:296 - Stored stop R2_stop10 | name='Millat Road, Faisalabad City Tehsil' | route=R2
2026-03-26 22:22:08.869 | DEBUG    | optimization.store_routes:reverse_geocode_stop_name:176 - Stop name resolved: (31.4467, 73.1271) → 'Faisalabad District, Faisalabad City Tehsil'
2026-03-26 22:22:09.404 | DEBUG    | optimization.store_routes:store_optimized_routes:270 - Assigned seat S12 to student GydB2I2Y0Ec14olrl5Hbtm8ziZF3
2026-03-26 22:22:09.931 | DEBUG    | optimization.store_routes:store_optimized_routes:296 - Stored stop R2_stop11 | name='Faisalabad District, Faisalabad City Tehsil' | route=R2
2026-03-26 22:22:10.997 | INFO     | optimization.store_routes:store_optimized_routes:321 - Stored route route_1 (R2): 11 stops, 81.84 km
2026-03-26 22:22:12.314 | INFO     | optimization.tsp_solver:get_road_distance_matrix:38 - ORS matrix computed: 12x12
2026-03-26 22:22:27.322 | INFO     | optimization.tsp_solver:solve_tsp:123 - TSP solved: 11 stops, distance 72708 m, objective 72708
2026-03-26 22:22:27.322 | DEBUG    | optimization.tsp_solver:solve_tsp:124 - Order: ['unknown', 'unknown', 'unknown', 'unknown', 'unknown', 'unknown', 'unknown', 'unknown', 'unknown', 'unknown', 'unknown']
2026-03-26 22:22:27.323 | DEBUG    | optimization.route_generator:generate_route_path:57 - Requesting ORS route with 12 waypoints
2026-03-26 22:22:30.031 | INFO     | optimization.route_generator:generate_route_path:74 - ORS route generated successfully (bug-free)
2026-03-26 22:22:30.032 | INFO     | optimization.route_generator:generate_route_path:75 -   Waypoints: 11 stops → University
2026-03-26 22:22:30.032 | INFO     | optimization.route_generator:generate_route_path:76 -   Distance: 99.05 km
2026-03-26 22:22:30.033 | INFO     | optimization.route_generator:generate_route_path:77 -   Duration: 1.92 h (115 min)
2026-03-26 22:22:30.033 | DEBUG    | optimization.route_generator:generate_route_path:78 - Geometry sample (first 3 & last 3): [[73.051461, 31.369153], [73.051213, 31.36893], [73.050868, 31.368599]] ... [[73.03447, 31.602425], [73.034742, 31.602694], [73.034832, 31.602523]]
2026-03-26 22:22:30.035 | INFO     | optimization.store_routes:compute_fee_per_student:32 - Fee calc: 43223 PKR/student | dist=99.1km | students=11
2026-03-26 22:22:30.748 | DEBUG    | optimization.store_routes:reverse_geocode_stop_name:176 - Stop name resolved: (31.3692, 73.0515) → 'Fatenabad'
2026-03-26 22:22:31.280 | DEBUG    | optimization.store_routes:store_optimized_routes:270 - Assigned seat S1 to student 3CNKLBNknvMId9G9MJ1cVoQjkpw2
2026-03-26 22:22:31.807 | DEBUG    | optimization.store_routes:store_optimized_routes:296 - Stored stop R3_stop1 | name='Fatenabad' | route=R3
2026-03-26 22:22:33.337 | DEBUG    | optimization.store_routes:reverse_geocode_stop_name:176 - Stop name resolved: (31.4001, 73.0127) → 'Faisalabad District, Shadab Colony'
2026-03-26 22:22:33.866 | DEBUG    | optimization.store_routes:store_optimized_routes:270 - Assigned seat S2 to student KbkXVOhtA3hfwjvwsS5w2IIOki93
2026-03-26 22:22:34.377 | DEBUG    | optimization.store_routes:store_optimized_routes:296 - Stored stop R3_stop2 | name='Faisalabad District, Shadab Colony' | route=R3
2026-03-26 22:22:36.023 | DEBUG    | optimization.store_routes:reverse_geocode_stop_name:176 - Stop name resolved: (31.3985, 73.0264) → 'Faisalabad District'
2026-03-26 22:22:36.547 | DEBUG    | optimization.store_routes:store_optimized_routes:270 - Assigned seat S3 to student WRVMbOeJLLdnIPhcWnncdjhPSjb2
2026-03-26 22:22:37.073 | DEBUG    | optimization.store_routes:store_optimized_routes:296 - Stored stop R3_stop3 | name='Faisalabad District' | route=R3
2026-03-26 22:22:38.590 | DEBUG    | optimization.store_routes:reverse_geocode_stop_name:176 - Stop name resolved: (31.4193, 73.0416) → 'Bakar Mandi Road, Faisalabad City Tehsil'
2026-03-26 22:22:39.130 | DEBUG    | optimization.store_routes:store_optimized_routes:270 - Assigned seat S4 to student SOWTJArpcRRKPC0v7cWYW0XJk6v1
2026-03-26 22:22:39.658 | DEBUG    | optimization.store_routes:store_optimized_routes:296 - Stored stop R3_stop4 | name='Bakar Mandi Road, Faisalabad City Tehsil' | route=R3
2026-03-26 22:22:41.451 | DEBUG    | optimization.store_routes:reverse_geocode_stop_name:176 - Stop name resolved: (31.4773, 73.0052) → 'Faisalabad bypass'
2026-03-26 22:22:41.989 | DEBUG    | optimization.store_routes:store_optimized_routes:270 - Assigned seat S5 to student shSuBEXnw4TLpoUGH1D5uwg8QKr1
2026-03-26 22:22:42.538 | DEBUG    | optimization.store_routes:store_optimized_routes:296 - Stored stop R3_stop5 | name='Faisalabad bypass' | route=R3
2026-03-26 22:22:44.032 | DEBUG    | optimization.store_routes:reverse_geocode_stop_name:176 - Stop name resolved: (31.4601, 73.0666) → 'Faisalabad District, Faisalabad City Tehsil'
2026-03-26 22:22:44.559 | DEBUG    | optimization.store_routes:store_optimized_routes:270 - Assigned seat S6 to student bvudy4BMDIZ3KxtxPyHvDJd3rjf2
2026-03-26 22:22:45.085 | DEBUG    | optimization.store_routes:store_optimized_routes:296 - Stored stop R3_stop6 | name='Faisalabad District, Faisalabad City Tehsil' | route=R3
2026-03-26 22:22:46.845 | DEBUG    | optimization.store_routes:reverse_geocode_stop_name:176 - Stop name resolved: (31.4061, 73.1115) → 'Faisalabad District, Faisalabad City Tehsil'
2026-03-26 22:22:47.480 | DEBUG    | optimization.store_routes:store_optimized_routes:270 - Assigned seat S7 to student rtsUd2Aeg0W2HTpXZhrpSlqMhdL2
2026-03-26 22:22:48.002 | DEBUG    | optimization.store_routes:store_optimized_routes:296 - Stored stop R3_stop7 | name='Faisalabad District, Faisalabad City Tehsil' | route=R3
2026-03-26 22:22:49.490 | DEBUG    | optimization.store_routes:reverse_geocode_stop_name:176 - Stop name resolved: (31.4052, 73.0874) → 'Itthad Road, Faisalabad City Tehsil'
2026-03-26 22:22:50.013 | DEBUG    | optimization.store_routes:store_optimized_routes:270 - Assigned seat S8 to student x2LmEXZ95YfrQpxSQgrBTDTWbk83
2026-03-26 22:22:50.532 | DEBUG    | optimization.store_routes:store_optimized_routes:296 - Stored stop R3_stop8 | name='Itthad Road, Faisalabad City Tehsil' | route=R3
2026-03-26 22:22:52.186 | DEBUG    | optimization.store_routes:reverse_geocode_stop_name:176 - Stop name resolved: (31.3836, 73.0641) → 'Faisalabad District, Nowaban Wala'
2026-03-26 22:22:52.714 | DEBUG    | optimization.store_routes:store_optimized_routes:270 - Assigned seat S9 to student GBGXh21H2VefIT4NkSWu8FQldkF3
2026-03-26 22:22:53.226 | DEBUG    | optimization.store_routes:store_optimized_routes:296 - Stored stop R3_stop9 | name='Faisalabad District, Nowaban Wala' | route=R3
2026-03-26 22:22:54.724 | DEBUG    | optimization.store_routes:reverse_geocode_stop_name:176 - Stop name resolved: (31.3304, 73.0696) → 'Four Seasons Housing'
2026-03-26 22:22:55.253 | DEBUG    | optimization.store_routes:store_optimized_routes:270 - Assigned seat S10 to student I6aLScqZSSeAF3ug6jDkoPrt6g23
2026-03-26 22:22:55.783 | DEBUG    | optimization.store_routes:store_optimized_routes:296 - Stored stop R3_stop10 | name='Four Seasons Housing' | route=R3
2026-03-26 22:22:57.231 | DEBUG    | optimization.store_routes:reverse_geocode_stop_name:176 - Stop name resolved: (31.3447, 73.0586) → 'Samundari Faisalabad Road'
2026-03-26 22:22:57.741 | DEBUG    | optimization.store_routes:store_optimized_routes:270 - Assigned seat S11 to student VItoVj8ml0ZAMdLtqGCBxaDdkWj1
2026-03-26 22:22:58.263 | DEBUG    | optimization.store_routes:store_optimized_routes:296 - Stored stop R3_stop11 | name='Samundari Faisalabad Road' | route=R3
2026-03-26 22:22:59.545 | INFO     | optimization.store_routes:store_optimized_routes:321 - Stored route route_2 (R3): 11 stops, 99.05 km
2026-03-26 22:22:59.545 | INFO     | optimization.store_routes:store_optimized_routes:327 - Back-filling route_id on 28 stops + students...
2026-03-26 22:23:14.508 | DEBUG    | optimization.store_routes:store_optimized_routes:358 - Final batch: 58 writes
2026-03-26 22:23:14.509 | INFO     | optimization.store_routes:store_optimized_routes:361 - Phase 3: Storing per-student fees...
2026-03-26 22:23:15.154 | INFO     | optimization.store_routes:compute_fee_per_student:32 - Fee calc: 40410 PKR/student | dist=58.9km | students=7
2026-03-26 22:23:15.671 | DEBUG    | optimization.store_routes:store_optimized_routes:401 - Stored fee for 61fbjUraIhPuzNx8BY68aYewSG02: 40410 PKR
2026-03-26 22:23:16.189 | DEBUG    | optimization.store_routes:store_optimized_routes:401 - Stored fee for KSn42uZ4dDaMueZxSsk9yyYYMbU2: 40410 PKR
2026-03-26 22:23:16.717 | DEBUG    | optimization.store_routes:store_optimized_routes:401 - Stored fee for SF9XoWomQLQm1mkqTnpp8bDSyxG3: 40410 PKR
2026-03-26 22:23:17.240 | DEBUG    | optimization.store_routes:store_optimized_routes:401 - Stored fee for Os55fn9jigeXpNaUlGTOSD1kzUH3: 40410 PKR
2026-03-26 22:23:17.746 | DEBUG    | optimization.store_routes:store_optimized_routes:401 - Stored fee for XmlYR1ejNvTp0enFtavXMQRl9l62: 40410 PKR
2026-03-26 22:23:18.259 | DEBUG    | optimization.store_routes:store_optimized_routes:401 - Stored fee for XuCFaAxIj3RH4cDaJKu6xmWSwfi1: 40410 PKR
2026-03-26 22:23:18.781 | DEBUG    | optimization.store_routes:store_optimized_routes:401 - Stored fee for vjz604g8oKerN5zBKZ7mU7mG2M03: 40410 PKR
2026-03-26 22:23:19.757 | INFO     | optimization.store_routes:compute_fee_per_student:32 - Fee calc: 32736 PKR/student | dist=81.8km | students=12
2026-03-26 22:23:20.267 | DEBUG    | optimization.store_routes:store_optimized_routes:401 - Stored fee for 7DxKX1nW4ZdeWHKXM2Vf5OIfGvr1: 32736 PKR
2026-03-26 22:23:20.789 | DEBUG    | optimization.store_routes:store_optimized_routes:401 - Stored fee for DS0YCp1l3RXIwCBzxzmEzv99Zii1: 32736 PKR
2026-03-26 22:23:21.303 | DEBUG    | optimization.store_routes:store_optimized_routes:401 - Stored fee for GydB2I2Y0Ec14olrl5Hbtm8ziZF3: 32736 PKR
2026-03-26 22:23:21.825 | DEBUG    | optimization.store_routes:store_optimized_routes:401 - Stored fee for NkZ3VPHBNtS3wxSmCjfBkRWPaZQ2: 32736 PKR
2026-03-26 22:23:22.332 | DEBUG    | optimization.store_routes:store_optimized_routes:401 - Stored fee for SXxBaOHsDPhcbAy5QSfe0NZxZM83: 32736 PKR
2026-03-26 22:23:22.851 | DEBUG    | optimization.store_routes:store_optimized_routes:401 - Stored fee for UpNOyWoNcXaW1O5jadyyddeniWj2: 32736 PKR
2026-03-26 22:23:23.378 | DEBUG    | optimization.store_routes:store_optimized_routes:401 - Stored fee for VMbnLGOyDuRi41R8XPG6toeooJt1: 32736 PKR
2026-03-26 22:23:23.881 | DEBUG    | optimization.store_routes:store_optimized_routes:401 - Stored fee for e3D31VgcVrXKjMfjS13MWcxDZgi1: 32736 PKR
2026-03-26 22:23:24.402 | DEBUG    | optimization.store_routes:store_optimized_routes:401 - Stored fee for n5w74mESTuV3BSMbnAo4AqNZ3oT2: 32736 PKR
2026-03-26 22:23:24.916 | DEBUG    | optimization.store_routes:store_optimized_routes:401 - Stored fee for qwxNS37KPQSeME1Rb86ZDMnXjYX2: 32736 PKR
2026-03-26 22:23:25.437 | DEBUG    | optimization.store_routes:store_optimized_routes:401 - Stored fee for unEE7hJDp7cMFEu2M568RmrtWRq2: 32736 PKR
2026-03-26 22:23:25.945 | DEBUG    | optimization.store_routes:store_optimized_routes:401 - Stored fee for vQHRPPdjWmTjASjEQvAqjzPhHdm2: 32736 PKR
2026-03-26 22:23:26.734 | INFO     | optimization.store_routes:compute_fee_per_student:32 - Fee calc: 43222 PKR/student | dist=99.0km | students=11
2026-03-26 22:23:27.253 | DEBUG    | optimization.store_routes:store_optimized_routes:401 - Stored fee for 3CNKLBNknvMId9G9MJ1cVoQjkpw2: 43222 PKR
2026-03-26 22:23:27.776 | DEBUG    | optimization.store_routes:store_optimized_routes:401 - Stored fee for GBGXh21H2VefIT4NkSWu8FQldkF3: 43222 PKR
2026-03-26 22:23:28.288 | DEBUG    | optimization.store_routes:store_optimized_routes:401 - Stored fee for I6aLScqZSSeAF3ug6jDkoPrt6g23: 43222 PKR
2026-03-26 22:23:28.802 | DEBUG    | optimization.store_routes:store_optimized_routes:401 - Stored fee for KbkXVOhtA3hfwjvwsS5w2IIOki93: 43222 PKR
2026-03-26 22:23:29.316 | DEBUG    | optimization.store_routes:store_optimized_routes:401 - Stored fee for SOWTJArpcRRKPC0v7cWYW0XJk6v1: 43222 PKR
2026-03-26 22:23:29.841 | DEBUG    | optimization.store_routes:store_optimized_routes:401 - Stored fee for VItoVj8ml0ZAMdLtqGCBxaDdkWj1: 43222 PKR
2026-03-26 22:23:30.344 | DEBUG    | optimization.store_routes:store_optimized_routes:401 - Stored fee for WRVMbOeJLLdnIPhcWnncdjhPSjb2: 43222 PKR
2026-03-26 22:23:30.856 | DEBUG    | optimization.store_routes:store_optimized_routes:401 - Stored fee for bvudy4BMDIZ3KxtxPyHvDJd3rjf2: 43222 PKR
2026-03-26 22:23:31.373 | DEBUG    | optimization.store_routes:store_optimized_routes:401 - Stored fee for rtsUd2Aeg0W2HTpXZhrpSlqMhdL2: 43222 PKR
2026-03-26 22:23:31.880 | DEBUG    | optimization.store_routes:store_optimized_routes:401 - Stored fee for shSuBEXnw4TLpoUGH1D5uwg8QKr1: 43222 PKR
2026-03-26 22:23:32.410 | DEBUG    | optimization.store_routes:store_optimized_routes:401 - Stored fee for x2LmEXZ95YfrQpxSQgrBTDTWbk83: 43222 PKR
2026-03-26 22:23:32.410 | INFO     | optimization.store_routes:store_optimized_routes:403 - Phase 3 complete: 30 fee records stored
2026-03-26 22:23:32.410 | INFO     | optimization.store_routes:store_optimized_routes:405 - Overall done: 3 routes | 28 stops | 30 fees
2026-03-26 22:23:32.411 | INFO     | optimization.store_routes:store_optimized_routes:407 - Done: 3 routes | 28 stops stored
2026-03-26 22:23:32.412 | INFO     | optimization.store_routes:store_optimized_routes:410 - Phase 3 complete: 30 fee records stored
2026-03-26 22:23:32.412 | INFO     | optimization.store_routes:store_optimized_routes:413 - Final step: Updating registration_status to 'successful' for all processed students...
2026-03-26 22:23:33.031 | INFO     | optimization.store_routes:store_optimized_routes:437 - Updated 30 students to 'successful' registration status.
2026-03-26 22:23:33.033 | INFO     | optimization.store_routes:store_optimized_routes:440 - Overall done: 3 routes | 28 stops | 30 fees
2026-03-26 22:23:33.036 | INFO     | api.main:run_optimization:64 - Pipeline completed successfully | 3 buses processed
