2026-03-16 01:02:35.666 | INFO     | database.firebase:<module>:12 - Firebase Admin SDK initialized successfully
2026-03-16 01:09:46.316 | INFO     | database.firebase:<module>:12 - Firebase Admin SDK initialized successfully
2026-03-16 01:10:00.821 | INFO     | database.firebase:<module>:12 - Firebase Admin SDK initialized successfully
2026-03-16 01:32:52.116 | INFO     | database.firebase:<module>:12 - Firebase Admin SDK initialized successfully
2026-03-16 01:33:21.535 | INFO     | api.main:run_optimization:29 - Starting full route optimization pipeline
2026-03-16 01:33:25.608 | WARNING  | data_pipeline.student_loader:load_student_stops:37 - Student h3zzvjYXAnM5idW1JUkq9zREyWL2 missing valid lat/lng → skipped
2026-03-16 01:33:25.610 | INFO     | data_pipeline.student_loader:load_student_stops:42 - Loaded 10 student stops from Firestore
2026-03-16 01:33:25.610 | DEBUG    | data_pipeline.student_loader:load_student_stops:43 - First 3 stops (sample): [{'student_id': 'test_001', 'name': 'Test Student 1', 'roll_no': 'TEST-7628', 'lat': 31.36404355230743, 'lng': 73.08857112700947, 'student_count': 1, 'contact': '03696068078', 'semester': 'Spring 2026', 'fee_status': 'unpaid', 'registration_status': 'pending'}, {'student_id': 'test_002', 'name': 'Test Student 2', 'roll_no': 'TEST-5002', 'lat': 31.53753690084093, 'lng': 73.17475174301423, 'student_count': 1, 'contact': '03257323478', 'semester': 'Spring 2026', 'fee_status': 'unpaid', 'registration_status': 'pending'}, {'student_id': 'test_003', 'name': 'Test Student 3', 'roll_no': 'TEST-9126', 'lat': 31.485888494254528, 'lng': 73.13345436674011, 'student_count': 1, 'contact': '03628253678', 'semester': 'Spring 2026', 'fee_status': 'unpaid', 'registration_status': 'pending'}]
2026-03-16 01:33:25.610 | INFO     | osm.fetch_roads:fetch_or_load_road_graph:19 - Loading cached Faisalabad road graph...
2026-03-16 01:33:34.549 | INFO     | osm.fetch_roads:fetch_or_load_road_graph:21 - Loaded graph with 50872 nodes and 144715 edges
2026-03-16 01:33:34.710 | INFO     | osm.road_filter:filter_main_roads:38 - Filtered graph:
2026-03-16 01:33:34.757 | INFO     | osm.road_filter:filter_main_roads:39 -   Original: 50872 nodes, 144715 edges
2026-03-16 01:33:34.881 | INFO     | osm.road_filter:filter_main_roads:40 -   After filter (main roads only): 7460 nodes, 12863 edges
2026-03-16 01:33:35.131 | DEBUG    | utils.distance_utils:build_node_balltree:29 - Built BallTree with 7460 nodes
2026-03-16 01:33:35.132 | DEBUG    | utils.geo_utils:haversine_distance:20 - Haversine: (31.36404355230743, 73.08857112700947) → (31.3657487, 73.087662) = 208.3 m
2026-03-16 01:33:35.133 | DEBUG    | utils.distance_utils:find_nearest_road_point:56 - Nearest road node to (31.36404355230743, 73.08857112700947): (31.365749, 73.087662) — 208.3m
2026-03-16 01:33:35.133 | DEBUG    | utils.geo_utils:haversine_distance:20 - Haversine: (31.36404355230743, 73.08857112700947) → (31.3657487, 73.087662) = 208.3 m
2026-03-16 01:33:35.133 | DEBUG    | data_pipeline.stop_builder:snap_stops_to_roads:38 - Snapped Test Student 1 (TEST-7628): 208.3m
2026-03-16 01:33:35.156 | DEBUG    | utils.distance_utils:build_node_balltree:29 - Built BallTree with 7460 nodes
2026-03-16 01:33:35.157 | DEBUG    | utils.geo_utils:haversine_distance:20 - Haversine: (31.53753690084093, 73.17475174301423) → (31.5345015, 73.1712476) = 473.5 m
2026-03-16 01:33:35.157 | DEBUG    | utils.distance_utils:find_nearest_road_point:56 - Nearest road node to (31.53753690084093, 73.17475174301423): (31.534502, 73.171248) — 473.5m
2026-03-16 01:33:35.157 | DEBUG    | utils.geo_utils:haversine_distance:20 - Haversine: (31.53753690084093, 73.17475174301423) → (31.5345015, 73.1712476) = 473.5 m
2026-03-16 01:33:35.157 | DEBUG    | data_pipeline.stop_builder:snap_stops_to_roads:38 - Snapped Test Student 2 (TEST-5002): 473.5m
2026-03-16 01:33:35.180 | DEBUG    | utils.distance_utils:build_node_balltree:29 - Built BallTree with 7460 nodes
2026-03-16 01:33:35.181 | DEBUG    | utils.geo_utils:haversine_distance:20 - Haversine: (31.485888494254528, 73.13345436674011) → (31.4892564, 73.1352759) = 412.4 m
2026-03-16 01:33:35.182 | DEBUG    | utils.distance_utils:find_nearest_road_point:56 - Nearest road node to (31.485888494254528, 73.13345436674011): (31.489256, 73.135276) — 412.4m
2026-03-16 01:33:35.182 | DEBUG    | utils.geo_utils:haversine_distance:20 - Haversine: (31.485888494254528, 73.13345436674011) → (31.4892564, 73.1352759) = 412.4 m
2026-03-16 01:33:35.182 | DEBUG    | data_pipeline.stop_builder:snap_stops_to_roads:38 - Snapped Test Student 3 (TEST-9126): 412.4m
2026-03-16 01:33:35.204 | DEBUG    | utils.distance_utils:build_node_balltree:29 - Built BallTree with 7460 nodes
2026-03-16 01:33:35.205 | DEBUG    | utils.geo_utils:haversine_distance:20 - Haversine: (31.304535746440816, 73.01492028863926) → (31.3140734, 73.0226304) = 1288.9 m
2026-03-16 01:33:35.205 | DEBUG    | utils.distance_utils:find_nearest_road_point:56 - Nearest road node to (31.304535746440816, 73.01492028863926): (31.314073, 73.022630) — 1288.9m
2026-03-16 01:33:35.205 | DEBUG    | utils.geo_utils:haversine_distance:20 - Haversine: (31.304535746440816, 73.01492028863926) → (31.3140734, 73.0226304) = 1288.9 m
2026-03-16 01:33:35.206 | WARNING  | data_pipeline.stop_builder:snap_stops_to_roads:40 - Stop Test Student 4 too far from main road (1288.9m) → skipped
2026-03-16 01:33:35.234 | DEBUG    | utils.distance_utils:build_node_balltree:29 - Built BallTree with 7460 nodes
2026-03-16 01:33:35.238 | DEBUG    | utils.geo_utils:haversine_distance:20 - Haversine: (31.33986425355827, 73.04300473978151) → (31.334111, 73.0466) = 725.2 m
2026-03-16 01:33:35.239 | DEBUG    | utils.distance_utils:find_nearest_road_point:56 - Nearest road node to (31.33986425355827, 73.04300473978151): (31.334111, 73.046600) — 725.2m
2026-03-16 01:33:35.239 | DEBUG    | utils.geo_utils:haversine_distance:20 - Haversine: (31.33986425355827, 73.04300473978151) → (31.334111, 73.0466) = 725.2 m
2026-03-16 01:33:35.239 | DEBUG    | data_pipeline.stop_builder:snap_stops_to_roads:38 - Snapped Test Student 5 (TEST-4174): 725.2m
2026-03-16 01:33:35.259 | DEBUG    | utils.distance_utils:build_node_balltree:29 - Built BallTree with 7460 nodes
2026-03-16 01:33:35.260 | DEBUG    | utils.geo_utils:haversine_distance:20 - Haversine: (31.51430793250577, 73.16888412145931) → (31.5131321, 73.1676906) = 172.9 m
2026-03-16 01:33:35.260 | DEBUG    | utils.distance_utils:find_nearest_road_point:56 - Nearest road node to (31.51430793250577, 73.16888412145931): (31.513132, 73.167691) — 172.9m
2026-03-16 01:33:35.260 | DEBUG    | utils.geo_utils:haversine_distance:20 - Haversine: (31.51430793250577, 73.16888412145931) → (31.5131321, 73.1676906) = 172.9 m
2026-03-16 01:33:35.260 | DEBUG    | data_pipeline.stop_builder:snap_stops_to_roads:38 - Snapped Test Student 6 (TEST-3753): 172.9m
2026-03-16 01:33:35.278 | DEBUG    | utils.distance_utils:build_node_balltree:29 - Built BallTree with 7460 nodes
2026-03-16 01:33:35.279 | DEBUG    | utils.geo_utils:haversine_distance:20 - Haversine: (31.398438208944356, 73.19868404650178) → (31.3891842, 73.1943255) = 1109.0 m
2026-03-16 01:33:35.280 | DEBUG    | utils.distance_utils:find_nearest_road_point:56 - Nearest road node to (31.398438208944356, 73.19868404650178): (31.389184, 73.194326) — 1109.0m
2026-03-16 01:33:35.280 | DEBUG    | utils.geo_utils:haversine_distance:20 - Haversine: (31.398438208944356, 73.19868404650178) → (31.3891842, 73.1943255) = 1109.0 m
2026-03-16 01:33:35.280 | WARNING  | data_pipeline.stop_builder:snap_stops_to_roads:40 - Stop Test Student 7 too far from main road (1109.0m) → skipped
2026-03-16 01:33:35.308 | DEBUG    | utils.distance_utils:build_node_balltree:29 - Built BallTree with 7460 nodes
2026-03-16 01:33:35.309 | DEBUG    | utils.geo_utils:haversine_distance:20 - Haversine: (31.413983848236096, 73.04372175167428) → (31.4184363, 73.0448891) = 507.3 m
2026-03-16 01:33:35.309 | DEBUG    | utils.distance_utils:find_nearest_road_point:56 - Nearest road node to (31.413983848236096, 73.04372175167428): (31.418436, 73.044889) — 507.3m
2026-03-16 01:33:35.309 | DEBUG    | utils.geo_utils:haversine_distance:20 - Haversine: (31.413983848236096, 73.04372175167428) → (31.4184363, 73.0448891) = 507.3 m
2026-03-16 01:33:35.309 | DEBUG    | data_pipeline.stop_builder:snap_stops_to_roads:38 - Snapped Test Student 8 (TEST-4223): 507.3m
2026-03-16 01:33:35.334 | DEBUG    | utils.distance_utils:build_node_balltree:29 - Built BallTree with 7460 nodes
2026-03-16 01:33:35.335 | DEBUG    | utils.geo_utils:haversine_distance:20 - Haversine: (31.48511825146769, 73.10102844642768) → (31.4842288, 73.1060603) = 487.3 m
2026-03-16 01:33:35.335 | DEBUG    | utils.distance_utils:find_nearest_road_point:56 - Nearest road node to (31.48511825146769, 73.10102844642768): (31.484229, 73.106060) — 487.3m
2026-03-16 01:33:35.338 | DEBUG    | utils.geo_utils:haversine_distance:20 - Haversine: (31.48511825146769, 73.10102844642768) → (31.4842288, 73.1060603) = 487.3 m
2026-03-16 01:33:35.338 | DEBUG    | data_pipeline.stop_builder:snap_stops_to_roads:38 - Snapped Test Student 9 (TEST-7044): 487.3m
2026-03-16 01:33:35.361 | DEBUG    | utils.distance_utils:build_node_balltree:29 - Built BallTree with 7460 nodes
2026-03-16 01:33:35.362 | DEBUG    | utils.geo_utils:haversine_distance:20 - Haversine: (31.444752159498343, 73.18946844402561) → (31.4439404, 73.1785439) = 1040.3 m
2026-03-16 01:33:35.362 | DEBUG    | utils.distance_utils:find_nearest_road_point:56 - Nearest road node to (31.444752159498343, 73.18946844402561): (31.443940, 73.178544) — 1040.3m
2026-03-16 01:33:35.362 | DEBUG    | utils.geo_utils:haversine_distance:20 - Haversine: (31.444752159498343, 73.18946844402561) → (31.4439404, 73.1785439) = 1040.3 m
2026-03-16 01:33:35.362 | WARNING  | data_pipeline.stop_builder:snap_stops_to_roads:40 - Stop Test Student 10 too far from main road (1040.3m) → skipped
2026-03-16 01:33:35.362 | INFO     | data_pipeline.stop_builder:snap_stops_to_roads:47 - Snapping complete:
2026-03-16 01:33:35.363 | INFO     | data_pipeline.stop_builder:snap_stops_to_roads:48 -   Input stops: 10
2026-03-16 01:33:35.363 | INFO     | data_pipeline.stop_builder:snap_stops_to_roads:49 -   Snapped successfully: 7
2026-03-16 01:33:35.363 | INFO     | data_pipeline.stop_builder:snap_stops_to_roads:50 -   Skipped (too far): 3
2026-03-16 01:33:35.363 | DEBUG    | data_pipeline.stop_builder:snap_stops_to_roads:53 - First snapped stop example: {'student_id': 'test_001', 'name': 'Test Student 1', 'roll_no': 'TEST-7628', 'lat': 31.3657487, 'lng': 73.087662, 'student_count': 1, 'contact': '03696068078', 'semester': 'Spring 2026', 'fee_status': 'unpaid', 'registration_status': 'pending', 'original_lat': 31.36404355230743, 'original_lng': 73.08857112700947, 'snap_distance_m': 208.33}
2026-03-16 01:33:35.364 | DEBUG    | utils.geo_utils:haversine_distance:20 - Haversine: (31.5345015, 73.1712476) → (31.3657487, 73.087662) = 20370.9 m
2026-03-16 01:33:35.364 | DEBUG    | utils.geo_utils:haversine_distance:20 - Haversine: (31.4892564, 73.1352759) → (31.3657487, 73.087662) = 14457.4 m
2026-03-16 01:33:35.364 | DEBUG    | utils.geo_utils:haversine_distance:20 - Haversine: (31.4892564, 73.1352759) → (31.5345015, 73.1712476) = 6077.8 m
2026-03-16 01:33:35.364 | DEBUG    | utils.geo_utils:haversine_distance:20 - Haversine: (31.334111, 73.0466) → (31.3657487, 73.087662) = 5251.7 m
2026-03-16 01:33:35.364 | DEBUG    | utils.geo_utils:haversine_distance:20 - Haversine: (31.334111, 73.0466) → (31.5345015, 73.1712476) = 25226.2 m
2026-03-16 01:33:35.364 | DEBUG    | utils.geo_utils:haversine_distance:20 - Haversine: (31.334111, 73.0466) → (31.4892564, 73.1352759) = 19194.4 m
2026-03-16 01:33:35.364 | DEBUG    | utils.geo_utils:haversine_distance:20 - Haversine: (31.5131321, 73.1676906) → (31.3657487, 73.087662) = 18061.6 m
2026-03-16 01:33:35.364 | DEBUG    | utils.geo_utils:haversine_distance:20 - Haversine: (31.5131321, 73.1676906) → (31.5345015, 73.1712476) = 2400.0 m
2026-03-16 01:33:35.364 | DEBUG    | utils.geo_utils:haversine_distance:20 - Haversine: (31.5131321, 73.1676906) → (31.4892564, 73.1352759) = 4061.1 m
2026-03-16 01:33:35.364 | DEBUG    | utils.geo_utils:haversine_distance:20 - Haversine: (31.5131321, 73.1676906) → (31.334111, 73.0466) = 22984.2 m
2026-03-16 01:33:35.364 | DEBUG    | utils.geo_utils:haversine_distance:20 - Haversine: (31.4184363, 73.0448891) → (31.3657487, 73.087662) = 7127.8 m
2026-03-16 01:33:35.365 | DEBUG    | utils.geo_utils:haversine_distance:20 - Haversine: (31.4184363, 73.0448891) → (31.5345015, 73.1712476) = 17611.2 m
2026-03-16 01:33:35.365 | DEBUG    | utils.geo_utils:haversine_distance:20 - Haversine: (31.4184363, 73.0448891) → (31.4892564, 73.1352759) = 11641.4 m
2026-03-16 01:33:35.365 | DEBUG    | utils.geo_utils:haversine_distance:20 - Haversine: (31.4184363, 73.0448891) → (31.334111, 73.0466) = 9378.0 m
2026-03-16 01:33:35.365 | DEBUG    | utils.geo_utils:haversine_distance:20 - Haversine: (31.4184363, 73.0448891) → (31.5131321, 73.1676906) = 15701.2 m
2026-03-16 01:33:35.365 | DEBUG    | utils.geo_utils:haversine_distance:20 - Haversine: (31.4842288, 73.1060603) → (31.3657487, 73.087662) = 13289.5 m
2026-03-16 01:33:35.365 | DEBUG    | utils.geo_utils:haversine_distance:20 - Haversine: (31.4842288, 73.1060603) → (31.5345015, 73.1712476) = 8333.0 m
2026-03-16 01:33:35.365 | DEBUG    | utils.geo_utils:haversine_distance:20 - Haversine: (31.4842288, 73.1060603) → (31.4892564, 73.1352759) = 2826.1 m
2026-03-16 01:33:35.365 | DEBUG    | utils.geo_utils:haversine_distance:20 - Haversine: (31.4842288, 73.1060603) → (31.334111, 73.0466) = 17620.3 m
2026-03-16 01:33:35.365 | DEBUG    | utils.geo_utils:haversine_distance:20 - Haversine: (31.4842288, 73.1060603) → (31.5131321, 73.1676906) = 6668.7 m
2026-03-16 01:33:35.365 | DEBUG    | utils.geo_utils:haversine_distance:20 - Haversine: (31.4842288, 73.1060603) → (31.4184363, 73.0448891) = 9337.6 m
2026-03-16 01:33:35.365 | INFO     | data_pipeline.stop_builder:merge_nearby_stops:91 - Merged stops:
2026-03-16 01:33:35.366 | INFO     | data_pipeline.stop_builder:merge_nearby_stops:92 -   Before merge: 7 stops
2026-03-16 01:33:35.366 | INFO     | data_pipeline.stop_builder:merge_nearby_stops:93 -   After merge : 7 stops (merged 0 pairs/groups)
2026-03-16 01:33:35.366 | DEBUG    | data_pipeline.stop_builder:merge_nearby_stops:95 - First few merged stops: [{'student_id': 'test_001', 'name': 'Test Student 1', 'roll_no': 'TEST-7628', 'lat': 31.3657487, 'lng': 73.087662, 'student_count': 1, 'contact': '03696068078', 'semester': 'Spring 2026', 'fee_status': 'unpaid', 'registration_status': 'pending', 'original_lat': 31.36404355230743, 'original_lng': 73.08857112700947, 'snap_distance_m': 208.33, 'merged_student_ids': ['test_001']}, {'student_id': 'test_002', 'name': 'Test Student 2', 'roll_no': 'TEST-5002', 'lat': 31.5345015, 'lng': 73.1712476, 'student_count': 1, 'contact': '03257323478', 'semester': 'Spring 2026', 'fee_status': 'unpaid', 'registration_status': 'pending', 'original_lat': 31.53753690084093, 'original_lng': 73.17475174301423, 'snap_distance_m': 473.51, 'merged_student_ids': ['test_002']}, {'student_id': 'test_003', 'name': 'Test Student 3', 'roll_no': 'TEST-9126', 'lat': 31.4892564, 'lng': 73.1352759, 'student_count': 1, 'contact': '03628253678', 'semester': 'Spring 2026', 'fee_status': 'unpaid', 'registration_status': 'pending', 'original_lat': 31.485888494254528, 'original_lng': 73.13345436674011, 'snap_distance_m': 412.41, 'merged_student_ids': ['test_003']}]
2026-03-16 01:33:38.471 | INFO     | clustering.stop_clustering:cluster_stops:30 - Clustered into 1 buses (capacity 30):
2026-03-16 01:33:38.471 | INFO     | clustering.stop_clustering:cluster_stops:33 -   Bus 0: 7 stops, 7 students
2026-03-16 01:33:40.057 | INFO     | optimization.tsp_solver:get_road_distance_matrix:38 - ORS matrix computed: 8x8
2026-03-16 01:33:55.117 | INFO     | optimization.tsp_solver:solve_tsp:123 - TSP solved: 7 stops, distance 68016 m, objective 68016
2026-03-16 01:33:55.119 | DEBUG    | optimization.tsp_solver:solve_tsp:124 - Order: ['unknown', 'unknown', 'unknown', 'unknown', 'unknown', 'unknown', 'unknown']
2026-03-16 01:33:55.124 | DEBUG    | optimization.route_generator:generate_route_path:57 - Requesting ORS route with 8 waypoints
2026-03-16 01:33:56.999 | INFO     | optimization.route_generator:generate_route_path:74 - ORS route generated successfully (bug-free)
2026-03-16 01:33:57.002 | INFO     | optimization.route_generator:generate_route_path:75 -   Waypoints: 7 stops → University
2026-03-16 01:33:57.002 | INFO     | optimization.route_generator:generate_route_path:76 -   Distance: 82.37 km
2026-03-16 01:33:57.003 | INFO     | optimization.route_generator:generate_route_path:77 -   Duration: 1.62 h (97 min)
2026-03-16 01:33:57.003 | DEBUG    | optimization.route_generator:generate_route_path:78 - Geometry sample (first 3 & last 3): [[73.087662, 31.365749], [73.086327, 31.364414], [73.084319, 31.3624]] ... [[73.03447, 31.602425], [73.034742, 31.602694], [73.034832, 31.602523]]
2026-03-16 01:33:57.005 | INFO     | optimization.store_routes:compute_fee_per_student:29 - Fee calc: 56486 PKR/student | dist=82.4km | students=7
2026-03-16 01:33:57.634 | DEBUG    | optimization.store_routes:store_optimized_routes:99 - Stored stop R1_stop1 (R1)
2026-03-16 01:33:59.877 | DEBUG    | optimization.store_routes:store_optimized_routes:99 - Stored stop R1_stop2 (R1)
2026-03-16 01:34:00.471 | DEBUG    | optimization.store_routes:store_optimized_routes:99 - Stored stop R1_stop3 (R1)
2026-03-16 01:34:02.722 | DEBUG    | optimization.store_routes:store_optimized_routes:99 - Stored stop R1_stop4 (R1)
2026-03-16 01:34:03.324 | DEBUG    | optimization.store_routes:store_optimized_routes:99 - Stored stop R1_stop5 (R1)
2026-03-16 01:34:03.865 | DEBUG    | optimization.store_routes:store_optimized_routes:99 - Stored stop R1_stop6 (R1)
2026-03-16 01:34:04.398 | DEBUG    | optimization.store_routes:store_optimized_routes:99 - Stored stop R1_stop7 (R1)
2026-03-16 01:34:05.247 | CRITICAL | api.main:optimize_routes:88 - Unexpected pipeline error: 400 Nested arrays are not allowed
2026-03-16 01:34:13.680 | INFO     | api.main:run_optimization:29 - Starting full route optimization pipeline
2026-03-16 01:34:14.258 | WARNING  | data_pipeline.student_loader:load_student_stops:37 - Student h3zzvjYXAnM5idW1JUkq9zREyWL2 missing valid lat/lng → skipped
2026-03-16 01:34:14.258 | INFO     | data_pipeline.student_loader:load_student_stops:42 - Loaded 10 student stops from Firestore
2026-03-16 01:34:14.259 | DEBUG    | data_pipeline.student_loader:load_student_stops:43 - First 3 stops (sample): [{'student_id': 'test_001', 'name': 'Test Student 1', 'roll_no': 'TEST-7628', 'lat': 31.36404355230743, 'lng': 73.08857112700947, 'student_count': 1, 'contact': '03696068078', 'semester': 'Spring 2026', 'fee_status': 'unpaid', 'registration_status': 'pending'}, {'student_id': 'test_002', 'name': 'Test Student 2', 'roll_no': 'TEST-5002', 'lat': 31.53753690084093, 'lng': 73.17475174301423, 'student_count': 1, 'contact': '03257323478', 'semester': 'Spring 2026', 'fee_status': 'unpaid', 'registration_status': 'pending'}, {'student_id': 'test_003', 'name': 'Test Student 3', 'roll_no': 'TEST-9126', 'lat': 31.485888494254528, 'lng': 73.13345436674011, 'student_count': 1, 'contact': '03628253678', 'semester': 'Spring 2026', 'fee_status': 'unpaid', 'registration_status': 'pending'}]
2026-03-16 01:34:14.259 | INFO     | osm.fetch_roads:fetch_or_load_road_graph:19 - Loading cached Faisalabad road graph...
2026-03-16 01:34:20.513 | INFO     | osm.fetch_roads:fetch_or_load_road_graph:21 - Loaded graph with 50872 nodes and 144715 edges
2026-03-16 01:34:20.656 | INFO     | osm.road_filter:filter_main_roads:38 - Filtered graph:
2026-03-16 01:34:20.683 | INFO     | osm.road_filter:filter_main_roads:39 -   Original: 50872 nodes, 144715 edges
2026-03-16 01:34:20.781 | INFO     | osm.road_filter:filter_main_roads:40 -   After filter (main roads only): 7460 nodes, 12863 edges
2026-03-16 01:34:21.021 | DEBUG    | utils.distance_utils:build_node_balltree:29 - Built BallTree with 7460 nodes
2026-03-16 01:34:21.022 | DEBUG    | utils.geo_utils:haversine_distance:20 - Haversine: (31.36404355230743, 73.08857112700947) → (31.3657487, 73.087662) = 208.3 m
2026-03-16 01:34:21.022 | DEBUG    | utils.distance_utils:find_nearest_road_point:56 - Nearest road node to (31.36404355230743, 73.08857112700947): (31.365749, 73.087662) — 208.3m
2026-03-16 01:34:21.022 | DEBUG    | utils.geo_utils:haversine_distance:20 - Haversine: (31.36404355230743, 73.08857112700947) → (31.3657487, 73.087662) = 208.3 m
2026-03-16 01:34:21.022 | DEBUG    | data_pipeline.stop_builder:snap_stops_to_roads:38 - Snapped Test Student 1 (TEST-7628): 208.3m
2026-03-16 01:34:21.040 | DEBUG    | utils.distance_utils:build_node_balltree:29 - Built BallTree with 7460 nodes
2026-03-16 01:34:21.042 | DEBUG    | utils.geo_utils:haversine_distance:20 - Haversine: (31.53753690084093, 73.17475174301423) → (31.5345015, 73.1712476) = 473.5 m
2026-03-16 01:34:21.042 | DEBUG    | utils.distance_utils:find_nearest_road_point:56 - Nearest road node to (31.53753690084093, 73.17475174301423): (31.534502, 73.171248) — 473.5m
2026-03-16 01:34:21.043 | DEBUG    | utils.geo_utils:haversine_distance:20 - Haversine: (31.53753690084093, 73.17475174301423) → (31.5345015, 73.1712476) = 473.5 m
2026-03-16 01:34:21.043 | DEBUG    | data_pipeline.stop_builder:snap_stops_to_roads:38 - Snapped Test Student 2 (TEST-5002): 473.5m
2026-03-16 01:34:21.055 | DEBUG    | utils.distance_utils:build_node_balltree:29 - Built BallTree with 7460 nodes
2026-03-16 01:34:21.056 | DEBUG    | utils.geo_utils:haversine_distance:20 - Haversine: (31.485888494254528, 73.13345436674011) → (31.4892564, 73.1352759) = 412.4 m
2026-03-16 01:34:21.056 | DEBUG    | utils.distance_utils:find_nearest_road_point:56 - Nearest road node to (31.485888494254528, 73.13345436674011): (31.489256, 73.135276) — 412.4m
2026-03-16 01:34:21.056 | DEBUG    | utils.geo_utils:haversine_distance:20 - Haversine: (31.485888494254528, 73.13345436674011) → (31.4892564, 73.1352759) = 412.4 m
2026-03-16 01:34:21.056 | DEBUG    | data_pipeline.stop_builder:snap_stops_to_roads:38 - Snapped Test Student 3 (TEST-9126): 412.4m
2026-03-16 01:34:21.111 | DEBUG    | utils.distance_utils:build_node_balltree:29 - Built BallTree with 7460 nodes
2026-03-16 01:34:21.113 | DEBUG    | utils.geo_utils:haversine_distance:20 - Haversine: (31.304535746440816, 73.01492028863926) → (31.3140734, 73.0226304) = 1288.9 m
2026-03-16 01:34:21.114 | DEBUG    | utils.distance_utils:find_nearest_road_point:56 - Nearest road node to (31.304535746440816, 73.01492028863926): (31.314073, 73.022630) — 1288.9m
2026-03-16 01:34:21.114 | DEBUG    | utils.geo_utils:haversine_distance:20 - Haversine: (31.304535746440816, 73.01492028863926) → (31.3140734, 73.0226304) = 1288.9 m
2026-03-16 01:34:21.114 | WARNING  | data_pipeline.stop_builder:snap_stops_to_roads:40 - Stop Test Student 4 too far from main road (1288.9m) → skipped
2026-03-16 01:34:21.160 | DEBUG    | utils.distance_utils:build_node_balltree:29 - Built BallTree with 7460 nodes
2026-03-16 01:34:21.162 | DEBUG    | utils.geo_utils:haversine_distance:20 - Haversine: (31.33986425355827, 73.04300473978151) → (31.334111, 73.0466) = 725.2 m
2026-03-16 01:34:21.162 | DEBUG    | utils.distance_utils:find_nearest_road_point:56 - Nearest road node to (31.33986425355827, 73.04300473978151): (31.334111, 73.046600) — 725.2m
2026-03-16 01:34:21.162 | DEBUG    | utils.geo_utils:haversine_distance:20 - Haversine: (31.33986425355827, 73.04300473978151) → (31.334111, 73.0466) = 725.2 m
2026-03-16 01:34:21.163 | DEBUG    | data_pipeline.stop_builder:snap_stops_to_roads:38 - Snapped Test Student 5 (TEST-4174): 725.2m
2026-03-16 01:34:21.193 | DEBUG    | utils.distance_utils:build_node_balltree:29 - Built BallTree with 7460 nodes
2026-03-16 01:34:21.194 | DEBUG    | utils.geo_utils:haversine_distance:20 - Haversine: (31.51430793250577, 73.16888412145931) → (31.5131321, 73.1676906) = 172.9 m
2026-03-16 01:34:21.194 | DEBUG    | utils.distance_utils:find_nearest_road_point:56 - Nearest road node to (31.51430793250577, 73.16888412145931): (31.513132, 73.167691) — 172.9m
2026-03-16 01:34:21.195 | DEBUG    | utils.geo_utils:haversine_distance:20 - Haversine: (31.51430793250577, 73.16888412145931) → (31.5131321, 73.1676906) = 172.9 m
2026-03-16 01:34:21.195 | DEBUG    | data_pipeline.stop_builder:snap_stops_to_roads:38 - Snapped Test Student 6 (TEST-3753): 172.9m
2026-03-16 01:34:21.210 | DEBUG    | utils.distance_utils:build_node_balltree:29 - Built BallTree with 7460 nodes
2026-03-16 01:34:21.212 | DEBUG    | utils.geo_utils:haversine_distance:20 - Haversine: (31.398438208944356, 73.19868404650178) → (31.3891842, 73.1943255) = 1109.0 m
2026-03-16 01:34:21.212 | DEBUG    | utils.distance_utils:find_nearest_road_point:56 - Nearest road node to (31.398438208944356, 73.19868404650178): (31.389184, 73.194326) — 1109.0m
2026-03-16 01:34:21.212 | DEBUG    | utils.geo_utils:haversine_distance:20 - Haversine: (31.398438208944356, 73.19868404650178) → (31.3891842, 73.1943255) = 1109.0 m
2026-03-16 01:34:21.212 | WARNING  | data_pipeline.stop_builder:snap_stops_to_roads:40 - Stop Test Student 7 too far from main road (1109.0m) → skipped
2026-03-16 01:34:21.228 | DEBUG    | utils.distance_utils:build_node_balltree:29 - Built BallTree with 7460 nodes
2026-03-16 01:34:21.229 | DEBUG    | utils.geo_utils:haversine_distance:20 - Haversine: (31.413983848236096, 73.04372175167428) → (31.4184363, 73.0448891) = 507.3 m
2026-03-16 01:34:21.229 | DEBUG    | utils.distance_utils:find_nearest_road_point:56 - Nearest road node to (31.413983848236096, 73.04372175167428): (31.418436, 73.044889) — 507.3m
2026-03-16 01:34:21.229 | DEBUG    | utils.geo_utils:haversine_distance:20 - Haversine: (31.413983848236096, 73.04372175167428) → (31.4184363, 73.0448891) = 507.3 m
2026-03-16 01:34:21.229 | DEBUG    | data_pipeline.stop_builder:snap_stops_to_roads:38 - Snapped Test Student 8 (TEST-4223): 507.3m
2026-03-16 01:34:21.246 | DEBUG    | utils.distance_utils:build_node_balltree:29 - Built BallTree with 7460 nodes
2026-03-16 01:34:21.247 | DEBUG    | utils.geo_utils:haversine_distance:20 - Haversine: (31.48511825146769, 73.10102844642768) → (31.4842288, 73.1060603) = 487.3 m
2026-03-16 01:34:21.248 | DEBUG    | utils.distance_utils:find_nearest_road_point:56 - Nearest road node to (31.48511825146769, 73.10102844642768): (31.484229, 73.106060) — 487.3m
2026-03-16 01:34:21.248 | DEBUG    | utils.geo_utils:haversine_distance:20 - Haversine: (31.48511825146769, 73.10102844642768) → (31.4842288, 73.1060603) = 487.3 m
2026-03-16 01:34:21.248 | DEBUG    | data_pipeline.stop_builder:snap_stops_to_roads:38 - Snapped Test Student 9 (TEST-7044): 487.3m
2026-03-16 01:34:21.263 | DEBUG    | utils.distance_utils:build_node_balltree:29 - Built BallTree with 7460 nodes
2026-03-16 01:34:21.264 | DEBUG    | utils.geo_utils:haversine_distance:20 - Haversine: (31.444752159498343, 73.18946844402561) → (31.4439404, 73.1785439) = 1040.3 m
2026-03-16 01:34:21.264 | DEBUG    | utils.distance_utils:find_nearest_road_point:56 - Nearest road node to (31.444752159498343, 73.18946844402561): (31.443940, 73.178544) — 1040.3m
2026-03-16 01:34:21.264 | DEBUG    | utils.geo_utils:haversine_distance:20 - Haversine: (31.444752159498343, 73.18946844402561) → (31.4439404, 73.1785439) = 1040.3 m
2026-03-16 01:34:21.264 | WARNING  | data_pipeline.stop_builder:snap_stops_to_roads:40 - Stop Test Student 10 too far from main road (1040.3m) → skipped
2026-03-16 01:34:21.265 | INFO     | data_pipeline.stop_builder:snap_stops_to_roads:47 - Snapping complete:
2026-03-16 01:34:21.265 | INFO     | data_pipeline.stop_builder:snap_stops_to_roads:48 -   Input stops: 10
2026-03-16 01:34:21.265 | INFO     | data_pipeline.stop_builder:snap_stops_to_roads:49 -   Snapped successfully: 7
2026-03-16 01:34:21.265 | INFO     | data_pipeline.stop_builder:snap_stops_to_roads:50 -   Skipped (too far): 3
2026-03-16 01:34:21.265 | DEBUG    | data_pipeline.stop_builder:snap_stops_to_roads:53 - First snapped stop example: {'student_id': 'test_001', 'name': 'Test Student 1', 'roll_no': 'TEST-7628', 'lat': 31.3657487, 'lng': 73.087662, 'student_count': 1, 'contact': '03696068078', 'semester': 'Spring 2026', 'fee_status': 'unpaid', 'registration_status': 'pending', 'original_lat': 31.36404355230743, 'original_lng': 73.08857112700947, 'snap_distance_m': 208.33}
2026-03-16 01:34:21.266 | DEBUG    | utils.geo_utils:haversine_distance:20 - Haversine: (31.5345015, 73.1712476) → (31.3657487, 73.087662) = 20370.9 m
2026-03-16 01:34:21.266 | DEBUG    | utils.geo_utils:haversine_distance:20 - Haversine: (31.4892564, 73.1352759) → (31.3657487, 73.087662) = 14457.4 m
2026-03-16 01:34:21.266 | DEBUG    | utils.geo_utils:haversine_distance:20 - Haversine: (31.4892564, 73.1352759) → (31.5345015, 73.1712476) = 6077.8 m
2026-03-16 01:34:21.266 | DEBUG    | utils.geo_utils:haversine_distance:20 - Haversine: (31.334111, 73.0466) → (31.3657487, 73.087662) = 5251.7 m
2026-03-16 01:34:21.266 | DEBUG    | utils.geo_utils:haversine_distance:20 - Haversine: (31.334111, 73.0466) → (31.5345015, 73.1712476) = 25226.2 m
2026-03-16 01:34:21.266 | DEBUG    | utils.geo_utils:haversine_distance:20 - Haversine: (31.334111, 73.0466) → (31.4892564, 73.1352759) = 19194.4 m
2026-03-16 01:34:21.266 | DEBUG    | utils.geo_utils:haversine_distance:20 - Haversine: (31.5131321, 73.1676906) → (31.3657487, 73.087662) = 18061.6 m
2026-03-16 01:34:21.266 | DEBUG    | utils.geo_utils:haversine_distance:20 - Haversine: (31.5131321, 73.1676906) → (31.5345015, 73.1712476) = 2400.0 m
2026-03-16 01:34:21.266 | DEBUG    | utils.geo_utils:haversine_distance:20 - Haversine: (31.5131321, 73.1676906) → (31.4892564, 73.1352759) = 4061.1 m
2026-03-16 01:34:21.266 | DEBUG    | utils.geo_utils:haversine_distance:20 - Haversine: (31.5131321, 73.1676906) → (31.334111, 73.0466) = 22984.2 m
2026-03-16 01:34:21.266 | DEBUG    | utils.geo_utils:haversine_distance:20 - Haversine: (31.4184363, 73.0448891) → (31.3657487, 73.087662) = 7127.8 m
2026-03-16 01:34:21.266 | DEBUG    | utils.geo_utils:haversine_distance:20 - Haversine: (31.4184363, 73.0448891) → (31.5345015, 73.1712476) = 17611.2 m
2026-03-16 01:34:21.266 | DEBUG    | utils.geo_utils:haversine_distance:20 - Haversine: (31.4184363, 73.0448891) → (31.4892564, 73.1352759) = 11641.4 m
2026-03-16 01:34:21.266 | DEBUG    | utils.geo_utils:haversine_distance:20 - Haversine: (31.4184363, 73.0448891) → (31.334111, 73.0466) = 9378.0 m
2026-03-16 01:34:21.266 | DEBUG    | utils.geo_utils:haversine_distance:20 - Haversine: (31.4184363, 73.0448891) → (31.5131321, 73.1676906) = 15701.2 m
2026-03-16 01:34:21.266 | DEBUG    | utils.geo_utils:haversine_distance:20 - Haversine: (31.4842288, 73.1060603) → (31.3657487, 73.087662) = 13289.5 m
2026-03-16 01:34:21.266 | DEBUG    | utils.geo_utils:haversine_distance:20 - Haversine: (31.4842288, 73.1060603) → (31.5345015, 73.1712476) = 8333.0 m
2026-03-16 01:34:21.266 | DEBUG    | utils.geo_utils:haversine_distance:20 - Haversine: (31.4842288, 73.1060603) → (31.4892564, 73.1352759) = 2826.1 m
2026-03-16 01:34:21.266 | DEBUG    | utils.geo_utils:haversine_distance:20 - Haversine: (31.4842288, 73.1060603) → (31.334111, 73.0466) = 17620.3 m
2026-03-16 01:34:21.266 | DEBUG    | utils.geo_utils:haversine_distance:20 - Haversine: (31.4842288, 73.1060603) → (31.5131321, 73.1676906) = 6668.7 m
2026-03-16 01:34:21.266 | DEBUG    | utils.geo_utils:haversine_distance:20 - Haversine: (31.4842288, 73.1060603) → (31.4184363, 73.0448891) = 9337.6 m
2026-03-16 01:34:21.266 | INFO     | data_pipeline.stop_builder:merge_nearby_stops:91 - Merged stops:
2026-03-16 01:34:21.267 | INFO     | data_pipeline.stop_builder:merge_nearby_stops:92 -   Before merge: 7 stops
2026-03-16 01:34:21.267 | INFO     | data_pipeline.stop_builder:merge_nearby_stops:93 -   After merge : 7 stops (merged 0 pairs/groups)
2026-03-16 01:34:21.267 | DEBUG    | data_pipeline.stop_builder:merge_nearby_stops:95 - First few merged stops: [{'student_id': 'test_001', 'name': 'Test Student 1', 'roll_no': 'TEST-7628', 'lat': 31.3657487, 'lng': 73.087662, 'student_count': 1, 'contact': '03696068078', 'semester': 'Spring 2026', 'fee_status': 'unpaid', 'registration_status': 'pending', 'original_lat': 31.36404355230743, 'original_lng': 73.08857112700947, 'snap_distance_m': 208.33, 'merged_student_ids': ['test_001']}, {'student_id': 'test_002', 'name': 'Test Student 2', 'roll_no': 'TEST-5002', 'lat': 31.5345015, 'lng': 73.1712476, 'student_count': 1, 'contact': '03257323478', 'semester': 'Spring 2026', 'fee_status': 'unpaid', 'registration_status': 'pending', 'original_lat': 31.53753690084093, 'original_lng': 73.17475174301423, 'snap_distance_m': 473.51, 'merged_student_ids': ['test_002']}, {'student_id': 'test_003', 'name': 'Test Student 3', 'roll_no': 'TEST-9126', 'lat': 31.4892564, 'lng': 73.1352759, 'student_count': 1, 'contact': '03628253678', 'semester': 'Spring 2026', 'fee_status': 'unpaid', 'registration_status': 'pending', 'original_lat': 31.485888494254528, 'original_lng': 73.13345436674011, 'snap_distance_m': 412.41, 'merged_student_ids': ['test_003']}]
2026-03-16 01:34:21.276 | INFO     | clustering.stop_clustering:cluster_stops:30 - Clustered into 1 buses (capacity 30):
2026-03-16 01:34:21.279 | INFO     | clustering.stop_clustering:cluster_stops:33 -   Bus 0: 7 stops, 7 students
2026-03-16 01:34:22.664 | INFO     | optimization.tsp_solver:get_road_distance_matrix:38 - ORS matrix computed: 8x8
2026-03-16 01:34:37.666 | INFO     | optimization.tsp_solver:solve_tsp:123 - TSP solved: 7 stops, distance 68016 m, objective 68016
2026-03-16 01:34:37.667 | DEBUG    | optimization.tsp_solver:solve_tsp:124 - Order: ['unknown', 'unknown', 'unknown', 'unknown', 'unknown', 'unknown', 'unknown']
2026-03-16 01:34:37.667 | DEBUG    | optimization.route_generator:generate_route_path:57 - Requesting ORS route with 8 waypoints
2026-03-16 01:34:38.789 | INFO     | optimization.route_generator:generate_route_path:74 - ORS route generated successfully (bug-free)
2026-03-16 01:34:38.789 | INFO     | optimization.route_generator:generate_route_path:75 -   Waypoints: 7 stops → University
2026-03-16 01:34:38.789 | INFO     | optimization.route_generator:generate_route_path:76 -   Distance: 82.37 km
2026-03-16 01:34:38.789 | INFO     | optimization.route_generator:generate_route_path:77 -   Duration: 1.62 h (97 min)
2026-03-16 01:34:38.790 | DEBUG    | optimization.route_generator:generate_route_path:78 - Geometry sample (first 3 & last 3): [[73.087662, 31.365749], [73.086327, 31.364414], [73.084319, 31.3624]] ... [[73.03447, 31.602425], [73.034742, 31.602694], [73.034832, 31.602523]]
2026-03-16 01:34:38.791 | INFO     | optimization.store_routes:compute_fee_per_student:29 - Fee calc: 56486 PKR/student | dist=82.4km | students=7
2026-03-16 01:34:41.667 | DEBUG    | optimization.store_routes:store_optimized_routes:99 - Stored stop R1_stop1 (R1)
2026-03-16 01:34:42.238 | DEBUG    | optimization.store_routes:store_optimized_routes:99 - Stored stop R1_stop2 (R1)
2026-03-16 01:34:43.237 | DEBUG    | optimization.store_routes:store_optimized_routes:99 - Stored stop R1_stop3 (R1)
2026-03-16 01:34:43.768 | DEBUG    | optimization.store_routes:store_optimized_routes:99 - Stored stop R1_stop4 (R1)
2026-03-16 01:34:44.364 | DEBUG    | optimization.store_routes:store_optimized_routes:99 - Stored stop R1_stop5 (R1)
2026-03-16 01:34:44.901 | DEBUG    | optimization.store_routes:store_optimized_routes:99 - Stored stop R1_stop6 (R1)
2026-03-16 01:34:45.429 | DEBUG    | optimization.store_routes:store_optimized_routes:99 - Stored stop R1_stop7 (R1)
2026-03-16 01:34:46.241 | CRITICAL | api.main:optimize_routes:88 - Unexpected pipeline error: 400 Nested arrays are not allowed
2026-03-16 01:37:24.688 | INFO     | database.firebase:<module>:12 - Firebase Admin SDK initialized successfully
2026-03-16 01:37:28.859 | INFO     | api.main:run_optimization:29 - Starting full route optimization pipeline
2026-03-16 01:37:32.675 | WARNING  | data_pipeline.student_loader:load_student_stops:37 - Student h3zzvjYXAnM5idW1JUkq9zREyWL2 missing valid lat/lng → skipped
2026-03-16 01:37:32.676 | INFO     | data_pipeline.student_loader:load_student_stops:42 - Loaded 10 student stops from Firestore
2026-03-16 01:37:32.676 | DEBUG    | data_pipeline.student_loader:load_student_stops:43 - First 3 stops (sample): [{'student_id': 'test_001', 'name': 'Test Student 1', 'roll_no': 'TEST-7628', 'lat': 31.36404355230743, 'lng': 73.08857112700947, 'student_count': 1, 'contact': '03696068078', 'semester': 'Spring 2026', 'fee_status': 'unpaid', 'registration_status': 'pending'}, {'student_id': 'test_002', 'name': 'Test Student 2', 'roll_no': 'TEST-5002', 'lat': 31.53753690084093, 'lng': 73.17475174301423, 'student_count': 1, 'contact': '03257323478', 'semester': 'Spring 2026', 'fee_status': 'unpaid', 'registration_status': 'pending'}, {'student_id': 'test_003', 'name': 'Test Student 3', 'roll_no': 'TEST-9126', 'lat': 31.485888494254528, 'lng': 73.13345436674011, 'student_count': 1, 'contact': '03628253678', 'semester': 'Spring 2026', 'fee_status': 'unpaid', 'registration_status': 'pending'}]
2026-03-16 01:37:32.677 | INFO     | osm.fetch_roads:fetch_or_load_road_graph:19 - Loading cached Faisalabad road graph...
2026-03-16 01:37:40.460 | INFO     | osm.fetch_roads:fetch_or_load_road_graph:21 - Loaded graph with 50872 nodes and 144715 edges
2026-03-16 01:37:40.584 | INFO     | osm.road_filter:filter_main_roads:38 - Filtered graph:
2026-03-16 01:37:40.612 | INFO     | osm.road_filter:filter_main_roads:39 -   Original: 50872 nodes, 144715 edges
2026-03-16 01:37:40.710 | INFO     | osm.road_filter:filter_main_roads:40 -   After filter (main roads only): 7460 nodes, 12863 edges
2026-03-16 01:37:40.901 | DEBUG    | utils.distance_utils:build_node_balltree:29 - Built BallTree with 7460 nodes
2026-03-16 01:37:40.902 | DEBUG    | utils.geo_utils:haversine_distance:20 - Haversine: (31.36404355230743, 73.08857112700947) → (31.3657487, 73.087662) = 208.3 m
2026-03-16 01:37:40.902 | DEBUG    | utils.distance_utils:find_nearest_road_point:56 - Nearest road node to (31.36404355230743, 73.08857112700947): (31.365749, 73.087662) — 208.3m
2026-03-16 01:37:40.902 | DEBUG    | utils.geo_utils:haversine_distance:20 - Haversine: (31.36404355230743, 73.08857112700947) → (31.3657487, 73.087662) = 208.3 m
2026-03-16 01:37:40.902 | DEBUG    | data_pipeline.stop_builder:snap_stops_to_roads:38 - Snapped Test Student 1 (TEST-7628): 208.3m
2026-03-16 01:37:40.916 | DEBUG    | utils.distance_utils:build_node_balltree:29 - Built BallTree with 7460 nodes
2026-03-16 01:37:40.917 | DEBUG    | utils.geo_utils:haversine_distance:20 - Haversine: (31.53753690084093, 73.17475174301423) → (31.5345015, 73.1712476) = 473.5 m
2026-03-16 01:37:40.917 | DEBUG    | utils.distance_utils:find_nearest_road_point:56 - Nearest road node to (31.53753690084093, 73.17475174301423): (31.534502, 73.171248) — 473.5m
2026-03-16 01:37:40.917 | DEBUG    | utils.geo_utils:haversine_distance:20 - Haversine: (31.53753690084093, 73.17475174301423) → (31.5345015, 73.1712476) = 473.5 m
2026-03-16 01:37:40.917 | DEBUG    | data_pipeline.stop_builder:snap_stops_to_roads:38 - Snapped Test Student 2 (TEST-5002): 473.5m
2026-03-16 01:37:40.930 | DEBUG    | utils.distance_utils:build_node_balltree:29 - Built BallTree with 7460 nodes
2026-03-16 01:37:40.930 | DEBUG    | utils.geo_utils:haversine_distance:20 - Haversine: (31.485888494254528, 73.13345436674011) → (31.4892564, 73.1352759) = 412.4 m
2026-03-16 01:37:40.930 | DEBUG    | utils.distance_utils:find_nearest_road_point:56 - Nearest road node to (31.485888494254528, 73.13345436674011): (31.489256, 73.135276) — 412.4m
2026-03-16 01:37:40.931 | DEBUG    | utils.geo_utils:haversine_distance:20 - Haversine: (31.485888494254528, 73.13345436674011) → (31.4892564, 73.1352759) = 412.4 m
2026-03-16 01:37:40.931 | DEBUG    | data_pipeline.stop_builder:snap_stops_to_roads:38 - Snapped Test Student 3 (TEST-9126): 412.4m
2026-03-16 01:37:40.943 | DEBUG    | utils.distance_utils:build_node_balltree:29 - Built BallTree with 7460 nodes
2026-03-16 01:37:40.944 | DEBUG    | utils.geo_utils:haversine_distance:20 - Haversine: (31.304535746440816, 73.01492028863926) → (31.3140734, 73.0226304) = 1288.9 m
2026-03-16 01:37:40.944 | DEBUG    | utils.distance_utils:find_nearest_road_point:56 - Nearest road node to (31.304535746440816, 73.01492028863926): (31.314073, 73.022630) — 1288.9m
2026-03-16 01:37:40.944 | DEBUG    | utils.geo_utils:haversine_distance:20 - Haversine: (31.304535746440816, 73.01492028863926) → (31.3140734, 73.0226304) = 1288.9 m
2026-03-16 01:37:40.944 | WARNING  | data_pipeline.stop_builder:snap_stops_to_roads:40 - Stop Test Student 4 too far from main road (1288.9m) → skipped
2026-03-16 01:37:40.958 | DEBUG    | utils.distance_utils:build_node_balltree:29 - Built BallTree with 7460 nodes
2026-03-16 01:37:40.959 | DEBUG    | utils.geo_utils:haversine_distance:20 - Haversine: (31.33986425355827, 73.04300473978151) → (31.334111, 73.0466) = 725.2 m
2026-03-16 01:37:40.960 | DEBUG    | utils.distance_utils:find_nearest_road_point:56 - Nearest road node to (31.33986425355827, 73.04300473978151): (31.334111, 73.046600) — 725.2m
2026-03-16 01:37:40.960 | DEBUG    | utils.geo_utils:haversine_distance:20 - Haversine: (31.33986425355827, 73.04300473978151) → (31.334111, 73.0466) = 725.2 m
2026-03-16 01:37:40.960 | DEBUG    | data_pipeline.stop_builder:snap_stops_to_roads:38 - Snapped Test Student 5 (TEST-4174): 725.2m
2026-03-16 01:37:40.974 | DEBUG    | utils.distance_utils:build_node_balltree:29 - Built BallTree with 7460 nodes
2026-03-16 01:37:40.975 | DEBUG    | utils.geo_utils:haversine_distance:20 - Haversine: (31.51430793250577, 73.16888412145931) → (31.5131321, 73.1676906) = 172.9 m
2026-03-16 01:37:40.975 | DEBUG    | utils.distance_utils:find_nearest_road_point:56 - Nearest road node to (31.51430793250577, 73.16888412145931): (31.513132, 73.167691) — 172.9m
2026-03-16 01:37:40.975 | DEBUG    | utils.geo_utils:haversine_distance:20 - Haversine: (31.51430793250577, 73.16888412145931) → (31.5131321, 73.1676906) = 172.9 m
2026-03-16 01:37:40.975 | DEBUG    | data_pipeline.stop_builder:snap_stops_to_roads:38 - Snapped Test Student 6 (TEST-3753): 172.9m
2026-03-16 01:37:40.988 | DEBUG    | utils.distance_utils:build_node_balltree:29 - Built BallTree with 7460 nodes
2026-03-16 01:37:40.989 | DEBUG    | utils.geo_utils:haversine_distance:20 - Haversine: (31.398438208944356, 73.19868404650178) → (31.3891842, 73.1943255) = 1109.0 m
2026-03-16 01:37:40.989 | DEBUG    | utils.distance_utils:find_nearest_road_point:56 - Nearest road node to (31.398438208944356, 73.19868404650178): (31.389184, 73.194326) — 1109.0m
2026-03-16 01:37:40.989 | DEBUG    | utils.geo_utils:haversine_distance:20 - Haversine: (31.398438208944356, 73.19868404650178) → (31.3891842, 73.1943255) = 1109.0 m
2026-03-16 01:37:40.989 | WARNING  | data_pipeline.stop_builder:snap_stops_to_roads:40 - Stop Test Student 7 too far from main road (1109.0m) → skipped
2026-03-16 01:37:41.002 | DEBUG    | utils.distance_utils:build_node_balltree:29 - Built BallTree with 7460 nodes
2026-03-16 01:37:41.003 | DEBUG    | utils.geo_utils:haversine_distance:20 - Haversine: (31.413983848236096, 73.04372175167428) → (31.4184363, 73.0448891) = 507.3 m
2026-03-16 01:37:41.003 | DEBUG    | utils.distance_utils:find_nearest_road_point:56 - Nearest road node to (31.413983848236096, 73.04372175167428): (31.418436, 73.044889) — 507.3m
2026-03-16 01:37:41.004 | DEBUG    | utils.geo_utils:haversine_distance:20 - Haversine: (31.413983848236096, 73.04372175167428) → (31.4184363, 73.0448891) = 507.3 m
2026-03-16 01:37:41.004 | DEBUG    | data_pipeline.stop_builder:snap_stops_to_roads:38 - Snapped Test Student 8 (TEST-4223): 507.3m
2026-03-16 01:37:41.016 | DEBUG    | utils.distance_utils:build_node_balltree:29 - Built BallTree with 7460 nodes
2026-03-16 01:37:41.018 | DEBUG    | utils.geo_utils:haversine_distance:20 - Haversine: (31.48511825146769, 73.10102844642768) → (31.4842288, 73.1060603) = 487.3 m
2026-03-16 01:37:41.018 | DEBUG    | utils.distance_utils:find_nearest_road_point:56 - Nearest road node to (31.48511825146769, 73.10102844642768): (31.484229, 73.106060) — 487.3m
2026-03-16 01:37:41.018 | DEBUG    | utils.geo_utils:haversine_distance:20 - Haversine: (31.48511825146769, 73.10102844642768) → (31.4842288, 73.1060603) = 487.3 m
2026-03-16 01:37:41.018 | DEBUG    | data_pipeline.stop_builder:snap_stops_to_roads:38 - Snapped Test Student 9 (TEST-7044): 487.3m
2026-03-16 01:37:41.031 | DEBUG    | utils.distance_utils:build_node_balltree:29 - Built BallTree with 7460 nodes
2026-03-16 01:37:41.032 | DEBUG    | utils.geo_utils:haversine_distance:20 - Haversine: (31.444752159498343, 73.18946844402561) → (31.4439404, 73.1785439) = 1040.3 m
2026-03-16 01:37:41.032 | DEBUG    | utils.distance_utils:find_nearest_road_point:56 - Nearest road node to (31.444752159498343, 73.18946844402561): (31.443940, 73.178544) — 1040.3m
2026-03-16 01:37:41.032 | DEBUG    | utils.geo_utils:haversine_distance:20 - Haversine: (31.444752159498343, 73.18946844402561) → (31.4439404, 73.1785439) = 1040.3 m
2026-03-16 01:37:41.032 | WARNING  | data_pipeline.stop_builder:snap_stops_to_roads:40 - Stop Test Student 10 too far from main road (1040.3m) → skipped
2026-03-16 01:37:41.032 | INFO     | data_pipeline.stop_builder:snap_stops_to_roads:47 - Snapping complete:
2026-03-16 01:37:41.033 | INFO     | data_pipeline.stop_builder:snap_stops_to_roads:48 -   Input stops: 10
2026-03-16 01:37:41.033 | INFO     | data_pipeline.stop_builder:snap_stops_to_roads:49 -   Snapped successfully: 7
2026-03-16 01:37:41.033 | INFO     | data_pipeline.stop_builder:snap_stops_to_roads:50 -   Skipped (too far): 3
2026-03-16 01:37:41.033 | DEBUG    | data_pipeline.stop_builder:snap_stops_to_roads:53 - First snapped stop example: {'student_id': 'test_001', 'name': 'Test Student 1', 'roll_no': 'TEST-7628', 'lat': 31.3657487, 'lng': 73.087662, 'student_count': 1, 'contact': '03696068078', 'semester': 'Spring 2026', 'fee_status': 'unpaid', 'registration_status': 'pending', 'original_lat': 31.36404355230743, 'original_lng': 73.08857112700947, 'snap_distance_m': 208.33}
2026-03-16 01:37:41.034 | DEBUG    | utils.geo_utils:haversine_distance:20 - Haversine: (31.5345015, 73.1712476) → (31.3657487, 73.087662) = 20370.9 m
2026-03-16 01:37:41.034 | DEBUG    | utils.geo_utils:haversine_distance:20 - Haversine: (31.4892564, 73.1352759) → (31.3657487, 73.087662) = 14457.4 m
2026-03-16 01:37:41.034 | DEBUG    | utils.geo_utils:haversine_distance:20 - Haversine: (31.4892564, 73.1352759) → (31.5345015, 73.1712476) = 6077.8 m
2026-03-16 01:37:41.034 | DEBUG    | utils.geo_utils:haversine_distance:20 - Haversine: (31.334111, 73.0466) → (31.3657487, 73.087662) = 5251.7 m
2026-03-16 01:37:41.034 | DEBUG    | utils.geo_utils:haversine_distance:20 - Haversine: (31.334111, 73.0466) → (31.5345015, 73.1712476) = 25226.2 m
2026-03-16 01:37:41.034 | DEBUG    | utils.geo_utils:haversine_distance:20 - Haversine: (31.334111, 73.0466) → (31.4892564, 73.1352759) = 19194.4 m
2026-03-16 01:37:41.034 | DEBUG    | utils.geo_utils:haversine_distance:20 - Haversine: (31.5131321, 73.1676906) → (31.3657487, 73.087662) = 18061.6 m
2026-03-16 01:37:41.034 | DEBUG    | utils.geo_utils:haversine_distance:20 - Haversine: (31.5131321, 73.1676906) → (31.5345015, 73.1712476) = 2400.0 m
2026-03-16 01:37:41.034 | DEBUG    | utils.geo_utils:haversine_distance:20 - Haversine: (31.5131321, 73.1676906) → (31.4892564, 73.1352759) = 4061.1 m
2026-03-16 01:37:41.034 | DEBUG    | utils.geo_utils:haversine_distance:20 - Haversine: (31.5131321, 73.1676906) → (31.334111, 73.0466) = 22984.2 m
2026-03-16 01:37:41.034 | DEBUG    | utils.geo_utils:haversine_distance:20 - Haversine: (31.4184363, 73.0448891) → (31.3657487, 73.087662) = 7127.8 m
2026-03-16 01:37:41.034 | DEBUG    | utils.geo_utils:haversine_distance:20 - Haversine: (31.4184363, 73.0448891) → (31.5345015, 73.1712476) = 17611.2 m
2026-03-16 01:37:41.034 | DEBUG    | utils.geo_utils:haversine_distance:20 - Haversine: (31.4184363, 73.0448891) → (31.4892564, 73.1352759) = 11641.4 m
2026-03-16 01:37:41.034 | DEBUG    | utils.geo_utils:haversine_distance:20 - Haversine: (31.4184363, 73.0448891) → (31.334111, 73.0466) = 9378.0 m
2026-03-16 01:37:41.034 | DEBUG    | utils.geo_utils:haversine_distance:20 - Haversine: (31.4184363, 73.0448891) → (31.5131321, 73.1676906) = 15701.2 m
2026-03-16 01:37:41.034 | DEBUG    | utils.geo_utils:haversine_distance:20 - Haversine: (31.4842288, 73.1060603) → (31.3657487, 73.087662) = 13289.5 m
2026-03-16 01:37:41.034 | DEBUG    | utils.geo_utils:haversine_distance:20 - Haversine: (31.4842288, 73.1060603) → (31.5345015, 73.1712476) = 8333.0 m
2026-03-16 01:37:41.034 | DEBUG    | utils.geo_utils:haversine_distance:20 - Haversine: (31.4842288, 73.1060603) → (31.4892564, 73.1352759) = 2826.1 m
2026-03-16 01:37:41.034 | DEBUG    | utils.geo_utils:haversine_distance:20 - Haversine: (31.4842288, 73.1060603) → (31.334111, 73.0466) = 17620.3 m
2026-03-16 01:37:41.034 | DEBUG    | utils.geo_utils:haversine_distance:20 - Haversine: (31.4842288, 73.1060603) → (31.5131321, 73.1676906) = 6668.7 m
2026-03-16 01:37:41.034 | DEBUG    | utils.geo_utils:haversine_distance:20 - Haversine: (31.4842288, 73.1060603) → (31.4184363, 73.0448891) = 9337.6 m
2026-03-16 01:37:41.035 | INFO     | data_pipeline.stop_builder:merge_nearby_stops:91 - Merged stops:
2026-03-16 01:37:41.035 | INFO     | data_pipeline.stop_builder:merge_nearby_stops:92 -   Before merge: 7 stops
2026-03-16 01:37:41.035 | INFO     | data_pipeline.stop_builder:merge_nearby_stops:93 -   After merge : 7 stops (merged 0 pairs/groups)
2026-03-16 01:37:41.035 | DEBUG    | data_pipeline.stop_builder:merge_nearby_stops:95 - First few merged stops: [{'student_id': 'test_001', 'name': 'Test Student 1', 'roll_no': 'TEST-7628', 'lat': 31.3657487, 'lng': 73.087662, 'student_count': 1, 'contact': '03696068078', 'semester': 'Spring 2026', 'fee_status': 'unpaid', 'registration_status': 'pending', 'original_lat': 31.36404355230743, 'original_lng': 73.08857112700947, 'snap_distance_m': 208.33, 'merged_student_ids': ['test_001']}, {'student_id': 'test_002', 'name': 'Test Student 2', 'roll_no': 'TEST-5002', 'lat': 31.5345015, 'lng': 73.1712476, 'student_count': 1, 'contact': '03257323478', 'semester': 'Spring 2026', 'fee_status': 'unpaid', 'registration_status': 'pending', 'original_lat': 31.53753690084093, 'original_lng': 73.17475174301423, 'snap_distance_m': 473.51, 'merged_student_ids': ['test_002']}, {'student_id': 'test_003', 'name': 'Test Student 3', 'roll_no': 'TEST-9126', 'lat': 31.4892564, 'lng': 73.1352759, 'student_count': 1, 'contact': '03628253678', 'semester': 'Spring 2026', 'fee_status': 'unpaid', 'registration_status': 'pending', 'original_lat': 31.485888494254528, 'original_lng': 73.13345436674011, 'snap_distance_m': 412.41, 'merged_student_ids': ['test_003']}]
2026-03-16 01:37:42.749 | INFO     | clustering.stop_clustering:cluster_stops:30 - Clustered into 1 buses (capacity 30):
2026-03-16 01:37:42.749 | INFO     | clustering.stop_clustering:cluster_stops:33 -   Bus 0: 7 stops, 7 students
2026-03-16 01:37:43.640 | INFO     | optimization.tsp_solver:get_road_distance_matrix:38 - ORS matrix computed: 8x8
2026-03-16 01:37:58.667 | INFO     | optimization.tsp_solver:solve_tsp:123 - TSP solved: 7 stops, distance 68016 m, objective 68016
2026-03-16 01:37:58.668 | DEBUG    | optimization.tsp_solver:solve_tsp:124 - Order: ['unknown', 'unknown', 'unknown', 'unknown', 'unknown', 'unknown', 'unknown']
2026-03-16 01:37:58.668 | DEBUG    | optimization.route_generator:generate_route_path:57 - Requesting ORS route with 8 waypoints
2026-03-16 01:37:59.862 | INFO     | optimization.route_generator:generate_route_path:74 - ORS route generated successfully (bug-free)
2026-03-16 01:37:59.863 | INFO     | optimization.route_generator:generate_route_path:75 -   Waypoints: 7 stops → University
2026-03-16 01:37:59.863 | INFO     | optimization.route_generator:generate_route_path:76 -   Distance: 82.37 km
2026-03-16 01:37:59.863 | INFO     | optimization.route_generator:generate_route_path:77 -   Duration: 1.62 h (97 min)
2026-03-16 01:37:59.863 | DEBUG    | optimization.route_generator:generate_route_path:78 - Geometry sample (first 3 & last 3): [[73.087662, 31.365749], [73.086327, 31.364414], [73.084319, 31.3624]] ... [[73.03447, 31.602425], [73.034742, 31.602694], [73.034832, 31.602523]]
2026-03-16 01:37:59.864 | INFO     | optimization.store_routes:compute_fee_per_student:29 - Fee calc: 56486 PKR/student | dist=82.4km | students=7
2026-03-16 01:38:02.843 | DEBUG    | optimization.store_routes:store_optimized_routes:100 - Stored stop R1_stop1 (R1)
2026-03-16 01:38:05.707 | DEBUG    | optimization.store_routes:store_optimized_routes:100 - Stored stop R1_stop2 (R1)
2026-03-16 01:38:06.278 | DEBUG    | optimization.store_routes:store_optimized_routes:100 - Stored stop R1_stop3 (R1)
2026-03-16 01:38:06.819 | DEBUG    | optimization.store_routes:store_optimized_routes:100 - Stored stop R1_stop4 (R1)
2026-03-16 01:38:09.124 | DEBUG    | optimization.store_routes:store_optimized_routes:100 - Stored stop R1_stop5 (R1)
2026-03-16 01:38:09.666 | DEBUG    | optimization.store_routes:store_optimized_routes:100 - Stored stop R1_stop6 (R1)
2026-03-16 01:38:11.978 | DEBUG    | optimization.store_routes:store_optimized_routes:100 - Stored stop R1_stop7 (R1)
2026-03-16 01:38:13.150 | INFO     | optimization.store_routes:store_optimized_routes:124 - Stored route route_0 (R1): 7 stops, 82.37 km
2026-03-16 01:38:13.150 | INFO     | optimization.store_routes:store_optimized_routes:130 - Back-filling route_id on 7 stops...
2026-03-16 01:38:13.722 | DEBUG    | optimization.store_routes:store_optimized_routes:148 - Final batch: 7 writes
2026-03-16 01:38:13.722 | INFO     | optimization.store_routes:store_optimized_routes:150 - Done: 1 routes | 7 stops stored
2026-03-16 01:38:13.722 | INFO     | api.main:run_optimization:64 - Pipeline completed successfully | 1 buses processed
2026-03-16 01:45:09.964 | INFO     | database.firebase:<module>:12 - Firebase Admin SDK initialized successfully
2026-03-16 01:45:40.984 | INFO     | database.firebase:<module>:12 - Firebase Admin SDK initialized successfully
2026-03-16 01:46:40.625 | INFO     | database.firebase:<module>:12 - Firebase Admin SDK initialized successfully
2026-03-16 01:47:06.475 | INFO     | database.firebase:<module>:12 - Firebase Admin SDK initialized successfully
2026-03-16 01:47:13.442 | INFO     | api.main:run_optimization:29 - Starting full route optimization pipeline
2026-03-16 01:47:17.845 | WARNING  | data_pipeline.student_loader:load_student_stops:37 - Student h3zzvjYXAnM5idW1JUkq9zREyWL2 missing valid lat/lng → skipped
2026-03-16 01:47:17.848 | INFO     | data_pipeline.student_loader:load_student_stops:42 - Loaded 30 student stops from Firestore
2026-03-16 01:47:17.849 | DEBUG    | data_pipeline.student_loader:load_student_stops:43 - First 3 stops (sample): [{'student_id': 'test_001', 'name': 'Test Student 1', 'roll_no': 'TEST-4859', 'lat': 31.31231640047313, 'lng': 73.12215725387725, 'student_count': 1, 'contact': '03878569335', 'semester': 'Spring 2026', 'fee_status': 'unpaid', 'registration_status': 'pending'}, {'student_id': 'test_002', 'name': 'Test Student 2', 'roll_no': 'TEST-9472', 'lat': 31.434469131932936, 'lng': 73.13795069645073, 'student_count': 1, 'contact': '03187369649', 'semester': 'Spring 2026', 'fee_status': 'unpaid', 'registration_status': 'pending'}, {'student_id': 'test_003', 'name': 'Test Student 3', 'roll_no': 'TEST-6600', 'lat': 31.41572697425165, 'lng': 73.04067412072366, 'student_count': 1, 'contact': '03446539747', 'semester': 'Spring 2026', 'fee_status': 'unpaid', 'registration_status': 'pending'}]
2026-03-16 01:47:17.849 | INFO     | osm.fetch_roads:fetch_or_load_road_graph:19 - Loading cached Faisalabad road graph...
2026-03-16 01:47:27.671 | INFO     | osm.fetch_roads:fetch_or_load_road_graph:21 - Loaded graph with 50872 nodes and 144715 edges
2026-03-16 01:47:27.835 | INFO     | osm.road_filter:filter_main_roads:38 - Filtered graph:
2026-03-16 01:47:27.868 | INFO     | osm.road_filter:filter_main_roads:39 -   Original: 50872 nodes, 144715 edges
2026-03-16 01:47:27.996 | INFO     | osm.road_filter:filter_main_roads:40 -   After filter (main roads only): 7460 nodes, 12863 edges
2026-03-16 01:47:28.444 | DEBUG    | utils.distance_utils:build_node_balltree:29 - Built BallTree with 7460 nodes
2026-03-16 01:47:28.446 | DEBUG    | utils.geo_utils:haversine_distance:20 - Haversine: (31.31231640047313, 73.12215725387725) → (31.3041712, 73.1294312) = 1139.2 m
2026-03-16 01:47:28.447 | DEBUG    | utils.distance_utils:find_nearest_road_point:56 - Nearest road node to (31.31231640047313, 73.12215725387725): (31.304171, 73.129431) — 1139.2m
2026-03-16 01:47:28.447 | DEBUG    | utils.geo_utils:haversine_distance:20 - Haversine: (31.31231640047313, 73.12215725387725) → (31.3041712, 73.1294312) = 1139.2 m
2026-03-16 01:47:28.447 | DEBUG    | data_pipeline.stop_builder:snap_stops_to_roads:38 - Snapped Test Student 1 (TEST-4859): 1139.2m
2026-03-16 01:47:28.471 | DEBUG    | utils.distance_utils:build_node_balltree:29 - Built BallTree with 7460 nodes
2026-03-16 01:47:28.472 | DEBUG    | utils.geo_utils:haversine_distance:20 - Haversine: (31.434469131932936, 73.13795069645073) → (31.4368525, 73.1402929) = 345.9 m
2026-03-16 01:47:28.473 | DEBUG    | utils.distance_utils:find_nearest_road_point:56 - Nearest road node to (31.434469131932936, 73.13795069645073): (31.436853, 73.140293) — 345.9m
2026-03-16 01:47:28.473 | DEBUG    | utils.geo_utils:haversine_distance:20 - Haversine: (31.434469131932936, 73.13795069645073) → (31.4368525, 73.1402929) = 345.9 m
2026-03-16 01:47:28.473 | DEBUG    | data_pipeline.stop_builder:snap_stops_to_roads:38 - Snapped Test Student 2 (TEST-9472): 345.9m
2026-03-16 01:47:28.499 | DEBUG    | utils.distance_utils:build_node_balltree:29 - Built BallTree with 7460 nodes
2026-03-16 01:47:28.501 | DEBUG    | utils.geo_utils:haversine_distance:20 - Haversine: (31.41572697425165, 73.04067412072366) → (31.419108, 73.0417938) = 390.7 m
2026-03-16 01:47:28.501 | DEBUG    | utils.distance_utils:find_nearest_road_point:56 - Nearest road node to (31.41572697425165, 73.04067412072366): (31.419108, 73.041794) — 390.7m
2026-03-16 01:47:28.501 | DEBUG    | utils.geo_utils:haversine_distance:20 - Haversine: (31.41572697425165, 73.04067412072366) → (31.419108, 73.0417938) = 390.7 m
2026-03-16 01:47:28.502 | DEBUG    | data_pipeline.stop_builder:snap_stops_to_roads:38 - Snapped Test Student 3 (TEST-6600): 390.7m
2026-03-16 01:47:28.542 | DEBUG    | utils.distance_utils:build_node_balltree:29 - Built BallTree with 7460 nodes
2026-03-16 01:47:28.544 | DEBUG    | utils.geo_utils:haversine_distance:20 - Haversine: (31.495041110204546, 73.06990497028409) → (31.4962011, 73.0724818) = 276.3 m
2026-03-16 01:47:28.544 | DEBUG    | utils.distance_utils:find_nearest_road_point:56 - Nearest road node to (31.495041110204546, 73.06990497028409): (31.496201, 73.072482) — 276.3m
2026-03-16 01:47:28.544 | DEBUG    | utils.geo_utils:haversine_distance:20 - Haversine: (31.495041110204546, 73.06990497028409) → (31.4962011, 73.0724818) = 276.3 m
2026-03-16 01:47:28.545 | DEBUG    | data_pipeline.stop_builder:snap_stops_to_roads:38 - Snapped Test Student 4 (TEST-7609): 276.3m
2026-03-16 01:47:28.570 | DEBUG    | utils.distance_utils:build_node_balltree:29 - Built BallTree with 7460 nodes
2026-03-16 01:47:28.572 | DEBUG    | utils.geo_utils:haversine_distance:20 - Haversine: (31.417919222189024, 73.00207560018623) → (31.4191746, 73.0041645) = 242.4 m
2026-03-16 01:47:28.573 | DEBUG    | utils.distance_utils:find_nearest_road_point:56 - Nearest road node to (31.417919222189024, 73.00207560018623): (31.419175, 73.004165) — 242.4m
2026-03-16 01:47:28.574 | DEBUG    | utils.geo_utils:haversine_distance:20 - Haversine: (31.417919222189024, 73.00207560018623) → (31.4191746, 73.0041645) = 242.4 m
2026-03-16 01:47:28.574 | DEBUG    | data_pipeline.stop_builder:snap_stops_to_roads:38 - Snapped Test Student 5 (TEST-8519): 242.4m
2026-03-16 01:47:28.604 | DEBUG    | utils.distance_utils:build_node_balltree:29 - Built BallTree with 7460 nodes
2026-03-16 01:47:28.607 | DEBUG    | utils.geo_utils:haversine_distance:20 - Haversine: (31.394442063814562, 73.12485741617145) → (31.3953268, 73.1255919) = 120.6 m
2026-03-16 01:47:28.607 | DEBUG    | utils.distance_utils:find_nearest_road_point:56 - Nearest road node to (31.394442063814562, 73.12485741617145): (31.395327, 73.125592) — 120.6m
2026-03-16 01:47:28.608 | DEBUG    | utils.geo_utils:haversine_distance:20 - Haversine: (31.394442063814562, 73.12485741617145) → (31.3953268, 73.1255919) = 120.6 m
2026-03-16 01:47:28.608 | DEBUG    | data_pipeline.stop_builder:snap_stops_to_roads:38 - Snapped Test Student 6 (TEST-5876): 120.6m
2026-03-16 01:47:28.641 | DEBUG    | utils.distance_utils:build_node_balltree:29 - Built BallTree with 7460 nodes
2026-03-16 01:47:28.643 | DEBUG    | utils.geo_utils:haversine_distance:20 - Haversine: (31.36295888586671, 73.07422059920307) → (31.3642503, 73.0686124) = 551.5 m
2026-03-16 01:47:28.643 | DEBUG    | utils.distance_utils:find_nearest_road_point:56 - Nearest road node to (31.36295888586671, 73.07422059920307): (31.364250, 73.068612) — 551.5m
2026-03-16 01:47:28.645 | DEBUG    | utils.geo_utils:haversine_distance:20 - Haversine: (31.36295888586671, 73.07422059920307) → (31.3642503, 73.0686124) = 551.5 m
2026-03-16 01:47:28.645 | DEBUG    | data_pipeline.stop_builder:snap_stops_to_roads:38 - Snapped Test Student 7 (TEST-8288): 551.5m
2026-03-16 01:47:28.675 | DEBUG    | utils.distance_utils:build_node_balltree:29 - Built BallTree with 7460 nodes
2026-03-16 01:47:28.678 | DEBUG    | utils.geo_utils:haversine_distance:20 - Haversine: (31.494034146716405, 73.06974887024069) → (31.4940623, 73.0730086) = 309.1 m
2026-03-16 01:47:28.679 | DEBUG    | utils.distance_utils:find_nearest_road_point:56 - Nearest road node to (31.494034146716405, 73.06974887024069): (31.494062, 73.073009) — 309.1m
2026-03-16 01:47:28.679 | DEBUG    | utils.geo_utils:haversine_distance:20 - Haversine: (31.494034146716405, 73.06974887024069) → (31.4940623, 73.0730086) = 309.1 m
2026-03-16 01:47:28.679 | DEBUG    | data_pipeline.stop_builder:snap_stops_to_roads:38 - Snapped Test Student 8 (TEST-4864): 309.1m
2026-03-16 01:47:28.709 | DEBUG    | utils.distance_utils:build_node_balltree:29 - Built BallTree with 7460 nodes
2026-03-16 01:47:28.711 | DEBUG    | utils.geo_utils:haversine_distance:20 - Haversine: (31.40968406758977, 73.1477703319468) → (31.4068604, 73.1492935) = 345.7 m
2026-03-16 01:47:28.712 | DEBUG    | utils.distance_utils:find_nearest_road_point:56 - Nearest road node to (31.40968406758977, 73.1477703319468): (31.406860, 73.149293) — 345.7m
2026-03-16 01:47:28.712 | DEBUG    | utils.geo_utils:haversine_distance:20 - Haversine: (31.40968406758977, 73.1477703319468) → (31.4068604, 73.1492935) = 345.7 m
2026-03-16 01:47:28.712 | DEBUG    | data_pipeline.stop_builder:snap_stops_to_roads:38 - Snapped Test Student 9 (TEST-8860): 345.7m
2026-03-16 01:47:28.744 | DEBUG    | utils.distance_utils:build_node_balltree:29 - Built BallTree with 7460 nodes
2026-03-16 01:47:28.746 | DEBUG    | utils.geo_utils:haversine_distance:20 - Haversine: (31.36967217761804, 73.17919210071113) → (31.364842, 73.1888217) = 1060.4 m
2026-03-16 01:47:28.747 | DEBUG    | utils.distance_utils:find_nearest_road_point:56 - Nearest road node to (31.36967217761804, 73.17919210071113): (31.364842, 73.188822) — 1060.4m
2026-03-16 01:47:28.747 | DEBUG    | utils.geo_utils:haversine_distance:20 - Haversine: (31.36967217761804, 73.17919210071113) → (31.364842, 73.1888217) = 1060.4 m
2026-03-16 01:47:28.747 | DEBUG    | data_pipeline.stop_builder:snap_stops_to_roads:38 - Snapped Test Student 10 (TEST-9250): 1060.4m
2026-03-16 01:47:28.776 | DEBUG    | utils.distance_utils:build_node_balltree:29 - Built BallTree with 7460 nodes
2026-03-16 01:47:28.780 | DEBUG    | utils.geo_utils:haversine_distance:20 - Haversine: (31.398226487555743, 73.16380167991137) → (31.3982919, 73.1639859) = 18.9 m
2026-03-16 01:47:28.781 | DEBUG    | utils.distance_utils:find_nearest_road_point:56 - Nearest road node to (31.398226487555743, 73.16380167991137): (31.398292, 73.163986) — 18.9m
2026-03-16 01:47:28.781 | DEBUG    | utils.geo_utils:haversine_distance:20 - Haversine: (31.398226487555743, 73.16380167991137) → (31.3982919, 73.1639859) = 18.9 m
2026-03-16 01:47:28.781 | DEBUG    | data_pipeline.stop_builder:snap_stops_to_roads:38 - Snapped Test Student 11 (TEST-6743): 18.9m
2026-03-16 01:47:28.819 | DEBUG    | utils.distance_utils:build_node_balltree:29 - Built BallTree with 7460 nodes
2026-03-16 01:47:28.824 | DEBUG    | utils.geo_utils:haversine_distance:20 - Haversine: (31.34609105377534, 73.07874571304295) → (31.3437631, 73.0763411) = 345.2 m
2026-03-16 01:47:28.824 | DEBUG    | utils.distance_utils:find_nearest_road_point:56 - Nearest road node to (31.34609105377534, 73.07874571304295): (31.343763, 73.076341) — 345.2m
2026-03-16 01:47:28.825 | DEBUG    | utils.geo_utils:haversine_distance:20 - Haversine: (31.34609105377534, 73.07874571304295) → (31.3437631, 73.0763411) = 345.2 m
2026-03-16 01:47:28.825 | DEBUG    | data_pipeline.stop_builder:snap_stops_to_roads:38 - Snapped Test Student 12 (TEST-4347): 345.2m
2026-03-16 01:47:28.869 | DEBUG    | utils.distance_utils:build_node_balltree:29 - Built BallTree with 7460 nodes
2026-03-16 01:47:28.873 | DEBUG    | utils.geo_utils:haversine_distance:20 - Haversine: (31.332127277093015, 73.10360746882343) → (31.3326781, 73.1048617) = 133.9 m
2026-03-16 01:47:28.873 | DEBUG    | utils.distance_utils:find_nearest_road_point:56 - Nearest road node to (31.332127277093015, 73.10360746882343): (31.332678, 73.104862) — 133.9m
2026-03-16 01:47:28.874 | DEBUG    | utils.geo_utils:haversine_distance:20 - Haversine: (31.332127277093015, 73.10360746882343) → (31.3326781, 73.1048617) = 133.9 m
2026-03-16 01:47:28.874 | DEBUG    | data_pipeline.stop_builder:snap_stops_to_roads:38 - Snapped Test Student 13 (TEST-7483): 133.9m
2026-03-16 01:47:28.908 | DEBUG    | utils.distance_utils:build_node_balltree:29 - Built BallTree with 7460 nodes
2026-03-16 01:47:28.910 | DEBUG    | utils.geo_utils:haversine_distance:20 - Haversine: (31.39540941839357, 73.03003518526391) → (31.3992281, 73.0283241) = 454.6 m
2026-03-16 01:47:28.910 | DEBUG    | utils.distance_utils:find_nearest_road_point:56 - Nearest road node to (31.39540941839357, 73.03003518526391): (31.399228, 73.028324) — 454.6m
2026-03-16 01:47:28.910 | DEBUG    | utils.geo_utils:haversine_distance:20 - Haversine: (31.39540941839357, 73.03003518526391) → (31.3992281, 73.0283241) = 454.6 m
2026-03-16 01:47:28.910 | DEBUG    | data_pipeline.stop_builder:snap_stops_to_roads:38 - Snapped Test Student 14 (TEST-4422): 454.6m
2026-03-16 01:47:28.976 | DEBUG    | utils.distance_utils:build_node_balltree:29 - Built BallTree with 7460 nodes
2026-03-16 01:47:28.991 | DEBUG    | utils.geo_utils:haversine_distance:20 - Haversine: (31.36116249432148, 73.05804575073267) → (31.3595159, 73.0558316) = 278.8 m
2026-03-16 01:47:28.992 | DEBUG    | utils.distance_utils:find_nearest_road_point:56 - Nearest road node to (31.36116249432148, 73.05804575073267): (31.359516, 73.055832) — 278.8m
2026-03-16 01:47:28.992 | DEBUG    | utils.geo_utils:haversine_distance:20 - Haversine: (31.36116249432148, 73.05804575073267) → (31.3595159, 73.0558316) = 278.8 m
2026-03-16 01:47:28.992 | DEBUG    | data_pipeline.stop_builder:snap_stops_to_roads:38 - Snapped Test Student 15 (TEST-8130): 278.8m
2026-03-16 01:47:29.036 | DEBUG    | utils.distance_utils:build_node_balltree:29 - Built BallTree with 7460 nodes
2026-03-16 01:47:29.046 | DEBUG    | utils.geo_utils:haversine_distance:20 - Haversine: (31.38733802078019, 73.08136706811774) → (31.3891488, 73.0788111) = 315.3 m
2026-03-16 01:47:29.046 | DEBUG    | utils.distance_utils:find_nearest_road_point:56 - Nearest road node to (31.38733802078019, 73.08136706811774): (31.389149, 73.078811) — 315.3m
2026-03-16 01:47:29.047 | DEBUG    | utils.geo_utils:haversine_distance:20 - Haversine: (31.38733802078019, 73.08136706811774) → (31.3891488, 73.0788111) = 315.3 m
2026-03-16 01:47:29.047 | DEBUG    | data_pipeline.stop_builder:snap_stops_to_roads:38 - Snapped Test Student 16 (TEST-2770): 315.3m
2026-03-16 01:47:29.086 | DEBUG    | utils.distance_utils:build_node_balltree:29 - Built BallTree with 7460 nodes
2026-03-16 01:47:29.091 | DEBUG    | utils.geo_utils:haversine_distance:20 - Haversine: (31.466758883565454, 73.02280197490566) → (31.4677186, 73.025005) = 234.6 m
2026-03-16 01:47:29.091 | DEBUG    | utils.distance_utils:find_nearest_road_point:56 - Nearest road node to (31.466758883565454, 73.02280197490566): (31.467719, 73.025005) — 234.6m
2026-03-16 01:47:29.091 | DEBUG    | utils.geo_utils:haversine_distance:20 - Haversine: (31.466758883565454, 73.02280197490566) → (31.4677186, 73.025005) = 234.6 m
2026-03-16 01:47:29.091 | DEBUG    | data_pipeline.stop_builder:snap_stops_to_roads:38 - Snapped Test Student 17 (TEST-5744): 234.6m
2026-03-16 01:47:29.134 | DEBUG    | utils.distance_utils:build_node_balltree:29 - Built BallTree with 7460 nodes
2026-03-16 01:47:29.139 | DEBUG    | utils.geo_utils:haversine_distance:20 - Haversine: (31.450907346175114, 73.02488799953636) → (31.4470737, 73.0279831) = 517.6 m
2026-03-16 01:47:29.139 | DEBUG    | utils.distance_utils:find_nearest_road_point:56 - Nearest road node to (31.450907346175114, 73.02488799953636): (31.447074, 73.027983) — 517.6m
2026-03-16 01:47:29.140 | DEBUG    | utils.geo_utils:haversine_distance:20 - Haversine: (31.450907346175114, 73.02488799953636) → (31.4470737, 73.0279831) = 517.6 m
2026-03-16 01:47:29.140 | DEBUG    | data_pipeline.stop_builder:snap_stops_to_roads:38 - Snapped Test Student 18 (TEST-5740): 517.6m
2026-03-16 01:47:29.175 | DEBUG    | utils.distance_utils:build_node_balltree:29 - Built BallTree with 7460 nodes
2026-03-16 01:47:29.177 | DEBUG    | utils.geo_utils:haversine_distance:20 - Haversine: (31.456297221371333, 73.07816159592194) → (31.4569331, 73.0769836) = 132.2 m
2026-03-16 01:47:29.177 | DEBUG    | utils.distance_utils:find_nearest_road_point:56 - Nearest road node to (31.456297221371333, 73.07816159592194): (31.456933, 73.076984) — 132.2m
2026-03-16 01:47:29.178 | DEBUG    | utils.geo_utils:haversine_distance:20 - Haversine: (31.456297221371333, 73.07816159592194) → (31.4569331, 73.0769836) = 132.2 m
2026-03-16 01:47:29.178 | DEBUG    | data_pipeline.stop_builder:snap_stops_to_roads:38 - Snapped Test Student 19 (TEST-5512): 132.2m
2026-03-16 01:47:29.219 | DEBUG    | utils.distance_utils:build_node_balltree:29 - Built BallTree with 7460 nodes
2026-03-16 01:47:29.223 | DEBUG    | utils.geo_utils:haversine_distance:20 - Haversine: (31.411413267316572, 73.12166992503089) → (31.4131266, 73.1236059) = 264.7 m
2026-03-16 01:47:29.224 | DEBUG    | utils.distance_utils:find_nearest_road_point:56 - Nearest road node to (31.411413267316572, 73.12166992503089): (31.413127, 73.123606) — 264.7m
2026-03-16 01:47:29.224 | DEBUG    | utils.geo_utils:haversine_distance:20 - Haversine: (31.411413267316572, 73.12166992503089) → (31.4131266, 73.1236059) = 264.7 m
2026-03-16 01:47:29.224 | DEBUG    | data_pipeline.stop_builder:snap_stops_to_roads:38 - Snapped Test Student 20 (TEST-3466): 264.7m
2026-03-16 01:47:29.252 | DEBUG    | utils.distance_utils:build_node_balltree:29 - Built BallTree with 7460 nodes
2026-03-16 01:47:29.257 | DEBUG    | utils.geo_utils:haversine_distance:20 - Haversine: (31.521098826560596, 73.10379500232764) → (31.524428, 73.0992486) = 568.1 m
2026-03-16 01:47:29.257 | DEBUG    | utils.distance_utils:find_nearest_road_point:56 - Nearest road node to (31.521098826560596, 73.10379500232764): (31.524428, 73.099249) — 568.1m
2026-03-16 01:47:29.258 | DEBUG    | utils.geo_utils:haversine_distance:20 - Haversine: (31.521098826560596, 73.10379500232764) → (31.524428, 73.0992486) = 568.1 m
2026-03-16 01:47:29.258 | DEBUG    | data_pipeline.stop_builder:snap_stops_to_roads:38 - Snapped Test Student 21 (TEST-6589): 568.1m
2026-03-16 01:47:29.285 | DEBUG    | utils.distance_utils:build_node_balltree:29 - Built BallTree with 7460 nodes
2026-03-16 01:47:29.292 | DEBUG    | utils.geo_utils:haversine_distance:20 - Haversine: (31.54949128768689, 73.03956580392966) → (31.5548727, 73.0529512) = 1402.4 m
2026-03-16 01:47:29.293 | DEBUG    | utils.distance_utils:find_nearest_road_point:56 - Nearest road node to (31.54949128768689, 73.03956580392966): (31.554873, 73.052951) — 1402.4m
2026-03-16 01:47:29.294 | DEBUG    | utils.geo_utils:haversine_distance:20 - Haversine: (31.54949128768689, 73.03956580392966) → (31.5548727, 73.0529512) = 1402.4 m
2026-03-16 01:47:29.294 | DEBUG    | data_pipeline.stop_builder:snap_stops_to_roads:38 - Snapped Test Student 22 (TEST-5014): 1402.4m
2026-03-16 01:47:29.331 | DEBUG    | utils.distance_utils:build_node_balltree:29 - Built BallTree with 7460 nodes
2026-03-16 01:47:29.333 | DEBUG    | utils.geo_utils:haversine_distance:20 - Haversine: (31.45731989809861, 73.11567940656177) → (31.4530994, 73.1171243) = 488.9 m
2026-03-16 01:47:29.333 | DEBUG    | utils.distance_utils:find_nearest_road_point:56 - Nearest road node to (31.45731989809861, 73.11567940656177): (31.453099, 73.117124) — 488.9m
2026-03-16 01:47:29.333 | DEBUG    | utils.geo_utils:haversine_distance:20 - Haversine: (31.45731989809861, 73.11567940656177) → (31.4530994, 73.1171243) = 488.9 m
2026-03-16 01:47:29.334 | DEBUG    | data_pipeline.stop_builder:snap_stops_to_roads:38 - Snapped Test Student 23 (TEST-7758): 488.9m
2026-03-16 01:47:29.368 | DEBUG    | utils.distance_utils:build_node_balltree:29 - Built BallTree with 7460 nodes
2026-03-16 01:47:29.378 | DEBUG    | utils.geo_utils:haversine_distance:20 - Haversine: (31.47621141541563, 73.14434844480539) → (31.4754645, 73.1427365) = 174.0 m
2026-03-16 01:47:29.379 | DEBUG    | utils.distance_utils:find_nearest_road_point:56 - Nearest road node to (31.47621141541563, 73.14434844480539): (31.475465, 73.142736) — 174.0m
2026-03-16 01:47:29.379 | DEBUG    | utils.geo_utils:haversine_distance:20 - Haversine: (31.47621141541563, 73.14434844480539) → (31.4754645, 73.1427365) = 174.0 m
2026-03-16 01:47:29.380 | DEBUG    | data_pipeline.stop_builder:snap_stops_to_roads:38 - Snapped Test Student 24 (TEST-3886): 174.0m
2026-03-16 01:47:29.412 | DEBUG    | utils.distance_utils:build_node_balltree:29 - Built BallTree with 7460 nodes
2026-03-16 01:47:29.414 | DEBUG    | utils.geo_utils:haversine_distance:20 - Haversine: (31.477787180698527, 73.05502208261464) → (31.4791137, 73.0535567) = 202.7 m
2026-03-16 01:47:29.414 | DEBUG    | utils.distance_utils:find_nearest_road_point:56 - Nearest road node to (31.477787180698527, 73.05502208261464): (31.479114, 73.053557) — 202.7m
2026-03-16 01:47:29.415 | DEBUG    | utils.geo_utils:haversine_distance:20 - Haversine: (31.477787180698527, 73.05502208261464) → (31.4791137, 73.0535567) = 202.7 m
2026-03-16 01:47:29.415 | DEBUG    | data_pipeline.stop_builder:snap_stops_to_roads:38 - Snapped Test Student 25 (TEST-6901): 202.7m
2026-03-16 01:47:29.446 | DEBUG    | utils.distance_utils:build_node_balltree:29 - Built BallTree with 7460 nodes
2026-03-16 01:47:29.447 | DEBUG    | utils.geo_utils:haversine_distance:20 - Haversine: (31.321894492236634, 73.11777449132168) → (31.3274669, 73.1185757) = 624.3 m
2026-03-16 01:47:29.447 | DEBUG    | utils.distance_utils:find_nearest_road_point:56 - Nearest road node to (31.321894492236634, 73.11777449132168): (31.327467, 73.118576) — 624.3m
2026-03-16 01:47:29.448 | DEBUG    | utils.geo_utils:haversine_distance:20 - Haversine: (31.321894492236634, 73.11777449132168) → (31.3274669, 73.1185757) = 624.3 m
2026-03-16 01:47:29.448 | DEBUG    | data_pipeline.stop_builder:snap_stops_to_roads:38 - Snapped Test Student 26 (TEST-1815): 624.3m
2026-03-16 01:47:29.479 | DEBUG    | utils.distance_utils:build_node_balltree:29 - Built BallTree with 7460 nodes
2026-03-16 01:47:29.480 | DEBUG    | utils.geo_utils:haversine_distance:20 - Haversine: (31.52277338574695, 73.05699599966489) → (31.523248, 73.0577658) = 90.1 m
2026-03-16 01:47:29.481 | DEBUG    | utils.distance_utils:find_nearest_road_point:56 - Nearest road node to (31.52277338574695, 73.05699599966489): (31.523248, 73.057766) — 90.1m
2026-03-16 01:47:29.481 | DEBUG    | utils.geo_utils:haversine_distance:20 - Haversine: (31.52277338574695, 73.05699599966489) → (31.523248, 73.0577658) = 90.1 m
2026-03-16 01:47:29.481 | DEBUG    | data_pipeline.stop_builder:snap_stops_to_roads:38 - Snapped Test Student 27 (TEST-8169): 90.1m
2026-03-16 01:47:29.512 | DEBUG    | utils.distance_utils:build_node_balltree:29 - Built BallTree with 7460 nodes
2026-03-16 01:47:29.514 | DEBUG    | utils.geo_utils:haversine_distance:20 - Haversine: (31.44217125232641, 73.02118631382301) → (31.4403375, 73.0204751) = 214.8 m
2026-03-16 01:47:29.514 | DEBUG    | utils.distance_utils:find_nearest_road_point:56 - Nearest road node to (31.44217125232641, 73.02118631382301): (31.440337, 73.020475) — 214.8m
2026-03-16 01:47:29.514 | DEBUG    | utils.geo_utils:haversine_distance:20 - Haversine: (31.44217125232641, 73.02118631382301) → (31.4403375, 73.0204751) = 214.8 m
2026-03-16 01:47:29.514 | DEBUG    | data_pipeline.stop_builder:snap_stops_to_roads:38 - Snapped Test Student 28 (TEST-5010): 214.8m
2026-03-16 01:47:29.544 | DEBUG    | utils.distance_utils:build_node_balltree:29 - Built BallTree with 7460 nodes
2026-03-16 01:47:29.545 | DEBUG    | utils.geo_utils:haversine_distance:20 - Haversine: (31.52717486250335, 73.02727200473919) → (31.5252951, 73.0316351) = 463.4 m
2026-03-16 01:47:29.546 | DEBUG    | utils.distance_utils:find_nearest_road_point:56 - Nearest road node to (31.52717486250335, 73.02727200473919): (31.525295, 73.031635) — 463.4m
2026-03-16 01:47:29.546 | DEBUG    | utils.geo_utils:haversine_distance:20 - Haversine: (31.52717486250335, 73.02727200473919) → (31.5252951, 73.0316351) = 463.4 m
2026-03-16 01:47:29.546 | DEBUG    | data_pipeline.stop_builder:snap_stops_to_roads:38 - Snapped Test Student 29 (TEST-6710): 463.4m
2026-03-16 01:47:29.574 | DEBUG    | utils.distance_utils:build_node_balltree:29 - Built BallTree with 7460 nodes
2026-03-16 01:47:29.575 | DEBUG    | utils.geo_utils:haversine_distance:20 - Haversine: (31.35343549824217, 73.0374291449689) → (31.3636318, 73.0504235) = 1675.7 m
2026-03-16 01:47:29.576 | DEBUG    | utils.distance_utils:find_nearest_road_point:56 - Nearest road node to (31.35343549824217, 73.0374291449689): (31.363632, 73.050423) — 1675.7m
2026-03-16 01:47:29.576 | DEBUG    | utils.geo_utils:haversine_distance:20 - Haversine: (31.35343549824217, 73.0374291449689) → (31.3636318, 73.0504235) = 1675.7 m
2026-03-16 01:47:29.576 | DEBUG    | data_pipeline.stop_builder:snap_stops_to_roads:38 - Snapped Test Student 30 (TEST-5887): 1675.7m
2026-03-16 01:47:29.576 | INFO     | data_pipeline.stop_builder:snap_stops_to_roads:47 - Snapping complete:
2026-03-16 01:47:29.577 | INFO     | data_pipeline.stop_builder:snap_stops_to_roads:48 -   Input stops: 30
2026-03-16 01:47:29.577 | INFO     | data_pipeline.stop_builder:snap_stops_to_roads:49 -   Snapped successfully: 30
2026-03-16 01:47:29.578 | INFO     | data_pipeline.stop_builder:snap_stops_to_roads:50 -   Skipped (too far): 0
2026-03-16 01:47:29.578 | DEBUG    | data_pipeline.stop_builder:snap_stops_to_roads:53 - First snapped stop example: {'student_id': 'test_001', 'name': 'Test Student 1', 'roll_no': 'TEST-4859', 'lat': 31.3041712, 'lng': 73.1294312, 'student_count': 1, 'contact': '03878569335', 'semester': 'Spring 2026', 'fee_status': 'unpaid', 'registration_status': 'pending', 'original_lat': 31.31231640047313, 'original_lng': 73.12215725387725, 'snap_distance_m': 1139.23}
2026-03-16 01:47:29.578 | DEBUG    | utils.geo_utils:haversine_distance:20 - Haversine: (31.4368525, 73.1402929) → (31.3041712, 73.1294312) = 14789.5 m
2026-03-16 01:47:29.578 | DEBUG    | utils.geo_utils:haversine_distance:20 - Haversine: (31.419108, 73.0417938) → (31.3041712, 73.1294312) = 15250.5 m
2026-03-16 01:47:29.578 | DEBUG    | utils.geo_utils:haversine_distance:20 - Haversine: (31.419108, 73.0417938) → (31.4368525, 73.1402929) = 9551.8 m
2026-03-16 01:47:29.578 | DEBUG    | utils.geo_utils:haversine_distance:20 - Haversine: (31.4962011, 73.0724818) → (31.3041712, 73.1294312) = 22026.2 m
2026-03-16 01:47:29.578 | DEBUG    | utils.geo_utils:haversine_distance:20 - Haversine: (31.4962011, 73.0724818) → (31.4368525, 73.1402929) = 9214.8 m
2026-03-16 01:47:29.579 | DEBUG    | utils.geo_utils:haversine_distance:20 - Haversine: (31.4962011, 73.0724818) → (31.419108, 73.0417938) = 9053.1 m
2026-03-16 01:47:29.579 | DEBUG    | utils.geo_utils:haversine_distance:20 - Haversine: (31.4191746, 73.0041645) → (31.3041712, 73.1294312) = 17464.1 m
2026-03-16 01:47:29.579 | DEBUG    | utils.geo_utils:haversine_distance:20 - Haversine: (31.4191746, 73.0041645) → (31.4368525, 73.1402929) = 13064.9 m
2026-03-16 01:47:29.579 | DEBUG    | utils.geo_utils:haversine_distance:20 - Haversine: (31.4191746, 73.0041645) → (31.419108, 73.0417938) = 3570.7 m
2026-03-16 01:47:29.579 | DEBUG    | utils.geo_utils:haversine_distance:20 - Haversine: (31.4191746, 73.0041645) → (31.4962011, 73.0724818) = 10740.1 m
2026-03-16 01:47:29.579 | DEBUG    | utils.geo_utils:haversine_distance:20 - Haversine: (31.3953268, 73.1255919) → (31.3041712, 73.1294312) = 10142.6 m
2026-03-16 01:47:29.579 | DEBUG    | utils.geo_utils:haversine_distance:20 - Haversine: (31.3953268, 73.1255919) → (31.4368525, 73.1402929) = 4823.6 m
2026-03-16 01:47:29.579 | DEBUG    | utils.geo_utils:haversine_distance:20 - Haversine: (31.3953268, 73.1255919) → (31.419108, 73.0417938) = 8380.8 m
2026-03-16 01:47:29.579 | DEBUG    | utils.geo_utils:haversine_distance:20 - Haversine: (31.3953268, 73.1255919) → (31.4962011, 73.0724818) = 12296.3 m
2026-03-16 01:47:29.579 | DEBUG    | utils.geo_utils:haversine_distance:20 - Haversine: (31.3953268, 73.1255919) → (31.4191746, 73.0041645) = 11825.0 m
2026-03-16 01:47:29.579 | DEBUG    | utils.geo_utils:haversine_distance:20 - Haversine: (31.3642503, 73.0686124) → (31.3041712, 73.1294312) = 8831.5 m
2026-03-16 01:47:29.580 | DEBUG    | utils.geo_utils:haversine_distance:20 - Haversine: (31.3642503, 73.0686124) → (31.4368525, 73.1402929) = 10557.3 m
2026-03-16 01:47:29.580 | DEBUG    | utils.geo_utils:haversine_distance:20 - Haversine: (31.3642503, 73.0686124) → (31.419108, 73.0417938) = 6609.8 m
2026-03-16 01:47:29.580 | DEBUG    | utils.geo_utils:haversine_distance:20 - Haversine: (31.3642503, 73.0686124) → (31.4962011, 73.0724818) = 14676.9 m
2026-03-16 01:47:29.580 | DEBUG    | utils.geo_utils:haversine_distance:20 - Haversine: (31.3642503, 73.0686124) → (31.4191746, 73.0041645) = 8644.1 m
2026-03-16 01:47:29.580 | DEBUG    | utils.geo_utils:haversine_distance:20 - Haversine: (31.3642503, 73.0686124) → (31.3953268, 73.1255919) = 6418.7 m
2026-03-16 01:47:29.580 | DEBUG    | utils.geo_utils:haversine_distance:20 - Haversine: (31.4940623, 73.0730086) → (31.3041712, 73.1294312) = 21783.4 m
2026-03-16 01:47:29.580 | DEBUG    | utils.geo_utils:haversine_distance:20 - Haversine: (31.4940623, 73.0730086) → (31.4368525, 73.1402929) = 9010.7 m
2026-03-16 01:47:29.580 | DEBUG    | utils.geo_utils:haversine_distance:20 - Haversine: (31.4940623, 73.0730086) → (31.419108, 73.0417938) = 8844.8 m
2026-03-16 01:47:29.580 | DEBUG    | utils.geo_utils:haversine_distance:20 - Haversine: (31.4940623, 73.0730086) → (31.4962011, 73.0724818) = 243.0 m
2026-03-16 01:47:29.580 | DEBUG    | utils.geo_utils:haversine_distance:20 - Haversine: (31.4940623, 73.0730086) → (31.4191746, 73.0041645) = 10582.2 m
2026-03-16 01:47:29.580 | DEBUG    | utils.geo_utils:haversine_distance:20 - Haversine: (31.4940623, 73.0730086) → (31.3953268, 73.1255919) = 12059.0 m
2026-03-16 01:47:29.580 | DEBUG    | utils.geo_utils:haversine_distance:20 - Haversine: (31.4940623, 73.0730086) → (31.3642503, 73.0686124) = 14440.5 m
2026-03-16 01:47:29.580 | DEBUG    | utils.geo_utils:haversine_distance:20 - Haversine: (31.4068604, 73.1492935) → (31.3041712, 73.1294312) = 11573.2 m
2026-03-16 01:47:29.581 | DEBUG    | utils.geo_utils:haversine_distance:20 - Haversine: (31.4068604, 73.1492935) → (31.4368525, 73.1402929) = 3442.6 m
2026-03-16 01:47:29.581 | DEBUG    | utils.geo_utils:haversine_distance:20 - Haversine: (31.4068604, 73.1492935) → (31.419108, 73.0417938) = 10291.9 m
2026-03-16 01:47:29.581 | DEBUG    | utils.geo_utils:haversine_distance:20 - Haversine: (31.4068604, 73.1492935) → (31.4962011, 73.0724818) = 12319.8 m
2026-03-16 01:47:29.581 | DEBUG    | utils.geo_utils:haversine_distance:20 - Haversine: (31.4068604, 73.1492935) → (31.4191746, 73.0041645) = 13840.3 m
2026-03-16 01:47:29.581 | DEBUG    | utils.geo_utils:haversine_distance:20 - Haversine: (31.4068604, 73.1492935) → (31.3953268, 73.1255919) = 2589.4 m
2026-03-16 01:47:29.581 | DEBUG    | utils.geo_utils:haversine_distance:20 - Haversine: (31.4068604, 73.1492935) → (31.3642503, 73.0686124) = 9005.8 m
2026-03-16 01:47:29.581 | DEBUG    | utils.geo_utils:haversine_distance:20 - Haversine: (31.4068604, 73.1492935) → (31.4940623, 73.0730086) = 12099.0 m
2026-03-16 01:47:29.581 | DEBUG    | utils.geo_utils:haversine_distance:20 - Haversine: (31.364842, 73.1888217) → (31.3041712, 73.1294312) = 8793.7 m
2026-03-16 01:47:29.581 | DEBUG    | utils.geo_utils:haversine_distance:20 - Haversine: (31.364842, 73.1888217) → (31.4368525, 73.1402929) = 9237.4 m
2026-03-16 01:47:29.581 | DEBUG    | utils.geo_utils:haversine_distance:20 - Haversine: (31.364842, 73.1888217) → (31.419108, 73.0417938) = 15204.3 m
2026-03-16 01:47:29.581 | DEBUG    | utils.geo_utils:haversine_distance:20 - Haversine: (31.364842, 73.1888217) → (31.4962011, 73.0724818) = 18308.3 m
2026-03-16 01:47:29.581 | DEBUG    | utils.geo_utils:haversine_distance:20 - Haversine: (31.364842, 73.1888217) → (31.4191746, 73.0041645) = 18539.4 m
2026-03-16 01:47:29.582 | DEBUG    | utils.geo_utils:haversine_distance:20 - Haversine: (31.364842, 73.1888217) → (31.3953268, 73.1255919) = 6893.5 m
2026-03-16 01:47:29.582 | DEBUG    | utils.geo_utils:haversine_distance:20 - Haversine: (31.364842, 73.1888217) → (31.3642503, 73.0686124) = 11413.6 m
2026-03-16 01:47:29.582 | DEBUG    | utils.geo_utils:haversine_distance:20 - Haversine: (31.364842, 73.1888217) → (31.4940623, 73.0730086) = 18088.8 m
2026-03-16 01:47:29.582 | DEBUG    | utils.geo_utils:haversine_distance:20 - Haversine: (31.364842, 73.1888217) → (31.4068604, 73.1492935) = 5992.4 m
2026-03-16 01:47:29.582 | DEBUG    | utils.geo_utils:haversine_distance:20 - Haversine: (31.3982919, 73.1639859) → (31.3041712, 73.1294312) = 10968.1 m
2026-03-16 01:47:29.582 | DEBUG    | utils.geo_utils:haversine_distance:20 - Haversine: (31.3982919, 73.1639859) → (31.4368525, 73.1402929) = 4841.4 m
2026-03-16 01:47:29.582 | DEBUG    | utils.geo_utils:haversine_distance:20 - Haversine: (31.3982919, 73.1639859) → (31.419108, 73.0417938) = 11825.0 m
2026-03-16 01:47:29.582 | DEBUG    | utils.geo_utils:haversine_distance:20 - Haversine: (31.3982919, 73.1639859) → (31.4962011, 73.0724818) = 13923.9 m
2026-03-16 01:47:29.582 | DEBUG    | utils.geo_utils:haversine_distance:20 - Haversine: (31.3982919, 73.1639859) → (31.4191746, 73.0041645) = 15344.0 m
2026-03-16 01:47:29.582 | DEBUG    | utils.geo_utils:haversine_distance:20 - Haversine: (31.3982919, 73.1639859) → (31.3953268, 73.1255919) = 3659.0 m
2026-03-16 01:47:29.582 | DEBUG    | utils.geo_utils:haversine_distance:20 - Haversine: (31.3982919, 73.1639859) → (31.3642503, 73.0686124) = 9813.2 m
2026-03-16 01:47:29.583 | DEBUG    | utils.geo_utils:haversine_distance:20 - Haversine: (31.3982919, 73.1639859) → (31.4940623, 73.0730086) = 13707.3 m
2026-03-16 01:47:29.583 | DEBUG    | utils.geo_utils:haversine_distance:20 - Haversine: (31.3982919, 73.1639859) → (31.4068604, 73.1492935) = 1688.8 m
2026-03-16 01:47:29.583 | DEBUG    | utils.geo_utils:haversine_distance:20 - Haversine: (31.3982919, 73.1639859) → (31.364842, 73.1888217) = 4403.7 m
2026-03-16 01:47:29.583 | DEBUG    | utils.geo_utils:haversine_distance:20 - Haversine: (31.3437631, 73.0763411) → (31.3041712, 73.1294312) = 6694.2 m
2026-03-16 01:47:29.583 | DEBUG    | utils.geo_utils:haversine_distance:20 - Haversine: (31.3437631, 73.0763411) → (31.4368525, 73.1402929) = 11999.7 m
2026-03-16 01:47:29.583 | DEBUG    | utils.geo_utils:haversine_distance:20 - Haversine: (31.3437631, 73.0763411) → (31.419108, 73.0417938) = 8997.0 m
2026-03-16 01:47:29.583 | DEBUG    | utils.geo_utils:haversine_distance:20 - Haversine: (31.3437631, 73.0763411) → (31.4962011, 73.0724818) = 16954.3 m
2026-03-16 01:47:29.583 | DEBUG    | utils.geo_utils:haversine_distance:20 - Haversine: (31.3437631, 73.0763411) → (31.4191746, 73.0041645) = 10828.7 m
2026-03-16 01:47:29.583 | DEBUG    | utils.geo_utils:haversine_distance:20 - Haversine: (31.3437631, 73.0763411) → (31.3953268, 73.1255919) = 7398.6 m
2026-03-16 01:47:29.583 | DEBUG    | utils.geo_utils:haversine_distance:20 - Haversine: (31.3437631, 73.0763411) → (31.3642503, 73.0686124) = 2393.4 m
2026-03-16 01:47:29.583 | DEBUG    | utils.geo_utils:haversine_distance:20 - Haversine: (31.3437631, 73.0763411) → (31.4940623, 73.0730086) = 16715.5 m
2026-03-16 01:47:29.583 | DEBUG    | utils.geo_utils:haversine_distance:20 - Haversine: (31.3437631, 73.0763411) → (31.4068604, 73.1492935) = 9858.6 m
2026-03-16 01:47:29.583 | DEBUG    | utils.geo_utils:haversine_distance:20 - Haversine: (31.3437631, 73.0763411) → (31.364842, 73.1888217) = 10934.9 m
2026-03-16 01:47:29.584 | DEBUG    | utils.geo_utils:haversine_distance:20 - Haversine: (31.3437631, 73.0763411) → (31.3982919, 73.1639859) = 10295.8 m
2026-03-16 01:47:29.584 | DEBUG    | utils.geo_utils:haversine_distance:20 - Haversine: (31.3326781, 73.1048617) → (31.3041712, 73.1294312) = 3936.4 m
2026-03-16 01:47:29.584 | DEBUG    | utils.geo_utils:haversine_distance:20 - Haversine: (31.3326781, 73.1048617) → (31.4368525, 73.1402929) = 12062.1 m
2026-03-16 01:47:29.584 | DEBUG    | utils.geo_utils:haversine_distance:20 - Haversine: (31.3326781, 73.1048617) → (31.419108, 73.0417938) = 11323.0 m
2026-03-16 01:47:29.584 | DEBUG    | utils.geo_utils:haversine_distance:20 - Haversine: (31.3326781, 73.1048617) → (31.4962011, 73.0724818) = 18440.7 m
2026-03-16 01:47:29.584 | DEBUG    | utils.geo_utils:haversine_distance:20 - Haversine: (31.3326781, 73.1048617) → (31.4191746, 73.0041645) = 13560.7 m
2026-03-16 01:47:29.584 | DEBUG    | utils.geo_utils:haversine_distance:20 - Haversine: (31.3326781, 73.1048617) → (31.3953268, 73.1255919) = 7238.9 m
2026-03-16 01:47:29.584 | DEBUG    | utils.geo_utils:haversine_distance:20 - Haversine: (31.3326781, 73.1048617) → (31.3642503, 73.0686124) = 4916.7 m
2026-03-16 01:47:29.584 | DEBUG    | utils.geo_utils:haversine_distance:20 - Haversine: (31.3326781, 73.1048617) → (31.4940623, 73.0730086) = 18197.9 m
2026-03-16 01:47:29.584 | DEBUG    | utils.geo_utils:haversine_distance:20 - Haversine: (31.3326781, 73.1048617) → (31.4068604, 73.1492935) = 9264.8 m
2026-03-16 01:47:29.585 | DEBUG    | utils.geo_utils:haversine_distance:20 - Haversine: (31.3326781, 73.1048617) → (31.364842, 73.1888217) = 8738.4 m
2026-03-16 01:47:29.587 | DEBUG    | utils.geo_utils:haversine_distance:20 - Haversine: (31.3326781, 73.1048617) → (31.3982919, 73.1639859) = 9205.6 m
2026-03-16 01:47:29.588 | DEBUG    | utils.geo_utils:haversine_distance:20 - Haversine: (31.3326781, 73.1048617) → (31.3437631, 73.0763411) = 2975.9 m
2026-03-16 01:47:29.588 | DEBUG    | utils.geo_utils:haversine_distance:20 - Haversine: (31.3992281, 73.0283241) → (31.3041712, 73.1294312) = 14279.4 m
2026-03-16 01:47:29.589 | DEBUG    | utils.geo_utils:haversine_distance:20 - Haversine: (31.3992281, 73.0283241) → (31.4368525, 73.1402929) = 11419.0 m
2026-03-16 01:47:29.589 | DEBUG    | utils.geo_utils:haversine_distance:20 - Haversine: (31.3992281, 73.0283241) → (31.419108, 73.0417938) = 2553.5 m
2026-03-16 01:47:29.589 | DEBUG    | utils.geo_utils:haversine_distance:20 - Haversine: (31.3992281, 73.0283241) → (31.4962011, 73.0724818) = 11568.0 m
2026-03-16 01:47:29.590 | DEBUG    | utils.geo_utils:haversine_distance:20 - Haversine: (31.3992281, 73.0283241) → (31.4191746, 73.0041645) = 3190.0 m
2026-03-16 01:47:29.590 | DEBUG    | utils.geo_utils:haversine_distance:20 - Haversine: (31.3992281, 73.0283241) → (31.3953268, 73.1255919) = 9242.2 m
2026-03-16 01:47:29.590 | DEBUG    | utils.geo_utils:haversine_distance:20 - Haversine: (31.3992281, 73.0283241) → (31.3642503, 73.0686124) = 5454.7 m
2026-03-16 01:47:29.590 | DEBUG    | utils.geo_utils:haversine_distance:20 - Haversine: (31.3992281, 73.0283241) → (31.4940623, 73.0730086) = 11365.2 m
2026-03-16 01:47:29.590 | DEBUG    | utils.geo_utils:haversine_distance:20 - Haversine: (31.3992281, 73.0283241) → (31.4068604, 73.1492935) = 11512.2 m
2026-03-16 01:47:29.590 | DEBUG    | utils.geo_utils:haversine_distance:20 - Haversine: (31.3992281, 73.0283241) → (31.364842, 73.1888217) = 15708.3 m
2026-03-16 01:47:29.590 | DEBUG    | utils.geo_utils:haversine_distance:20 - Haversine: (31.3992281, 73.0283241) → (31.3982919, 73.1639859) = 12876.3 m
2026-03-16 01:47:29.590 | DEBUG    | utils.geo_utils:haversine_distance:20 - Haversine: (31.3992281, 73.0283241) → (31.3437631, 73.0763411) = 7669.3 m
2026-03-16 01:47:29.590 | DEBUG    | utils.geo_utils:haversine_distance:20 - Haversine: (31.3992281, 73.0283241) → (31.3326781, 73.1048617) = 10371.5 m
2026-03-16 01:47:29.590 | DEBUG    | utils.geo_utils:haversine_distance:20 - Haversine: (31.3595159, 73.0558316) → (31.3041712, 73.1294312) = 9313.4 m
2026-03-16 01:47:29.590 | DEBUG    | utils.geo_utils:haversine_distance:20 - Haversine: (31.3595159, 73.0558316) → (31.4368525, 73.1402929) = 11756.4 m
2026-03-16 01:47:29.591 | DEBUG    | utils.geo_utils:haversine_distance:20 - Haversine: (31.3595159, 73.0558316) → (31.419108, 73.0417938) = 6759.0 m
2026-03-16 01:47:29.591 | DEBUG    | utils.geo_utils:haversine_distance:20 - Haversine: (31.3595159, 73.0558316) → (31.4962011, 73.0724818) = 15280.6 m
2026-03-16 01:47:29.591 | DEBUG    | utils.geo_utils:haversine_distance:20 - Haversine: (31.3595159, 73.0558316) → (31.4191746, 73.0041645) = 8249.8 m
2026-03-16 01:47:29.591 | DEBUG    | utils.geo_utils:haversine_distance:20 - Haversine: (31.3595159, 73.0558316) → (31.3953268, 73.1255919) = 7727.5 m
2026-03-16 01:47:29.591 | DEBUG    | utils.geo_utils:haversine_distance:20 - Haversine: (31.3595159, 73.0558316) → (31.3642503, 73.0686124) = 1322.8 m
2026-03-16 01:47:29.591 | DEBUG    | utils.geo_utils:haversine_distance:20 - Haversine: (31.3595159, 73.0558316) → (31.4940623, 73.0730086) = 15049.4 m
2026-03-16 01:47:29.591 | DEBUG    | utils.geo_utils:haversine_distance:20 - Haversine: (31.3595159, 73.0558316) → (31.4068604, 73.1492935) = 10316.4 m
2026-03-16 01:47:29.591 | DEBUG    | utils.geo_utils:haversine_distance:20 - Haversine: (31.3595159, 73.0558316) → (31.364842, 73.1888217) = 12641.1 m
2026-03-16 01:47:29.592 | DEBUG    | utils.geo_utils:haversine_distance:20 - Haversine: (31.3595159, 73.0558316) → (31.3982919, 73.1639859) = 11135.9 m
2026-03-16 01:47:29.592 | DEBUG    | utils.geo_utils:haversine_distance:20 - Haversine: (31.3595159, 73.0558316) → (31.3437631, 73.0763411) = 2619.4 m
2026-03-16 01:47:29.592 | DEBUG    | utils.geo_utils:haversine_distance:20 - Haversine: (31.3595159, 73.0558316) → (31.3326781, 73.1048617) = 5530.4 m
2026-03-16 01:47:29.592 | DEBUG    | utils.geo_utils:haversine_distance:20 - Haversine: (31.3595159, 73.0558316) → (31.3992281, 73.0283241) = 5130.1 m
2026-03-16 01:47:29.592 | DEBUG    | utils.geo_utils:haversine_distance:20 - Haversine: (31.3891488, 73.0788111) → (31.3041712, 73.1294312) = 10601.6 m
2026-03-16 01:47:29.592 | DEBUG    | utils.geo_utils:haversine_distance:20 - Haversine: (31.3891488, 73.0788111) → (31.4368525, 73.1402929) = 7885.3 m
2026-03-16 01:47:29.592 | DEBUG    | utils.geo_utils:haversine_distance:20 - Haversine: (31.3891488, 73.0788111) → (31.419108, 73.0417938) = 4841.5 m
2026-03-16 01:47:29.592 | DEBUG    | utils.geo_utils:haversine_distance:20 - Haversine: (31.3891488, 73.0788111) → (31.4962011, 73.0724818) = 11918.8 m
2026-03-16 01:47:29.592 | DEBUG    | utils.geo_utils:haversine_distance:20 - Haversine: (31.3891488, 73.0788111) → (31.4191746, 73.0041645) = 7831.7 m
2026-03-16 01:47:29.592 | DEBUG    | utils.geo_utils:haversine_distance:20 - Haversine: (31.3891488, 73.0788111) → (31.3953268, 73.1255919) = 4493.2 m
2026-03-16 01:47:29.593 | DEBUG    | utils.geo_utils:haversine_distance:20 - Haversine: (31.3891488, 73.0788111) → (31.3642503, 73.0686124) = 2933.0 m
2026-03-16 01:47:29.593 | DEBUG    | utils.geo_utils:haversine_distance:20 - Haversine: (31.3891488, 73.0788111) → (31.4940623, 73.0730086) = 11678.8 m
2026-03-16 01:47:29.593 | DEBUG    | utils.geo_utils:haversine_distance:20 - Haversine: (31.3891488, 73.0788111) → (31.4068604, 73.1492935) = 6973.5 m
2026-03-16 01:47:29.593 | DEBUG    | utils.geo_utils:haversine_distance:20 - Haversine: (31.3891488, 73.0788111) → (31.364842, 73.1888217) = 10787.8 m
2026-03-16 01:47:29.593 | DEBUG    | utils.geo_utils:haversine_distance:20 - Haversine: (31.3891488, 73.0788111) → (31.3982919, 73.1639859) = 8148.2 m
2026-03-16 01:47:29.593 | DEBUG    | utils.geo_utils:haversine_distance:20 - Haversine: (31.3891488, 73.0788111) → (31.3437631, 73.0763411) = 5052.1 m
2026-03-16 01:47:29.593 | DEBUG    | utils.geo_utils:haversine_distance:20 - Haversine: (31.3891488, 73.0788111) → (31.3326781, 73.1048617) = 6748.9 m
2026-03-16 01:47:29.593 | DEBUG    | utils.geo_utils:haversine_distance:20 - Haversine: (31.3891488, 73.0788111) → (31.3992281, 73.0283241) = 4921.4 m
2026-03-16 01:47:29.593 | DEBUG    | utils.geo_utils:haversine_distance:20 - Haversine: (31.3891488, 73.0788111) → (31.3595159, 73.0558316) = 3951.8 m
2026-03-16 01:47:29.593 | DEBUG    | utils.geo_utils:haversine_distance:20 - Haversine: (31.4677186, 73.025005) → (31.3041712, 73.1294312) = 20711.8 m
2026-03-16 01:47:29.594 | DEBUG    | utils.geo_utils:haversine_distance:20 - Haversine: (31.4677186, 73.025005) → (31.4368525, 73.1402929) = 11461.9 m
2026-03-16 01:47:29.594 | DEBUG    | utils.geo_utils:haversine_distance:20 - Haversine: (31.4677186, 73.025005) → (31.419108, 73.0417938) = 5635.0 m
2026-03-16 01:47:29.594 | DEBUG    | utils.geo_utils:haversine_distance:20 - Haversine: (31.4677186, 73.025005) → (31.4962011, 73.0724818) = 5504.5 m
2026-03-16 01:47:29.594 | DEBUG    | utils.geo_utils:haversine_distance:20 - Haversine: (31.4677186, 73.025005) → (31.4191746, 73.0041645) = 5748.5 m
2026-03-16 01:47:29.594 | DEBUG    | utils.geo_utils:haversine_distance:20 - Haversine: (31.4677186, 73.025005) → (31.3953268, 73.1255919) = 12485.0 m
2026-03-16 01:47:29.594 | DEBUG    | utils.geo_utils:haversine_distance:20 - Haversine: (31.4677186, 73.025005) → (31.3642503, 73.0686124) = 12226.7 m
2026-03-16 01:47:29.594 | DEBUG    | utils.geo_utils:haversine_distance:20 - Haversine: (31.4677186, 73.025005) → (31.4940623, 73.0730086) = 5413.2 m
2026-03-16 01:47:29.594 | DEBUG    | utils.geo_utils:haversine_distance:20 - Haversine: (31.4677186, 73.025005) → (31.4068604, 73.1492935) = 13595.4 m
2026-03-16 01:47:29.594 | DEBUG    | utils.geo_utils:haversine_distance:20 - Haversine: (31.4677186, 73.025005) → (31.364842, 73.1888217) = 19300.6 m
2026-03-16 01:47:29.594 | DEBUG    | utils.geo_utils:haversine_distance:20 - Haversine: (31.4677186, 73.025005) → (31.3982919, 73.1639859) = 15279.7 m
2026-03-16 01:47:29.595 | DEBUG    | utils.geo_utils:haversine_distance:20 - Haversine: (31.4677186, 73.025005) → (31.3437631, 73.0763411) = 14619.0 m
2026-03-16 01:47:29.595 | DEBUG    | utils.geo_utils:haversine_distance:20 - Haversine: (31.4677186, 73.025005) → (31.3326781, 73.1048617) = 16820.2 m
2026-03-16 01:47:29.595 | DEBUG    | utils.geo_utils:haversine_distance:20 - Haversine: (31.4677186, 73.025005) → (31.3992281, 73.0283241) = 7622.3 m
2026-03-16 01:47:29.595 | DEBUG    | utils.geo_utils:haversine_distance:20 - Haversine: (31.4677186, 73.025005) → (31.3595159, 73.0558316) = 12382.1 m
2026-03-16 01:47:29.595 | DEBUG    | utils.geo_utils:haversine_distance:20 - Haversine: (31.4677186, 73.025005) → (31.3891488, 73.0788111) = 10118.8 m
2026-03-16 01:47:29.595 | DEBUG    | utils.geo_utils:haversine_distance:20 - Haversine: (31.4470737, 73.0279831) → (31.3041712, 73.1294312) = 18580.9 m
2026-03-16 01:47:29.595 | DEBUG    | utils.geo_utils:haversine_distance:20 - Haversine: (31.4470737, 73.0279831) → (31.4368525, 73.1402929) = 10715.1 m
2026-03-16 01:47:29.595 | DEBUG    | utils.geo_utils:haversine_distance:20 - Haversine: (31.4470737, 73.0279831) → (31.419108, 73.0417938) = 3374.4 m
2026-03-16 01:47:29.595 | DEBUG    | utils.geo_utils:haversine_distance:20 - Haversine: (31.4470737, 73.0279831) → (31.4962011, 73.0724818) = 6903.0 m
2026-03-16 01:47:29.595 | DEBUG    | utils.geo_utils:haversine_distance:20 - Haversine: (31.4470737, 73.0279831) → (31.4191746, 73.0041645) = 3838.1 m
2026-03-16 01:47:29.595 | DEBUG    | utils.geo_utils:haversine_distance:20 - Haversine: (31.4470737, 73.0279831) → (31.3953268, 73.1255919) = 10903.8 m
2026-03-16 01:47:29.596 | DEBUG    | utils.geo_utils:haversine_distance:20 - Haversine: (31.4470737, 73.0279831) → (31.3642503, 73.0686124) = 9984.2 m
2026-03-16 01:47:29.596 | DEBUG    | utils.geo_utils:haversine_distance:20 - Haversine: (31.4470737, 73.0279831) → (31.4940623, 73.0730086) = 6747.9 m
2026-03-16 01:47:29.596 | DEBUG    | utils.geo_utils:haversine_distance:20 - Haversine: (31.4470737, 73.0279831) → (31.4068604, 73.1492935) = 12348.4 m
2026-03-16 01:47:29.596 | DEBUG    | utils.geo_utils:haversine_distance:20 - Haversine: (31.4470737, 73.0279831) → (31.364842, 73.1888217) = 17793.5 m
2026-03-16 01:47:29.596 | DEBUG    | utils.geo_utils:haversine_distance:20 - Haversine: (31.4470737, 73.0279831) → (31.3982919, 73.1639859) = 13998.6 m
2026-03-16 01:47:29.596 | DEBUG    | utils.geo_utils:haversine_distance:20 - Haversine: (31.4470737, 73.0279831) → (31.3437631, 73.0763411) = 12370.6 m
2026-03-16 01:47:29.596 | DEBUG    | utils.geo_utils:haversine_distance:20 - Haversine: (31.4470737, 73.0279831) → (31.3326781, 73.1048617) = 14664.8 m
2026-03-16 01:47:29.596 | DEBUG    | utils.geo_utils:haversine_distance:20 - Haversine: (31.4470737, 73.0279831) → (31.3992281, 73.0283241) = 5320.3 m
2026-03-16 01:47:29.596 | DEBUG    | utils.geo_utils:haversine_distance:20 - Haversine: (31.4470737, 73.0279831) → (31.3595159, 73.0558316) = 10088.4 m
2026-03-16 01:47:29.596 | DEBUG    | utils.geo_utils:haversine_distance:20 - Haversine: (31.4470737, 73.0279831) → (31.3891488, 73.0788111) = 8046.7 m
2026-03-16 01:47:29.596 | DEBUG    | utils.geo_utils:haversine_distance:20 - Haversine: (31.4470737, 73.0279831) → (31.4677186, 73.025005) = 2312.9 m
2026-03-16 01:47:29.597 | DEBUG    | utils.geo_utils:haversine_distance:20 - Haversine: (31.4569331, 73.0769836) → (31.3041712, 73.1294312) = 17701.0 m
2026-03-16 01:47:29.597 | DEBUG    | utils.geo_utils:haversine_distance:20 - Haversine: (31.4569331, 73.0769836) → (31.4368525, 73.1402929) = 6407.4 m
2026-03-16 01:47:29.597 | DEBUG    | utils.geo_utils:haversine_distance:20 - Haversine: (31.4569331, 73.0769836) → (31.419108, 73.0417938) = 5369.9 m
2026-03-16 01:47:29.597 | DEBUG    | utils.geo_utils:haversine_distance:20 - Haversine: (31.4569331, 73.0769836) → (31.4962011, 73.0724818) = 4387.2 m
2026-03-16 01:47:29.597 | DEBUG    | utils.geo_utils:haversine_distance:20 - Haversine: (31.4569331, 73.0769836) → (31.4191746, 73.0041645) = 8084.3 m
2026-03-16 01:47:29.597 | DEBUG    | utils.geo_utils:haversine_distance:20 - Haversine: (31.4569331, 73.0769836) → (31.3953268, 73.1255919) = 8258.2 m
2026-03-16 01:47:29.597 | DEBUG    | utils.geo_utils:haversine_distance:20 - Haversine: (31.4569331, 73.0769836) → (31.3642503, 73.0686124) = 10336.4 m
2026-03-16 01:47:29.597 | DEBUG    | utils.geo_utils:haversine_distance:20 - Haversine: (31.4569331, 73.0769836) → (31.4940623, 73.0730086) = 4145.8 m
2026-03-16 01:47:29.597 | DEBUG    | utils.geo_utils:haversine_distance:20 - Haversine: (31.4569331, 73.0769836) → (31.4068604, 73.1492935) = 8835.7 m
2026-03-16 01:47:29.597 | DEBUG    | utils.geo_utils:haversine_distance:20 - Haversine: (31.4569331, 73.0769836) → (31.364842, 73.1888217) = 14748.0 m
2026-03-16 01:47:29.597 | DEBUG    | utils.geo_utils:haversine_distance:20 - Haversine: (31.4569331, 73.0769836) → (31.3982919, 73.1639859) = 10519.7 m
2026-03-16 01:47:29.597 | DEBUG    | utils.geo_utils:haversine_distance:20 - Haversine: (31.4569331, 73.0769836) → (31.3437631, 73.0763411) = 12584.1 m
2026-03-16 01:47:29.597 | DEBUG    | utils.geo_utils:haversine_distance:20 - Haversine: (31.4569331, 73.0769836) → (31.3326781, 73.1048617) = 14067.6 m
2026-03-16 01:47:29.597 | DEBUG    | utils.geo_utils:haversine_distance:20 - Haversine: (31.4569331, 73.0769836) → (31.3992281, 73.0283241) = 7904.9 m
2026-03-16 01:47:29.597 | DEBUG    | utils.geo_utils:haversine_distance:20 - Haversine: (31.4569331, 73.0769836) → (31.3595159, 73.0558316) = 11016.7 m
2026-03-16 01:47:29.597 | DEBUG    | utils.geo_utils:haversine_distance:20 - Haversine: (31.4569331, 73.0769836) → (31.3891488, 73.0788111) = 7539.3 m
2026-03-16 01:47:29.597 | DEBUG    | utils.geo_utils:haversine_distance:20 - Haversine: (31.4569331, 73.0769836) → (31.4677186, 73.025005) = 5073.8 m
2026-03-16 01:47:29.597 | DEBUG    | utils.geo_utils:haversine_distance:20 - Haversine: (31.4569331, 73.0769836) → (31.4470737, 73.0279831) = 4775.6 m
2026-03-16 01:47:29.597 | DEBUG    | utils.geo_utils:haversine_distance:20 - Haversine: (31.4131266, 73.1236059) → (31.3041712, 73.1294312) = 12127.9 m
2026-03-16 01:47:29.598 | DEBUG    | utils.geo_utils:haversine_distance:20 - Haversine: (31.4131266, 73.1236059) → (31.4368525, 73.1402929) = 3076.9 m
2026-03-16 01:47:29.598 | DEBUG    | utils.geo_utils:haversine_distance:20 - Haversine: (31.4131266, 73.1236059) → (31.419108, 73.0417938) = 7791.9 m
2026-03-16 01:47:29.598 | DEBUG    | utils.geo_utils:haversine_distance:20 - Haversine: (31.4131266, 73.1236059) → (31.4962011, 73.0724818) = 10433.0 m
2026-03-16 01:47:29.598 | DEBUG    | utils.geo_utils:haversine_distance:20 - Haversine: (31.4131266, 73.1236059) → (31.4191746, 73.0041645) = 11354.2 m
2026-03-16 01:47:29.598 | DEBUG    | utils.geo_utils:haversine_distance:20 - Haversine: (31.4131266, 73.1236059) → (31.3953268, 73.1255919) = 1988.2 m
2026-03-16 01:47:29.598 | DEBUG    | utils.geo_utils:haversine_distance:20 - Haversine: (31.4131266, 73.1236059) → (31.3642503, 73.0686124) = 7535.7 m
2026-03-16 01:47:29.598 | DEBUG    | utils.geo_utils:haversine_distance:20 - Haversine: (31.4131266, 73.1236059) → (31.4940623, 73.0730086) = 10199.4 m
2026-03-16 01:47:29.598 | DEBUG    | utils.geo_utils:haversine_distance:20 - Haversine: (31.4131266, 73.1236059) → (31.4068604, 73.1492935) = 2535.4 m
2026-03-16 01:47:29.598 | DEBUG    | utils.geo_utils:haversine_distance:20 - Haversine: (31.4131266, 73.1236059) → (31.364842, 73.1888217) = 8194.3 m
2026-03-16 01:47:29.598 | DEBUG    | utils.geo_utils:haversine_distance:20 - Haversine: (31.4131266, 73.1236059) → (31.3982919, 73.1639859) = 4172.2 m
2026-03-16 01:47:29.598 | DEBUG    | utils.geo_utils:haversine_distance:20 - Haversine: (31.4131266, 73.1236059) → (31.3437631, 73.0763411) = 8923.1 m
2026-03-16 01:47:29.598 | DEBUG    | utils.geo_utils:haversine_distance:20 - Haversine: (31.4131266, 73.1236059) → (31.3326781, 73.1048617) = 9120.8 m
2026-03-16 01:47:29.598 | DEBUG    | utils.geo_utils:haversine_distance:20 - Haversine: (31.4131266, 73.1236059) → (31.3992281, 73.0283241) = 9173.8 m
2026-03-16 01:47:29.598 | DEBUG    | utils.geo_utils:haversine_distance:20 - Haversine: (31.4131266, 73.1236059) → (31.3595159, 73.0558316) = 8770.7 m
2026-03-16 01:47:29.598 | DEBUG    | utils.geo_utils:haversine_distance:20 - Haversine: (31.4131266, 73.1236059) → (31.3891488, 73.0788111) = 5018.3 m
2026-03-16 01:47:29.598 | DEBUG    | utils.geo_utils:haversine_distance:20 - Haversine: (31.4131266, 73.1236059) → (31.4677186, 73.025005) = 11151.3 m
2026-03-16 01:47:29.598 | DEBUG    | utils.geo_utils:haversine_distance:20 - Haversine: (31.4131266, 73.1236059) → (31.4470737, 73.0279831) = 9826.6 m
2026-03-16 01:47:29.598 | DEBUG    | utils.geo_utils:haversine_distance:20 - Haversine: (31.4131266, 73.1236059) → (31.4569331, 73.0769836) = 6579.7 m
2026-03-16 01:47:29.598 | DEBUG    | utils.geo_utils:haversine_distance:20 - Haversine: (31.524428, 73.0992486) → (31.3041712, 73.1294312) = 24658.4 m
2026-03-16 01:47:29.598 | DEBUG    | utils.geo_utils:haversine_distance:20 - Haversine: (31.524428, 73.0992486) → (31.4368525, 73.1402929) = 10487.0 m
2026-03-16 01:47:29.598 | DEBUG    | utils.geo_utils:haversine_distance:20 - Haversine: (31.524428, 73.0992486) → (31.419108, 73.0417938) = 12916.6 m
2026-03-16 01:47:29.599 | DEBUG    | utils.geo_utils:haversine_distance:20 - Haversine: (31.524428, 73.0992486) → (31.4962011, 73.0724818) = 4036.1 m
2026-03-16 01:47:29.599 | DEBUG    | utils.geo_utils:haversine_distance:20 - Haversine: (31.524428, 73.0992486) → (31.4191746, 73.0041645) = 14774.7 m
2026-03-16 01:47:29.599 | DEBUG    | utils.geo_utils:haversine_distance:20 - Haversine: (31.524428, 73.0992486) → (31.3953268, 73.1255919) = 14571.2 m
2026-03-16 01:47:29.599 | DEBUG    | utils.geo_utils:haversine_distance:20 - Haversine: (31.524428, 73.0992486) → (31.3642503, 73.0686124) = 18046.5 m
2026-03-16 01:47:29.599 | DEBUG    | utils.geo_utils:haversine_distance:20 - Haversine: (31.524428, 73.0992486) → (31.4940623, 73.0730086) = 4193.9 m
2026-03-16 01:47:29.599 | DEBUG    | utils.geo_utils:haversine_distance:20 - Haversine: (31.524428, 73.0992486) → (31.4068604, 73.1492935) = 13907.9 m
2026-03-16 01:47:29.599 | DEBUG    | utils.geo_utils:haversine_distance:20 - Haversine: (31.524428, 73.0992486) → (31.364842, 73.1888217) = 19674.8 m
2026-03-16 01:47:29.599 | DEBUG    | utils.geo_utils:haversine_distance:20 - Haversine: (31.524428, 73.0992486) → (31.3982919, 73.1639859) = 15310.9 m
2026-03-16 01:47:29.599 | DEBUG    | utils.geo_utils:haversine_distance:20 - Haversine: (31.524428, 73.0992486) → (31.3437631, 73.0763411) = 20206.2 m
2026-03-16 01:47:29.599 | DEBUG    | utils.geo_utils:haversine_distance:20 - Haversine: (31.524428, 73.0992486) → (31.3326781, 73.1048617) = 21328.3 m
2026-03-16 01:47:29.601 | DEBUG    | utils.geo_utils:haversine_distance:20 - Haversine: (31.524428, 73.0992486) → (31.3992281, 73.0283241) = 15461.7 m
2026-03-16 01:47:29.601 | DEBUG    | utils.geo_utils:haversine_distance:20 - Haversine: (31.524428, 73.0992486) → (31.3595159, 73.0558316) = 18794.3 m
2026-03-16 01:47:29.601 | DEBUG    | utils.geo_utils:haversine_distance:20 - Haversine: (31.524428, 73.0992486) → (31.3891488, 73.0788111) = 15166.8 m
2026-03-16 01:47:29.601 | DEBUG    | utils.geo_utils:haversine_distance:20 - Haversine: (31.524428, 73.0992486) → (31.4677186, 73.025005) = 9450.6 m
2026-03-16 01:47:29.601 | DEBUG    | utils.geo_utils:haversine_distance:20 - Haversine: (31.524428, 73.0992486) → (31.4470737, 73.0279831) = 10938.5 m
2026-03-16 01:47:29.602 | DEBUG    | utils.geo_utils:haversine_distance:20 - Haversine: (31.524428, 73.0992486) → (31.4569331, 73.0769836) = 7796.4 m
2026-03-16 01:47:29.602 | DEBUG    | utils.geo_utils:haversine_distance:20 - Haversine: (31.524428, 73.0992486) → (31.4131266, 73.1236059) = 12589.9 m
2026-03-16 01:47:29.602 | DEBUG    | utils.geo_utils:haversine_distance:20 - Haversine: (31.5548727, 73.0529512) → (31.3041712, 73.1294312) = 28805.7 m
2026-03-16 01:47:29.602 | DEBUG    | utils.geo_utils:haversine_distance:20 - Haversine: (31.5548727, 73.0529512) → (31.4368525, 73.1402929) = 15517.6 m
2026-03-16 01:47:29.602 | DEBUG    | utils.geo_utils:haversine_distance:20 - Haversine: (31.5548727, 73.0529512) → (31.419108, 73.0417938) = 15133.4 m
2026-03-16 01:47:29.602 | DEBUG    | utils.geo_utils:haversine_distance:20 - Haversine: (31.5548727, 73.0529512) → (31.4962011, 73.0724818) = 6781.5 m
2026-03-16 01:47:29.602 | DEBUG    | utils.geo_utils:haversine_distance:20 - Haversine: (31.5548727, 73.0529512) → (31.4191746, 73.0041645) = 15782.2 m
2026-03-16 01:47:29.602 | DEBUG    | utils.geo_utils:haversine_distance:20 - Haversine: (31.5548727, 73.0529512) → (31.3953268, 73.1255919) = 19031.2 m
2026-03-16 01:47:29.602 | DEBUG    | utils.geo_utils:haversine_distance:20 - Haversine: (31.5548727, 73.0529512) → (31.3642503, 73.0686124) = 21248.2 m
2026-03-16 01:47:29.603 | DEBUG    | utils.geo_utils:haversine_distance:20 - Haversine: (31.5548727, 73.0529512) → (31.4940623, 73.0730086) = 7024.0 m
2026-03-16 01:47:29.605 | DEBUG    | utils.geo_utils:haversine_distance:20 - Haversine: (31.5548727, 73.0529512) → (31.4068604, 73.1492935) = 18823.9 m
2026-03-16 01:47:29.605 | DEBUG    | utils.geo_utils:haversine_distance:20 - Haversine: (31.5548727, 73.0529512) → (31.364842, 73.1888217) = 24750.3 m
2026-03-16 01:47:29.606 | DEBUG    | utils.geo_utils:haversine_distance:20 - Haversine: (31.5548727, 73.0529512) → (31.3982919, 73.1639859) = 20347.4 m
2026-03-16 01:47:29.606 | DEBUG    | utils.geo_utils:haversine_distance:20 - Haversine: (31.5548727, 73.0529512) → (31.3437631, 73.0763411) = 23578.9 m
2026-03-16 01:47:29.606 | DEBUG    | utils.geo_utils:haversine_distance:20 - Haversine: (31.5548727, 73.0529512) → (31.3326781, 73.1048617) = 25192.9 m
2026-03-16 01:47:29.606 | DEBUG    | utils.geo_utils:haversine_distance:20 - Haversine: (31.5548727, 73.0529512) → (31.3992281, 73.0283241) = 17463.8 m
2026-03-16 01:47:29.606 | DEBUG    | utils.geo_utils:haversine_distance:20 - Haversine: (31.5548727, 73.0529512) → (31.3595159, 73.0558316) = 21724.4 m
2026-03-16 01:47:29.606 | DEBUG    | utils.geo_utils:haversine_distance:20 - Haversine: (31.5548727, 73.0529512) → (31.3891488, 73.0788111) = 18590.1 m
2026-03-16 01:47:29.606 | DEBUG    | utils.geo_utils:haversine_distance:20 - Haversine: (31.5548727, 73.0529512) → (31.4677186, 73.025005) = 10046.7 m
2026-03-16 01:47:29.606 | DEBUG    | utils.geo_utils:haversine_distance:20 - Haversine: (31.5548727, 73.0529512) → (31.4470737, 73.0279831) = 12218.2 m
2026-03-16 01:47:29.606 | DEBUG    | utils.geo_utils:haversine_distance:20 - Haversine: (31.5548727, 73.0529512) → (31.4569331, 73.0769836) = 11126.2 m
2026-03-16 01:47:29.606 | DEBUG    | utils.geo_utils:haversine_distance:20 - Haversine: (31.5548727, 73.0529512) → (31.4131266, 73.1236059) = 17126.3 m
2026-03-16 01:47:29.607 | DEBUG    | utils.geo_utils:haversine_distance:20 - Haversine: (31.5548727, 73.0529512) → (31.524428, 73.0992486) = 5541.7 m
2026-03-16 01:47:29.607 | DEBUG    | utils.geo_utils:haversine_distance:20 - Haversine: (31.4530994, 73.1171243) → (31.3041712, 73.1294312) = 16601.2 m
2026-03-16 01:47:29.607 | DEBUG    | utils.geo_utils:haversine_distance:20 - Haversine: (31.4530994, 73.1171243) → (31.4368525, 73.1402929) = 2845.1 m
2026-03-16 01:47:29.607 | DEBUG    | utils.geo_utils:haversine_distance:20 - Haversine: (31.4530994, 73.1171243) → (31.419108, 73.0417938) = 8084.8 m
2026-03-16 01:47:29.607 | DEBUG    | utils.geo_utils:haversine_distance:20 - Haversine: (31.4530994, 73.1171243) → (31.4962011, 73.0724818) = 6394.8 m
2026-03-16 01:47:29.607 | DEBUG    | utils.geo_utils:haversine_distance:20 - Haversine: (31.4530994, 73.1171243) → (31.4191746, 73.0041645) = 11361.5 m
2026-03-16 01:47:29.607 | DEBUG    | utils.geo_utils:haversine_distance:20 - Haversine: (31.4530994, 73.1171243) → (31.3953268, 73.1255919) = 6474.1 m
2026-03-16 01:47:29.607 | DEBUG    | utils.geo_utils:haversine_distance:20 - Haversine: (31.4530994, 73.1171243) → (31.3642503, 73.0686124) = 10899.6 m
2026-03-16 01:47:29.607 | DEBUG    | utils.geo_utils:haversine_distance:20 - Haversine: (31.4530994, 73.1171243) → (31.4940623, 73.0730086) = 6184.7 m
2026-03-16 01:47:29.608 | DEBUG    | utils.geo_utils:haversine_distance:20 - Haversine: (31.4530994, 73.1171243) → (31.4068604, 73.1492935) = 5979.3 m
2026-03-16 01:47:29.608 | DEBUG    | utils.geo_utils:haversine_distance:20 - Haversine: (31.4530994, 73.1171243) → (31.364842, 73.1888217) = 11941.8 m
2026-03-16 01:47:29.608 | DEBUG    | utils.geo_utils:haversine_distance:20 - Haversine: (31.4530994, 73.1171243) → (31.3982919, 73.1639859) = 7544.0 m
2026-03-16 01:47:29.608 | DEBUG    | utils.geo_utils:haversine_distance:20 - Haversine: (31.4530994, 73.1171243) → (31.3437631, 73.0763411) = 12759.0 m
2026-03-16 01:47:29.608 | DEBUG    | utils.geo_utils:haversine_distance:20 - Haversine: (31.4530994, 73.1171243) → (31.3326781, 73.1048617) = 13440.7 m
2026-03-16 01:47:29.608 | DEBUG    | utils.geo_utils:haversine_distance:20 - Haversine: (31.4530994, 73.1171243) → (31.3992281, 73.0283241) = 10338.1 m
2026-03-16 01:47:29.608 | DEBUG    | utils.geo_utils:haversine_distance:20 - Haversine: (31.4530994, 73.1171243) → (31.3595159, 73.0558316) = 11921.5 m
2026-03-16 01:47:29.608 | DEBUG    | utils.geo_utils:haversine_distance:20 - Haversine: (31.4530994, 73.1171243) → (31.3891488, 73.0788111) = 7986.4 m
2026-03-16 01:47:29.608 | DEBUG    | utils.geo_utils:haversine_distance:20 - Haversine: (31.4530994, 73.1171243) → (31.4677186, 73.025005) = 8887.4 m
2026-03-16 01:47:29.608 | DEBUG    | utils.geo_utils:haversine_distance:20 - Haversine: (31.4530994, 73.1171243) → (31.4470737, 73.0279831) = 8482.4 m
2026-03-16 01:47:29.608 | DEBUG    | utils.geo_utils:haversine_distance:20 - Haversine: (31.4530994, 73.1171243) → (31.4569331, 73.0769836) = 3831.3 m
2026-03-16 01:47:29.609 | DEBUG    | utils.geo_utils:haversine_distance:20 - Haversine: (31.4530994, 73.1171243) → (31.4131266, 73.1236059) = 4487.1 m
2026-03-16 01:47:29.609 | DEBUG    | utils.geo_utils:haversine_distance:20 - Haversine: (31.4530994, 73.1171243) → (31.524428, 73.0992486) = 8110.5 m
2026-03-16 01:47:29.609 | DEBUG    | utils.geo_utils:haversine_distance:20 - Haversine: (31.4530994, 73.1171243) → (31.5548727, 73.0529512) = 12848.4 m
2026-03-16 01:47:29.609 | DEBUG    | utils.geo_utils:haversine_distance:20 - Haversine: (31.4754645, 73.1427365) → (31.3041712, 73.1294312) = 19088.8 m
2026-03-16 01:47:29.609 | DEBUG    | utils.geo_utils:haversine_distance:20 - Haversine: (31.4754645, 73.1427365) → (31.4368525, 73.1402929) = 4299.7 m
2026-03-16 01:47:29.609 | DEBUG    | utils.geo_utils:haversine_distance:20 - Haversine: (31.4754645, 73.1427365) → (31.419108, 73.0417938) = 11443.9 m
2026-03-16 01:47:29.609 | DEBUG    | utils.geo_utils:haversine_distance:20 - Haversine: (31.4754645, 73.1427365) → (31.4962011, 73.0724818) = 7049.6 m
2026-03-16 01:47:29.609 | DEBUG    | utils.geo_utils:haversine_distance:20 - Haversine: (31.4754645, 73.1427365) → (31.4191746, 73.0041645) = 14559.4 m
2026-03-16 01:47:29.610 | DEBUG    | utils.geo_utils:haversine_distance:20 - Haversine: (31.4754645, 73.1427365) → (31.3953268, 73.1255919) = 9058.1 m
2026-03-16 01:47:29.610 | DEBUG    | utils.geo_utils:haversine_distance:20 - Haversine: (31.4754645, 73.1427365) → (31.3642503, 73.0686124) = 14226.8 m
2026-03-16 01:47:29.610 | DEBUG    | utils.geo_utils:haversine_distance:20 - Haversine: (31.4754645, 73.1427365) → (31.4940623, 73.0730086) = 6927.8 m
2026-03-16 01:47:29.610 | DEBUG    | utils.geo_utils:haversine_distance:20 - Haversine: (31.4754645, 73.1427365) → (31.4068604, 73.1492935) = 7653.7 m
2026-03-16 01:47:29.610 | DEBUG    | utils.geo_utils:haversine_distance:20 - Haversine: (31.4754645, 73.1427365) → (31.364842, 73.1888217) = 13054.9 m
2026-03-16 01:47:29.610 | DEBUG    | utils.geo_utils:haversine_distance:20 - Haversine: (31.4754645, 73.1427365) → (31.3982919, 73.1639859) = 8814.8 m
2026-03-16 01:47:29.610 | DEBUG    | utils.geo_utils:haversine_distance:20 - Haversine: (31.4754645, 73.1427365) → (31.3437631, 73.0763411) = 15942.5 m
2026-03-16 01:47:29.610 | DEBUG    | utils.geo_utils:haversine_distance:20 - Haversine: (31.4754645, 73.1427365) → (31.3326781, 73.1048617) = 16278.9 m
2026-03-16 01:47:29.610 | DEBUG    | utils.geo_utils:haversine_distance:20 - Haversine: (31.4754645, 73.1427365) → (31.3992281, 73.0283241) = 13772.6 m
2026-03-16 01:47:29.610 | DEBUG    | utils.geo_utils:haversine_distance:20 - Haversine: (31.4754645, 73.1427365) → (31.3595159, 73.0558316) = 15304.7 m
2026-03-16 01:47:29.610 | DEBUG    | utils.geo_utils:haversine_distance:20 - Haversine: (31.4754645, 73.1427365) → (31.3891488, 73.0788111) = 11353.6 m
2026-03-16 01:47:29.610 | DEBUG    | utils.geo_utils:haversine_distance:20 - Haversine: (31.4754645, 73.1427365) → (31.4677186, 73.025005) = 11198.6 m
2026-03-16 01:47:29.610 | DEBUG    | utils.geo_utils:haversine_distance:20 - Haversine: (31.4754645, 73.1427365) → (31.4470737, 73.0279831) = 11332.8 m
2026-03-16 01:47:29.610 | DEBUG    | utils.geo_utils:haversine_distance:20 - Haversine: (31.4754645, 73.1427365) → (31.4569331, 73.0769836) = 6567.9 m
2026-03-16 01:47:29.611 | DEBUG    | utils.geo_utils:haversine_distance:20 - Haversine: (31.4754645, 73.1427365) → (31.4131266, 73.1236059) = 7165.3 m
2026-03-16 01:47:29.611 | DEBUG    | utils.geo_utils:haversine_distance:20 - Haversine: (31.4754645, 73.1427365) → (31.524428, 73.0992486) = 6829.5 m
2026-03-16 01:47:29.611 | DEBUG    | utils.geo_utils:haversine_distance:20 - Haversine: (31.4754645, 73.1427365) → (31.5548727, 73.0529512) = 12263.9 m
2026-03-16 01:47:29.611 | DEBUG    | utils.geo_utils:haversine_distance:20 - Haversine: (31.4754645, 73.1427365) → (31.4530994, 73.1171243) = 3476.4 m
2026-03-16 01:47:29.611 | DEBUG    | utils.geo_utils:haversine_distance:20 - Haversine: (31.4791137, 73.0535567) → (31.3041712, 73.1294312) = 20743.1 m
2026-03-16 01:47:29.611 | DEBUG    | utils.geo_utils:haversine_distance:20 - Haversine: (31.4791137, 73.0535567) → (31.4368525, 73.1402929) = 9474.6 m
2026-03-16 01:47:29.611 | DEBUG    | utils.geo_utils:haversine_distance:20 - Haversine: (31.4791137, 73.0535567) → (31.419108, 73.0417938) = 6765.0 m
2026-03-16 01:47:29.611 | DEBUG    | utils.geo_utils:haversine_distance:20 - Haversine: (31.4791137, 73.0535567) → (31.4962011, 73.0724818) = 2613.5 m
2026-03-16 01:47:29.611 | DEBUG    | utils.geo_utils:haversine_distance:20 - Haversine: (31.4791137, 73.0535567) → (31.4191746, 73.0041645) = 8147.0 m
2026-03-16 01:47:29.611 | DEBUG    | utils.geo_utils:haversine_distance:20 - Haversine: (31.4791137, 73.0535567) → (31.3953268, 73.1255919) = 11554.5 m
2026-03-16 01:47:29.611 | DEBUG    | utils.geo_utils:haversine_distance:20 - Haversine: (31.4791137, 73.0535567) → (31.3642503, 73.0686124) = 12851.9 m
2026-03-16 01:47:29.611 | DEBUG    | utils.geo_utils:haversine_distance:20 - Haversine: (31.4791137, 73.0535567) → (31.4940623, 73.0730086) = 2483.0 m
2026-03-16 01:47:29.611 | DEBUG    | utils.geo_utils:haversine_distance:20 - Haversine: (31.4791137, 73.0535567) → (31.4068604, 73.1492935) = 12125.8 m
2026-03-16 01:47:29.612 | DEBUG    | utils.geo_utils:haversine_distance:20 - Haversine: (31.4791137, 73.0535567) → (31.364842, 73.1888217) = 18060.8 m
2026-03-16 01:47:29.612 | DEBUG    | utils.geo_utils:haversine_distance:20 - Haversine: (31.4791137, 73.0535567) → (31.3982919, 73.1639859) = 13803.0 m
2026-03-16 01:47:29.612 | DEBUG    | utils.geo_utils:haversine_distance:20 - Haversine: (31.4791137, 73.0535567) → (31.3437631, 73.0763411) = 15204.8 m
2026-03-16 01:47:29.612 | DEBUG    | utils.geo_utils:haversine_distance:20 - Haversine: (31.4791137, 73.0535567) → (31.3326781, 73.1048617) = 16995.3 m
2026-03-16 01:47:29.612 | DEBUG    | utils.geo_utils:haversine_distance:20 - Haversine: (31.4791137, 73.0535567) → (31.3992281, 73.0283241) = 9199.8 m
2026-03-16 01:47:29.612 | DEBUG    | utils.geo_utils:haversine_distance:20 - Haversine: (31.4791137, 73.0535567) → (31.3595159, 73.0558316) = 13300.4 m
2026-03-16 01:47:29.612 | DEBUG    | utils.geo_utils:haversine_distance:20 - Haversine: (31.4791137, 73.0535567) → (31.3891488, 73.0788111) = 10286.6 m
2026-03-16 01:47:29.613 | DEBUG    | utils.geo_utils:haversine_distance:20 - Haversine: (31.4791137, 73.0535567) → (31.4677186, 73.025005) = 2989.5 m
2026-03-16 01:47:29.613 | DEBUG    | utils.geo_utils:haversine_distance:20 - Haversine: (31.4791137, 73.0535567) → (31.4470737, 73.0279831) = 4310.0 m
2026-03-16 01:47:29.613 | DEBUG    | utils.geo_utils:haversine_distance:20 - Haversine: (31.4791137, 73.0535567) → (31.4569331, 73.0769836) = 3319.6 m
2026-03-16 01:47:29.613 | DEBUG    | utils.geo_utils:haversine_distance:20 - Haversine: (31.4791137, 73.0535567) → (31.4131266, 73.1236059) = 9899.3 m
2026-03-16 01:47:29.613 | DEBUG    | utils.geo_utils:haversine_distance:20 - Haversine: (31.4791137, 73.0535567) → (31.524428, 73.0992486) = 6644.9 m
2026-03-16 01:47:29.613 | DEBUG    | utils.geo_utils:haversine_distance:20 - Haversine: (31.4791137, 73.0535567) → (31.5548727, 73.0529512) = 8424.2 m
2026-03-16 01:47:29.613 | DEBUG    | utils.geo_utils:haversine_distance:20 - Haversine: (31.4791137, 73.0535567) → (31.4530994, 73.1171243) = 6687.0 m
2026-03-16 01:47:29.613 | DEBUG    | utils.geo_utils:haversine_distance:20 - Haversine: (31.4791137, 73.0535567) → (31.4754645, 73.1427365) = 8466.9 m
2026-03-16 01:47:29.613 | DEBUG    | utils.geo_utils:haversine_distance:20 - Haversine: (31.3274669, 73.1185757) → (31.3041712, 73.1294312) = 2788.1 m
2026-03-16 01:47:29.613 | DEBUG    | utils.geo_utils:haversine_distance:20 - Haversine: (31.3274669, 73.1185757) → (31.4368525, 73.1402929) = 12336.6 m
2026-03-16 01:47:29.613 | DEBUG    | utils.geo_utils:haversine_distance:20 - Haversine: (31.3274669, 73.1185757) → (31.419108, 73.0417938) = 12528.9 m
2026-03-16 01:47:29.613 | DEBUG    | utils.geo_utils:haversine_distance:20 - Haversine: (31.3274669, 73.1185757) → (31.4962011, 73.0724818) = 19265.5 m
2026-03-16 01:47:29.613 | DEBUG    | utils.geo_utils:haversine_distance:20 - Haversine: (31.3274669, 73.1185757) → (31.4191746, 73.0041645) = 14898.6 m
2026-03-16 01:47:29.613 | DEBUG    | utils.geo_utils:haversine_distance:20 - Haversine: (31.3274669, 73.1185757) → (31.3953268, 73.1255919) = 7575.0 m
2026-03-16 01:47:29.613 | DEBUG    | utils.geo_utils:haversine_distance:20 - Haversine: (31.3274669, 73.1185757) → (31.3642503, 73.0686124) = 6264.3 m
2026-03-16 01:47:29.613 | DEBUG    | utils.geo_utils:haversine_distance:20 - Haversine: (31.3274669, 73.1185757) → (31.4940623, 73.0730086) = 19022.6 m
2026-03-16 01:47:29.613 | DEBUG    | utils.geo_utils:haversine_distance:20 - Haversine: (31.3274669, 73.1185757) → (31.4068604, 73.1492935) = 9297.4 m
2026-03-16 01:47:29.613 | DEBUG    | utils.geo_utils:haversine_distance:20 - Haversine: (31.3274669, 73.1185757) → (31.364842, 73.1888217) = 7859.6 m
2026-03-16 01:47:29.613 | DEBUG    | utils.geo_utils:haversine_distance:20 - Haversine: (31.3274669, 73.1185757) → (31.3982919, 73.1639859) = 8978.4 m
2026-03-16 01:47:29.614 | DEBUG    | utils.geo_utils:haversine_distance:20 - Haversine: (31.3274669, 73.1185757) → (31.3437631, 73.0763411) = 4401.6 m
2026-03-16 01:47:29.614 | DEBUG    | utils.geo_utils:haversine_distance:20 - Haversine: (31.3274669, 73.1185757) → (31.3326781, 73.1048617) = 1425.6 m
2026-03-16 01:47:29.614 | DEBUG    | utils.geo_utils:haversine_distance:20 - Haversine: (31.3274669, 73.1185757) → (31.3992281, 73.0283241) = 11709.1 m
2026-03-16 01:47:29.614 | DEBUG    | utils.geo_utils:haversine_distance:20 - Haversine: (31.3274669, 73.1185757) → (31.3595159, 73.0558316) = 6943.0 m
2026-03-16 01:47:29.614 | DEBUG    | utils.geo_utils:haversine_distance:20 - Haversine: (31.3274669, 73.1185757) → (31.3891488, 73.0788111) = 7829.3 m
2026-03-16 01:47:29.614 | DEBUG    | utils.geo_utils:haversine_distance:20 - Haversine: (31.3274669, 73.1185757) → (31.4677186, 73.025005) = 17946.8 m
2026-03-16 01:47:29.614 | DEBUG    | utils.geo_utils:haversine_distance:20 - Haversine: (31.3274669, 73.1185757) → (31.4470737, 73.0279831) = 15837.6 m
2026-03-16 01:47:29.614 | DEBUG    | utils.geo_utils:haversine_distance:20 - Haversine: (31.3274669, 73.1185757) → (31.4569331, 73.0769836) = 14927.5 m
2026-03-16 01:47:29.614 | DEBUG    | utils.geo_utils:haversine_distance:20 - Haversine: (31.3274669, 73.1185757) → (31.4131266, 73.1236059) = 9536.9 m
2026-03-16 01:47:29.614 | DEBUG    | utils.geo_utils:haversine_distance:20 - Haversine: (31.3274669, 73.1185757) → (31.524428, 73.0992486) = 21977.7 m
2026-03-16 01:47:29.614 | DEBUG    | utils.geo_utils:haversine_distance:20 - Haversine: (31.3274669, 73.1185757) → (31.5548727, 73.0529512) = 26041.5 m
2026-03-16 01:47:29.614 | DEBUG    | utils.geo_utils:haversine_distance:20 - Haversine: (31.3274669, 73.1185757) → (31.4530994, 73.1171243) = 13970.4 m
2026-03-16 01:47:29.614 | DEBUG    | utils.geo_utils:haversine_distance:20 - Haversine: (31.3274669, 73.1185757) → (31.4754645, 73.1427365) = 16615.6 m
2026-03-16 01:47:29.614 | DEBUG    | utils.geo_utils:haversine_distance:20 - Haversine: (31.3274669, 73.1185757) → (31.4791137, 73.0535567) = 17956.0 m
2026-03-16 01:47:29.614 | DEBUG    | utils.geo_utils:haversine_distance:20 - Haversine: (31.523248, 73.0577658) → (31.3041712, 73.1294312) = 25291.7 m
2026-03-16 01:47:29.614 | DEBUG    | utils.geo_utils:haversine_distance:20 - Haversine: (31.523248, 73.0577658) → (31.4368525, 73.1402929) = 12391.0 m
2026-03-16 01:47:29.614 | DEBUG    | utils.geo_utils:haversine_distance:20 - Haversine: (31.523248, 73.0577658) → (31.419108, 73.0417938) = 11678.5 m
2026-03-16 01:47:29.614 | DEBUG    | utils.geo_utils:haversine_distance:20 - Haversine: (31.523248, 73.0577658) → (31.4962011, 73.0724818) = 3315.3 m
2026-03-16 01:47:29.614 | DEBUG    | utils.geo_utils:haversine_distance:20 - Haversine: (31.523248, 73.0577658) → (31.4191746, 73.0041645) = 12639.7 m
2026-03-16 01:47:29.614 | DEBUG    | utils.geo_utils:haversine_distance:20 - Haversine: (31.523248, 73.0577658) → (31.3953268, 73.1255919) = 15611.4 m
2026-03-16 01:47:29.615 | DEBUG    | utils.geo_utils:haversine_distance:20 - Haversine: (31.523248, 73.0577658) → (31.3642503, 73.0686124) = 17709.7 m
2026-03-16 01:47:29.615 | DEBUG    | utils.geo_utils:haversine_distance:20 - Haversine: (31.523248, 73.0577658) → (31.4940623, 73.0730086) = 3552.5 m
2026-03-16 01:47:29.615 | DEBUG    | utils.geo_utils:haversine_distance:20 - Haversine: (31.523248, 73.0577658) → (31.4068604, 73.1492935) = 15583.5 m
2026-03-16 01:47:29.615 | DEBUG    | utils.geo_utils:haversine_distance:20 - Haversine: (31.523248, 73.0577658) → (31.364842, 73.1888217) = 21559.8 m
2026-03-16 01:47:29.615 | DEBUG    | utils.geo_utils:haversine_distance:20 - Haversine: (31.523248, 73.0577658) → (31.3982919, 73.1639859) = 17162.7 m
2026-03-16 01:47:29.615 | DEBUG    | utils.geo_utils:haversine_distance:20 - Haversine: (31.523248, 73.0577658) → (31.3437631, 73.0763411) = 20035.5 m
2026-03-16 01:47:29.616 | DEBUG    | utils.geo_utils:haversine_distance:20 - Haversine: (31.523248, 73.0577658) → (31.3326781, 73.1048617) = 21656.4 m
2026-03-16 01:47:29.616 | DEBUG    | utils.geo_utils:haversine_distance:20 - Haversine: (31.523248, 73.0577658) → (31.3992281, 73.0283241) = 14070.3 m
2026-03-16 01:47:29.616 | DEBUG    | utils.geo_utils:haversine_distance:20 - Haversine: (31.523248, 73.0577658) → (31.3595159, 73.0558316) = 18207.1 m
2026-03-16 01:47:29.616 | DEBUG    | utils.geo_utils:haversine_distance:20 - Haversine: (31.523248, 73.0577658) → (31.3891488, 73.0788111) = 15044.2 m
2026-03-16 01:47:29.616 | DEBUG    | utils.geo_utils:haversine_distance:20 - Haversine: (31.523248, 73.0577658) → (31.4677186, 73.025005) = 6911.9 m
2026-03-16 01:47:29.617 | DEBUG    | utils.geo_utils:haversine_distance:20 - Haversine: (31.523248, 73.0577658) → (31.4470737, 73.0279831) = 8928.6 m
2026-03-16 01:47:29.617 | DEBUG    | utils.geo_utils:haversine_distance:20 - Haversine: (31.523248, 73.0577658) → (31.4569331, 73.0769836) = 7595.7 m
2026-03-16 01:47:29.617 | DEBUG    | utils.geo_utils:haversine_distance:20 - Haversine: (31.523248, 73.0577658) → (31.4131266, 73.1236059) = 13745.2 m
2026-03-16 01:47:29.617 | DEBUG    | utils.geo_utils:haversine_distance:20 - Haversine: (31.523248, 73.0577658) → (31.524428, 73.0992486) = 3934.1 m
2026-03-16 01:47:29.617 | DEBUG    | utils.geo_utils:haversine_distance:20 - Haversine: (31.523248, 73.0577658) → (31.5548727, 73.0529512) = 3546.0 m
2026-03-16 01:47:29.617 | DEBUG    | utils.geo_utils:haversine_distance:20 - Haversine: (31.523248, 73.0577658) → (31.4530994, 73.1171243) = 9618.8 m
2026-03-16 01:47:29.617 | DEBUG    | utils.geo_utils:haversine_distance:20 - Haversine: (31.523248, 73.0577658) → (31.4754645, 73.1427365) = 9650.4 m
2026-03-16 01:47:29.617 | DEBUG    | utils.geo_utils:haversine_distance:20 - Haversine: (31.523248, 73.0577658) → (31.4791137, 73.0535567) = 4923.7 m
2026-03-16 01:47:29.617 | DEBUG    | utils.geo_utils:haversine_distance:20 - Haversine: (31.523248, 73.0577658) → (31.3274669, 73.1185757) = 22521.5 m
2026-03-16 01:47:29.617 | DEBUG    | utils.geo_utils:haversine_distance:20 - Haversine: (31.4403375, 73.0204751) → (31.3041712, 73.1294312) = 18337.1 m
2026-03-16 01:47:29.617 | DEBUG    | utils.geo_utils:haversine_distance:20 - Haversine: (31.4403375, 73.0204751) → (31.4368525, 73.1402929) = 11373.9 m
2026-03-16 01:47:29.618 | DEBUG    | utils.geo_utils:haversine_distance:20 - Haversine: (31.4403375, 73.0204751) → (31.419108, 73.0417938) = 3108.7 m
2026-03-16 01:47:29.618 | DEBUG    | utils.geo_utils:haversine_distance:20 - Haversine: (31.4403375, 73.0204751) → (31.4962011, 73.0724818) = 7931.9 m
2026-03-16 01:47:29.618 | DEBUG    | utils.geo_utils:haversine_distance:20 - Haversine: (31.4403375, 73.0204751) → (31.4191746, 73.0041645) = 2816.5 m
2026-03-16 01:47:29.618 | DEBUG    | utils.geo_utils:haversine_distance:20 - Haversine: (31.4403375, 73.0204751) → (31.3953268, 73.1255919) = 11160.0 m
2026-03-16 01:47:29.618 | DEBUG    | utils.geo_utils:haversine_distance:20 - Haversine: (31.4403375, 73.0204751) → (31.3642503, 73.0686124) = 9615.2 m
2026-03-16 01:47:29.618 | DEBUG    | utils.geo_utils:haversine_distance:20 - Haversine: (31.4403375, 73.0204751) → (31.4940623, 73.0730086) = 7779.0 m
2026-03-16 01:47:29.618 | DEBUG    | utils.geo_utils:haversine_distance:20 - Haversine: (31.4403375, 73.0204751) → (31.4068604, 73.1492935) = 12777.4 m
2026-03-16 01:47:29.618 | DEBUG    | utils.geo_utils:haversine_distance:20 - Haversine: (31.4403375, 73.0204751) → (31.364842, 73.1888217) = 18048.5 m
2026-03-16 01:47:29.618 | DEBUG    | utils.geo_utils:haversine_distance:20 - Haversine: (31.4403375, 73.0204751) → (31.3982919, 73.1639859) = 14398.1 m
2026-03-16 01:47:29.618 | DEBUG    | utils.geo_utils:haversine_distance:20 - Haversine: (31.4403375, 73.0204751) → (31.3437631, 73.0763411) = 11976.5 m
2026-03-16 01:47:29.618 | DEBUG    | utils.geo_utils:haversine_distance:20 - Haversine: (31.4403375, 73.0204751) → (31.3326781, 73.1048617) = 14404.0 m
2026-03-16 01:47:29.618 | DEBUG    | utils.geo_utils:haversine_distance:20 - Haversine: (31.4403375, 73.0204751) → (31.3992281, 73.0283241) = 4631.4 m
2026-03-16 01:47:29.618 | DEBUG    | utils.geo_utils:haversine_distance:20 - Haversine: (31.4403375, 73.0204751) → (31.3595159, 73.0558316) = 9593.0 m
2026-03-16 01:47:29.618 | DEBUG    | utils.geo_utils:haversine_distance:20 - Haversine: (31.4403375, 73.0204751) → (31.3891488, 73.0788111) = 7940.0 m
2026-03-16 01:47:29.618 | DEBUG    | utils.geo_utils:haversine_distance:20 - Haversine: (31.4403375, 73.0204751) → (31.4677186, 73.025005) = 3074.8 m
2026-03-16 01:47:29.618 | DEBUG    | utils.geo_utils:haversine_distance:20 - Haversine: (31.4403375, 73.0204751) → (31.4470737, 73.0279831) = 1033.6 m
2026-03-16 01:47:29.619 | DEBUG    | utils.geo_utils:haversine_distance:20 - Haversine: (31.4403375, 73.0204751) → (31.4569331, 73.0769836) = 5669.2 m
2026-03-16 01:47:29.619 | DEBUG    | utils.geo_utils:haversine_distance:20 - Haversine: (31.4403375, 73.0204751) → (31.4131266, 73.1236059) = 10242.5 m
2026-03-16 01:47:29.619 | DEBUG    | utils.geo_utils:haversine_distance:20 - Haversine: (31.4403375, 73.0204751) → (31.524428, 73.0992486) = 11967.9 m
2026-03-16 01:47:29.619 | DEBUG    | utils.geo_utils:haversine_distance:20 - Haversine: (31.4403375, 73.0204751) → (31.5548727, 73.0529512) = 13102.7 m
2026-03-16 01:47:29.619 | DEBUG    | utils.geo_utils:haversine_distance:20 - Haversine: (31.4403375, 73.0204751) → (31.4530994, 73.1171243) = 9277.6 m
2026-03-16 01:47:29.619 | DEBUG    | utils.geo_utils:haversine_distance:20 - Haversine: (31.4403375, 73.0204751) → (31.4754645, 73.1427365) = 12236.9 m
2026-03-16 01:47:29.623 | DEBUG    | utils.geo_utils:haversine_distance:20 - Haversine: (31.4403375, 73.0204751) → (31.4791137, 73.0535567) = 5332.6 m
2026-03-16 01:47:29.624 | DEBUG    | utils.geo_utils:haversine_distance:20 - Haversine: (31.4403375, 73.0204751) → (31.3274669, 73.1185757) = 15628.1 m
2026-03-16 01:47:29.624 | DEBUG    | utils.geo_utils:haversine_distance:20 - Haversine: (31.4403375, 73.0204751) → (31.523248, 73.0577658) = 9874.1 m
2026-03-16 01:47:29.624 | DEBUG    | utils.geo_utils:haversine_distance:20 - Haversine: (31.5252951, 73.0316351) → (31.3041712, 73.1294312) = 26281.0 m
2026-03-16 01:47:29.624 | DEBUG    | utils.geo_utils:haversine_distance:20 - Haversine: (31.5252951, 73.0316351) → (31.4368525, 73.1402929) = 14243.7 m
2026-03-16 01:47:29.624 | DEBUG    | utils.geo_utils:haversine_distance:20 - Haversine: (31.5252951, 73.0316351) → (31.419108, 73.0417938) = 11846.7 m
2026-03-16 01:47:29.624 | DEBUG    | utils.geo_utils:haversine_distance:20 - Haversine: (31.5252951, 73.0316351) → (31.4962011, 73.0724818) = 5045.8 m
2026-03-16 01:47:29.624 | DEBUG    | utils.geo_utils:haversine_distance:20 - Haversine: (31.5252951, 73.0316351) → (31.4191746, 73.0041645) = 12084.2 m
2026-03-16 01:47:29.624 | DEBUG    | utils.geo_utils:haversine_distance:20 - Haversine: (31.5252951, 73.0316351) → (31.3953268, 73.1255919) = 16978.6 m
2026-03-16 01:47:29.626 | DEBUG    | utils.geo_utils:haversine_distance:20 - Haversine: (31.5252951, 73.0316351) → (31.3642503, 73.0686124) = 18247.7 m
2026-03-16 01:47:29.627 | DEBUG    | utils.geo_utils:haversine_distance:20 - Haversine: (31.5252951, 73.0316351) → (31.4940623, 73.0730086) = 5238.8 m
2026-03-16 01:47:29.627 | DEBUG    | utils.geo_utils:haversine_distance:20 - Haversine: (31.5252951, 73.0316351) → (31.4068604, 73.1492935) = 17261.5 m
2026-03-16 01:47:29.627 | DEBUG    | utils.geo_utils:haversine_distance:20 - Haversine: (31.5252951, 73.0316351) → (31.364842, 73.1888217) = 23252.4 m
2026-03-16 01:47:29.627 | DEBUG    | utils.geo_utils:haversine_distance:20 - Haversine: (31.5252951, 73.0316351) → (31.3982919, 73.1639859) = 18894.9 m
2026-03-16 01:47:29.627 | DEBUG    | utils.geo_utils:haversine_distance:20 - Haversine: (31.5252951, 73.0316351) → (31.3437631, 73.0763411) = 20626.3 m
2026-03-16 01:47:29.627 | DEBUG    | utils.geo_utils:haversine_distance:20 - Haversine: (31.5252951, 73.0316351) → (31.3326781, 73.1048617) = 22516.8 m
2026-03-16 01:47:29.627 | DEBUG    | utils.geo_utils:haversine_distance:20 - Haversine: (31.5252951, 73.0316351) → (31.3992281, 73.0283241) = 14021.5 m
2026-03-16 01:47:29.628 | DEBUG    | utils.geo_utils:haversine_distance:20 - Haversine: (31.5252951, 73.0316351) → (31.3595159, 73.0558316) = 18576.2 m
2026-03-16 01:47:29.628 | DEBUG    | utils.geo_utils:haversine_distance:20 - Haversine: (31.5252951, 73.0316351) → (31.3891488, 73.0788111) = 15786.3 m
2026-03-16 01:47:29.628 | DEBUG    | utils.geo_utils:haversine_distance:20 - Haversine: (31.5252951, 73.0316351) → (31.4677186, 73.025005) = 6433.0 m
2026-03-16 01:47:29.628 | DEBUG    | utils.geo_utils:haversine_distance:20 - Haversine: (31.5252951, 73.0316351) → (31.4470737, 73.0279831) = 8704.7 m
2026-03-16 01:47:29.628 | DEBUG    | utils.geo_utils:haversine_distance:20 - Haversine: (31.5252951, 73.0316351) → (31.4569331, 73.0769836) = 8733.4 m
2026-03-16 01:47:29.628 | DEBUG    | utils.geo_utils:haversine_distance:20 - Haversine: (31.5252951, 73.0316351) → (31.4131266, 73.1236059) = 15220.0 m
2026-03-16 01:47:29.628 | DEBUG    | utils.geo_utils:haversine_distance:20 - Haversine: (31.5252951, 73.0316351) → (31.524428, 73.0992486) = 6409.4 m
2026-03-16 01:47:29.629 | DEBUG    | utils.geo_utils:haversine_distance:20 - Haversine: (31.5252951, 73.0316351) → (31.5548727, 73.0529512) = 3859.7 m
2026-03-16 01:47:29.629 | DEBUG    | utils.geo_utils:haversine_distance:20 - Haversine: (31.5252951, 73.0316351) → (31.4530994, 73.1171243) = 11408.5 m
2026-03-16 01:47:29.629 | DEBUG    | utils.geo_utils:haversine_distance:20 - Haversine: (31.5252951, 73.0316351) → (31.4754645, 73.1427365) = 11901.9 m
2026-03-16 01:47:29.629 | DEBUG    | utils.geo_utils:haversine_distance:20 - Haversine: (31.5252951, 73.0316351) → (31.4791137, 73.0535567) = 5539.8 m
2026-03-16 01:47:29.630 | DEBUG    | utils.geo_utils:haversine_distance:20 - Haversine: (31.5252951, 73.0316351) → (31.3274669, 73.1185757) = 23493.4 m
2026-03-16 01:47:29.630 | DEBUG    | utils.geo_utils:haversine_distance:20 - Haversine: (31.5252951, 73.0316351) → (31.523248, 73.0577658) = 2487.2 m
2026-03-16 01:47:29.630 | DEBUG    | utils.geo_utils:haversine_distance:20 - Haversine: (31.5252951, 73.0316351) → (31.4403375, 73.0204751) = 9505.9 m
2026-03-16 01:47:29.630 | DEBUG    | utils.geo_utils:haversine_distance:20 - Haversine: (31.3636318, 73.0504235) → (31.3041712, 73.1294312) = 10001.2 m
2026-03-16 01:47:29.630 | DEBUG    | utils.geo_utils:haversine_distance:20 - Haversine: (31.3636318, 73.0504235) → (31.4368525, 73.1402929) = 11791.6 m
2026-03-16 01:47:29.630 | DEBUG    | utils.geo_utils:haversine_distance:20 - Haversine: (31.3636318, 73.0504235) → (31.419108, 73.0417938) = 6222.8 m
2026-03-16 01:47:29.630 | DEBUG    | utils.geo_utils:haversine_distance:20 - Haversine: (31.3636318, 73.0504235) → (31.4962011, 73.0724818) = 14888.9 m
2026-03-16 01:47:29.630 | DEBUG    | utils.geo_utils:haversine_distance:20 - Haversine: (31.3636318, 73.0504235) → (31.4191746, 73.0041645) = 7577.8 m
2026-03-16 01:47:29.630 | DEBUG    | utils.geo_utils:haversine_distance:20 - Haversine: (31.3636318, 73.0504235) → (31.3953268, 73.1255919) = 7958.7 m
2026-03-16 01:47:29.630 | DEBUG    | utils.geo_utils:haversine_distance:20 - Haversine: (31.3636318, 73.0504235) → (31.3642503, 73.0686124) = 1728.3 m
2026-03-16 01:47:29.630 | DEBUG    | utils.geo_utils:haversine_distance:20 - Haversine: (31.3636318, 73.0504235) → (31.4940623, 73.0730086) = 14660.7 m
2026-03-16 01:47:29.631 | DEBUG    | utils.geo_utils:haversine_distance:20 - Haversine: (31.3636318, 73.0504235) → (31.4068604, 73.1492935) = 10544.6 m
2026-03-16 01:47:29.631 | DEBUG    | utils.geo_utils:haversine_distance:20 - Haversine: (31.3636318, 73.0504235) → (31.364842, 73.1888217) = 13141.1 m
2026-03-16 01:47:29.631 | DEBUG    | utils.geo_utils:haversine_distance:20 - Haversine: (31.3636318, 73.0504235) → (31.3982919, 73.1639859) = 11448.7 m
2026-03-16 01:47:29.631 | DEBUG    | utils.geo_utils:haversine_distance:20 - Haversine: (31.3636318, 73.0504235) → (31.3437631, 73.0763411) = 3307.2 m
2026-03-16 01:47:29.631 | DEBUG    | utils.geo_utils:haversine_distance:20 - Haversine: (31.3636318, 73.0504235) → (31.3326781, 73.1048617) = 6210.6 m
2026-03-16 01:47:29.631 | DEBUG    | utils.geo_utils:haversine_distance:20 - Haversine: (31.3636318, 73.0504235) → (31.3992281, 73.0283241) = 4479.7 m
2026-03-16 01:47:29.631 | DEBUG    | utils.geo_utils:haversine_distance:20 - Haversine: (31.3636318, 73.0504235) → (31.3595159, 73.0558316) = 687.8 m
2026-03-16 01:47:29.631 | DEBUG    | utils.geo_utils:haversine_distance:20 - Haversine: (31.3636318, 73.0504235) → (31.3891488, 73.0788111) = 3913.2 m
2026-03-16 01:47:29.632 | DEBUG    | utils.geo_utils:haversine_distance:20 - Haversine: (31.3636318, 73.0504235) → (31.4677186, 73.025005) = 11822.6 m
2026-03-16 01:47:29.632 | DEBUG    | utils.geo_utils:haversine_distance:20 - Haversine: (31.3636318, 73.0504235) → (31.4470737, 73.0279831) = 9519.6 m
2026-03-16 01:47:29.632 | DEBUG    | utils.geo_utils:haversine_distance:20 - Haversine: (31.3636318, 73.0504235) → (31.4569331, 73.0769836) = 10676.4 m
2026-03-16 01:47:29.632 | DEBUG    | utils.geo_utils:haversine_distance:20 - Haversine: (31.3636318, 73.0504235) → (31.4131266, 73.1236059) = 8862.6 m
2026-03-16 01:47:29.632 | DEBUG    | utils.geo_utils:haversine_distance:20 - Haversine: (31.3636318, 73.0504235) → (31.524428, 73.0992486) = 18469.9 m
2026-03-16 01:47:29.632 | DEBUG    | utils.geo_utils:haversine_distance:20 - Haversine: (31.3636318, 73.0504235) → (31.5548727, 73.0529512) = 21266.4 m
2026-03-16 01:47:29.632 | DEBUG    | utils.geo_utils:haversine_distance:20 - Haversine: (31.3636318, 73.0504235) → (31.4530994, 73.1171243) = 11791.5 m
2026-03-16 01:47:29.633 | DEBUG    | utils.geo_utils:haversine_distance:20 - Haversine: (31.3636318, 73.0504235) → (31.4754645, 73.1427365) = 15210.7 m
2026-03-16 01:47:29.633 | DEBUG    | utils.geo_utils:haversine_distance:20 - Haversine: (31.3636318, 73.0504235) → (31.4791137, 73.0535567) = 12844.4 m
2026-03-16 01:47:29.633 | DEBUG    | utils.geo_utils:haversine_distance:20 - Haversine: (31.3636318, 73.0504235) → (31.3274669, 73.1185757) = 7619.7 m
2026-03-16 01:47:29.633 | DEBUG    | utils.geo_utils:haversine_distance:20 - Haversine: (31.3636318, 73.0504235) → (31.523248, 73.0577658) = 17762.2 m
2026-03-16 01:47:29.633 | DEBUG    | utils.geo_utils:haversine_distance:20 - Haversine: (31.3636318, 73.0504235) → (31.4403375, 73.0204751) = 8990.4 m
2026-03-16 01:47:29.633 | DEBUG    | utils.geo_utils:haversine_distance:20 - Haversine: (31.3636318, 73.0504235) → (31.5252951, 73.0316351) = 18064.3 m
2026-03-16 01:47:29.633 | INFO     | data_pipeline.stop_builder:merge_nearby_stops:91 - Merged stops:
2026-03-16 01:47:29.634 | INFO     | data_pipeline.stop_builder:merge_nearby_stops:92 -   Before merge: 30 stops
2026-03-16 01:47:29.634 | INFO     | data_pipeline.stop_builder:merge_nearby_stops:93 -   After merge : 30 stops (merged 0 pairs/groups)
2026-03-16 01:47:29.635 | DEBUG    | data_pipeline.stop_builder:merge_nearby_stops:95 - First few merged stops: [{'student_id': 'test_001', 'name': 'Test Student 1', 'roll_no': 'TEST-4859', 'lat': 31.3041712, 'lng': 73.1294312, 'student_count': 1, 'contact': '03878569335', 'semester': 'Spring 2026', 'fee_status': 'unpaid', 'registration_status': 'pending', 'original_lat': 31.31231640047313, 'original_lng': 73.12215725387725, 'snap_distance_m': 1139.23, 'merged_student_ids': ['test_001']}, {'student_id': 'test_002', 'name': 'Test Student 2', 'roll_no': 'TEST-9472', 'lat': 31.4368525, 'lng': 73.1402929, 'student_count': 1, 'contact': '03187369649', 'semester': 'Spring 2026', 'fee_status': 'unpaid', 'registration_status': 'pending', 'original_lat': 31.434469131932936, 'original_lng': 73.13795069645073, 'snap_distance_m': 345.85, 'merged_student_ids': ['test_002']}, {'student_id': 'test_003', 'name': 'Test Student 3', 'roll_no': 'TEST-6600', 'lat': 31.419108, 'lng': 73.0417938, 'student_count': 1, 'contact': '03446539747', 'semester': 'Spring 2026', 'fee_status': 'unpaid', 'registration_status': 'pending', 'original_lat': 31.41572697425165, 'original_lng': 73.04067412072366, 'snap_distance_m': 390.68, 'merged_student_ids': ['test_003']}]
2026-03-16 01:47:31.788 | INFO     | clustering.stop_clustering:cluster_stops:30 - Clustered into 1 buses (capacity 30):
2026-03-16 01:47:31.788 | INFO     | clustering.stop_clustering:cluster_stops:33 -   Bus 0: 30 stops, 30 students
2026-03-16 01:47:32.980 | INFO     | optimization.tsp_solver:get_road_distance_matrix:38 - ORS matrix computed: 31x31
2026-03-16 01:47:47.995 | INFO     | optimization.tsp_solver:solve_tsp:123 - TSP solved: 30 stops, distance 141932 m, objective 141932
2026-03-16 01:47:47.995 | DEBUG    | optimization.tsp_solver:solve_tsp:124 - Order: ['unknown', 'unknown', 'unknown', 'unknown', 'unknown', 'unknown', 'unknown', 'unknown', 'unknown', 'unknown', 'unknown', 'unknown', 'unknown', 'unknown', 'unknown', 'unknown', 'unknown', 'unknown', 'unknown', 'unknown', 'unknown', 'unknown', 'unknown', 'unknown', 'unknown', 'unknown', 'unknown', 'unknown', 'unknown', 'unknown']
2026-03-16 01:47:47.996 | DEBUG    | optimization.route_generator:generate_route_path:57 - Requesting ORS route with 31 waypoints
2026-03-16 01:47:49.452 | INFO     | optimization.route_generator:generate_route_path:74 - ORS route generated successfully (bug-free)
2026-03-16 01:47:49.453 | INFO     | optimization.route_generator:generate_route_path:75 -   Waypoints: 30 stops → University
2026-03-16 01:47:49.453 | INFO     | optimization.route_generator:generate_route_path:76 -   Distance: 173.92 km
2026-03-16 01:47:49.454 | INFO     | optimization.route_generator:generate_route_path:77 -   Duration: 3.61 h (217 min)
2026-03-16 01:47:49.454 | DEBUG    | optimization.route_generator:generate_route_path:78 - Geometry sample (first 3 & last 3): [[73.129431, 31.304171], [73.132284, 31.305875], [73.136555, 31.30843]] ... [[73.03447, 31.602425], [73.034742, 31.602694], [73.034832, 31.602523]]
2026-03-16 01:47:49.455 | INFO     | optimization.store_routes:compute_fee_per_student:29 - Fee calc: 27827 PKR/student | dist=173.9km | students=30
2026-03-16 01:47:50.016 | DEBUG    | optimization.store_routes:store_optimized_routes:100 - Stored stop R1_stop1 (R1)
2026-03-16 01:47:52.350 | DEBUG    | optimization.store_routes:store_optimized_routes:100 - Stored stop R1_stop2 (R1)
2026-03-16 01:47:52.902 | DEBUG    | optimization.store_routes:store_optimized_routes:100 - Stored stop R1_stop3 (R1)
2026-03-16 01:47:55.179 | DEBUG    | optimization.store_routes:store_optimized_routes:100 - Stored stop R1_stop4 (R1)
2026-03-16 01:47:55.723 | DEBUG    | optimization.store_routes:store_optimized_routes:100 - Stored stop R1_stop5 (R1)
2026-03-16 01:47:56.256 | DEBUG    | optimization.store_routes:store_optimized_routes:100 - Stored stop R1_stop6 (R1)
2026-03-16 01:47:56.792 | DEBUG    | optimization.store_routes:store_optimized_routes:100 - Stored stop R1_stop7 (R1)
2026-03-16 01:47:57.335 | DEBUG    | optimization.store_routes:store_optimized_routes:100 - Stored stop R1_stop8 (R1)
2026-03-16 01:47:57.872 | DEBUG    | optimization.store_routes:store_optimized_routes:100 - Stored stop R1_stop9 (R1)
2026-03-16 01:47:58.402 | DEBUG    | optimization.store_routes:store_optimized_routes:100 - Stored stop R1_stop10 (R1)
2026-03-16 01:47:58.928 | DEBUG    | optimization.store_routes:store_optimized_routes:100 - Stored stop R1_stop11 (R1)
2026-03-16 01:47:59.472 | DEBUG    | optimization.store_routes:store_optimized_routes:100 - Stored stop R1_stop12 (R1)
2026-03-16 01:47:59.997 | DEBUG    | optimization.store_routes:store_optimized_routes:100 - Stored stop R1_stop13 (R1)
2026-03-16 01:48:00.525 | DEBUG    | optimization.store_routes:store_optimized_routes:100 - Stored stop R1_stop14 (R1)
2026-03-16 01:48:01.077 | DEBUG    | optimization.store_routes:store_optimized_routes:100 - Stored stop R1_stop15 (R1)
2026-03-16 01:48:01.600 | DEBUG    | optimization.store_routes:store_optimized_routes:100 - Stored stop R1_stop16 (R1)
2026-03-16 01:48:02.136 | DEBUG    | optimization.store_routes:store_optimized_routes:100 - Stored stop R1_stop17 (R1)
2026-03-16 01:48:02.691 | DEBUG    | optimization.store_routes:store_optimized_routes:100 - Stored stop R1_stop18 (R1)
2026-03-16 01:48:03.229 | DEBUG    | optimization.store_routes:store_optimized_routes:100 - Stored stop R1_stop19 (R1)
2026-03-16 01:48:03.762 | DEBUG    | optimization.store_routes:store_optimized_routes:100 - Stored stop R1_stop20 (R1)
2026-03-16 01:48:04.296 | DEBUG    | optimization.store_routes:store_optimized_routes:100 - Stored stop R1_stop21 (R1)
2026-03-16 01:48:04.831 | DEBUG    | optimization.store_routes:store_optimized_routes:100 - Stored stop R1_stop22 (R1)
2026-03-16 01:48:05.354 | DEBUG    | optimization.store_routes:store_optimized_routes:100 - Stored stop R1_stop23 (R1)
2026-03-16 01:48:05.895 | DEBUG    | optimization.store_routes:store_optimized_routes:100 - Stored stop R1_stop24 (R1)
2026-03-16 01:48:08.751 | DEBUG    | optimization.store_routes:store_optimized_routes:100 - Stored stop R1_stop25 (R1)
2026-03-16 01:48:09.306 | DEBUG    | optimization.store_routes:store_optimized_routes:100 - Stored stop R1_stop26 (R1)
2026-03-16 01:48:11.609 | DEBUG    | optimization.store_routes:store_optimized_routes:100 - Stored stop R1_stop27 (R1)
2026-03-16 01:48:12.168 | DEBUG    | optimization.store_routes:store_optimized_routes:100 - Stored stop R1_stop28 (R1)
2026-03-16 01:48:14.466 | DEBUG    | optimization.store_routes:store_optimized_routes:100 - Stored stop R1_stop29 (R1)
2026-03-16 01:48:15.017 | DEBUG    | optimization.store_routes:store_optimized_routes:100 - Stored stop R1_stop30 (R1)
2026-03-16 01:48:16.859 | INFO     | optimization.store_routes:store_optimized_routes:124 - Stored route route_0 (R1): 30 stops, 173.92 km
2026-03-16 01:48:16.860 | INFO     | optimization.store_routes:store_optimized_routes:130 - Back-filling route_id on 30 stops...
2026-03-16 01:48:17.483 | DEBUG    | optimization.store_routes:store_optimized_routes:148 - Final batch: 30 writes
2026-03-16 01:48:17.483 | INFO     | optimization.store_routes:store_optimized_routes:150 - Done: 1 routes | 30 stops stored
2026-03-16 01:48:17.483 | INFO     | api.main:run_optimization:64 - Pipeline completed successfully | 1 buses processed
2026-03-16 01:48:32.801 | INFO     | database.firebase:<module>:12 - Firebase Admin SDK initialized successfully
2026-03-16 01:49:28.660 | INFO     | database.firebase:<module>:12 - Firebase Admin SDK initialized successfully
2026-03-16 01:51:15.210 | INFO     | database.firebase:<module>:12 - Firebase Admin SDK initialized successfully
2026-03-16 01:52:05.298 | INFO     | database.firebase:<module>:12 - Firebase Admin SDK initialized successfully
2026-03-16 01:52:26.140 | INFO     | api.main:run_optimization:29 - Starting full route optimization pipeline
2026-03-16 01:52:30.103 | INFO     | data_pipeline.student_loader:load_student_stops:42 - Loaded 30 student stops from Firestore
2026-03-16 01:52:30.104 | DEBUG    | data_pipeline.student_loader:load_student_stops:43 - First 3 stops (sample): [{'student_id': 'test_001', 'name': 'Test Student 1', 'roll_no': 'TEST-2779', 'lat': 31.531406221295402, 'lng': 73.14850291988651, 'student_count': 1, 'contact': '03943604455', 'semester': 'Spring 2026', 'fee_status': 'unpaid', 'registration_status': 'pending'}, {'student_id': 'test_002', 'name': 'Test Student 2', 'roll_no': 'TEST-6612', 'lat': 31.523135006247795, 'lng': 73.06753417166249, 'student_count': 1, 'contact': '03967277134', 'semester': 'Spring 2026', 'fee_status': 'unpaid', 'registration_status': 'pending'}, {'student_id': 'test_003', 'name': 'Test Student 3', 'roll_no': 'TEST-8015', 'lat': 31.504578234630053, 'lng': 73.09154601227405, 'student_count': 1, 'contact': '03974352677', 'semester': 'Spring 2026', 'fee_status': 'unpaid', 'registration_status': 'pending'}]
2026-03-16 01:52:30.104 | INFO     | osm.fetch_roads:fetch_or_load_road_graph:19 - Loading cached Faisalabad road graph...
2026-03-16 01:52:37.575 | INFO     | osm.fetch_roads:fetch_or_load_road_graph:21 - Loaded graph with 50872 nodes and 144715 edges
2026-03-16 01:52:37.763 | INFO     | osm.road_filter:filter_main_roads:38 - Filtered graph:
2026-03-16 01:52:37.800 | INFO     | osm.road_filter:filter_main_roads:39 -   Original: 50872 nodes, 144715 edges
2026-03-16 01:52:37.921 | INFO     | osm.road_filter:filter_main_roads:40 -   After filter (main roads only): 7460 nodes, 12863 edges
2026-03-16 01:52:38.153 | DEBUG    | utils.distance_utils:build_node_balltree:29 - Built BallTree with 7460 nodes
2026-03-16 01:52:38.154 | DEBUG    | utils.geo_utils:haversine_distance:20 - Haversine: (31.531406221295402, 73.14850291988651) → (31.5313255, 73.1488944) = 38.2 m
2026-03-16 01:52:38.154 | DEBUG    | utils.distance_utils:find_nearest_road_point:56 - Nearest road node to (31.531406221295402, 73.14850291988651): (31.531326, 73.148894) — 38.2m
2026-03-16 01:52:38.154 | DEBUG    | utils.geo_utils:haversine_distance:20 - Haversine: (31.531406221295402, 73.14850291988651) → (31.5313255, 73.1488944) = 38.2 m
2026-03-16 01:52:38.154 | DEBUG    | data_pipeline.stop_builder:snap_stops_to_roads:38 - Snapped Test Student 1 (TEST-2779): 38.2m
2026-03-16 01:52:38.169 | DEBUG    | utils.distance_utils:build_node_balltree:29 - Built BallTree with 7460 nodes
2026-03-16 01:52:38.170 | DEBUG    | utils.geo_utils:haversine_distance:20 - Haversine: (31.523135006247795, 73.06753417166249) → (31.5227265, 73.0646296) = 279.0 m
2026-03-16 01:52:38.170 | DEBUG    | utils.distance_utils:find_nearest_road_point:56 - Nearest road node to (31.523135006247795, 73.06753417166249): (31.522727, 73.064630) — 279.0m
2026-03-16 01:52:38.170 | DEBUG    | utils.geo_utils:haversine_distance:20 - Haversine: (31.523135006247795, 73.06753417166249) → (31.5227265, 73.0646296) = 279.0 m
2026-03-16 01:52:38.171 | DEBUG    | data_pipeline.stop_builder:snap_stops_to_roads:38 - Snapped Test Student 2 (TEST-6612): 279.0m
2026-03-16 01:52:38.190 | DEBUG    | utils.distance_utils:build_node_balltree:29 - Built BallTree with 7460 nodes
2026-03-16 01:52:38.192 | DEBUG    | utils.geo_utils:haversine_distance:20 - Haversine: (31.504578234630053, 73.09154601227405) → (31.5035664, 73.0898965) = 192.7 m
2026-03-16 01:52:38.192 | DEBUG    | utils.distance_utils:find_nearest_road_point:56 - Nearest road node to (31.504578234630053, 73.09154601227405): (31.503566, 73.089896) — 192.7m
2026-03-16 01:52:38.192 | DEBUG    | utils.geo_utils:haversine_distance:20 - Haversine: (31.504578234630053, 73.09154601227405) → (31.5035664, 73.0898965) = 192.7 m
2026-03-16 01:52:38.192 | DEBUG    | data_pipeline.stop_builder:snap_stops_to_roads:38 - Snapped Test Student 3 (TEST-8015): 192.7m
2026-03-16 01:52:38.211 | DEBUG    | utils.distance_utils:build_node_balltree:29 - Built BallTree with 7460 nodes
2026-03-16 01:52:38.212 | DEBUG    | utils.geo_utils:haversine_distance:20 - Haversine: (31.528085124439436, 73.16371180722942) → (31.5287026, 73.1652717) = 163.0 m
2026-03-16 01:52:38.212 | DEBUG    | utils.distance_utils:find_nearest_road_point:56 - Nearest road node to (31.528085124439436, 73.16371180722942): (31.528703, 73.165272) — 163.0m
2026-03-16 01:52:38.212 | DEBUG    | utils.geo_utils:haversine_distance:20 - Haversine: (31.528085124439436, 73.16371180722942) → (31.5287026, 73.1652717) = 163.0 m
2026-03-16 01:52:38.213 | DEBUG    | data_pipeline.stop_builder:snap_stops_to_roads:38 - Snapped Test Student 4 (TEST-3693): 163.0m
2026-03-16 01:52:38.230 | DEBUG    | utils.distance_utils:build_node_balltree:29 - Built BallTree with 7460 nodes
2026-03-16 01:52:38.231 | DEBUG    | utils.geo_utils:haversine_distance:20 - Haversine: (31.356023478051597, 73.11403566059312) → (31.3578607, 73.1113166) = 329.2 m
2026-03-16 01:52:38.231 | DEBUG    | utils.distance_utils:find_nearest_road_point:56 - Nearest road node to (31.356023478051597, 73.11403566059312): (31.357861, 73.111317) — 329.2m
2026-03-16 01:52:38.231 | DEBUG    | utils.geo_utils:haversine_distance:20 - Haversine: (31.356023478051597, 73.11403566059312) → (31.3578607, 73.1113166) = 329.2 m
2026-03-16 01:52:38.232 | DEBUG    | data_pipeline.stop_builder:snap_stops_to_roads:38 - Snapped Test Student 5 (TEST-9365): 329.2m
2026-03-16 01:52:38.253 | DEBUG    | utils.distance_utils:build_node_balltree:29 - Built BallTree with 7460 nodes
2026-03-16 01:52:38.254 | DEBUG    | utils.geo_utils:haversine_distance:20 - Haversine: (31.37154129412, 73.03240878538487) → (31.3745482, 73.0357815) = 462.9 m
2026-03-16 01:52:38.254 | DEBUG    | utils.distance_utils:find_nearest_road_point:56 - Nearest road node to (31.37154129412, 73.03240878538487): (31.374548, 73.035781) — 462.9m
2026-03-16 01:52:38.254 | DEBUG    | utils.geo_utils:haversine_distance:20 - Haversine: (31.37154129412, 73.03240878538487) → (31.3745482, 73.0357815) = 462.9 m
2026-03-16 01:52:38.254 | DEBUG    | data_pipeline.stop_builder:snap_stops_to_roads:38 - Snapped Test Student 6 (TEST-7235): 462.9m
2026-03-16 01:52:38.275 | DEBUG    | utils.distance_utils:build_node_balltree:29 - Built BallTree with 7460 nodes
2026-03-16 01:52:38.276 | DEBUG    | utils.geo_utils:haversine_distance:20 - Haversine: (31.307582076543422, 73.07009221330465) → (31.3016571, 73.0623347) = 988.6 m
2026-03-16 01:52:38.276 | DEBUG    | utils.distance_utils:find_nearest_road_point:56 - Nearest road node to (31.307582076543422, 73.07009221330465): (31.301657, 73.062335) — 988.6m
2026-03-16 01:52:38.276 | DEBUG    | utils.geo_utils:haversine_distance:20 - Haversine: (31.307582076543422, 73.07009221330465) → (31.3016571, 73.0623347) = 988.6 m
2026-03-16 01:52:38.276 | DEBUG    | data_pipeline.stop_builder:snap_stops_to_roads:38 - Snapped Test Student 7 (TEST-3231): 988.6m
2026-03-16 01:52:38.298 | DEBUG    | utils.distance_utils:build_node_balltree:29 - Built BallTree with 7460 nodes
2026-03-16 01:52:38.299 | DEBUG    | utils.geo_utils:haversine_distance:20 - Haversine: (31.414383153870077, 73.17514846758904) → (31.4138857, 73.1754271) = 61.3 m
2026-03-16 01:52:38.299 | DEBUG    | utils.distance_utils:find_nearest_road_point:56 - Nearest road node to (31.414383153870077, 73.17514846758904): (31.413886, 73.175427) — 61.3m
2026-03-16 01:52:38.300 | DEBUG    | utils.geo_utils:haversine_distance:20 - Haversine: (31.414383153870077, 73.17514846758904) → (31.4138857, 73.1754271) = 61.3 m
2026-03-16 01:52:38.300 | DEBUG    | data_pipeline.stop_builder:snap_stops_to_roads:38 - Snapped Test Student 8 (TEST-8926): 61.3m
2026-03-16 01:52:38.324 | DEBUG    | utils.distance_utils:build_node_balltree:29 - Built BallTree with 7460 nodes
2026-03-16 01:52:38.325 | DEBUG    | utils.geo_utils:haversine_distance:20 - Haversine: (31.47777974213587, 73.06806666247753) → (31.4768075, 73.0702892) = 236.9 m
2026-03-16 01:52:38.325 | DEBUG    | utils.distance_utils:find_nearest_road_point:56 - Nearest road node to (31.47777974213587, 73.06806666247753): (31.476807, 73.070289) — 236.9m
2026-03-16 01:52:38.325 | DEBUG    | utils.geo_utils:haversine_distance:20 - Haversine: (31.47777974213587, 73.06806666247753) → (31.4768075, 73.0702892) = 236.9 m
2026-03-16 01:52:38.326 | DEBUG    | data_pipeline.stop_builder:snap_stops_to_roads:38 - Snapped Test Student 9 (TEST-2696): 236.9m
2026-03-16 01:52:38.354 | DEBUG    | utils.distance_utils:build_node_balltree:29 - Built BallTree with 7460 nodes
2026-03-16 01:52:38.356 | DEBUG    | utils.geo_utils:haversine_distance:20 - Haversine: (31.3032314110774, 73.06583173025174) → (31.3016571, 73.0623347) = 375.5 m
2026-03-16 01:52:38.356 | DEBUG    | utils.distance_utils:find_nearest_road_point:56 - Nearest road node to (31.3032314110774, 73.06583173025174): (31.301657, 73.062335) — 375.5m
2026-03-16 01:52:38.356 | DEBUG    | utils.geo_utils:haversine_distance:20 - Haversine: (31.3032314110774, 73.06583173025174) → (31.3016571, 73.0623347) = 375.5 m
2026-03-16 01:52:38.356 | DEBUG    | data_pipeline.stop_builder:snap_stops_to_roads:38 - Snapped Test Student 10 (TEST-2613): 375.5m
2026-03-16 01:52:38.379 | DEBUG    | utils.distance_utils:build_node_balltree:29 - Built BallTree with 7460 nodes
2026-03-16 01:52:38.380 | DEBUG    | utils.geo_utils:haversine_distance:20 - Haversine: (31.47579899172389, 73.03938490953291) → (31.4755555, 73.0396188) = 35.0 m
2026-03-16 01:52:38.381 | DEBUG    | utils.distance_utils:find_nearest_road_point:56 - Nearest road node to (31.47579899172389, 73.03938490953291): (31.475555, 73.039619) — 35.0m
2026-03-16 01:52:38.381 | DEBUG    | utils.geo_utils:haversine_distance:20 - Haversine: (31.47579899172389, 73.03938490953291) → (31.4755555, 73.0396188) = 35.0 m
2026-03-16 01:52:38.381 | DEBUG    | data_pipeline.stop_builder:snap_stops_to_roads:38 - Snapped Test Student 11 (TEST-9605): 35.0m
2026-03-16 01:52:38.407 | DEBUG    | utils.distance_utils:build_node_balltree:29 - Built BallTree with 7460 nodes
2026-03-16 01:52:38.409 | DEBUG    | utils.geo_utils:haversine_distance:20 - Haversine: (31.518615381735632, 73.19249312430732) → (31.5105503, 73.2029127) = 1334.1 m
2026-03-16 01:52:38.409 | DEBUG    | utils.distance_utils:find_nearest_road_point:56 - Nearest road node to (31.518615381735632, 73.19249312430732): (31.510550, 73.202913) — 1334.1m
2026-03-16 01:52:38.409 | DEBUG    | utils.geo_utils:haversine_distance:20 - Haversine: (31.518615381735632, 73.19249312430732) → (31.5105503, 73.2029127) = 1334.1 m
2026-03-16 01:52:38.409 | DEBUG    | data_pipeline.stop_builder:snap_stops_to_roads:38 - Snapped Test Student 12 (TEST-8343): 1334.1m
2026-03-16 01:52:38.429 | DEBUG    | utils.distance_utils:build_node_balltree:29 - Built BallTree with 7460 nodes
2026-03-16 01:52:38.431 | DEBUG    | utils.geo_utils:haversine_distance:20 - Haversine: (31.371503203151516, 73.04166848203563) → (31.3701128, 73.041621) = 154.7 m
2026-03-16 01:52:38.431 | DEBUG    | utils.distance_utils:find_nearest_road_point:56 - Nearest road node to (31.371503203151516, 73.04166848203563): (31.370113, 73.041621) — 154.7m
2026-03-16 01:52:38.431 | DEBUG    | utils.geo_utils:haversine_distance:20 - Haversine: (31.371503203151516, 73.04166848203563) → (31.3701128, 73.041621) = 154.7 m
2026-03-16 01:52:38.431 | DEBUG    | data_pipeline.stop_builder:snap_stops_to_roads:38 - Snapped Test Student 13 (TEST-3430): 154.7m
2026-03-16 01:52:38.463 | DEBUG    | utils.distance_utils:build_node_balltree:29 - Built BallTree with 7460 nodes
2026-03-16 01:52:38.464 | DEBUG    | utils.geo_utils:haversine_distance:20 - Haversine: (31.532943445170176, 73.04788182858654) → (31.5327409, 73.0491633) = 123.5 m
2026-03-16 01:52:38.464 | DEBUG    | utils.distance_utils:find_nearest_road_point:56 - Nearest road node to (31.532943445170176, 73.04788182858654): (31.532741, 73.049163) — 123.5m
2026-03-16 01:52:38.464 | DEBUG    | utils.geo_utils:haversine_distance:20 - Haversine: (31.532943445170176, 73.04788182858654) → (31.5327409, 73.0491633) = 123.5 m
2026-03-16 01:52:38.464 | DEBUG    | data_pipeline.stop_builder:snap_stops_to_roads:38 - Snapped Test Student 14 (TEST-4100): 123.5m
2026-03-16 01:52:38.491 | DEBUG    | utils.distance_utils:build_node_balltree:29 - Built BallTree with 7460 nodes
2026-03-16 01:52:38.492 | DEBUG    | utils.geo_utils:haversine_distance:20 - Haversine: (31.360865132546195, 73.19554198447125) → (31.3636092, 73.1880587) = 773.3 m
2026-03-16 01:52:38.492 | DEBUG    | utils.distance_utils:find_nearest_road_point:56 - Nearest road node to (31.360865132546195, 73.19554198447125): (31.363609, 73.188059) — 773.3m
2026-03-16 01:52:38.492 | DEBUG    | utils.geo_utils:haversine_distance:20 - Haversine: (31.360865132546195, 73.19554198447125) → (31.3636092, 73.1880587) = 773.3 m
2026-03-16 01:52:38.492 | DEBUG    | data_pipeline.stop_builder:snap_stops_to_roads:38 - Snapped Test Student 15 (TEST-5636): 773.3m
2026-03-16 01:52:38.515 | DEBUG    | utils.distance_utils:build_node_balltree:29 - Built BallTree with 7460 nodes
2026-03-16 01:52:38.518 | DEBUG    | utils.geo_utils:haversine_distance:20 - Haversine: (31.312436063952134, 73.01232924806958) → (31.3167535, 73.0113182) = 489.6 m
2026-03-16 01:52:38.521 | DEBUG    | utils.distance_utils:find_nearest_road_point:56 - Nearest road node to (31.312436063952134, 73.01232924806958): (31.316754, 73.011318) — 489.6m
2026-03-16 01:52:38.521 | DEBUG    | utils.geo_utils:haversine_distance:20 - Haversine: (31.312436063952134, 73.01232924806958) → (31.3167535, 73.0113182) = 489.6 m
2026-03-16 01:52:38.521 | DEBUG    | data_pipeline.stop_builder:snap_stops_to_roads:38 - Snapped Test Student 16 (TEST-7149): 489.6m
2026-03-16 01:52:38.543 | DEBUG    | utils.distance_utils:build_node_balltree:29 - Built BallTree with 7460 nodes
2026-03-16 01:52:38.545 | DEBUG    | utils.geo_utils:haversine_distance:20 - Haversine: (31.440856929791405, 73.0695103984102) → (31.4417526, 73.0702492) = 121.8 m
2026-03-16 01:52:38.545 | DEBUG    | utils.distance_utils:find_nearest_road_point:56 - Nearest road node to (31.440856929791405, 73.0695103984102): (31.441753, 73.070249) — 121.8m
2026-03-16 01:52:38.545 | DEBUG    | utils.geo_utils:haversine_distance:20 - Haversine: (31.440856929791405, 73.0695103984102) → (31.4417526, 73.0702492) = 121.8 m
2026-03-16 01:52:38.545 | DEBUG    | data_pipeline.stop_builder:snap_stops_to_roads:38 - Snapped Test Student 17 (TEST-9022): 121.8m
2026-03-16 01:52:38.569 | DEBUG    | utils.distance_utils:build_node_balltree:29 - Built BallTree with 7460 nodes
2026-03-16 01:52:38.572 | DEBUG    | utils.geo_utils:haversine_distance:20 - Haversine: (31.525564156660657, 73.05222283995353) → (31.527645, 73.0552285) = 367.0 m
2026-03-16 01:52:38.572 | DEBUG    | utils.distance_utils:find_nearest_road_point:56 - Nearest road node to (31.525564156660657, 73.05222283995353): (31.527645, 73.055228) — 367.0m
2026-03-16 01:52:38.572 | DEBUG    | utils.geo_utils:haversine_distance:20 - Haversine: (31.525564156660657, 73.05222283995353) → (31.527645, 73.0552285) = 367.0 m
2026-03-16 01:52:38.573 | DEBUG    | data_pipeline.stop_builder:snap_stops_to_roads:38 - Snapped Test Student 18 (TEST-5397): 367.0m
2026-03-16 01:52:38.600 | DEBUG    | utils.distance_utils:build_node_balltree:29 - Built BallTree with 7460 nodes
2026-03-16 01:52:38.604 | DEBUG    | utils.geo_utils:haversine_distance:20 - Haversine: (31.483803089310104, 73.11845759406016) → (31.4850787, 73.1195616) = 176.3 m
2026-03-16 01:52:38.605 | DEBUG    | utils.distance_utils:find_nearest_road_point:56 - Nearest road node to (31.483803089310104, 73.11845759406016): (31.485079, 73.119562) — 176.3m
2026-03-16 01:52:38.605 | DEBUG    | utils.geo_utils:haversine_distance:20 - Haversine: (31.483803089310104, 73.11845759406016) → (31.4850787, 73.1195616) = 176.3 m
2026-03-16 01:52:38.605 | DEBUG    | data_pipeline.stop_builder:snap_stops_to_roads:38 - Snapped Test Student 19 (TEST-5727): 176.3m
2026-03-16 01:52:38.632 | DEBUG    | utils.distance_utils:build_node_balltree:29 - Built BallTree with 7460 nodes
2026-03-16 01:52:38.636 | DEBUG    | utils.geo_utils:haversine_distance:20 - Haversine: (31.381128771705292, 73.07375015775935) → (31.3819661, 73.0730361) = 115.2 m
2026-03-16 01:52:38.636 | DEBUG    | utils.distance_utils:find_nearest_road_point:56 - Nearest road node to (31.381128771705292, 73.07375015775935): (31.381966, 73.073036) — 115.2m
2026-03-16 01:52:38.636 | DEBUG    | utils.geo_utils:haversine_distance:20 - Haversine: (31.381128771705292, 73.07375015775935) → (31.3819661, 73.0730361) = 115.2 m
2026-03-16 01:52:38.636 | DEBUG    | data_pipeline.stop_builder:snap_stops_to_roads:38 - Snapped Test Student 20 (TEST-2812): 115.2m
2026-03-16 01:52:38.658 | DEBUG    | utils.distance_utils:build_node_balltree:29 - Built BallTree with 7460 nodes
2026-03-16 01:52:38.659 | DEBUG    | utils.geo_utils:haversine_distance:20 - Haversine: (31.41834173508717, 73.19633265632993) → (31.4201747, 73.191549) = 497.6 m
2026-03-16 01:52:38.659 | DEBUG    | utils.distance_utils:find_nearest_road_point:56 - Nearest road node to (31.41834173508717, 73.19633265632993): (31.420175, 73.191549) — 497.6m
2026-03-16 01:52:38.659 | DEBUG    | utils.geo_utils:haversine_distance:20 - Haversine: (31.41834173508717, 73.19633265632993) → (31.4201747, 73.191549) = 497.6 m
2026-03-16 01:52:38.659 | DEBUG    | data_pipeline.stop_builder:snap_stops_to_roads:38 - Snapped Test Student 21 (TEST-2173): 497.6m
2026-03-16 01:52:38.683 | DEBUG    | utils.distance_utils:build_node_balltree:29 - Built BallTree with 7460 nodes
2026-03-16 01:52:38.687 | DEBUG    | utils.geo_utils:haversine_distance:20 - Haversine: (31.323163083280598, 73.15344668754015) → (31.3228495, 73.1578644) = 421.1 m
2026-03-16 01:52:38.687 | DEBUG    | utils.distance_utils:find_nearest_road_point:56 - Nearest road node to (31.323163083280598, 73.15344668754015): (31.322850, 73.157864) — 421.1m
2026-03-16 01:52:38.687 | DEBUG    | utils.geo_utils:haversine_distance:20 - Haversine: (31.323163083280598, 73.15344668754015) → (31.3228495, 73.1578644) = 421.1 m
2026-03-16 01:52:38.688 | DEBUG    | data_pipeline.stop_builder:snap_stops_to_roads:38 - Snapped Test Student 22 (TEST-9466): 421.1m
2026-03-16 01:52:38.710 | DEBUG    | utils.distance_utils:build_node_balltree:29 - Built BallTree with 7460 nodes
2026-03-16 01:52:38.711 | DEBUG    | utils.geo_utils:haversine_distance:20 - Haversine: (31.548574772770667, 73.05944726043093) → (31.5409751, 73.0581439) = 854.0 m
2026-03-16 01:52:38.711 | DEBUG    | utils.distance_utils:find_nearest_road_point:56 - Nearest road node to (31.548574772770667, 73.05944726043093): (31.540975, 73.058144) — 854.0m
2026-03-16 01:52:38.711 | DEBUG    | utils.geo_utils:haversine_distance:20 - Haversine: (31.548574772770667, 73.05944726043093) → (31.5409751, 73.0581439) = 854.0 m
2026-03-16 01:52:38.711 | DEBUG    | data_pipeline.stop_builder:snap_stops_to_roads:38 - Snapped Test Student 23 (TEST-8313): 854.0m
2026-03-16 01:52:38.733 | DEBUG    | utils.distance_utils:build_node_balltree:29 - Built BallTree with 7460 nodes
2026-03-16 01:52:38.735 | DEBUG    | utils.geo_utils:haversine_distance:20 - Haversine: (31.344128044151258, 73.15039636352586) → (31.3444393, 73.152874) = 237.8 m
2026-03-16 01:52:38.735 | DEBUG    | utils.distance_utils:find_nearest_road_point:56 - Nearest road node to (31.344128044151258, 73.15039636352586): (31.344439, 73.152874) — 237.8m
2026-03-16 01:52:38.736 | DEBUG    | utils.geo_utils:haversine_distance:20 - Haversine: (31.344128044151258, 73.15039636352586) → (31.3444393, 73.152874) = 237.8 m
2026-03-16 01:52:38.736 | DEBUG    | data_pipeline.stop_builder:snap_stops_to_roads:38 - Snapped Test Student 24 (TEST-7360): 237.8m
2026-03-16 01:52:38.755 | DEBUG    | utils.distance_utils:build_node_balltree:29 - Built BallTree with 7460 nodes
2026-03-16 01:52:38.756 | DEBUG    | utils.geo_utils:haversine_distance:20 - Haversine: (31.446606576666348, 73.12135433306412) → (31.4477973, 73.1191674) = 246.1 m
2026-03-16 01:52:38.756 | DEBUG    | utils.distance_utils:find_nearest_road_point:56 - Nearest road node to (31.446606576666348, 73.12135433306412): (31.447797, 73.119167) — 246.1m
2026-03-16 01:52:38.756 | DEBUG    | utils.geo_utils:haversine_distance:20 - Haversine: (31.446606576666348, 73.12135433306412) → (31.4477973, 73.1191674) = 246.1 m
2026-03-16 01:52:38.756 | DEBUG    | data_pipeline.stop_builder:snap_stops_to_roads:38 - Snapped Test Student 25 (TEST-4993): 246.1m
2026-03-16 01:52:38.776 | DEBUG    | utils.distance_utils:build_node_balltree:29 - Built BallTree with 7460 nodes
2026-03-16 01:52:38.777 | DEBUG    | utils.geo_utils:haversine_distance:20 - Haversine: (31.512187839823284, 73.04456112397213) → (31.5101645, 73.0420366) = 328.5 m
2026-03-16 01:52:38.777 | DEBUG    | utils.distance_utils:find_nearest_road_point:56 - Nearest road node to (31.512187839823284, 73.04456112397213): (31.510164, 73.042037) — 328.5m
2026-03-16 01:52:38.777 | DEBUG    | utils.geo_utils:haversine_distance:20 - Haversine: (31.512187839823284, 73.04456112397213) → (31.5101645, 73.0420366) = 328.5 m
2026-03-16 01:52:38.777 | DEBUG    | data_pipeline.stop_builder:snap_stops_to_roads:38 - Snapped Test Student 26 (TEST-5383): 328.5m
2026-03-16 01:52:38.794 | DEBUG    | utils.distance_utils:build_node_balltree:29 - Built BallTree with 7460 nodes
2026-03-16 01:52:38.795 | DEBUG    | utils.geo_utils:haversine_distance:20 - Haversine: (31.489983266334743, 73.12360951571354) → (31.4850787, 73.1195616) = 666.9 m
2026-03-16 01:52:38.795 | DEBUG    | utils.distance_utils:find_nearest_road_point:56 - Nearest road node to (31.489983266334743, 73.12360951571354): (31.485079, 73.119562) — 666.9m
2026-03-16 01:52:38.795 | DEBUG    | utils.geo_utils:haversine_distance:20 - Haversine: (31.489983266334743, 73.12360951571354) → (31.4850787, 73.1195616) = 666.9 m
2026-03-16 01:52:38.795 | DEBUG    | data_pipeline.stop_builder:snap_stops_to_roads:38 - Snapped Test Student 27 (TEST-4466): 666.9m
2026-03-16 01:52:38.819 | DEBUG    | utils.distance_utils:build_node_balltree:29 - Built BallTree with 7460 nodes
2026-03-16 01:52:38.820 | DEBUG    | utils.geo_utils:haversine_distance:20 - Haversine: (31.470103264667223, 73.09762637061598) → (31.4692569, 73.1039088) = 603.2 m
2026-03-16 01:52:38.820 | DEBUG    | utils.distance_utils:find_nearest_road_point:56 - Nearest road node to (31.470103264667223, 73.09762637061598): (31.469257, 73.103909) — 603.2m
2026-03-16 01:52:38.821 | DEBUG    | utils.geo_utils:haversine_distance:20 - Haversine: (31.470103264667223, 73.09762637061598) → (31.4692569, 73.1039088) = 603.2 m
2026-03-16 01:52:38.821 | DEBUG    | data_pipeline.stop_builder:snap_stops_to_roads:38 - Snapped Test Student 28 (TEST-6512): 603.2m
2026-03-16 01:52:38.838 | DEBUG    | utils.distance_utils:build_node_balltree:29 - Built BallTree with 7460 nodes
2026-03-16 01:52:38.839 | DEBUG    | utils.geo_utils:haversine_distance:20 - Haversine: (31.45036786863427, 73.0797104928437) → (31.4495851, 73.0787953) = 122.9 m
2026-03-16 01:52:38.839 | DEBUG    | utils.distance_utils:find_nearest_road_point:56 - Nearest road node to (31.45036786863427, 73.0797104928437): (31.449585, 73.078795) — 122.9m
2026-03-16 01:52:38.839 | DEBUG    | utils.geo_utils:haversine_distance:20 - Haversine: (31.45036786863427, 73.0797104928437) → (31.4495851, 73.0787953) = 122.9 m
2026-03-16 01:52:38.839 | DEBUG    | data_pipeline.stop_builder:snap_stops_to_roads:38 - Snapped Test Student 29 (TEST-4983): 122.9m
2026-03-16 01:52:38.860 | DEBUG    | utils.distance_utils:build_node_balltree:29 - Built BallTree with 7460 nodes
2026-03-16 01:52:38.861 | DEBUG    | utils.geo_utils:haversine_distance:20 - Haversine: (31.384592835142364, 73.07515071609834) → (31.3835845, 73.0746804) = 120.7 m
2026-03-16 01:52:38.861 | DEBUG    | utils.distance_utils:find_nearest_road_point:56 - Nearest road node to (31.384592835142364, 73.07515071609834): (31.383585, 73.074680) — 120.7m
2026-03-16 01:52:38.861 | DEBUG    | utils.geo_utils:haversine_distance:20 - Haversine: (31.384592835142364, 73.07515071609834) → (31.3835845, 73.0746804) = 120.7 m
2026-03-16 01:52:38.861 | DEBUG    | data_pipeline.stop_builder:snap_stops_to_roads:38 - Snapped Test Student 30 (TEST-3734): 120.7m
2026-03-16 01:52:38.861 | INFO     | data_pipeline.stop_builder:snap_stops_to_roads:47 - Snapping complete:
2026-03-16 01:52:38.862 | INFO     | data_pipeline.stop_builder:snap_stops_to_roads:48 -   Input stops: 30
2026-03-16 01:52:38.862 | INFO     | data_pipeline.stop_builder:snap_stops_to_roads:49 -   Snapped successfully: 30
2026-03-16 01:52:38.863 | INFO     | data_pipeline.stop_builder:snap_stops_to_roads:50 -   Skipped (too far): 0
2026-03-16 01:52:38.863 | DEBUG    | data_pipeline.stop_builder:snap_stops_to_roads:53 - First snapped stop example: {'student_id': 'test_001', 'name': 'Test Student 1', 'roll_no': 'TEST-2779', 'lat': 31.5313255, 'lng': 73.1488944, 'student_count': 1, 'contact': '03943604455', 'semester': 'Spring 2026', 'fee_status': 'unpaid', 'registration_status': 'pending', 'original_lat': 31.531406221295402, 'original_lng': 73.14850291988651, 'snap_distance_m': 38.17}
2026-03-16 01:52:38.863 | DEBUG    | utils.geo_utils:haversine_distance:20 - Haversine: (31.5227265, 73.0646296) → (31.5313255, 73.1488944) = 8043.8 m
2026-03-16 01:52:38.863 | DEBUG    | utils.geo_utils:haversine_distance:20 - Haversine: (31.5035664, 73.0898965) → (31.5313255, 73.1488944) = 6387.8 m
2026-03-16 01:52:38.863 | DEBUG    | utils.geo_utils:haversine_distance:20 - Haversine: (31.5035664, 73.0898965) → (31.5227265, 73.0646296) = 3205.6 m
2026-03-16 01:52:38.863 | DEBUG    | utils.geo_utils:haversine_distance:20 - Haversine: (31.5287026, 73.1652717) → (31.5313255, 73.1488944) = 1579.4 m
2026-03-16 01:52:38.864 | DEBUG    | utils.geo_utils:haversine_distance:20 - Haversine: (31.5287026, 73.1652717) → (31.5227265, 73.0646296) = 9562.3 m
2026-03-16 01:52:38.864 | DEBUG    | utils.geo_utils:haversine_distance:20 - Haversine: (31.5287026, 73.1652717) → (31.5035664, 73.0898965) = 7672.3 m
2026-03-16 01:52:38.864 | DEBUG    | utils.geo_utils:haversine_distance:20 - Haversine: (31.3578607, 73.1113166) → (31.5313255, 73.1488944) = 19615.1 m
2026-03-16 01:52:38.864 | DEBUG    | utils.geo_utils:haversine_distance:20 - Haversine: (31.3578607, 73.1113166) → (31.5227265, 73.0646296) = 18859.7 m
2026-03-16 01:52:38.864 | DEBUG    | utils.geo_utils:haversine_distance:20 - Haversine: (31.3578607, 73.1113166) → (31.5035664, 73.0898965) = 16328.7 m
2026-03-16 01:52:38.864 | DEBUG    | utils.geo_utils:haversine_distance:20 - Haversine: (31.3578607, 73.1113166) → (31.5287026, 73.1652717) = 19674.2 m
2026-03-16 01:52:38.864 | DEBUG    | utils.geo_utils:haversine_distance:20 - Haversine: (31.3745482, 73.0357815) → (31.5313255, 73.1488944) = 20470.1 m
2026-03-16 01:52:38.864 | DEBUG    | utils.geo_utils:haversine_distance:20 - Haversine: (31.3745482, 73.0357815) → (31.5227265, 73.0646296) = 16702.4 m
2026-03-16 01:52:38.864 | DEBUG    | utils.geo_utils:haversine_distance:20 - Haversine: (31.3745482, 73.0357815) → (31.5035664, 73.0898965) = 15237.1 m
2026-03-16 01:52:38.864 | DEBUG    | utils.geo_utils:haversine_distance:20 - Haversine: (31.3745482, 73.0357815) → (31.5287026, 73.1652717) = 21087.9 m
2026-03-16 01:52:38.864 | DEBUG    | utils.geo_utils:haversine_distance:20 - Haversine: (31.3745482, 73.0357815) → (31.3578607, 73.1113166) = 7407.8 m
2026-03-16 01:52:38.864 | DEBUG    | utils.geo_utils:haversine_distance:20 - Haversine: (31.3016571, 73.0623347) → (31.5313255, 73.1488944) = 26826.4 m
2026-03-16 01:52:38.864 | DEBUG    | utils.geo_utils:haversine_distance:20 - Haversine: (31.3016571, 73.0623347) → (31.5227265, 73.0646296) = 24582.8 m
2026-03-16 01:52:38.864 | DEBUG    | utils.geo_utils:haversine_distance:20 - Haversine: (31.3016571, 73.0623347) → (31.5035664, 73.0898965) = 22603.2 m
2026-03-16 01:52:38.864 | DEBUG    | utils.geo_utils:haversine_distance:20 - Haversine: (31.3016571, 73.0623347) → (31.5287026, 73.1652717) = 27070.2 m
2026-03-16 01:52:38.864 | DEBUG    | utils.geo_utils:haversine_distance:20 - Haversine: (31.3016571, 73.0623347) → (31.3578607, 73.1113166) = 7791.1 m
2026-03-16 01:52:38.864 | DEBUG    | utils.geo_utils:haversine_distance:20 - Haversine: (31.3016571, 73.0623347) → (31.3745482, 73.0357815) = 8488.4 m
2026-03-16 01:52:38.864 | DEBUG    | utils.geo_utils:haversine_distance:20 - Haversine: (31.4138857, 73.1754271) → (31.5313255, 73.1488944) = 13298.9 m
2026-03-16 01:52:38.864 | DEBUG    | utils.geo_utils:haversine_distance:20 - Haversine: (31.4138857, 73.1754271) → (31.5227265, 73.0646296) = 16027.9 m
2026-03-16 01:52:38.864 | DEBUG    | utils.geo_utils:haversine_distance:20 - Haversine: (31.4138857, 73.1754271) → (31.5035664, 73.0898965) = 12855.2 m
2026-03-16 01:52:38.864 | DEBUG    | utils.geo_utils:haversine_distance:20 - Haversine: (31.4138857, 73.1754271) → (31.5287026, 73.1652717) = 12803.3 m
2026-03-16 01:52:38.864 | DEBUG    | utils.geo_utils:haversine_distance:20 - Haversine: (31.4138857, 73.1754271) → (31.3578607, 73.1113166) = 8708.9 m
2026-03-16 01:52:38.864 | DEBUG    | utils.geo_utils:haversine_distance:20 - Haversine: (31.4138857, 73.1754271) → (31.3745482, 73.0357815) = 13957.8 m
2026-03-16 01:52:38.865 | DEBUG    | utils.geo_utils:haversine_distance:20 - Haversine: (31.4138857, 73.1754271) → (31.3016571, 73.0623347) = 16463.5 m
2026-03-16 01:52:38.865 | DEBUG    | utils.geo_utils:haversine_distance:20 - Haversine: (31.4768075, 73.0702892) → (31.5313255, 73.1488944) = 9606.5 m
2026-03-16 01:52:38.865 | DEBUG    | utils.geo_utils:haversine_distance:20 - Haversine: (31.4768075, 73.0702892) → (31.5227265, 73.0646296) = 5134.1 m
2026-03-16 01:52:38.865 | DEBUG    | utils.geo_utils:haversine_distance:20 - Haversine: (31.4768075, 73.0702892) → (31.5035664, 73.0898965) = 3508.5 m
2026-03-16 01:52:38.865 | DEBUG    | utils.geo_utils:haversine_distance:20 - Haversine: (31.4768075, 73.0702892) → (31.5287026, 73.1652717) = 10695.2 m
2026-03-16 01:52:38.865 | DEBUG    | utils.geo_utils:haversine_distance:20 - Haversine: (31.4768075, 73.0702892) → (31.3578607, 73.1113166) = 13787.4 m
2026-03-16 01:52:38.865 | DEBUG    | utils.geo_utils:haversine_distance:20 - Haversine: (31.4768075, 73.0702892) → (31.3745482, 73.0357815) = 11832.7 m
2026-03-16 01:52:38.865 | DEBUG    | utils.geo_utils:haversine_distance:20 - Haversine: (31.4768075, 73.0702892) → (31.3016571, 73.0623347) = 19490.5 m
2026-03-16 01:52:38.865 | DEBUG    | utils.geo_utils:haversine_distance:20 - Haversine: (31.4768075, 73.0702892) → (31.4138857, 73.1754271) = 12183.2 m
2026-03-16 01:52:38.865 | DEBUG    | utils.geo_utils:haversine_distance:20 - Haversine: (31.3016571, 73.0623347) → (31.5313255, 73.1488944) = 26826.4 m
2026-03-16 01:52:38.865 | DEBUG    | utils.geo_utils:haversine_distance:20 - Haversine: (31.3016571, 73.0623347) → (31.5227265, 73.0646296) = 24582.8 m
2026-03-16 01:52:38.865 | DEBUG    | utils.geo_utils:haversine_distance:20 - Haversine: (31.3016571, 73.0623347) → (31.5035664, 73.0898965) = 22603.2 m
2026-03-16 01:52:38.865 | DEBUG    | utils.geo_utils:haversine_distance:20 - Haversine: (31.3016571, 73.0623347) → (31.5287026, 73.1652717) = 27070.2 m
2026-03-16 01:52:38.865 | DEBUG    | utils.geo_utils:haversine_distance:20 - Haversine: (31.3016571, 73.0623347) → (31.3578607, 73.1113166) = 7791.1 m
2026-03-16 01:52:38.865 | DEBUG    | utils.geo_utils:haversine_distance:20 - Haversine: (31.3016571, 73.0623347) → (31.3745482, 73.0357815) = 8488.4 m
2026-03-16 01:52:38.865 | DEBUG    | utils.geo_utils:haversine_distance:20 - Haversine: (31.3016571, 73.0623347) → (31.3016571, 73.0623347) = 0.0 m
2026-03-16 01:52:38.865 | DEBUG    | utils.geo_utils:haversine_distance:20 - Haversine: (31.4755555, 73.0396188) → (31.5313255, 73.1488944) = 12074.2 m
2026-03-16 01:52:38.865 | DEBUG    | utils.geo_utils:haversine_distance:20 - Haversine: (31.4755555, 73.0396188) → (31.5227265, 73.0646296) = 5756.3 m
2026-03-16 01:52:38.865 | DEBUG    | utils.geo_utils:haversine_distance:20 - Haversine: (31.4755555, 73.0396188) → (31.5035664, 73.0898965) = 5694.6 m
2026-03-16 01:52:38.865 | DEBUG    | utils.geo_utils:haversine_distance:20 - Haversine: (31.4755555, 73.0396188) → (31.5287026, 73.1652717) = 13298.1 m
2026-03-16 01:52:38.865 | DEBUG    | utils.geo_utils:haversine_distance:20 - Haversine: (31.4755555, 73.0396188) → (31.3578607, 73.1113166) = 14750.0 m
2026-03-16 01:52:38.865 | DEBUG    | utils.geo_utils:haversine_distance:20 - Haversine: (31.4755555, 73.0396188) → (31.3745482, 73.0357815) = 11237.4 m
2026-03-16 01:52:38.865 | DEBUG    | utils.geo_utils:haversine_distance:20 - Haversine: (31.4755555, 73.0396188) → (31.3016571, 73.0623347) = 19456.5 m
2026-03-16 01:52:38.865 | DEBUG    | utils.geo_utils:haversine_distance:20 - Haversine: (31.4755555, 73.0396188) → (31.4138857, 73.1754271) = 14594.8 m
2026-03-16 01:52:38.865 | DEBUG    | utils.geo_utils:haversine_distance:20 - Haversine: (31.4755555, 73.0396188) → (31.4768075, 73.0702892) = 2911.9 m
2026-03-16 01:52:38.866 | DEBUG    | utils.geo_utils:haversine_distance:20 - Haversine: (31.5105503, 73.2029127) → (31.5313255, 73.1488944) = 5617.3 m
2026-03-16 01:52:38.866 | DEBUG    | utils.geo_utils:haversine_distance:20 - Haversine: (31.5105503, 73.2029127) → (31.5227265, 73.0646296) = 13177.9 m
2026-03-16 01:52:38.866 | DEBUG    | utils.geo_utils:haversine_distance:20 - Haversine: (31.5105503, 73.2029127) → (31.5035664, 73.0898965) = 10742.3 m
2026-03-16 01:52:38.866 | DEBUG    | utils.geo_utils:haversine_distance:20 - Haversine: (31.5105503, 73.2029127) → (31.5287026, 73.1652717) = 4099.3 m
2026-03-16 01:52:38.866 | DEBUG    | utils.geo_utils:haversine_distance:20 - Haversine: (31.5105503, 73.2029127) → (31.3578607, 73.1113166) = 19073.1 m
2026-03-16 01:52:38.866 | DEBUG    | utils.geo_utils:haversine_distance:20 - Haversine: (31.5105503, 73.2029127) → (31.3745482, 73.0357815) = 21910.9 m
2026-03-16 01:52:38.866 | DEBUG    | utils.geo_utils:haversine_distance:20 - Haversine: (31.5105503, 73.2029127) → (31.3016571, 73.0623347) = 26786.7 m
2026-03-16 01:52:38.866 | DEBUG    | utils.geo_utils:haversine_distance:20 - Haversine: (31.5105503, 73.2029127) → (31.4138857, 73.1754271) = 11060.2 m
2026-03-16 01:52:38.866 | DEBUG    | utils.geo_utils:haversine_distance:20 - Haversine: (31.5105503, 73.2029127) → (31.4768075, 73.0702892) = 13122.6 m
2026-03-16 01:52:38.866 | DEBUG    | utils.geo_utils:haversine_distance:20 - Haversine: (31.5105503, 73.2029127) → (31.4755555, 73.0396188) = 15964.4 m
2026-03-16 01:52:38.866 | DEBUG    | utils.geo_utils:haversine_distance:20 - Haversine: (31.3701128, 73.041621) → (31.5313255, 73.1488944) = 20612.9 m
2026-03-16 01:52:38.866 | DEBUG    | utils.geo_utils:haversine_distance:20 - Haversine: (31.3701128, 73.041621) → (31.5227265, 73.0646296) = 17109.7 m
2026-03-16 01:52:38.866 | DEBUG    | utils.geo_utils:haversine_distance:20 - Haversine: (31.3701128, 73.041621) → (31.5035664, 73.0898965) = 15530.1 m
2026-03-16 01:52:38.866 | DEBUG    | utils.geo_utils:haversine_distance:20 - Haversine: (31.3701128, 73.041621) → (31.5287026, 73.1652717) = 21179.1 m
2026-03-16 01:52:38.866 | DEBUG    | utils.geo_utils:haversine_distance:20 - Haversine: (31.3701128, 73.041621) → (31.3578607, 73.1113166) = 6756.2 m
2026-03-16 01:52:38.866 | DEBUG    | utils.geo_utils:haversine_distance:20 - Haversine: (31.3701128, 73.041621) → (31.3745482, 73.0357815) = 742.0 m
2026-03-16 01:52:38.866 | DEBUG    | utils.geo_utils:haversine_distance:20 - Haversine: (31.5327409, 73.0491633) → (31.5313255, 73.1488944) = 9453.5 m
2026-03-16 01:52:38.866 | DEBUG    | utils.geo_utils:haversine_distance:20 - Haversine: (31.5327409, 73.0491633) → (31.5227265, 73.0646296) = 1840.9 m
2026-03-16 01:52:38.866 | DEBUG    | utils.geo_utils:haversine_distance:20 - Haversine: (31.5327409, 73.0491633) → (31.5035664, 73.0898965) = 5043.0 m
2026-03-16 01:52:38.866 | DEBUG    | utils.geo_utils:haversine_distance:20 - Haversine: (31.5327409, 73.0491633) → (31.5287026, 73.1652717) = 11013.7 m
2026-03-16 01:52:38.869 | DEBUG    | utils.geo_utils:haversine_distance:20 - Haversine: (31.5327409, 73.0491633) → (31.3578607, 73.1113166) = 20320.0 m
2026-03-16 01:52:38.869 | DEBUG    | utils.geo_utils:haversine_distance:20 - Haversine: (31.5327409, 73.0491633) → (31.3745482, 73.0357815) = 17636.0 m
2026-03-16 01:52:38.869 | DEBUG    | utils.geo_utils:haversine_distance:20 - Haversine: (31.5327409, 73.0491633) → (31.3016571, 73.0623347) = 25725.7 m
2026-03-16 01:52:38.869 | DEBUG    | utils.geo_utils:haversine_distance:20 - Haversine: (31.5327409, 73.0491633) → (31.4138857, 73.1754271) = 17834.0 m
2026-03-16 01:52:38.869 | DEBUG    | utils.geo_utils:haversine_distance:20 - Haversine: (31.5327409, 73.0491633) → (31.4768075, 73.0702892) = 6534.0 m
2026-03-16 01:52:38.869 | DEBUG    | utils.geo_utils:haversine_distance:20 - Haversine: (31.5327409, 73.0491633) → (31.4755555, 73.0396188) = 6422.8 m
2026-03-16 01:52:38.869 | DEBUG    | utils.geo_utils:haversine_distance:20 - Haversine: (31.5327409, 73.0491633) → (31.5105503, 73.2029127) = 14780.9 m
2026-03-16 01:52:38.869 | DEBUG    | utils.geo_utils:haversine_distance:20 - Haversine: (31.3636092, 73.1880587) → (31.5313255, 73.1488944) = 19015.7 m
2026-03-16 01:52:38.869 | DEBUG    | utils.geo_utils:haversine_distance:20 - Haversine: (31.3636092, 73.1880587) → (31.5227265, 73.0646296) = 21216.8 m
2026-03-16 01:52:38.869 | DEBUG    | utils.geo_utils:haversine_distance:20 - Haversine: (31.3636092, 73.1880587) → (31.5035664, 73.0898965) = 18136.4 m
2026-03-16 01:52:38.869 | DEBUG    | utils.geo_utils:haversine_distance:20 - Haversine: (31.3636092, 73.1880587) → (31.5287026, 73.1652717) = 18484.4 m
2026-03-16 01:52:38.869 | DEBUG    | utils.geo_utils:haversine_distance:20 - Haversine: (31.3636092, 73.1880587) → (31.3578607, 73.1113166) = 7314.7 m
2026-03-16 01:52:38.870 | DEBUG    | utils.geo_utils:haversine_distance:20 - Haversine: (31.3636092, 73.1880587) → (31.3745482, 73.0357815) = 14508.5 m
2026-03-16 01:52:38.870 | DEBUG    | utils.geo_utils:haversine_distance:20 - Haversine: (31.3636092, 73.1880587) → (31.3016571, 73.0623347) = 13785.7 m
2026-03-16 01:52:38.870 | DEBUG    | utils.geo_utils:haversine_distance:20 - Haversine: (31.3636092, 73.1880587) → (31.4138857, 73.1754271) = 5717.6 m
2026-03-16 01:52:38.870 | DEBUG    | utils.geo_utils:haversine_distance:20 - Haversine: (31.3636092, 73.1880587) → (31.4768075, 73.0702892) = 16832.1 m
2026-03-16 01:52:38.870 | DEBUG    | utils.geo_utils:haversine_distance:20 - Haversine: (31.3636092, 73.1880587) → (31.4755555, 73.0396188) = 18797.7 m
2026-03-16 01:52:38.870 | DEBUG    | utils.geo_utils:haversine_distance:20 - Haversine: (31.3636092, 73.1880587) → (31.5105503, 73.2029127) = 16399.8 m
2026-03-16 01:52:38.870 | DEBUG    | utils.geo_utils:haversine_distance:20 - Haversine: (31.3636092, 73.1880587) → (31.5327409, 73.0491633) = 22962.8 m
2026-03-16 01:52:38.870 | DEBUG    | utils.geo_utils:haversine_distance:20 - Haversine: (31.3167535, 73.0113182) → (31.5313255, 73.1488944) = 27197.0 m
2026-03-16 01:52:38.870 | DEBUG    | utils.geo_utils:haversine_distance:20 - Haversine: (31.3167535, 73.0113182) → (31.5227265, 73.0646296) = 23455.2 m
2026-03-16 01:52:38.870 | DEBUG    | utils.geo_utils:haversine_distance:20 - Haversine: (31.3167535, 73.0113182) → (31.5035664, 73.0898965) = 22070.6 m
2026-03-16 01:52:38.870 | DEBUG    | utils.geo_utils:haversine_distance:20 - Haversine: (31.3167535, 73.0113182) → (31.5287026, 73.1652717) = 27727.9 m
2026-03-16 01:52:38.870 | DEBUG    | utils.geo_utils:haversine_distance:20 - Haversine: (31.3167535, 73.0113182) → (31.3578607, 73.1113166) = 10540.0 m
2026-03-16 01:52:38.870 | DEBUG    | utils.geo_utils:haversine_distance:20 - Haversine: (31.3167535, 73.0113182) → (31.3745482, 73.0357815) = 6833.5 m
2026-03-16 01:52:38.870 | DEBUG    | utils.geo_utils:haversine_distance:20 - Haversine: (31.3167535, 73.0113182) → (31.3016571, 73.0623347) = 5129.1 m
2026-03-16 01:52:38.870 | DEBUG    | utils.geo_utils:haversine_distance:20 - Haversine: (31.3167535, 73.0113182) → (31.4138857, 73.1754271) = 18958.7 m
2026-03-16 01:52:38.870 | DEBUG    | utils.geo_utils:haversine_distance:20 - Haversine: (31.3167535, 73.0113182) → (31.4768075, 73.0702892) = 18656.6 m
2026-03-16 01:52:38.870 | DEBUG    | utils.geo_utils:haversine_distance:20 - Haversine: (31.3167535, 73.0113182) → (31.4755555, 73.0396188) = 17861.1 m
2026-03-16 01:52:38.870 | DEBUG    | utils.geo_utils:haversine_distance:20 - Haversine: (31.3167535, 73.0113182) → (31.5105503, 73.2029127) = 28194.7 m
2026-03-16 01:52:38.870 | DEBUG    | utils.geo_utils:haversine_distance:20 - Haversine: (31.3167535, 73.0113182) → (31.5327409, 73.0491633) = 24283.7 m
2026-03-16 01:52:38.871 | DEBUG    | utils.geo_utils:haversine_distance:20 - Haversine: (31.3167535, 73.0113182) → (31.3636092, 73.1880587) = 17575.2 m
2026-03-16 01:52:38.871 | DEBUG    | utils.geo_utils:haversine_distance:20 - Haversine: (31.4417526, 73.0702492) → (31.5313255, 73.1488944) = 12442.5 m
2026-03-16 01:52:38.871 | DEBUG    | utils.geo_utils:haversine_distance:20 - Haversine: (31.4417526, 73.0702492) → (31.5227265, 73.0646296) = 9019.6 m
2026-03-16 01:52:38.871 | DEBUG    | utils.geo_utils:haversine_distance:20 - Haversine: (31.4417526, 73.0702492) → (31.5035664, 73.0898965) = 7121.5 m
2026-03-16 01:52:38.871 | DEBUG    | utils.geo_utils:haversine_distance:20 - Haversine: (31.4417526, 73.0702492) → (31.5287026, 73.1652717) = 13216.1 m
2026-03-16 01:52:38.871 | DEBUG    | utils.geo_utils:haversine_distance:20 - Haversine: (31.4417526, 73.0702492) → (31.3578607, 73.1113166) = 10109.9 m
2026-03-16 01:52:38.871 | DEBUG    | utils.geo_utils:haversine_distance:20 - Haversine: (31.4417526, 73.0702492) → (31.3745482, 73.0357815) = 8157.4 m
2026-03-16 01:52:38.871 | DEBUG    | utils.geo_utils:haversine_distance:20 - Haversine: (31.4417526, 73.0702492) → (31.3016571, 73.0623347) = 15596.0 m
2026-03-16 01:52:38.871 | DEBUG    | utils.geo_utils:haversine_distance:20 - Haversine: (31.4417526, 73.0702492) → (31.4138857, 73.1754271) = 10449.5 m
2026-03-16 01:52:38.871 | DEBUG    | utils.geo_utils:haversine_distance:20 - Haversine: (31.4417526, 73.0702492) → (31.4768075, 73.0702892) = 3897.9 m
2026-03-16 01:52:38.871 | DEBUG    | utils.geo_utils:haversine_distance:20 - Haversine: (31.4417526, 73.0702492) → (31.4755555, 73.0396188) = 4750.7 m
2026-03-16 01:52:38.871 | DEBUG    | utils.geo_utils:haversine_distance:20 - Haversine: (31.4417526, 73.0702492) → (31.5105503, 73.2029127) = 14724.2 m
2026-03-16 01:52:38.871 | DEBUG    | utils.geo_utils:haversine_distance:20 - Haversine: (31.4417526, 73.0702492) → (31.5327409, 73.0491633) = 10313.1 m
2026-03-16 01:52:38.871 | DEBUG    | utils.geo_utils:haversine_distance:20 - Haversine: (31.4417526, 73.0702492) → (31.3636092, 73.1880587) = 14160.4 m
2026-03-16 01:52:38.871 | DEBUG    | utils.geo_utils:haversine_distance:20 - Haversine: (31.4417526, 73.0702492) → (31.3167535, 73.0113182) = 14982.9 m
2026-03-16 01:52:38.871 | DEBUG    | utils.geo_utils:haversine_distance:20 - Haversine: (31.527645, 73.0552285) → (31.5313255, 73.1488944) = 8887.0 m
2026-03-16 01:52:38.871 | DEBUG    | utils.geo_utils:haversine_distance:20 - Haversine: (31.527645, 73.0552285) → (31.5227265, 73.0646296) = 1045.5 m
2026-03-16 01:52:38.871 | DEBUG    | utils.geo_utils:haversine_distance:20 - Haversine: (31.527645, 73.0552285) → (31.5035664, 73.0898965) = 4238.9 m
2026-03-16 01:52:38.871 | DEBUG    | utils.geo_utils:haversine_distance:20 - Haversine: (31.527645, 73.0552285) → (31.5287026, 73.1652717) = 10430.6 m
2026-03-16 01:52:38.871 | DEBUG    | utils.geo_utils:haversine_distance:20 - Haversine: (31.527645, 73.0552285) → (31.3578607, 73.1113166) = 19614.7 m
2026-03-16 01:52:38.871 | DEBUG    | utils.geo_utils:haversine_distance:20 - Haversine: (31.527645, 73.0552285) → (31.3745482, 73.0357815) = 17123.2 m
2026-03-16 01:52:38.871 | DEBUG    | utils.geo_utils:haversine_distance:20 - Haversine: (31.527645, 73.0552285) → (31.3016571, 73.0623347) = 25137.8 m
2026-03-16 01:52:38.871 | DEBUG    | utils.geo_utils:haversine_distance:20 - Haversine: (31.527645, 73.0552285) → (31.4138857, 73.1754271) = 17028.1 m
2026-03-16 01:52:38.872 | DEBUG    | utils.geo_utils:haversine_distance:20 - Haversine: (31.527645, 73.0552285) → (31.4768075, 73.0702892) = 5830.4 m
2026-03-16 01:52:38.872 | DEBUG    | utils.geo_utils:haversine_distance:20 - Haversine: (31.527645, 73.0552285) → (31.4755555, 73.0396188) = 5978.2 m
2026-03-16 01:52:38.872 | DEBUG    | utils.geo_utils:haversine_distance:20 - Haversine: (31.527645, 73.0552285) → (31.5105503, 73.2029127) = 14127.4 m
2026-03-16 01:52:38.872 | DEBUG    | utils.geo_utils:haversine_distance:20 - Haversine: (31.527645, 73.0552285) → (31.5327409, 73.0491633) = 807.2 m
2026-03-16 01:52:38.872 | DEBUG    | utils.geo_utils:haversine_distance:20 - Haversine: (31.4850787, 73.1195616) → (31.5313255, 73.1488944) = 5846.1 m
2026-03-16 01:52:38.872 | DEBUG    | utils.geo_utils:haversine_distance:20 - Haversine: (31.4850787, 73.1195616) → (31.5227265, 73.0646296) = 6681.8 m
2026-03-16 01:52:38.872 | DEBUG    | utils.geo_utils:haversine_distance:20 - Haversine: (31.4850787, 73.1195616) → (31.5035664, 73.0898965) = 3483.9 m
2026-03-16 01:52:38.872 | DEBUG    | utils.geo_utils:haversine_distance:20 - Haversine: (31.4850787, 73.1195616) → (31.5287026, 73.1652717) = 6504.5 m
2026-03-16 01:52:38.872 | DEBUG    | utils.geo_utils:haversine_distance:20 - Haversine: (31.4850787, 73.1195616) → (31.3578607, 73.1113166) = 14167.6 m
2026-03-16 01:52:38.872 | DEBUG    | utils.geo_utils:haversine_distance:20 - Haversine: (31.4850787, 73.1195616) → (31.3745482, 73.0357815) = 14637.0 m
2026-03-16 01:52:38.872 | DEBUG    | utils.geo_utils:haversine_distance:20 - Haversine: (31.4850787, 73.1195616) → (31.3016571, 73.0623347) = 21106.5 m
2026-03-16 01:52:38.872 | DEBUG    | utils.geo_utils:haversine_distance:20 - Haversine: (31.4850787, 73.1195616) → (31.4138857, 73.1754271) = 9526.4 m
2026-03-16 01:52:38.873 | DEBUG    | utils.geo_utils:haversine_distance:20 - Haversine: (31.4850787, 73.1195616) → (31.4768075, 73.0702892) = 4762.1 m
2026-03-16 01:52:38.873 | DEBUG    | utils.geo_utils:haversine_distance:20 - Haversine: (31.4850787, 73.1195616) → (31.4755555, 73.0396188) = 7654.5 m
2026-03-16 01:52:38.873 | DEBUG    | utils.geo_utils:haversine_distance:20 - Haversine: (31.4850787, 73.1195616) → (31.5105503, 73.2029127) = 8394.9 m
2026-03-16 01:52:38.873 | DEBUG    | utils.geo_utils:haversine_distance:20 - Haversine: (31.4850787, 73.1195616) → (31.5327409, 73.0491633) = 8522.2 m
2026-03-16 01:52:38.873 | DEBUG    | utils.geo_utils:haversine_distance:20 - Haversine: (31.4850787, 73.1195616) → (31.3636092, 73.1880587) = 14989.2 m
2026-03-16 01:52:38.873 | DEBUG    | utils.geo_utils:haversine_distance:20 - Haversine: (31.4850787, 73.1195616) → (31.3167535, 73.0113182) = 21351.0 m
2026-03-16 01:52:38.873 | DEBUG    | utils.geo_utils:haversine_distance:20 - Haversine: (31.4850787, 73.1195616) → (31.4417526, 73.0702492) = 6714.5 m
2026-03-16 01:52:38.873 | DEBUG    | utils.geo_utils:haversine_distance:20 - Haversine: (31.3819661, 73.0730361) → (31.5313255, 73.1488944) = 18099.7 m
2026-03-16 01:52:38.873 | DEBUG    | utils.geo_utils:haversine_distance:20 - Haversine: (31.3819661, 73.0730361) → (31.5227265, 73.0646296) = 15672.1 m
2026-03-16 01:52:38.873 | DEBUG    | utils.geo_utils:haversine_distance:20 - Haversine: (31.3819661, 73.0730361) → (31.5035664, 73.0898965) = 13615.6 m
2026-03-16 01:52:38.873 | DEBUG    | utils.geo_utils:haversine_distance:20 - Haversine: (31.3819661, 73.0730361) → (31.5287026, 73.1652717) = 18514.0 m
2026-03-16 01:52:38.873 | DEBUG    | utils.geo_utils:haversine_distance:20 - Haversine: (31.3819661, 73.0730361) → (31.3578607, 73.1113166) = 4515.9 m
2026-03-16 01:52:38.874 | DEBUG    | utils.geo_utils:haversine_distance:20 - Haversine: (31.3819661, 73.0730361) → (31.3745482, 73.0357815) = 3631.6 m
2026-03-16 01:52:38.874 | DEBUG    | utils.geo_utils:haversine_distance:20 - Haversine: (31.3819661, 73.0730361) → (31.3016571, 73.0623347) = 8987.6 m
2026-03-16 01:52:38.874 | DEBUG    | utils.geo_utils:haversine_distance:20 - Haversine: (31.3819661, 73.0730361) → (31.4138857, 73.1754271) = 10346.1 m
2026-03-16 01:52:38.874 | DEBUG    | utils.geo_utils:haversine_distance:20 - Haversine: (31.3819661, 73.0730361) → (31.4768075, 73.0702892) = 10549.1 m
2026-03-16 01:52:38.874 | DEBUG    | utils.geo_utils:haversine_distance:20 - Haversine: (31.3819661, 73.0730361) → (31.4755555, 73.0396188) = 10879.0 m
2026-03-16 01:52:38.874 | DEBUG    | utils.geo_utils:haversine_distance:20 - Haversine: (31.3819661, 73.0730361) → (31.5105503, 73.2029127) = 18874.0 m
2026-03-16 01:52:38.874 | DEBUG    | utils.geo_utils:haversine_distance:20 - Haversine: (31.3819661, 73.0730361) → (31.5327409, 73.0491633) = 16917.6 m
2026-03-16 01:52:38.874 | DEBUG    | utils.geo_utils:haversine_distance:20 - Haversine: (31.3819661, 73.0730361) → (31.3636092, 73.1880587) = 11109.2 m
2026-03-16 01:52:38.874 | DEBUG    | utils.geo_utils:haversine_distance:20 - Haversine: (31.3819661, 73.0730361) → (31.3167535, 73.0113182) = 9323.7 m
2026-03-16 01:52:38.874 | DEBUG    | utils.geo_utils:haversine_distance:20 - Haversine: (31.3819661, 73.0730361) → (31.4417526, 73.0702492) = 6653.2 m
2026-03-16 01:52:38.874 | DEBUG    | utils.geo_utils:haversine_distance:20 - Haversine: (31.3819661, 73.0730361) → (31.4850787, 73.1195616) = 12286.0 m
2026-03-16 01:52:38.874 | DEBUG    | utils.geo_utils:haversine_distance:20 - Haversine: (31.4201747, 73.191549) → (31.5313255, 73.1488944) = 13004.5 m
2026-03-16 01:52:38.874 | DEBUG    | utils.geo_utils:haversine_distance:20 - Haversine: (31.4201747, 73.191549) → (31.5227265, 73.0646296) = 16580.7 m
2026-03-16 01:52:38.875 | DEBUG    | utils.geo_utils:haversine_distance:20 - Haversine: (31.4201747, 73.191549) → (31.5035664, 73.0898965) = 13376.9 m
2026-03-16 01:52:38.875 | DEBUG    | utils.geo_utils:haversine_distance:20 - Haversine: (31.4201747, 73.191549) → (31.5287026, 73.1652717) = 12322.4 m
2026-03-16 01:52:38.875 | DEBUG    | utils.geo_utils:haversine_distance:20 - Haversine: (31.4201747, 73.191549) → (31.3578607, 73.1113166) = 10296.2 m
2026-03-16 01:52:38.875 | DEBUG    | utils.geo_utils:haversine_distance:20 - Haversine: (31.4201747, 73.191549) → (31.3745482, 73.0357815) = 15630.7 m
2026-03-16 01:52:38.875 | DEBUG    | utils.geo_utils:haversine_distance:20 - Haversine: (31.4201747, 73.191549) → (31.3016571, 73.0623347) = 18005.6 m
2026-03-16 01:52:38.875 | DEBUG    | utils.geo_utils:haversine_distance:20 - Haversine: (31.4201747, 73.191549) → (31.4138857, 73.1754271) = 1682.1 m
2026-03-16 01:52:38.875 | DEBUG    | utils.geo_utils:haversine_distance:20 - Haversine: (31.4201747, 73.191549) → (31.4768075, 73.0702892) = 13113.8 m
2026-03-16 01:52:38.875 | DEBUG    | utils.geo_utils:haversine_distance:20 - Haversine: (31.4201747, 73.191549) → (31.4755555, 73.0396188) = 15672.9 m
2026-03-16 01:52:38.875 | DEBUG    | utils.geo_utils:haversine_distance:20 - Haversine: (31.4201747, 73.191549) → (31.5105503, 73.2029127) = 10106.9 m
2026-03-16 01:52:38.875 | DEBUG    | utils.geo_utils:haversine_distance:20 - Haversine: (31.4201747, 73.191549) → (31.5327409, 73.0491633) = 18411.9 m
2026-03-16 01:52:38.875 | DEBUG    | utils.geo_utils:haversine_distance:20 - Haversine: (31.4201747, 73.191549) → (31.3636092, 73.1880587) = 6298.5 m
2026-03-16 01:52:38.875 | DEBUG    | utils.geo_utils:haversine_distance:20 - Haversine: (31.4201747, 73.191549) → (31.3167535, 73.0113182) = 20616.8 m
2026-03-16 01:52:38.875 | DEBUG    | utils.geo_utils:haversine_distance:20 - Haversine: (31.4201747, 73.191549) → (31.4417526, 73.0702492) = 11756.3 m
2026-03-16 01:52:38.876 | DEBUG    | utils.geo_utils:haversine_distance:20 - Haversine: (31.4201747, 73.191549) → (31.4850787, 73.1195616) = 9935.5 m
2026-03-16 01:52:38.876 | DEBUG    | utils.geo_utils:haversine_distance:20 - Haversine: (31.4201747, 73.191549) → (31.3819661, 73.0730361) = 12023.6 m
2026-03-16 01:52:38.876 | DEBUG    | utils.geo_utils:haversine_distance:20 - Haversine: (31.3228495, 73.1578644) → (31.5313255, 73.1488944) = 23197.1 m
2026-03-16 01:52:38.876 | DEBUG    | utils.geo_utils:haversine_distance:20 - Haversine: (31.3228495, 73.1578644) → (31.5227265, 73.0646296) = 23921.3 m
2026-03-16 01:52:38.876 | DEBUG    | utils.geo_utils:haversine_distance:20 - Haversine: (31.3228495, 73.1578644) → (31.5035664, 73.0898965) = 21104.6 m
2026-03-16 01:52:38.876 | DEBUG    | utils.geo_utils:haversine_distance:20 - Haversine: (31.3228495, 73.1578644) → (31.5287026, 73.1652717) = 22900.6 m
2026-03-16 01:52:38.876 | DEBUG    | utils.geo_utils:haversine_distance:20 - Haversine: (31.3228495, 73.1578644) → (31.3578607, 73.1113166) = 5890.5 m
2026-03-16 01:52:38.876 | DEBUG    | utils.geo_utils:haversine_distance:20 - Haversine: (31.3228495, 73.1578644) → (31.3745482, 73.0357815) = 12940.3 m
2026-03-16 01:52:38.876 | DEBUG    | utils.geo_utils:haversine_distance:20 - Haversine: (31.3228495, 73.1578644) → (31.3016571, 73.0623347) = 9376.2 m
2026-03-16 01:52:38.876 | DEBUG    | utils.geo_utils:haversine_distance:20 - Haversine: (31.3228495, 73.1578644) → (31.4138857, 73.1754271) = 10259.2 m
2026-03-16 01:52:38.876 | DEBUG    | utils.geo_utils:haversine_distance:20 - Haversine: (31.3228495, 73.1578644) → (31.4768075, 73.0702892) = 19030.5 m
2026-03-16 01:52:38.876 | DEBUG    | utils.geo_utils:haversine_distance:20 - Haversine: (31.3228495, 73.1578644) → (31.4755555, 73.0396188) = 20353.8 m
2026-03-16 01:52:38.876 | DEBUG    | utils.geo_utils:haversine_distance:20 - Haversine: (31.3228495, 73.1578644) → (31.5105503, 73.2029127) = 21304.7 m
2026-03-16 01:52:38.876 | DEBUG    | utils.geo_utils:haversine_distance:20 - Haversine: (31.3228495, 73.1578644) → (31.5327409, 73.0491633) = 25516.2 m
2026-03-16 01:52:38.877 | DEBUG    | utils.geo_utils:haversine_distance:20 - Haversine: (31.3228495, 73.1578644) → (31.3636092, 73.1880587) = 5363.2 m
2026-03-16 01:52:38.877 | DEBUG    | utils.geo_utils:haversine_distance:20 - Haversine: (31.3228495, 73.1578644) → (31.3167535, 73.0113182) = 13937.1 m
2026-03-16 01:52:38.877 | DEBUG    | utils.geo_utils:haversine_distance:20 - Haversine: (31.3228495, 73.1578644) → (31.4417526, 73.0702492) = 15619.9 m
2026-03-16 01:52:38.877 | DEBUG    | utils.geo_utils:haversine_distance:20 - Haversine: (31.3228495, 73.1578644) → (31.4850787, 73.1195616) = 18401.7 m
2026-03-16 01:52:38.877 | DEBUG    | utils.geo_utils:haversine_distance:20 - Haversine: (31.3228495, 73.1578644) → (31.3819661, 73.0730361) = 10396.9 m
2026-03-16 01:52:38.877 | DEBUG    | utils.geo_utils:haversine_distance:20 - Haversine: (31.3228495, 73.1578644) → (31.4201747, 73.191549) = 11284.7 m
2026-03-16 01:52:38.877 | DEBUG    | utils.geo_utils:haversine_distance:20 - Haversine: (31.5409751, 73.0581439) → (31.5313255, 73.1488944) = 8667.3 m
2026-03-16 01:52:38.877 | DEBUG    | utils.geo_utils:haversine_distance:20 - Haversine: (31.5409751, 73.0581439) → (31.5227265, 73.0646296) = 2120.2 m
2026-03-16 01:52:38.877 | DEBUG    | utils.geo_utils:haversine_distance:20 - Haversine: (31.5409751, 73.0581439) → (31.5035664, 73.0898965) = 5134.3 m
2026-03-16 01:52:38.877 | DEBUG    | utils.geo_utils:haversine_distance:20 - Haversine: (31.5409751, 73.0581439) → (31.5287026, 73.1652717) = 10244.2 m
2026-03-16 01:52:38.877 | DEBUG    | utils.geo_utils:haversine_distance:20 - Haversine: (31.5409751, 73.0581439) → (31.3578607, 73.1113166) = 20976.8 m
2026-03-16 01:52:38.877 | DEBUG    | utils.geo_utils:haversine_distance:20 - Haversine: (31.5409751, 73.0581439) → (31.3745482, 73.0357815) = 18627.0 m
2026-03-16 01:52:38.877 | DEBUG    | utils.geo_utils:haversine_distance:20 - Haversine: (31.5409751, 73.0581439) → (31.3016571, 73.0623347) = 26613.9 m
2026-03-16 01:52:38.878 | DEBUG    | utils.geo_utils:haversine_distance:20 - Haversine: (31.5409751, 73.0581439) → (31.4138857, 73.1754271) = 17983.6 m
2026-03-16 01:52:38.878 | DEBUG    | utils.geo_utils:haversine_distance:20 - Haversine: (31.5409751, 73.0581439) → (31.4768075, 73.0702892) = 7227.4 m
2026-03-16 01:52:38.878 | DEBUG    | utils.geo_utils:haversine_distance:20 - Haversine: (31.5409751, 73.0581439) → (31.4755555, 73.0396188) = 7483.3 m
2026-03-16 01:52:38.878 | DEBUG    | utils.geo_utils:haversine_distance:20 - Haversine: (31.5409751, 73.0581439) → (31.5105503, 73.2029127) = 14132.5 m
2026-03-16 01:52:38.878 | DEBUG    | utils.geo_utils:haversine_distance:20 - Haversine: (31.5409751, 73.0581439) → (31.5327409, 73.0491633) = 1250.1 m
2026-03-16 01:52:38.878 | DEBUG    | utils.geo_utils:haversine_distance:20 - Haversine: (31.5409751, 73.0581439) → (31.3636092, 73.1880587) = 23255.8 m
2026-03-16 01:52:38.878 | DEBUG    | utils.geo_utils:haversine_distance:20 - Haversine: (31.5409751, 73.0581439) → (31.3167535, 73.0113182) = 25325.1 m
2026-03-16 01:52:38.878 | DEBUG    | utils.geo_utils:haversine_distance:20 - Haversine: (31.5409751, 73.0581439) → (31.4417526, 73.0702492) = 11092.6 m
2026-03-16 01:52:38.878 | DEBUG    | utils.geo_utils:haversine_distance:20 - Haversine: (31.5409751, 73.0581439) → (31.4850787, 73.1195616) = 8516.4 m
2026-03-16 01:52:38.878 | DEBUG    | utils.geo_utils:haversine_distance:20 - Haversine: (31.5409751, 73.0581439) → (31.3819661, 73.0730361) = 17737.3 m
2026-03-16 01:52:38.878 | DEBUG    | utils.geo_utils:haversine_distance:20 - Haversine: (31.5409751, 73.0581439) → (31.4201747, 73.191549) = 18451.8 m
2026-03-16 01:52:38.879 | DEBUG    | utils.geo_utils:haversine_distance:20 - Haversine: (31.5409751, 73.0581439) → (31.3228495, 73.1578644) = 26034.5 m
2026-03-16 01:52:38.879 | DEBUG    | utils.geo_utils:haversine_distance:20 - Haversine: (31.3444393, 73.152874) → (31.5313255, 73.1488944) = 20784.2 m
2026-03-16 01:52:38.879 | DEBUG    | utils.geo_utils:haversine_distance:20 - Haversine: (31.3444393, 73.152874) → (31.5227265, 73.0646296) = 21520.0 m
2026-03-16 01:52:38.879 | DEBUG    | utils.geo_utils:haversine_distance:20 - Haversine: (31.3444393, 73.152874) → (31.5035664, 73.0898965) = 18675.9 m
2026-03-16 01:52:38.880 | DEBUG    | utils.geo_utils:haversine_distance:20 - Haversine: (31.3444393, 73.152874) → (31.5287026, 73.1652717) = 20522.9 m
2026-03-16 01:52:38.880 | DEBUG    | utils.geo_utils:haversine_distance:20 - Haversine: (31.3444393, 73.152874) → (31.3578607, 73.1113166) = 4219.1 m
2026-03-16 01:52:38.880 | DEBUG    | utils.geo_utils:haversine_distance:20 - Haversine: (31.3444393, 73.152874) → (31.3745482, 73.0357815) = 11611.2 m
2026-03-16 01:52:38.880 | DEBUG    | utils.geo_utils:haversine_distance:20 - Haversine: (31.3444393, 73.152874) → (31.3016571, 73.0623347) = 9828.2 m
2026-03-16 01:52:38.880 | DEBUG    | utils.geo_utils:haversine_distance:20 - Haversine: (31.3444393, 73.152874) → (31.4138857, 73.1754271) = 8013.4 m
2026-03-16 01:52:38.880 | DEBUG    | utils.geo_utils:haversine_distance:20 - Haversine: (31.3444393, 73.152874) → (31.4768075, 73.0702892) = 16675.2 m
2026-03-16 01:52:38.880 | DEBUG    | utils.geo_utils:haversine_distance:20 - Haversine: (31.3444393, 73.152874) → (31.4755555, 73.0396188) = 18113.0 m
2026-03-16 01:52:38.880 | DEBUG    | utils.geo_utils:haversine_distance:20 - Haversine: (31.3444393, 73.152874) → (31.5105503, 73.2029127) = 19071.1 m
2026-03-16 01:52:38.880 | DEBUG    | utils.geo_utils:haversine_distance:20 - Haversine: (31.3444393, 73.152874) → (31.5327409, 73.0491633) = 23134.8 m
2026-03-16 01:52:38.880 | DEBUG    | utils.geo_utils:haversine_distance:20 - Haversine: (31.3444393, 73.152874) → (31.3636092, 73.1880587) = 3963.1 m
2026-03-16 01:52:38.881 | DEBUG    | utils.geo_utils:haversine_distance:20 - Haversine: (31.3444393, 73.152874) → (31.3167535, 73.0113182) = 13793.0 m
2026-03-16 01:52:38.881 | DEBUG    | utils.geo_utils:haversine_distance:20 - Haversine: (31.3444393, 73.152874) → (31.4417526, 73.0702492) = 13363.9 m
2026-03-16 01:52:38.881 | DEBUG    | utils.geo_utils:haversine_distance:20 - Haversine: (31.3444393, 73.152874) → (31.4850787, 73.1195616) = 15954.7 m
2026-03-16 01:52:38.881 | DEBUG    | utils.geo_utils:haversine_distance:20 - Haversine: (31.3444393, 73.152874) → (31.3819661, 73.0730361) = 8653.0 m
2026-03-16 01:52:38.881 | DEBUG    | utils.geo_utils:haversine_distance:20 - Haversine: (31.3444393, 73.152874) → (31.4201747, 73.191549) = 9186.9 m
2026-03-16 01:52:38.881 | DEBUG    | utils.geo_utils:haversine_distance:20 - Haversine: (31.3444393, 73.152874) → (31.3228495, 73.1578644) = 2447.0 m
2026-03-16 01:52:38.881 | DEBUG    | utils.geo_utils:haversine_distance:20 - Haversine: (31.3444393, 73.152874) → (31.5409751, 73.0581439) = 23629.4 m
2026-03-16 01:52:38.881 | DEBUG    | utils.geo_utils:haversine_distance:20 - Haversine: (31.4477973, 73.1191674) → (31.5313255, 73.1488944) = 9706.2 m
2026-03-16 01:52:38.881 | DEBUG    | utils.geo_utils:haversine_distance:20 - Haversine: (31.4477973, 73.1191674) → (31.5227265, 73.0646296) = 9806.2 m
2026-03-16 01:52:38.881 | DEBUG    | utils.geo_utils:haversine_distance:20 - Haversine: (31.4477973, 73.1191674) → (31.5035664, 73.0898965) = 6794.2 m
2026-03-16 01:52:38.881 | DEBUG    | utils.geo_utils:haversine_distance:20 - Haversine: (31.4477973, 73.1191674) → (31.5287026, 73.1652717) = 10002.2 m
2026-03-16 01:52:38.882 | DEBUG    | utils.geo_utils:haversine_distance:20 - Haversine: (31.4477973, 73.1191674) → (31.3578607, 73.1113166) = 10028.2 m
2026-03-16 01:52:38.882 | DEBUG    | utils.geo_utils:haversine_distance:20 - Haversine: (31.4477973, 73.1191674) → (31.3745482, 73.0357815) = 11356.0 m
2026-03-16 01:52:38.882 | DEBUG    | utils.geo_utils:haversine_distance:20 - Haversine: (31.4477973, 73.1191674) → (31.3016571, 73.0623347) = 17122.4 m
2026-03-16 01:52:38.882 | DEBUG    | utils.geo_utils:haversine_distance:20 - Haversine: (31.4477973, 73.1191674) → (31.4138857, 73.1754271) = 6535.4 m
2026-03-16 01:52:38.882 | DEBUG    | utils.geo_utils:haversine_distance:20 - Haversine: (31.4477973, 73.1191674) → (31.4768075, 73.0702892) = 5647.8 m
2026-03-16 01:52:38.882 | DEBUG    | utils.geo_utils:haversine_distance:20 - Haversine: (31.4477973, 73.1191674) → (31.4755555, 73.0396188) = 8152.0 m
2026-03-16 01:52:38.882 | DEBUG    | utils.geo_utils:haversine_distance:20 - Haversine: (31.4477973, 73.1191674) → (31.5105503, 73.2029127) = 10571.6 m
2026-03-16 01:52:38.882 | DEBUG    | utils.geo_utils:haversine_distance:20 - Haversine: (31.4477973, 73.1191674) → (31.5327409, 73.0491633) = 11544.4 m
2026-03-16 01:52:38.882 | DEBUG    | utils.geo_utils:haversine_distance:20 - Haversine: (31.4477973, 73.1191674) → (31.3636092, 73.1880587) = 11418.4 m
2026-03-16 01:52:38.882 | DEBUG    | utils.geo_utils:haversine_distance:20 - Haversine: (31.4477973, 73.1191674) → (31.3167535, 73.0113182) = 17808.5 m
2026-03-16 01:52:38.882 | DEBUG    | utils.geo_utils:haversine_distance:20 - Haversine: (31.4477973, 73.1191674) → (31.4417526, 73.0702492) = 4689.1 m
2026-03-16 01:52:38.882 | DEBUG    | utils.geo_utils:haversine_distance:20 - Haversine: (31.4477973, 73.1191674) → (31.4850787, 73.1195616) = 4145.7 m
2026-03-16 01:52:38.882 | DEBUG    | utils.geo_utils:haversine_distance:20 - Haversine: (31.4477973, 73.1191674) → (31.3819661, 73.0730361) = 8529.2 m
2026-03-16 01:52:38.882 | DEBUG    | utils.geo_utils:haversine_distance:20 - Haversine: (31.4477973, 73.1191674) → (31.4201747, 73.191549) = 7522.9 m
2026-03-16 01:52:38.882 | DEBUG    | utils.geo_utils:haversine_distance:20 - Haversine: (31.4477973, 73.1191674) → (31.3228495, 73.1578644) = 14371.0 m
2026-03-16 01:52:38.882 | DEBUG    | utils.geo_utils:haversine_distance:20 - Haversine: (31.4477973, 73.1191674) → (31.5409751, 73.0581439) = 11867.0 m
2026-03-16 01:52:38.883 | DEBUG    | utils.geo_utils:haversine_distance:20 - Haversine: (31.4477973, 73.1191674) → (31.3444393, 73.152874) = 11929.9 m
2026-03-16 01:52:38.883 | DEBUG    | utils.geo_utils:haversine_distance:20 - Haversine: (31.5101645, 73.0420366) → (31.5313255, 73.1488944) = 10398.6 m
2026-03-16 01:52:38.883 | DEBUG    | utils.geo_utils:haversine_distance:20 - Haversine: (31.5101645, 73.0420366) → (31.5227265, 73.0646296) = 2556.9 m
2026-03-16 01:52:38.883 | DEBUG    | utils.geo_utils:haversine_distance:20 - Haversine: (31.5101645, 73.0420366) → (31.5035664, 73.0898965) = 4596.2 m
2026-03-16 01:52:38.883 | DEBUG    | utils.geo_utils:haversine_distance:20 - Haversine: (31.5101645, 73.0420366) → (31.5287026, 73.1652717) = 11861.9 m
2026-03-16 01:52:38.883 | DEBUG    | utils.geo_utils:haversine_distance:20 - Haversine: (31.5101645, 73.0420366) → (31.3578607, 73.1113166) = 18166.2 m
2026-03-16 01:52:38.883 | DEBUG    | utils.geo_utils:haversine_distance:20 - Haversine: (31.5101645, 73.0420366) → (31.3745482, 73.0357815) = 15091.5 m
2026-03-16 01:52:38.883 | DEBUG    | utils.geo_utils:haversine_distance:20 - Haversine: (31.5101645, 73.0420366) → (31.3016571, 73.0623347) = 23264.9 m
2026-03-16 01:52:38.885 | DEBUG    | utils.geo_utils:haversine_distance:20 - Haversine: (31.5101645, 73.0420366) → (31.4138857, 73.1754271) = 16573.5 m
2026-03-16 01:52:38.885 | DEBUG    | utils.geo_utils:haversine_distance:20 - Haversine: (31.5101645, 73.0420366) → (31.4768075, 73.0702892) = 4575.3 m
2026-03-16 01:52:38.885 | DEBUG    | utils.geo_utils:haversine_distance:20 - Haversine: (31.5101645, 73.0420366) → (31.4755555, 73.0396188) = 3855.2 m
2026-03-16 01:52:38.885 | DEBUG    | utils.geo_utils:haversine_distance:20 - Haversine: (31.5101645, 73.0420366) → (31.5105503, 73.2029127) = 15250.9 m
2026-03-16 01:52:38.885 | DEBUG    | utils.geo_utils:haversine_distance:20 - Haversine: (31.5101645, 73.0420366) → (31.5327409, 73.0491633) = 2599.7 m
2026-03-16 01:52:38.885 | DEBUG    | utils.geo_utils:haversine_distance:20 - Haversine: (31.5101645, 73.0420366) → (31.3636092, 73.1880587) = 21389.0 m
2026-03-16 01:52:38.885 | DEBUG    | utils.geo_utils:haversine_distance:20 - Haversine: (31.5101645, 73.0420366) → (31.3167535, 73.0113182) = 21703.0 m
2026-03-16 01:52:38.886 | DEBUG    | utils.geo_utils:haversine_distance:20 - Haversine: (31.5101645, 73.0420366) → (31.4417526, 73.0702492) = 8063.8 m
2026-03-16 01:52:38.886 | DEBUG    | utils.geo_utils:haversine_distance:20 - Haversine: (31.5101645, 73.0420366) → (31.4850787, 73.1195616) = 7861.8 m
2026-03-16 01:52:38.886 | DEBUG    | utils.geo_utils:haversine_distance:20 - Haversine: (31.5101645, 73.0420366) → (31.3819661, 73.0730361) = 14555.2 m
2026-03-16 01:52:38.886 | DEBUG    | utils.geo_utils:haversine_distance:20 - Haversine: (31.5101645, 73.0420366) → (31.4201747, 73.191549) = 17355.5 m
2026-03-16 01:52:38.886 | DEBUG    | utils.geo_utils:haversine_distance:20 - Haversine: (31.5101645, 73.0420366) → (31.3228495, 73.1578644) = 23550.7 m
2026-03-16 01:52:38.886 | DEBUG    | utils.geo_utils:haversine_distance:20 - Haversine: (31.5101645, 73.0420366) → (31.5409751, 73.0581439) = 3750.8 m
2026-03-16 01:52:38.886 | DEBUG    | utils.geo_utils:haversine_distance:20 - Haversine: (31.5101645, 73.0420366) → (31.3444393, 73.152874) = 21217.5 m
2026-03-16 01:52:38.886 | DEBUG    | utils.geo_utils:haversine_distance:20 - Haversine: (31.5101645, 73.0420366) → (31.4477973, 73.1191674) = 10079.3 m
2026-03-16 01:52:38.886 | DEBUG    | utils.geo_utils:haversine_distance:20 - Haversine: (31.4850787, 73.1195616) → (31.5313255, 73.1488944) = 5846.1 m
2026-03-16 01:52:38.886 | DEBUG    | utils.geo_utils:haversine_distance:20 - Haversine: (31.4850787, 73.1195616) → (31.5227265, 73.0646296) = 6681.8 m
2026-03-16 01:52:38.886 | DEBUG    | utils.geo_utils:haversine_distance:20 - Haversine: (31.4850787, 73.1195616) → (31.5035664, 73.0898965) = 3483.9 m
2026-03-16 01:52:38.886 | DEBUG    | utils.geo_utils:haversine_distance:20 - Haversine: (31.4850787, 73.1195616) → (31.5287026, 73.1652717) = 6504.5 m
2026-03-16 01:52:38.886 | DEBUG    | utils.geo_utils:haversine_distance:20 - Haversine: (31.4850787, 73.1195616) → (31.3578607, 73.1113166) = 14167.6 m
2026-03-16 01:52:38.886 | DEBUG    | utils.geo_utils:haversine_distance:20 - Haversine: (31.4850787, 73.1195616) → (31.3745482, 73.0357815) = 14637.0 m
2026-03-16 01:52:38.886 | DEBUG    | utils.geo_utils:haversine_distance:20 - Haversine: (31.4850787, 73.1195616) → (31.3016571, 73.0623347) = 21106.5 m
2026-03-16 01:52:38.887 | DEBUG    | utils.geo_utils:haversine_distance:20 - Haversine: (31.4850787, 73.1195616) → (31.4138857, 73.1754271) = 9526.4 m
2026-03-16 01:52:38.887 | DEBUG    | utils.geo_utils:haversine_distance:20 - Haversine: (31.4850787, 73.1195616) → (31.4768075, 73.0702892) = 4762.1 m
2026-03-16 01:52:38.887 | DEBUG    | utils.geo_utils:haversine_distance:20 - Haversine: (31.4850787, 73.1195616) → (31.4755555, 73.0396188) = 7654.5 m
2026-03-16 01:52:38.887 | DEBUG    | utils.geo_utils:haversine_distance:20 - Haversine: (31.4850787, 73.1195616) → (31.5105503, 73.2029127) = 8394.9 m
2026-03-16 01:52:38.887 | DEBUG    | utils.geo_utils:haversine_distance:20 - Haversine: (31.4850787, 73.1195616) → (31.5327409, 73.0491633) = 8522.2 m
2026-03-16 01:52:38.887 | DEBUG    | utils.geo_utils:haversine_distance:20 - Haversine: (31.4850787, 73.1195616) → (31.3636092, 73.1880587) = 14989.2 m
2026-03-16 01:52:38.887 | DEBUG    | utils.geo_utils:haversine_distance:20 - Haversine: (31.4850787, 73.1195616) → (31.3167535, 73.0113182) = 21351.0 m
2026-03-16 01:52:38.887 | DEBUG    | utils.geo_utils:haversine_distance:20 - Haversine: (31.4850787, 73.1195616) → (31.4417526, 73.0702492) = 6714.5 m
2026-03-16 01:52:38.887 | DEBUG    | utils.geo_utils:haversine_distance:20 - Haversine: (31.4850787, 73.1195616) → (31.4850787, 73.1195616) = 0.0 m
2026-03-16 01:52:38.887 | DEBUG    | utils.geo_utils:haversine_distance:20 - Haversine: (31.4692569, 73.1039088) → (31.5313255, 73.1488944) = 8113.2 m
2026-03-16 01:52:38.887 | DEBUG    | utils.geo_utils:haversine_distance:20 - Haversine: (31.4692569, 73.1039088) → (31.5227265, 73.0646296) = 7015.6 m
2026-03-16 01:52:38.887 | DEBUG    | utils.geo_utils:haversine_distance:20 - Haversine: (31.4692569, 73.1039088) → (31.5035664, 73.0898965) = 4039.8 m
2026-03-16 01:52:38.887 | DEBUG    | utils.geo_utils:haversine_distance:20 - Haversine: (31.4692569, 73.1039088) → (31.5287026, 73.1652717) = 8805.7 m
2026-03-16 01:52:38.887 | DEBUG    | utils.geo_utils:haversine_distance:20 - Haversine: (31.4692569, 73.1039088) → (31.3578607, 73.1113166) = 12406.6 m
2026-03-16 01:52:38.887 | DEBUG    | utils.geo_utils:haversine_distance:20 - Haversine: (31.4692569, 73.1039088) → (31.3745482, 73.0357815) = 12357.0 m
2026-03-16 01:52:38.888 | DEBUG    | utils.geo_utils:haversine_distance:20 - Haversine: (31.4692569, 73.1039088) → (31.3016571, 73.0623347) = 19049.5 m
2026-03-16 01:52:38.888 | DEBUG    | utils.geo_utils:haversine_distance:20 - Haversine: (31.4692569, 73.1039088) → (31.4138857, 73.1754271) = 9162.0 m
2026-03-16 01:52:38.888 | DEBUG    | utils.geo_utils:haversine_distance:20 - Haversine: (31.4692569, 73.1039088) → (31.4768075, 73.0702892) = 3297.1 m
2026-03-16 01:52:38.888 | DEBUG    | utils.geo_utils:haversine_distance:20 - Haversine: (31.4692569, 73.1039088) → (31.4755555, 73.0396188) = 6137.2 m
2026-03-16 01:52:38.888 | DEBUG    | utils.geo_utils:haversine_distance:20 - Haversine: (31.4692569, 73.1039088) → (31.5105503, 73.2029127) = 10450.3 m
2026-03-16 01:52:38.888 | DEBUG    | utils.geo_utils:haversine_distance:20 - Haversine: (31.4692569, 73.1039088) → (31.5327409, 73.0491633) = 8761.9 m
2026-03-16 01:52:38.888 | DEBUG    | utils.geo_utils:haversine_distance:20 - Haversine: (31.4692569, 73.1039088) → (31.3636092, 73.1880587) = 14204.5 m
2026-03-16 01:52:38.888 | DEBUG    | utils.geo_utils:haversine_distance:20 - Haversine: (31.4692569, 73.1039088) → (31.3167535, 73.0113182) = 19099.7 m
2026-03-16 01:52:38.888 | DEBUG    | utils.geo_utils:haversine_distance:20 - Haversine: (31.4692569, 73.1039088) → (31.4417526, 73.0702492) = 4421.2 m
2026-03-16 01:52:38.888 | DEBUG    | utils.geo_utils:haversine_distance:20 - Haversine: (31.4692569, 73.1039088) → (31.4850787, 73.1195616) = 2301.9 m
2026-03-16 01:52:38.888 | DEBUG    | utils.geo_utils:haversine_distance:20 - Haversine: (31.4692569, 73.1039088) → (31.3819661, 73.0730361) = 10138.7 m
2026-03-16 01:52:38.888 | DEBUG    | utils.geo_utils:haversine_distance:20 - Haversine: (31.4692569, 73.1039088) → (31.4201747, 73.191549) = 9945.3 m
2026-03-16 01:52:38.888 | DEBUG    | utils.geo_utils:haversine_distance:20 - Haversine: (31.4692569, 73.1039088) → (31.3228495, 73.1578644) = 17066.3 m
2026-03-16 01:52:38.888 | DEBUG    | utils.geo_utils:haversine_distance:20 - Haversine: (31.4692569, 73.1039088) → (31.5409751, 73.0581439) = 9078.6 m
2026-03-16 01:52:38.889 | DEBUG    | utils.geo_utils:haversine_distance:20 - Haversine: (31.4692569, 73.1039088) → (31.3444393, 73.152874) = 14636.4 m
2026-03-16 01:52:38.889 | DEBUG    | utils.geo_utils:haversine_distance:20 - Haversine: (31.4692569, 73.1039088) → (31.4477973, 73.1191674) = 2790.8 m
2026-03-16 01:52:38.889 | DEBUG    | utils.geo_utils:haversine_distance:20 - Haversine: (31.4692569, 73.1039088) → (31.5101645, 73.0420366) = 7423.5 m
2026-03-16 01:52:38.889 | DEBUG    | utils.geo_utils:haversine_distance:20 - Haversine: (31.4495851, 73.0787953) → (31.5313255, 73.1488944) = 11260.1 m
2026-03-16 01:52:38.889 | DEBUG    | utils.geo_utils:haversine_distance:20 - Haversine: (31.4495851, 73.0787953) → (31.5227265, 73.0646296) = 8243.1 m
2026-03-16 01:52:38.889 | DEBUG    | utils.geo_utils:haversine_distance:20 - Haversine: (31.4495851, 73.0787953) → (31.5035664, 73.0898965) = 6094.1 m
2026-03-16 01:52:38.889 | DEBUG    | utils.geo_utils:haversine_distance:20 - Haversine: (31.4495851, 73.0787953) → (31.5287026, 73.1652717) = 12026.3 m
2026-03-16 01:52:38.889 | DEBUG    | utils.geo_utils:haversine_distance:20 - Haversine: (31.4495851, 73.0787953) → (31.3578607, 73.1113166) = 10656.1 m
2026-03-16 01:52:38.890 | DEBUG    | utils.geo_utils:haversine_distance:20 - Haversine: (31.4495851, 73.0787953) → (31.3745482, 73.0357815) = 9288.7 m
2026-03-16 01:52:38.890 | DEBUG    | utils.geo_utils:haversine_distance:20 - Haversine: (31.4495851, 73.0787953) → (31.3016571, 73.0623347) = 16522.9 m
2026-03-16 01:52:38.890 | DEBUG    | utils.geo_utils:haversine_distance:20 - Haversine: (31.4495851, 73.0787953) → (31.4138857, 73.1754271) = 9990.7 m
2026-03-16 01:52:38.890 | DEBUG    | utils.geo_utils:haversine_distance:20 - Haversine: (31.4495851, 73.0787953) → (31.4768075, 73.0702892) = 3132.7 m
2026-03-16 01:52:38.890 | DEBUG    | utils.geo_utils:haversine_distance:20 - Haversine: (31.4495851, 73.0787953) → (31.4755555, 73.0396188) = 4706.0 m
2026-03-16 01:52:38.890 | DEBUG    | utils.geo_utils:haversine_distance:20 - Haversine: (31.4495851, 73.0787953) → (31.5105503, 73.2029127) = 13582.6 m
2026-03-16 01:52:38.890 | DEBUG    | utils.geo_utils:haversine_distance:20 - Haversine: (31.4495851, 73.0787953) → (31.5327409, 73.0491633) = 9664.0 m
2026-03-16 01:52:38.890 | DEBUG    | utils.geo_utils:haversine_distance:20 - Haversine: (31.4495851, 73.0787953) → (31.3636092, 73.1880587) = 14104.0 m
2026-03-16 01:52:38.890 | DEBUG    | utils.geo_utils:haversine_distance:20 - Haversine: (31.4495851, 73.0787953) → (31.3167535, 73.0113182) = 16099.3 m
2026-03-16 01:52:38.891 | DEBUG    | utils.geo_utils:haversine_distance:20 - Haversine: (31.4495851, 73.0787953) → (31.4417526, 73.0702492) = 1189.9 m
2026-03-16 01:52:38.891 | DEBUG    | utils.geo_utils:haversine_distance:20 - Haversine: (31.4495851, 73.0787953) → (31.4850787, 73.1195616) = 5525.0 m
2026-03-16 01:52:38.891 | DEBUG    | utils.geo_utils:haversine_distance:20 - Haversine: (31.4495851, 73.0787953) → (31.3819661, 73.0730361) = 7538.7 m
2026-03-16 01:52:38.891 | DEBUG    | utils.geo_utils:haversine_distance:20 - Haversine: (31.4495851, 73.0787953) → (31.4201747, 73.191549) = 11186.2 m
2026-03-16 01:52:38.891 | DEBUG    | utils.geo_utils:haversine_distance:20 - Haversine: (31.4495851, 73.0787953) → (31.3228495, 73.1578644) = 15966.5 m
2026-03-16 01:52:38.891 | DEBUG    | utils.geo_utils:haversine_distance:20 - Haversine: (31.4495851, 73.0787953) → (31.5409751, 73.0581439) = 10349.0 m
2026-03-16 01:52:38.892 | DEBUG    | utils.geo_utils:haversine_distance:20 - Haversine: (31.4495851, 73.0787953) → (31.3444393, 73.152874) = 13643.0 m
2026-03-16 01:52:38.892 | DEBUG    | utils.geo_utils:haversine_distance:20 - Haversine: (31.4495851, 73.0787953) → (31.4477973, 73.1191674) = 3834.9 m
2026-03-16 01:52:38.892 | DEBUG    | utils.geo_utils:haversine_distance:20 - Haversine: (31.4495851, 73.0787953) → (31.5101645, 73.0420366) = 7584.6 m
2026-03-16 01:52:38.892 | DEBUG    | utils.geo_utils:haversine_distance:20 - Haversine: (31.4495851, 73.0787953) → (31.4692569, 73.1039088) = 3234.0 m
2026-03-16 01:52:38.892 | DEBUG    | utils.geo_utils:haversine_distance:20 - Haversine: (31.3835845, 73.0746804) → (31.5313255, 73.1488944) = 17872.7 m
2026-03-16 01:52:38.892 | DEBUG    | utils.geo_utils:haversine_distance:20 - Haversine: (31.3835845, 73.0746804) → (31.5227265, 73.0646296) = 15501.2 m
2026-03-16 01:52:38.892 | DEBUG    | utils.geo_utils:haversine_distance:20 - Haversine: (31.3835845, 73.0746804) → (31.5035664, 73.0898965) = 13419.2 m
2026-03-16 01:52:38.892 | DEBUG    | utils.geo_utils:haversine_distance:20 - Haversine: (31.3835845, 73.0746804) → (31.5287026, 73.1652717) = 18281.7 m
2026-03-16 01:52:38.892 | DEBUG    | utils.geo_utils:haversine_distance:20 - Haversine: (31.3835845, 73.0746804) → (31.3578607, 73.1113166) = 4503.3 m
2026-03-16 01:52:38.892 | DEBUG    | utils.geo_utils:haversine_distance:20 - Haversine: (31.3835845, 73.0746804) → (31.3745482, 73.0357815) = 3827.0 m
2026-03-16 01:52:38.892 | DEBUG    | utils.geo_utils:haversine_distance:20 - Haversine: (31.3835845, 73.0746804) → (31.3016571, 73.0623347) = 9185.0 m
2026-03-16 01:52:38.892 | DEBUG    | utils.geo_utils:haversine_distance:20 - Haversine: (31.3835845, 73.0746804) → (31.4138857, 73.1754271) = 10138.3 m
2026-03-16 01:52:38.892 | DEBUG    | utils.geo_utils:haversine_distance:20 - Haversine: (31.3835845, 73.0746804) → (31.4768075, 73.0702892) = 10374.3 m
2026-03-16 01:52:38.893 | DEBUG    | utils.geo_utils:haversine_distance:20 - Haversine: (31.3835845, 73.0746804) → (31.4755555, 73.0396188) = 10754.2 m
2026-03-16 01:52:38.893 | DEBUG    | utils.geo_utils:haversine_distance:20 - Haversine: (31.3835845, 73.0746804) → (31.5105503, 73.2029127) = 18635.8 m
2026-03-16 01:52:38.893 | DEBUG    | utils.geo_utils:haversine_distance:20 - Haversine: (31.3835845, 73.0746804) → (31.5327409, 73.0491633) = 16761.1 m
2026-03-16 01:52:38.893 | DEBUG    | utils.geo_utils:haversine_distance:20 - Haversine: (31.3835845, 73.0746804) → (31.3636092, 73.1880587) = 10990.6 m
2026-03-16 01:52:38.893 | DEBUG    | utils.geo_utils:haversine_distance:20 - Haversine: (31.3835845, 73.0746804) → (31.3167535, 73.0113182) = 9561.8 m
2026-03-16 01:52:38.893 | DEBUG    | utils.geo_utils:haversine_distance:20 - Haversine: (31.3835845, 73.0746804) → (31.4417526, 73.0702492) = 6481.7 m
2026-03-16 01:52:38.893 | DEBUG    | utils.geo_utils:haversine_distance:20 - Haversine: (31.3835845, 73.0746804) → (31.4850787, 73.1195616) = 12062.2 m
2026-03-16 01:52:38.893 | DEBUG    | utils.geo_utils:haversine_distance:20 - Haversine: (31.3835845, 73.0746804) → (31.3819661, 73.0730361) = 238.2 m
2026-03-16 01:52:38.893 | INFO     | data_pipeline.stop_builder:merge_nearby_stops:91 - Merged stops:
2026-03-16 01:52:38.893 | INFO     | data_pipeline.stop_builder:merge_nearby_stops:92 -   Before merge: 30 stops
2026-03-16 01:52:38.894 | INFO     | data_pipeline.stop_builder:merge_nearby_stops:93 -   After merge : 25 stops (merged 5 pairs/groups)
2026-03-16 01:52:38.894 | DEBUG    | data_pipeline.stop_builder:merge_nearby_stops:95 - First few merged stops: [{'student_id': 'test_001', 'name': 'Test Student 1', 'roll_no': 'TEST-2779', 'lat': 31.5313255, 'lng': 73.1488944, 'student_count': 1, 'contact': '03943604455', 'semester': 'Spring 2026', 'fee_status': 'unpaid', 'registration_status': 'pending', 'original_lat': 31.531406221295402, 'original_lng': 73.14850291988651, 'snap_distance_m': 38.17, 'merged_student_ids': ['test_001']}, {'student_id': 'test_002', 'name': 'Test Student 2', 'roll_no': 'TEST-6612', 'lat': 31.5227265, 'lng': 73.0646296, 'student_count': 1, 'contact': '03967277134', 'semester': 'Spring 2026', 'fee_status': 'unpaid', 'registration_status': 'pending', 'original_lat': 31.523135006247795, 'original_lng': 73.06753417166249, 'snap_distance_m': 279.03, 'merged_student_ids': ['test_002']}, {'student_id': 'test_003', 'name': 'Test Student 3', 'roll_no': 'TEST-8015', 'lat': 31.5035664, 'lng': 73.0898965, 'student_count': 1, 'contact': '03974352677', 'semester': 'Spring 2026', 'fee_status': 'unpaid', 'registration_status': 'pending', 'original_lat': 31.504578234630053, 'original_lng': 73.09154601227405, 'snap_distance_m': 192.65, 'merged_student_ids': ['test_003']}]
2026-03-16 01:52:40.504 | INFO     | clustering.stop_clustering:cluster_stops:30 - Clustered into 1 buses (capacity 30):
2026-03-16 01:52:40.504 | INFO     | clustering.stop_clustering:cluster_stops:33 -   Bus 0: 25 stops, 30 students
2026-03-16 01:52:41.369 | INFO     | optimization.tsp_solver:get_road_distance_matrix:38 - ORS matrix computed: 26x26
2026-03-16 01:52:56.384 | INFO     | optimization.tsp_solver:solve_tsp:123 - TSP solved: 25 stops, distance 172219 m, objective 172219
2026-03-16 01:52:56.385 | DEBUG    | optimization.tsp_solver:solve_tsp:124 - Order: ['unknown', 'unknown', 'unknown', 'unknown', 'unknown', 'unknown', 'unknown', 'unknown', 'unknown', 'unknown', 'unknown', 'unknown', 'unknown', 'unknown', 'unknown', 'unknown', 'unknown', 'unknown', 'unknown', 'unknown', 'unknown', 'unknown', 'unknown', 'unknown', 'unknown']
2026-03-16 01:52:56.386 | DEBUG    | optimization.route_generator:generate_route_path:57 - Requesting ORS route with 26 waypoints
2026-03-16 01:52:57.702 | INFO     | optimization.route_generator:generate_route_path:74 - ORS route generated successfully (bug-free)
2026-03-16 01:52:57.703 | INFO     | optimization.route_generator:generate_route_path:75 -   Waypoints: 25 stops → University
2026-03-16 01:52:57.703 | INFO     | optimization.route_generator:generate_route_path:76 -   Distance: 184.18 km
2026-03-16 01:52:57.704 | INFO     | optimization.route_generator:generate_route_path:77 -   Duration: 3.73 h (224 min)
2026-03-16 01:52:57.704 | DEBUG    | optimization.route_generator:generate_route_path:78 - Geometry sample (first 3 & last 3): [[73.148894, 31.531326], [73.150869, 31.533228], [73.153646, 31.535844]] ... [[73.03447, 31.602425], [73.034742, 31.602694], [73.034832, 31.602523]]
2026-03-16 01:52:57.705 | INFO     | optimization.store_routes:compute_fee_per_student:29 - Fee calc: 29469 PKR/student | dist=184.2km | students=30
2026-03-16 01:53:00.581 | DEBUG    | optimization.store_routes:store_optimized_routes:100 - Stored stop R1_stop1 (R1)
2026-03-16 01:53:01.121 | DEBUG    | optimization.store_routes:store_optimized_routes:100 - Stored stop R1_stop2 (R1)
2026-03-16 01:53:01.705 | DEBUG    | optimization.store_routes:store_optimized_routes:100 - Stored stop R1_stop3 (R1)
2026-03-16 01:53:04.013 | DEBUG    | optimization.store_routes:store_optimized_routes:100 - Stored stop R1_stop4 (R1)
2026-03-16 01:53:04.569 | DEBUG    | optimization.store_routes:store_optimized_routes:100 - Stored stop R1_stop5 (R1)
2026-03-16 01:53:06.894 | DEBUG    | optimization.store_routes:store_optimized_routes:100 - Stored stop R1_stop6 (R1)
2026-03-16 01:53:07.433 | DEBUG    | optimization.store_routes:store_optimized_routes:100 - Stored stop R1_stop7 (R1)
2026-03-16 01:53:07.970 | DEBUG    | optimization.store_routes:store_optimized_routes:100 - Stored stop R1_stop8 (R1)
2026-03-16 01:53:08.505 | DEBUG    | optimization.store_routes:store_optimized_routes:100 - Stored stop R1_stop9 (R1)
2026-03-16 01:53:09.034 | DEBUG    | optimization.store_routes:store_optimized_routes:100 - Stored stop R1_stop10 (R1)
2026-03-16 01:53:09.557 | DEBUG    | optimization.store_routes:store_optimized_routes:100 - Stored stop R1_stop11 (R1)
2026-03-16 01:53:10.095 | DEBUG    | optimization.store_routes:store_optimized_routes:100 - Stored stop R1_stop12 (R1)
2026-03-16 01:53:10.624 | DEBUG    | optimization.store_routes:store_optimized_routes:100 - Stored stop R1_stop13 (R1)
2026-03-16 01:53:11.154 | DEBUG    | optimization.store_routes:store_optimized_routes:100 - Stored stop R1_stop14 (R1)
2026-03-16 01:53:11.688 | DEBUG    | optimization.store_routes:store_optimized_routes:100 - Stored stop R1_stop15 (R1)
2026-03-16 01:53:12.220 | DEBUG    | optimization.store_routes:store_optimized_routes:100 - Stored stop R1_stop16 (R1)
2026-03-16 01:53:12.758 | DEBUG    | optimization.store_routes:store_optimized_routes:100 - Stored stop R1_stop17 (R1)
2026-03-16 01:53:13.288 | DEBUG    | optimization.store_routes:store_optimized_routes:100 - Stored stop R1_stop18 (R1)
2026-03-16 01:53:13.867 | DEBUG    | optimization.store_routes:store_optimized_routes:100 - Stored stop R1_stop19 (R1)
2026-03-16 01:53:14.575 | DEBUG    | optimization.store_routes:store_optimized_routes:100 - Stored stop R1_stop20 (R1)
2026-03-16 01:53:15.113 | DEBUG    | optimization.store_routes:store_optimized_routes:100 - Stored stop R1_stop21 (R1)
2026-03-16 01:53:15.644 | DEBUG    | optimization.store_routes:store_optimized_routes:100 - Stored stop R1_stop22 (R1)
2026-03-16 01:53:16.184 | DEBUG    | optimization.store_routes:store_optimized_routes:100 - Stored stop R1_stop23 (R1)
2026-03-16 01:53:16.737 | DEBUG    | optimization.store_routes:store_optimized_routes:100 - Stored stop R1_stop24 (R1)
2026-03-16 01:53:17.264 | DEBUG    | optimization.store_routes:store_optimized_routes:100 - Stored stop R1_stop25 (R1)
2026-03-16 01:53:19.002 | INFO     | optimization.store_routes:store_optimized_routes:124 - Stored route route_0 (R1): 25 stops, 184.18 km
2026-03-16 01:53:19.003 | INFO     | optimization.store_routes:store_optimized_routes:130 - Back-filling route_id on 25 stops...
2026-03-16 01:53:19.578 | DEBUG    | optimization.store_routes:store_optimized_routes:148 - Final batch: 25 writes
2026-03-16 01:53:19.578 | INFO     | optimization.store_routes:store_optimized_routes:150 - Done: 1 routes | 25 stops stored
2026-03-16 01:53:19.579 | INFO     | api.main:run_optimization:64 - Pipeline completed successfully | 1 buses processed
2026-03-16 01:55:13.717 | INFO     | database.firebase:<module>:12 - Firebase Admin SDK initialized successfully
2026-03-16 01:55:55.300 | INFO     | database.firebase:<module>:12 - Firebase Admin SDK initialized successfully
2026-03-16 01:56:29.025 | INFO     | api.main:run_optimization:29 - Starting full route optimization pipeline
2026-03-16 01:56:33.347 | INFO     | data_pipeline.student_loader:load_student_stops:42 - Loaded 30 student stops from Firestore
2026-03-16 01:56:33.348 | DEBUG    | data_pipeline.student_loader:load_student_stops:43 - First 3 stops (sample): [{'student_id': 'test_001', 'name': 'Test Student 1', 'roll_no': 'TEST-6157', 'lat': 31.458413838955877, 'lng': 73.0637191090853, 'student_count': 1, 'contact': '03478060777', 'semester': 'Spring 2026', 'fee_status': 'unpaid', 'registration_status': 'pending'}, {'student_id': 'test_002', 'name': 'Test Student 2', 'roll_no': 'TEST-8484', 'lat': 31.30724050719012, 'lng': 73.16254256760098, 'student_count': 1, 'contact': '03564577859', 'semester': 'Spring 2026', 'fee_status': 'unpaid', 'registration_status': 'pending'}, {'student_id': 'test_003', 'name': 'Test Student 3', 'roll_no': 'TEST-6237', 'lat': 31.311760819408153, 'lng': 73.02091199809621, 'student_count': 1, 'contact': '03941421906', 'semester': 'Spring 2026', 'fee_status': 'unpaid', 'registration_status': 'pending'}]
2026-03-16 01:56:33.348 | INFO     | osm.fetch_roads:fetch_or_load_road_graph:19 - Loading cached Faisalabad road graph...
2026-03-16 01:56:38.987 | INFO     | osm.fetch_roads:fetch_or_load_road_graph:21 - Loaded graph with 50872 nodes and 144715 edges
2026-03-16 01:56:39.097 | INFO     | osm.road_filter:filter_main_roads:38 - Filtered graph:
2026-03-16 01:56:39.120 | INFO     | osm.road_filter:filter_main_roads:39 -   Original: 50872 nodes, 144715 edges
2026-03-16 01:56:39.217 | INFO     | osm.road_filter:filter_main_roads:40 -   After filter (main roads only): 7460 nodes, 12863 edges
2026-03-16 01:56:39.355 | DEBUG    | utils.distance_utils:build_node_balltree:29 - Built BallTree with 7460 nodes
2026-03-16 01:56:39.356 | DEBUG    | utils.geo_utils:haversine_distance:20 - Haversine: (31.458413838955877, 73.0637191090853) → (31.4592945, 73.0629536) = 121.9 m
2026-03-16 01:56:39.356 | DEBUG    | utils.distance_utils:find_nearest_road_point:56 - Nearest road node to (31.458413838955877, 73.0637191090853): (31.459294, 73.062954) — 121.9m
2026-03-16 01:56:39.356 | DEBUG    | utils.geo_utils:haversine_distance:20 - Haversine: (31.458413838955877, 73.0637191090853) → (31.4592945, 73.0629536) = 121.9 m
2026-03-16 01:56:39.356 | DEBUG    | data_pipeline.stop_builder:snap_stops_to_roads:38 - Snapped Test Student 1 (TEST-6157): 121.9m
2026-03-16 01:56:39.367 | DEBUG    | utils.distance_utils:build_node_balltree:29 - Built BallTree with 7460 nodes
2026-03-16 01:56:39.368 | DEBUG    | utils.geo_utils:haversine_distance:20 - Haversine: (31.30724050719012, 73.16254256760098) → (31.3058685, 73.1694728) = 675.8 m
2026-03-16 01:56:39.368 | DEBUG    | utils.distance_utils:find_nearest_road_point:56 - Nearest road node to (31.30724050719012, 73.16254256760098): (31.305868, 73.169473) — 675.8m
2026-03-16 01:56:39.368 | DEBUG    | utils.geo_utils:haversine_distance:20 - Haversine: (31.30724050719012, 73.16254256760098) → (31.3058685, 73.1694728) = 675.8 m
2026-03-16 01:56:39.368 | DEBUG    | data_pipeline.stop_builder:snap_stops_to_roads:38 - Snapped Test Student 2 (TEST-8484): 675.8m
2026-03-16 01:56:39.379 | DEBUG    | utils.distance_utils:build_node_balltree:29 - Built BallTree with 7460 nodes
2026-03-16 01:56:39.379 | DEBUG    | utils.geo_utils:haversine_distance:20 - Haversine: (31.311760819408153, 73.02091199809621) → (31.3140734, 73.0226304) = 304.6 m
2026-03-16 01:56:39.379 | DEBUG    | utils.distance_utils:find_nearest_road_point:56 - Nearest road node to (31.311760819408153, 73.02091199809621): (31.314073, 73.022630) — 304.6m
2026-03-16 01:56:39.380 | DEBUG    | utils.geo_utils:haversine_distance:20 - Haversine: (31.311760819408153, 73.02091199809621) → (31.3140734, 73.0226304) = 304.6 m
2026-03-16 01:56:39.380 | DEBUG    | data_pipeline.stop_builder:snap_stops_to_roads:38 - Snapped Test Student 3 (TEST-6237): 304.6m
2026-03-16 01:56:39.391 | DEBUG    | utils.distance_utils:build_node_balltree:29 - Built BallTree with 7460 nodes
2026-03-16 01:56:39.392 | DEBUG    | utils.geo_utils:haversine_distance:20 - Haversine: (31.533562499900963, 73.11715504190414) → (31.5306679, 73.1126844) = 532.1 m
2026-03-16 01:56:39.392 | DEBUG    | utils.distance_utils:find_nearest_road_point:56 - Nearest road node to (31.533562499900963, 73.11715504190414): (31.530668, 73.112684) — 532.1m
2026-03-16 01:56:39.392 | DEBUG    | utils.geo_utils:haversine_distance:20 - Haversine: (31.533562499900963, 73.11715504190414) → (31.5306679, 73.1126844) = 532.1 m
2026-03-16 01:56:39.392 | DEBUG    | data_pipeline.stop_builder:snap_stops_to_roads:38 - Snapped Test Student 4 (TEST-8418): 532.1m
2026-03-16 01:56:39.403 | DEBUG    | utils.distance_utils:build_node_balltree:29 - Built BallTree with 7460 nodes
2026-03-16 01:56:39.404 | DEBUG    | utils.geo_utils:haversine_distance:20 - Haversine: (31.37420969279616, 73.03062856138061) → (31.3760251, 73.034401) = 411.1 m
2026-03-16 01:56:39.404 | DEBUG    | utils.distance_utils:find_nearest_road_point:56 - Nearest road node to (31.37420969279616, 73.03062856138061): (31.376025, 73.034401) — 411.1m
2026-03-16 01:56:39.404 | DEBUG    | utils.geo_utils:haversine_distance:20 - Haversine: (31.37420969279616, 73.03062856138061) → (31.3760251, 73.034401) = 411.1 m
2026-03-16 01:56:39.404 | DEBUG    | data_pipeline.stop_builder:snap_stops_to_roads:38 - Snapped Test Student 5 (TEST-6520): 411.1m
2026-03-16 01:56:39.415 | DEBUG    | utils.distance_utils:build_node_balltree:29 - Built BallTree with 7460 nodes
2026-03-16 01:56:39.416 | DEBUG    | utils.geo_utils:haversine_distance:20 - Haversine: (31.40454658844303, 73.14636523904765) → (31.404983, 73.1460277) = 58.1 m
2026-03-16 01:56:39.416 | DEBUG    | utils.distance_utils:find_nearest_road_point:56 - Nearest road node to (31.40454658844303, 73.14636523904765): (31.404983, 73.146028) — 58.1m
2026-03-16 01:56:39.416 | DEBUG    | utils.geo_utils:haversine_distance:20 - Haversine: (31.40454658844303, 73.14636523904765) → (31.404983, 73.1460277) = 58.1 m
2026-03-16 01:56:39.416 | DEBUG    | data_pipeline.stop_builder:snap_stops_to_roads:38 - Snapped Test Student 6 (TEST-7381): 58.1m
2026-03-16 01:56:39.427 | DEBUG    | utils.distance_utils:build_node_balltree:29 - Built BallTree with 7460 nodes
2026-03-16 01:56:39.428 | DEBUG    | utils.geo_utils:haversine_distance:20 - Haversine: (31.421274233165047, 73.08161667127081) → (31.4212389, 73.0816409) = 4.6 m
2026-03-16 01:56:39.428 | DEBUG    | utils.distance_utils:find_nearest_road_point:56 - Nearest road node to (31.421274233165047, 73.08161667127081): (31.421239, 73.081641) — 4.6m
2026-03-16 01:56:39.428 | DEBUG    | utils.geo_utils:haversine_distance:20 - Haversine: (31.421274233165047, 73.08161667127081) → (31.4212389, 73.0816409) = 4.6 m
2026-03-16 01:56:39.428 | DEBUG    | data_pipeline.stop_builder:snap_stops_to_roads:38 - Snapped Test Student 7 (TEST-2361): 4.6m
2026-03-16 01:56:39.441 | DEBUG    | utils.distance_utils:build_node_balltree:29 - Built BallTree with 7460 nodes
2026-03-16 01:56:39.442 | DEBUG    | utils.geo_utils:haversine_distance:20 - Haversine: (31.471541374996544, 73.18015119041905) → (31.4658821, 73.1813423) = 639.3 m
2026-03-16 01:56:39.442 | DEBUG    | utils.distance_utils:find_nearest_road_point:56 - Nearest road node to (31.471541374996544, 73.18015119041905): (31.465882, 73.181342) — 639.3m
2026-03-16 01:56:39.442 | DEBUG    | utils.geo_utils:haversine_distance:20 - Haversine: (31.471541374996544, 73.18015119041905) → (31.4658821, 73.1813423) = 639.3 m
2026-03-16 01:56:39.442 | DEBUG    | data_pipeline.stop_builder:snap_stops_to_roads:38 - Snapped Test Student 8 (TEST-3539): 639.3m
2026-03-16 01:56:39.458 | DEBUG    | utils.distance_utils:build_node_balltree:29 - Built BallTree with 7460 nodes
2026-03-16 01:56:39.458 | DEBUG    | utils.geo_utils:haversine_distance:20 - Haversine: (31.462991225546673, 73.18368262771163) → (31.4633642, 73.185041) = 135.3 m
2026-03-16 01:56:39.459 | DEBUG    | utils.distance_utils:find_nearest_road_point:56 - Nearest road node to (31.462991225546673, 73.18368262771163): (31.463364, 73.185041) — 135.3m
2026-03-16 01:56:39.459 | DEBUG    | utils.geo_utils:haversine_distance:20 - Haversine: (31.462991225546673, 73.18368262771163) → (31.4633642, 73.185041) = 135.3 m
2026-03-16 01:56:39.459 | DEBUG    | data_pipeline.stop_builder:snap_stops_to_roads:38 - Snapped Test Student 9 (TEST-5402): 135.3m
2026-03-16 01:56:39.470 | DEBUG    | utils.distance_utils:build_node_balltree:29 - Built BallTree with 7460 nodes
2026-03-16 01:56:39.471 | DEBUG    | utils.geo_utils:haversine_distance:20 - Haversine: (31.454509244866568, 73.0171669199355) → (31.4509199, 73.0172282) = 399.2 m
2026-03-16 01:56:39.471 | DEBUG    | utils.distance_utils:find_nearest_road_point:56 - Nearest road node to (31.454509244866568, 73.0171669199355): (31.450920, 73.017228) — 399.2m
2026-03-16 01:56:39.471 | DEBUG    | utils.geo_utils:haversine_distance:20 - Haversine: (31.454509244866568, 73.0171669199355) → (31.4509199, 73.0172282) = 399.2 m
2026-03-16 01:56:39.471 | DEBUG    | data_pipeline.stop_builder:snap_stops_to_roads:38 - Snapped Test Student 10 (TEST-5949): 399.2m
2026-03-16 01:56:39.484 | DEBUG    | utils.distance_utils:build_node_balltree:29 - Built BallTree with 7460 nodes
2026-03-16 01:56:39.486 | DEBUG    | utils.geo_utils:haversine_distance:20 - Haversine: (31.435283147809344, 73.0372506419147) → (31.4351755, 73.0374493) = 22.3 m
2026-03-16 01:56:39.486 | DEBUG    | utils.distance_utils:find_nearest_road_point:56 - Nearest road node to (31.435283147809344, 73.0372506419147): (31.435175, 73.037449) — 22.3m
2026-03-16 01:56:39.487 | DEBUG    | utils.geo_utils:haversine_distance:20 - Haversine: (31.435283147809344, 73.0372506419147) → (31.4351755, 73.0374493) = 22.3 m
2026-03-16 01:56:39.487 | DEBUG    | data_pipeline.stop_builder:snap_stops_to_roads:38 - Snapped Test Student 11 (TEST-6934): 22.3m
2026-03-16 01:56:39.508 | DEBUG    | utils.distance_utils:build_node_balltree:29 - Built BallTree with 7460 nodes
2026-03-16 01:56:39.509 | DEBUG    | utils.geo_utils:haversine_distance:20 - Haversine: (31.338969478374853, 73.04196590548838) → (31.3333726, 73.0422104) = 622.8 m
2026-03-16 01:56:39.509 | DEBUG    | utils.distance_utils:find_nearest_road_point:56 - Nearest road node to (31.338969478374853, 73.04196590548838): (31.333373, 73.042210) — 622.8m
2026-03-16 01:56:39.509 | DEBUG    | utils.geo_utils:haversine_distance:20 - Haversine: (31.338969478374853, 73.04196590548838) → (31.3333726, 73.0422104) = 622.8 m
2026-03-16 01:56:39.509 | DEBUG    | data_pipeline.stop_builder:snap_stops_to_roads:38 - Snapped Test Student 12 (TEST-1265): 622.8m
2026-03-16 01:56:39.527 | DEBUG    | utils.distance_utils:build_node_balltree:29 - Built BallTree with 7460 nodes
2026-03-16 01:56:39.528 | DEBUG    | utils.geo_utils:haversine_distance:20 - Haversine: (31.505407374514913, 73.10140619881646) → (31.5075199, 73.1005803) = 247.6 m
2026-03-16 01:56:39.528 | DEBUG    | utils.distance_utils:find_nearest_road_point:56 - Nearest road node to (31.505407374514913, 73.10140619881646): (31.507520, 73.100580) — 247.6m
2026-03-16 01:56:39.528 | DEBUG    | utils.geo_utils:haversine_distance:20 - Haversine: (31.505407374514913, 73.10140619881646) → (31.5075199, 73.1005803) = 247.6 m
2026-03-16 01:56:39.528 | DEBUG    | data_pipeline.stop_builder:snap_stops_to_roads:38 - Snapped Test Student 13 (TEST-3811): 247.6m
2026-03-16 01:56:39.547 | DEBUG    | utils.distance_utils:build_node_balltree:29 - Built BallTree with 7460 nodes
2026-03-16 01:56:39.549 | DEBUG    | utils.geo_utils:haversine_distance:20 - Haversine: (31.49770557766422, 73.19724787872693) → (31.5015436, 73.1935631) = 551.5 m
2026-03-16 01:56:39.549 | DEBUG    | utils.distance_utils:find_nearest_road_point:56 - Nearest road node to (31.49770557766422, 73.19724787872693): (31.501544, 73.193563) — 551.5m
2026-03-16 01:56:39.550 | DEBUG    | utils.geo_utils:haversine_distance:20 - Haversine: (31.49770557766422, 73.19724787872693) → (31.5015436, 73.1935631) = 551.5 m
2026-03-16 01:56:39.550 | DEBUG    | data_pipeline.stop_builder:snap_stops_to_roads:38 - Snapped Test Student 14 (TEST-3741): 551.5m
2026-03-16 01:56:39.569 | DEBUG    | utils.distance_utils:build_node_balltree:29 - Built BallTree with 7460 nodes
2026-03-16 01:56:39.570 | DEBUG    | utils.geo_utils:haversine_distance:20 - Haversine: (31.410508808523392, 73.1658002081659) → (31.4148239, 73.1645583) = 494.1 m
2026-03-16 01:56:39.570 | DEBUG    | utils.distance_utils:find_nearest_road_point:56 - Nearest road node to (31.410508808523392, 73.1658002081659): (31.414824, 73.164558) — 494.1m
2026-03-16 01:56:39.571 | DEBUG    | utils.geo_utils:haversine_distance:20 - Haversine: (31.410508808523392, 73.1658002081659) → (31.4148239, 73.1645583) = 494.1 m
2026-03-16 01:56:39.571 | DEBUG    | data_pipeline.stop_builder:snap_stops_to_roads:38 - Snapped Test Student 15 (TEST-3289): 494.1m
2026-03-16 01:56:39.590 | DEBUG    | utils.distance_utils:build_node_balltree:29 - Built BallTree with 7460 nodes
2026-03-16 01:56:39.592 | DEBUG    | utils.geo_utils:haversine_distance:20 - Haversine: (31.453846258864505, 73.19186046525185) → (31.4644729, 73.1882307) = 1230.8 m
2026-03-16 01:56:39.592 | DEBUG    | utils.distance_utils:find_nearest_road_point:56 - Nearest road node to (31.453846258864505, 73.19186046525185): (31.464473, 73.188231) — 1230.8m
2026-03-16 01:56:39.592 | DEBUG    | utils.geo_utils:haversine_distance:20 - Haversine: (31.453846258864505, 73.19186046525185) → (31.4644729, 73.1882307) = 1230.8 m
2026-03-16 01:56:39.592 | DEBUG    | data_pipeline.stop_builder:snap_stops_to_roads:38 - Snapped Test Student 16 (TEST-7780): 1230.8m
2026-03-16 01:56:39.609 | DEBUG    | utils.distance_utils:build_node_balltree:29 - Built BallTree with 7460 nodes
2026-03-16 01:56:39.610 | DEBUG    | utils.geo_utils:haversine_distance:20 - Haversine: (31.43255994006893, 73.09146942366137) → (31.4319273, 73.0907774) = 96.2 m
2026-03-16 01:56:39.610 | DEBUG    | utils.distance_utils:find_nearest_road_point:56 - Nearest road node to (31.43255994006893, 73.09146942366137): (31.431927, 73.090777) — 96.2m
2026-03-16 01:56:39.610 | DEBUG    | utils.geo_utils:haversine_distance:20 - Haversine: (31.43255994006893, 73.09146942366137) → (31.4319273, 73.0907774) = 96.2 m
2026-03-16 01:56:39.610 | DEBUG    | data_pipeline.stop_builder:snap_stops_to_roads:38 - Snapped Test Student 17 (TEST-9541): 96.2m
2026-03-16 01:56:39.624 | DEBUG    | utils.distance_utils:build_node_balltree:29 - Built BallTree with 7460 nodes
2026-03-16 01:56:39.625 | DEBUG    | utils.geo_utils:haversine_distance:20 - Haversine: (31.420894050774614, 73.04499703820537) → (31.4186759, 73.0443624) = 253.9 m
2026-03-16 01:56:39.625 | DEBUG    | utils.distance_utils:find_nearest_road_point:56 - Nearest road node to (31.420894050774614, 73.04499703820537): (31.418676, 73.044362) — 253.9m
2026-03-16 01:56:39.625 | DEBUG    | utils.geo_utils:haversine_distance:20 - Haversine: (31.420894050774614, 73.04499703820537) → (31.4186759, 73.0443624) = 253.9 m
2026-03-16 01:56:39.625 | DEBUG    | data_pipeline.stop_builder:snap_stops_to_roads:38 - Snapped Test Student 18 (TEST-6035): 253.9m
2026-03-16 01:56:39.642 | DEBUG    | utils.distance_utils:build_node_balltree:29 - Built BallTree with 7460 nodes
2026-03-16 01:56:39.644 | DEBUG    | utils.geo_utils:haversine_distance:20 - Haversine: (31.375966108321286, 73.0928831225039) → (31.3776138, 73.0904372) = 295.8 m
2026-03-16 01:56:39.644 | DEBUG    | utils.distance_utils:find_nearest_road_point:56 - Nearest road node to (31.375966108321286, 73.0928831225039): (31.377614, 73.090437) — 295.8m
2026-03-16 01:56:39.644 | DEBUG    | utils.geo_utils:haversine_distance:20 - Haversine: (31.375966108321286, 73.0928831225039) → (31.3776138, 73.0904372) = 295.8 m
2026-03-16 01:56:39.644 | DEBUG    | data_pipeline.stop_builder:snap_stops_to_roads:38 - Snapped Test Student 19 (TEST-4787): 295.8m
2026-03-16 01:56:39.664 | DEBUG    | utils.distance_utils:build_node_balltree:29 - Built BallTree with 7460 nodes
2026-03-16 01:56:39.665 | DEBUG    | utils.geo_utils:haversine_distance:20 - Haversine: (31.317031325416544, 73.19463764719963) → (31.311923, 73.1917425) = 631.1 m
2026-03-16 01:56:39.665 | DEBUG    | utils.distance_utils:find_nearest_road_point:56 - Nearest road node to (31.317031325416544, 73.19463764719963): (31.311923, 73.191743) — 631.1m
2026-03-16 01:56:39.665 | DEBUG    | utils.geo_utils:haversine_distance:20 - Haversine: (31.317031325416544, 73.19463764719963) → (31.311923, 73.1917425) = 631.1 m
2026-03-16 01:56:39.666 | DEBUG    | data_pipeline.stop_builder:snap_stops_to_roads:38 - Snapped Test Student 20 (TEST-2854): 631.1m
2026-03-16 01:56:39.685 | DEBUG    | utils.distance_utils:build_node_balltree:29 - Built BallTree with 7460 nodes
2026-03-16 01:56:39.687 | DEBUG    | utils.geo_utils:haversine_distance:20 - Haversine: (31.358964005746834, 73.18223009691991) → (31.3581158, 73.1846103) = 244.9 m
2026-03-16 01:56:39.687 | DEBUG    | utils.distance_utils:find_nearest_road_point:56 - Nearest road node to (31.358964005746834, 73.18223009691991): (31.358116, 73.184610) — 244.9m
2026-03-16 01:56:39.687 | DEBUG    | utils.geo_utils:haversine_distance:20 - Haversine: (31.358964005746834, 73.18223009691991) → (31.3581158, 73.1846103) = 244.9 m
2026-03-16 01:56:39.688 | DEBUG    | data_pipeline.stop_builder:snap_stops_to_roads:38 - Snapped Test Student 21 (TEST-9412): 244.9m
2026-03-16 01:56:39.703 | DEBUG    | utils.distance_utils:build_node_balltree:29 - Built BallTree with 7460 nodes
2026-03-16 01:56:39.703 | DEBUG    | utils.geo_utils:haversine_distance:20 - Haversine: (31.30626302932068, 73.04385574113304) → (31.307639, 73.0439916) = 153.5 m
2026-03-16 01:56:39.704 | DEBUG    | utils.distance_utils:find_nearest_road_point:56 - Nearest road node to (31.30626302932068, 73.04385574113304): (31.307639, 73.043992) — 153.5m
2026-03-16 01:56:39.704 | DEBUG    | utils.geo_utils:haversine_distance:20 - Haversine: (31.30626302932068, 73.04385574113304) → (31.307639, 73.0439916) = 153.5 m
2026-03-16 01:56:39.704 | DEBUG    | data_pipeline.stop_builder:snap_stops_to_roads:38 - Snapped Test Student 22 (TEST-1978): 153.5m
2026-03-16 01:56:39.725 | DEBUG    | utils.distance_utils:build_node_balltree:29 - Built BallTree with 7460 nodes
2026-03-16 01:56:39.726 | DEBUG    | utils.geo_utils:haversine_distance:20 - Haversine: (31.51642390521156, 73.10410284025417) → (31.5119632, 73.1053388) = 509.7 m
2026-03-16 01:56:39.726 | DEBUG    | utils.distance_utils:find_nearest_road_point:56 - Nearest road node to (31.51642390521156, 73.10410284025417): (31.511963, 73.105339) — 509.7m
2026-03-16 01:56:39.726 | DEBUG    | utils.geo_utils:haversine_distance:20 - Haversine: (31.51642390521156, 73.10410284025417) → (31.5119632, 73.1053388) = 509.7 m
2026-03-16 01:56:39.726 | DEBUG    | data_pipeline.stop_builder:snap_stops_to_roads:38 - Snapped Test Student 23 (TEST-7806): 509.7m
2026-03-16 01:56:39.739 | DEBUG    | utils.distance_utils:build_node_balltree:29 - Built BallTree with 7460 nodes
2026-03-16 01:56:39.739 | DEBUG    | utils.geo_utils:haversine_distance:20 - Haversine: (31.362837221310617, 73.11591751859528) → (31.3634161, 73.1141106) = 183.2 m
2026-03-16 01:56:39.740 | DEBUG    | utils.distance_utils:find_nearest_road_point:56 - Nearest road node to (31.362837221310617, 73.11591751859528): (31.363416, 73.114111) — 183.2m
2026-03-16 01:56:39.740 | DEBUG    | utils.geo_utils:haversine_distance:20 - Haversine: (31.362837221310617, 73.11591751859528) → (31.3634161, 73.1141106) = 183.2 m
2026-03-16 01:56:39.740 | DEBUG    | data_pipeline.stop_builder:snap_stops_to_roads:38 - Snapped Test Student 24 (TEST-4522): 183.2m
2026-03-16 01:56:39.757 | DEBUG    | utils.distance_utils:build_node_balltree:29 - Built BallTree with 7460 nodes
2026-03-16 01:56:39.758 | DEBUG    | utils.geo_utils:haversine_distance:20 - Haversine: (31.483879217724777, 73.14836129155259) → (31.484527, 73.1521663) = 367.9 m
2026-03-16 01:56:39.758 | DEBUG    | utils.distance_utils:find_nearest_road_point:56 - Nearest road node to (31.483879217724777, 73.14836129155259): (31.484527, 73.152166) — 367.9m
2026-03-16 01:56:39.759 | DEBUG    | utils.geo_utils:haversine_distance:20 - Haversine: (31.483879217724777, 73.14836129155259) → (31.484527, 73.1521663) = 367.9 m
2026-03-16 01:56:39.759 | DEBUG    | data_pipeline.stop_builder:snap_stops_to_roads:38 - Snapped Test Student 25 (TEST-1878): 367.9m
2026-03-16 01:56:39.772 | DEBUG    | utils.distance_utils:build_node_balltree:29 - Built BallTree with 7460 nodes
2026-03-16 01:56:39.773 | DEBUG    | utils.geo_utils:haversine_distance:20 - Haversine: (31.49899214065563, 73.01267256501768) → (31.4933345, 73.0175829) = 782.6 m
2026-03-16 01:56:39.773 | DEBUG    | utils.distance_utils:find_nearest_road_point:56 - Nearest road node to (31.49899214065563, 73.01267256501768): (31.493334, 73.017583) — 782.6m
2026-03-16 01:56:39.773 | DEBUG    | utils.geo_utils:haversine_distance:20 - Haversine: (31.49899214065563, 73.01267256501768) → (31.4933345, 73.0175829) = 782.6 m
2026-03-16 01:56:39.773 | DEBUG    | data_pipeline.stop_builder:snap_stops_to_roads:38 - Snapped Test Student 26 (TEST-4804): 782.6m
2026-03-16 01:56:39.786 | DEBUG    | utils.distance_utils:build_node_balltree:29 - Built BallTree with 7460 nodes
2026-03-16 01:56:39.787 | DEBUG    | utils.geo_utils:haversine_distance:20 - Haversine: (31.548342691203697, 73.01431024578238) → (31.5457488, 73.0148993) = 293.8 m
2026-03-16 01:56:39.787 | DEBUG    | utils.distance_utils:find_nearest_road_point:56 - Nearest road node to (31.548342691203697, 73.01431024578238): (31.545749, 73.014899) — 293.8m
2026-03-16 01:56:39.787 | DEBUG    | utils.geo_utils:haversine_distance:20 - Haversine: (31.548342691203697, 73.01431024578238) → (31.5457488, 73.0148993) = 293.8 m
2026-03-16 01:56:39.787 | DEBUG    | data_pipeline.stop_builder:snap_stops_to_roads:38 - Snapped Test Student 27 (TEST-2031): 293.8m
2026-03-16 01:56:39.803 | DEBUG    | utils.distance_utils:build_node_balltree:29 - Built BallTree with 7460 nodes
2026-03-16 01:56:39.805 | DEBUG    | utils.geo_utils:haversine_distance:20 - Haversine: (31.34234753351373, 73.04543903514217) → (31.3351052, 73.048939) = 871.2 m
2026-03-16 01:56:39.805 | DEBUG    | utils.distance_utils:find_nearest_road_point:56 - Nearest road node to (31.34234753351373, 73.04543903514217): (31.335105, 73.048939) — 871.2m
2026-03-16 01:56:39.805 | DEBUG    | utils.geo_utils:haversine_distance:20 - Haversine: (31.34234753351373, 73.04543903514217) → (31.3351052, 73.048939) = 871.2 m
2026-03-16 01:56:39.805 | DEBUG    | data_pipeline.stop_builder:snap_stops_to_roads:38 - Snapped Test Student 28 (TEST-3124): 871.2m
2026-03-16 01:56:39.817 | DEBUG    | utils.distance_utils:build_node_balltree:29 - Built BallTree with 7460 nodes
2026-03-16 01:56:39.817 | DEBUG    | utils.geo_utils:haversine_distance:20 - Haversine: (31.452158240231682, 73.1820548380496) → (31.4525861, 73.1780263) = 385.1 m
2026-03-16 01:56:39.817 | DEBUG    | utils.distance_utils:find_nearest_road_point:56 - Nearest road node to (31.452158240231682, 73.1820548380496): (31.452586, 73.178026) — 385.1m
2026-03-16 01:56:39.817 | DEBUG    | utils.geo_utils:haversine_distance:20 - Haversine: (31.452158240231682, 73.1820548380496) → (31.4525861, 73.1780263) = 385.1 m
2026-03-16 01:56:39.818 | DEBUG    | data_pipeline.stop_builder:snap_stops_to_roads:38 - Snapped Test Student 29 (TEST-9847): 385.1m
2026-03-16 01:56:39.832 | DEBUG    | utils.distance_utils:build_node_balltree:29 - Built BallTree with 7460 nodes
2026-03-16 01:56:39.832 | DEBUG    | utils.geo_utils:haversine_distance:20 - Haversine: (31.38131459029244, 73.18222219607327) → (31.3832892, 73.1836007) = 255.6 m
2026-03-16 01:56:39.833 | DEBUG    | utils.distance_utils:find_nearest_road_point:56 - Nearest road node to (31.38131459029244, 73.18222219607327): (31.383289, 73.183601) — 255.6m
2026-03-16 01:56:39.833 | DEBUG    | utils.geo_utils:haversine_distance:20 - Haversine: (31.38131459029244, 73.18222219607327) → (31.3832892, 73.1836007) = 255.6 m
2026-03-16 01:56:39.833 | DEBUG    | data_pipeline.stop_builder:snap_stops_to_roads:38 - Snapped Test Student 30 (TEST-6102): 255.6m
2026-03-16 01:56:39.833 | INFO     | data_pipeline.stop_builder:snap_stops_to_roads:47 - Snapping complete:
2026-03-16 01:56:39.833 | INFO     | data_pipeline.stop_builder:snap_stops_to_roads:48 -   Input stops: 30
2026-03-16 01:56:39.833 | INFO     | data_pipeline.stop_builder:snap_stops_to_roads:49 -   Snapped successfully: 30
2026-03-16 01:56:39.833 | INFO     | data_pipeline.stop_builder:snap_stops_to_roads:50 -   Skipped (too far): 0
2026-03-16 01:56:39.834 | DEBUG    | data_pipeline.stop_builder:snap_stops_to_roads:53 - First snapped stop example: {'student_id': 'test_001', 'name': 'Test Student 1', 'roll_no': 'TEST-6157', 'lat': 31.4592945, 'lng': 73.0629536, 'student_count': 1, 'contact': '03478060777', 'semester': 'Spring 2026', 'fee_status': 'unpaid', 'registration_status': 'pending', 'original_lat': 31.458413838955877, 'original_lng': 73.0637191090853, 'snap_distance_m': 121.91}
2026-03-16 01:56:39.834 | DEBUG    | utils.geo_utils:haversine_distance:20 - Haversine: (31.3058685, 73.1694728) → (31.4592945, 73.0629536) = 19831.7 m
2026-03-16 01:56:39.834 | DEBUG    | utils.geo_utils:haversine_distance:20 - Haversine: (31.3140734, 73.0226304) → (31.4592945, 73.0629536) = 16595.3 m
2026-03-16 01:56:39.834 | DEBUG    | utils.geo_utils:haversine_distance:20 - Haversine: (31.3140734, 73.0226304) → (31.3058685, 73.1694728) = 13980.0 m
2026-03-16 01:56:39.834 | DEBUG    | utils.geo_utils:haversine_distance:20 - Haversine: (31.5306679, 73.1126844) → (31.4592945, 73.0629536) = 9231.4 m
2026-03-16 01:56:39.834 | DEBUG    | utils.geo_utils:haversine_distance:20 - Haversine: (31.5306679, 73.1126844) → (31.3058685, 73.1694728) = 25570.8 m
2026-03-16 01:56:39.834 | DEBUG    | utils.geo_utils:haversine_distance:20 - Haversine: (31.5306679, 73.1126844) → (31.3140734, 73.0226304) = 25555.2 m
2026-03-16 01:56:39.834 | DEBUG    | utils.geo_utils:haversine_distance:20 - Haversine: (31.3760251, 73.034401) → (31.4592945, 73.0629536) = 9647.4 m
2026-03-16 01:56:39.834 | DEBUG    | utils.geo_utils:haversine_distance:20 - Haversine: (31.3760251, 73.034401) → (31.3058685, 73.1694728) = 15013.6 m
2026-03-16 01:56:39.834 | DEBUG    | utils.geo_utils:haversine_distance:20 - Haversine: (31.3760251, 73.034401) → (31.3140734, 73.0226304) = 6978.8 m
2026-03-16 01:56:39.834 | DEBUG    | utils.geo_utils:haversine_distance:20 - Haversine: (31.3760251, 73.034401) → (31.5306679, 73.1126844) = 18730.3 m
2026-03-16 01:56:39.834 | DEBUG    | utils.geo_utils:haversine_distance:20 - Haversine: (31.404983, 73.1460277) → (31.4592945, 73.0629536) = 9929.5 m
2026-03-16 01:56:39.835 | DEBUG    | utils.geo_utils:haversine_distance:20 - Haversine: (31.404983, 73.1460277) → (31.3058685, 73.1694728) = 11243.6 m
2026-03-16 01:56:39.835 | DEBUG    | utils.geo_utils:haversine_distance:20 - Haversine: (31.404983, 73.1460277) → (31.3140734, 73.0226304) = 15474.7 m
2026-03-16 01:56:39.835 | DEBUG    | utils.geo_utils:haversine_distance:20 - Haversine: (31.404983, 73.1460277) → (31.5306679, 73.1126844) = 14328.8 m
2026-03-16 01:56:39.835 | DEBUG    | utils.geo_utils:haversine_distance:20 - Haversine: (31.404983, 73.1460277) → (31.3760251, 73.034401) = 11074.1 m
2026-03-16 01:56:39.835 | DEBUG    | utils.geo_utils:haversine_distance:20 - Haversine: (31.4212389, 73.0816409) → (31.4592945, 73.0629536) = 4588.0 m
2026-03-16 01:56:39.835 | DEBUG    | utils.geo_utils:haversine_distance:20 - Haversine: (31.4212389, 73.0816409) → (31.3058685, 73.1694728) = 15300.9 m
2026-03-16 01:56:39.835 | DEBUG    | utils.geo_utils:haversine_distance:20 - Haversine: (31.4212389, 73.0816409) → (31.3140734, 73.0226304) = 13167.6 m
2026-03-16 01:56:39.835 | DEBUG    | utils.geo_utils:haversine_distance:20 - Haversine: (31.4212389, 73.0816409) → (31.5306679, 73.1126844) = 12519.0 m
2026-03-16 01:56:39.835 | DEBUG    | utils.geo_utils:haversine_distance:20 - Haversine: (31.4212389, 73.0816409) → (31.3760251, 73.034401) = 6736.4 m
2026-03-16 01:56:39.835 | DEBUG    | utils.geo_utils:haversine_distance:20 - Haversine: (31.4212389, 73.0816409) → (31.404983, 73.1460277) = 6371.9 m
2026-03-16 01:56:39.835 | DEBUG    | utils.geo_utils:haversine_distance:20 - Haversine: (31.4658821, 73.1813423) → (31.4592945, 73.0629536) = 11252.7 m
2026-03-16 01:56:39.835 | DEBUG    | utils.geo_utils:haversine_distance:20 - Haversine: (31.4658821, 73.1813423) → (31.3058685, 73.1694728) = 17828.3 m
2026-03-16 01:56:39.835 | DEBUG    | utils.geo_utils:haversine_distance:20 - Haversine: (31.4658821, 73.1813423) → (31.3140734, 73.0226304) = 22625.2 m
2026-03-16 01:56:39.835 | DEBUG    | utils.geo_utils:haversine_distance:20 - Haversine: (31.4658821, 73.1813423) → (31.5306679, 73.1126844) = 9709.2 m
2026-03-16 01:56:39.835 | DEBUG    | utils.geo_utils:haversine_distance:20 - Haversine: (31.4658821, 73.1813423) → (31.3760251, 73.034401) = 17153.6 m
2026-03-16 01:56:39.836 | DEBUG    | utils.geo_utils:haversine_distance:20 - Haversine: (31.4658821, 73.1813423) → (31.404983, 73.1460277) = 7555.2 m
2026-03-16 01:56:39.836 | DEBUG    | utils.geo_utils:haversine_distance:20 - Haversine: (31.4658821, 73.1813423) → (31.4212389, 73.0816409) = 10681.9 m
2026-03-16 01:56:39.836 | DEBUG    | utils.geo_utils:haversine_distance:20 - Haversine: (31.4633642, 73.185041) → (31.4592945, 73.0629536) = 11588.6 m
2026-03-16 01:56:39.836 | DEBUG    | utils.geo_utils:haversine_distance:20 - Haversine: (31.4633642, 73.185041) → (31.3058685, 73.1694728) = 17575.0 m
2026-03-16 01:56:39.836 | DEBUG    | utils.geo_utils:haversine_distance:20 - Haversine: (31.4633642, 73.185041) → (31.3140734, 73.0226304) = 22654.7 m
2026-03-16 01:56:39.836 | DEBUG    | utils.geo_utils:haversine_distance:20 - Haversine: (31.4633642, 73.185041) → (31.5306679, 73.1126844) = 10152.4 m
2026-03-16 01:56:39.836 | DEBUG    | utils.geo_utils:haversine_distance:20 - Haversine: (31.4633642, 73.185041) → (31.3760251, 73.034401) = 17281.3 m
2026-03-16 01:56:39.836 | DEBUG    | utils.geo_utils:haversine_distance:20 - Haversine: (31.4633642, 73.185041) → (31.404983, 73.1460277) = 7472.8 m
2026-03-16 01:56:39.836 | DEBUG    | utils.geo_utils:haversine_distance:20 - Haversine: (31.4633642, 73.185041) → (31.4212389, 73.0816409) = 10870.3 m
2026-03-16 01:56:39.836 | DEBUG    | utils.geo_utils:haversine_distance:20 - Haversine: (31.4633642, 73.185041) → (31.4658821, 73.1813423) = 448.8 m
2026-03-16 01:56:39.836 | DEBUG    | utils.geo_utils:haversine_distance:20 - Haversine: (31.4509199, 73.0172282) → (31.4592945, 73.0629536) = 4436.1 m
2026-03-16 01:56:39.836 | DEBUG    | utils.geo_utils:haversine_distance:20 - Haversine: (31.4509199, 73.0172282) → (31.3058685, 73.1694728) = 21657.1 m
2026-03-16 01:56:39.836 | DEBUG    | utils.geo_utils:haversine_distance:20 - Haversine: (31.4509199, 73.0172282) → (31.3140734, 73.0226304) = 15225.3 m
2026-03-16 01:56:39.836 | DEBUG    | utils.geo_utils:haversine_distance:20 - Haversine: (31.4509199, 73.0172282) → (31.5306679, 73.1126844) = 12671.0 m
2026-03-16 01:56:39.836 | DEBUG    | utils.geo_utils:haversine_distance:20 - Haversine: (31.4509199, 73.0172282) → (31.3760251, 73.034401) = 8485.9 m
2026-03-16 01:56:39.837 | DEBUG    | utils.geo_utils:haversine_distance:20 - Haversine: (31.4509199, 73.0172282) → (31.404983, 73.1460277) = 13245.3 m
2026-03-16 01:56:39.837 | DEBUG    | utils.geo_utils:haversine_distance:20 - Haversine: (31.4509199, 73.0172282) → (31.4212389, 73.0816409) = 6945.4 m
2026-03-16 01:56:39.837 | DEBUG    | utils.geo_utils:haversine_distance:20 - Haversine: (31.4509199, 73.0172282) → (31.4658821, 73.1813423) = 15655.1 m
2026-03-16 01:56:39.837 | DEBUG    | utils.geo_utils:haversine_distance:20 - Haversine: (31.4351755, 73.0374493) → (31.4592945, 73.0629536) = 3611.9 m
2026-03-16 01:56:39.837 | DEBUG    | utils.geo_utils:haversine_distance:20 - Haversine: (31.4351755, 73.0374493) → (31.3058685, 73.1694728) = 19074.7 m
2026-03-16 01:56:39.837 | DEBUG    | utils.geo_utils:haversine_distance:20 - Haversine: (31.4351755, 73.0374493) → (31.3140734, 73.0226304) = 13539.2 m
2026-03-16 01:56:39.837 | DEBUG    | utils.geo_utils:haversine_distance:20 - Haversine: (31.4351755, 73.0374493) → (31.5306679, 73.1126844) = 12792.4 m
2026-03-16 01:56:39.837 | DEBUG    | utils.geo_utils:haversine_distance:20 - Haversine: (31.4351755, 73.0374493) → (31.3760251, 73.034401) = 6583.6 m
2026-03-16 01:56:39.837 | DEBUG    | utils.geo_utils:haversine_distance:20 - Haversine: (31.4351755, 73.0374493) → (31.404983, 73.1460277) = 10836.2 m
2026-03-16 01:56:39.837 | DEBUG    | utils.geo_utils:haversine_distance:20 - Haversine: (31.4351755, 73.0374493) → (31.4212389, 73.0816409) = 4470.2 m
2026-03-16 01:56:39.837 | DEBUG    | utils.geo_utils:haversine_distance:20 - Haversine: (31.4351755, 73.0374493) → (31.4658821, 73.1813423) = 14070.2 m
2026-03-16 01:56:39.837 | DEBUG    | utils.geo_utils:haversine_distance:20 - Haversine: (31.4351755, 73.0374493) → (31.4509199, 73.0172282) = 2597.1 m
2026-03-16 01:56:39.837 | DEBUG    | utils.geo_utils:haversine_distance:20 - Haversine: (31.3333726, 73.0422104) → (31.4592945, 73.0629536) = 14139.6 m
2026-03-16 01:56:39.837 | DEBUG    | utils.geo_utils:haversine_distance:20 - Haversine: (31.3333726, 73.0422104) → (31.3058685, 73.1694728) = 12469.7 m
2026-03-16 01:56:39.838 | DEBUG    | utils.geo_utils:haversine_distance:20 - Haversine: (31.3333726, 73.0422104) → (31.3140734, 73.0226304) = 2839.8 m
2026-03-16 01:56:39.838 | DEBUG    | utils.geo_utils:haversine_distance:20 - Haversine: (31.3333726, 73.0422104) → (31.5306679, 73.1126844) = 22934.6 m
2026-03-16 01:56:39.838 | DEBUG    | utils.geo_utils:haversine_distance:20 - Haversine: (31.3333726, 73.0422104) → (31.3760251, 73.034401) = 4800.4 m
2026-03-16 01:56:39.838 | DEBUG    | utils.geo_utils:haversine_distance:20 - Haversine: (31.3333726, 73.0422104) → (31.404983, 73.1460277) = 12671.1 m
2026-03-16 01:56:39.838 | DEBUG    | utils.geo_utils:haversine_distance:20 - Haversine: (31.3333726, 73.0422104) → (31.4212389, 73.0816409) = 10462.8 m
2026-03-16 01:56:39.838 | DEBUG    | utils.geo_utils:haversine_distance:20 - Haversine: (31.3333726, 73.0422104) → (31.4658821, 73.1813423) = 19785.8 m
2026-03-16 01:56:39.838 | DEBUG    | utils.geo_utils:haversine_distance:20 - Haversine: (31.3333726, 73.0422104) → (31.4509199, 73.0172282) = 13284.0 m
2026-03-16 01:56:39.838 | DEBUG    | utils.geo_utils:haversine_distance:20 - Haversine: (31.3333726, 73.0422104) → (31.4351755, 73.0374493) = 11329.0 m
2026-03-16 01:56:39.838 | DEBUG    | utils.geo_utils:haversine_distance:20 - Haversine: (31.5075199, 73.1005803) → (31.4592945, 73.0629536) = 6441.0 m
2026-03-16 01:56:39.838 | DEBUG    | utils.geo_utils:haversine_distance:20 - Haversine: (31.5075199, 73.1005803) → (31.3058685, 73.1694728) = 23356.4 m
2026-03-16 01:56:39.838 | DEBUG    | utils.geo_utils:haversine_distance:20 - Haversine: (31.5075199, 73.1005803) → (31.3140734, 73.0226304) = 22746.7 m
2026-03-16 01:56:39.838 | DEBUG    | utils.geo_utils:haversine_distance:20 - Haversine: (31.5075199, 73.1005803) → (31.5306679, 73.1126844) = 2818.1 m
2026-03-16 01:56:39.838 | DEBUG    | utils.geo_utils:haversine_distance:20 - Haversine: (31.5075199, 73.1005803) → (31.3760251, 73.034401) = 15912.5 m
2026-03-16 01:56:39.838 | DEBUG    | utils.geo_utils:haversine_distance:20 - Haversine: (31.5075199, 73.1005803) → (31.404983, 73.1460277) = 12189.3 m
2026-03-16 01:56:39.838 | DEBUG    | utils.geo_utils:haversine_distance:20 - Haversine: (31.5075199, 73.1005803) → (31.4212389, 73.0816409) = 9760.7 m
2026-03-16 01:56:39.838 | DEBUG    | utils.geo_utils:haversine_distance:20 - Haversine: (31.5075199, 73.1005803) → (31.4658821, 73.1813423) = 8948.9 m
2026-03-16 01:56:39.838 | DEBUG    | utils.geo_utils:haversine_distance:20 - Haversine: (31.5075199, 73.1005803) → (31.4509199, 73.0172282) = 10103.9 m
2026-03-16 01:56:39.838 | DEBUG    | utils.geo_utils:haversine_distance:20 - Haversine: (31.5075199, 73.1005803) → (31.4351755, 73.0374493) = 10027.9 m
2026-03-16 01:56:39.838 | DEBUG    | utils.geo_utils:haversine_distance:20 - Haversine: (31.5075199, 73.1005803) → (31.3333726, 73.0422104) = 20140.8 m
2026-03-16 01:56:39.838 | DEBUG    | utils.geo_utils:haversine_distance:20 - Haversine: (31.5015436, 73.1935631) → (31.4592945, 73.0629536) = 13246.6 m
2026-03-16 01:56:39.838 | DEBUG    | utils.geo_utils:haversine_distance:20 - Haversine: (31.5015436, 73.1935631) → (31.3058685, 73.1694728) = 21877.9 m
2026-03-16 01:56:39.839 | DEBUG    | utils.geo_utils:haversine_distance:20 - Haversine: (31.5015436, 73.1935631) → (31.3140734, 73.0226304) = 26413.9 m
2026-03-16 01:56:39.839 | DEBUG    | utils.geo_utils:haversine_distance:20 - Haversine: (31.5015436, 73.1935631) → (31.5306679, 73.1126844) = 8322.6 m
2026-03-16 01:56:39.839 | DEBUG    | utils.geo_utils:haversine_distance:20 - Haversine: (31.5015436, 73.1935631) → (31.3760251, 73.034401) = 20562.2 m
2026-03-16 01:56:39.839 | DEBUG    | utils.geo_utils:haversine_distance:20 - Haversine: (31.5015436, 73.1935631) → (31.404983, 73.1460277) = 11645.4 m
2026-03-16 01:56:39.839 | DEBUG    | utils.geo_utils:haversine_distance:20 - Haversine: (31.5015436, 73.1935631) → (31.4212389, 73.0816409) = 13871.8 m
2026-03-16 01:56:39.839 | DEBUG    | utils.geo_utils:haversine_distance:20 - Haversine: (31.5015436, 73.1935631) → (31.4658821, 73.1813423) = 4131.2 m
2026-03-16 01:56:39.839 | DEBUG    | utils.geo_utils:haversine_distance:20 - Haversine: (31.5015436, 73.1935631) → (31.4509199, 73.0172282) = 17644.4 m
2026-03-16 01:56:39.839 | DEBUG    | utils.geo_utils:haversine_distance:20 - Haversine: (31.5015436, 73.1935631) → (31.4351755, 73.0374493) = 16543.3 m
2026-03-16 01:56:39.839 | DEBUG    | utils.geo_utils:haversine_distance:20 - Haversine: (31.5015436, 73.1935631) → (31.3333726, 73.0422104) = 23578.7 m
2026-03-16 01:56:39.839 | DEBUG    | utils.geo_utils:haversine_distance:20 - Haversine: (31.5015436, 73.1935631) → (31.5075199, 73.1005803) = 8840.2 m
2026-03-16 01:56:39.839 | DEBUG    | utils.geo_utils:haversine_distance:20 - Haversine: (31.4148239, 73.1645583) → (31.4592945, 73.0629536) = 10833.9 m
2026-03-16 01:56:39.840 | DEBUG    | utils.geo_utils:haversine_distance:20 - Haversine: (31.4148239, 73.1645583) → (31.3058685, 73.1694728) = 12124.3 m
2026-03-16 01:56:39.840 | DEBUG    | utils.geo_utils:haversine_distance:20 - Haversine: (31.4148239, 73.1645583) → (31.3140734, 73.0226304) = 17524.2 m
2026-03-16 01:56:39.840 | DEBUG    | utils.geo_utils:haversine_distance:20 - Haversine: (31.4148239, 73.1645583) → (31.5306679, 73.1126844) = 13788.7 m
2026-03-16 01:56:39.840 | DEBUG    | utils.geo_utils:haversine_distance:20 - Haversine: (31.4148239, 73.1645583) → (31.3760251, 73.034401) = 13085.5 m
2026-03-16 01:56:39.840 | DEBUG    | utils.geo_utils:haversine_distance:20 - Haversine: (31.4148239, 73.1645583) → (31.404983, 73.1460277) = 2071.2 m
2026-03-16 01:56:39.840 | DEBUG    | utils.geo_utils:haversine_distance:20 - Haversine: (31.4148239, 73.1645583) → (31.4212389, 73.0816409) = 7900.5 m
2026-03-16 01:56:39.840 | DEBUG    | utils.geo_utils:haversine_distance:20 - Haversine: (31.4148239, 73.1645583) → (31.4658821, 73.1813423) = 5896.5 m
2026-03-16 01:56:39.840 | DEBUG    | utils.geo_utils:haversine_distance:20 - Haversine: (31.4148239, 73.1645583) → (31.4509199, 73.0172282) = 14543.1 m
2026-03-16 01:56:39.840 | DEBUG    | utils.geo_utils:haversine_distance:20 - Haversine: (31.4148239, 73.1645583) → (31.4351755, 73.0374493) = 12271.2 m
2026-03-16 01:56:39.840 | DEBUG    | utils.geo_utils:haversine_distance:20 - Haversine: (31.4148239, 73.1645583) → (31.3333726, 73.0422104) = 14729.0 m
2026-03-16 01:56:39.840 | DEBUG    | utils.geo_utils:haversine_distance:20 - Haversine: (31.4148239, 73.1645583) → (31.5075199, 73.1005803) = 11960.9 m
2026-03-16 01:56:39.840 | DEBUG    | utils.geo_utils:haversine_distance:20 - Haversine: (31.4148239, 73.1645583) → (31.5015436, 73.1935631) = 10027.6 m
2026-03-16 01:56:39.840 | DEBUG    | utils.geo_utils:haversine_distance:20 - Haversine: (31.4644729, 73.1882307) → (31.4592945, 73.0629536) = 11896.2 m
2026-03-16 01:56:39.840 | DEBUG    | utils.geo_utils:haversine_distance:20 - Haversine: (31.4644729, 73.1882307) → (31.3058685, 73.1694728) = 17725.7 m
2026-03-16 01:56:39.840 | DEBUG    | utils.geo_utils:haversine_distance:20 - Haversine: (31.4644729, 73.1882307) → (31.3140734, 73.0226304) = 22951.4 m
2026-03-16 01:56:39.840 | DEBUG    | utils.geo_utils:haversine_distance:20 - Haversine: (31.4644729, 73.1882307) → (31.5306679, 73.1126844) = 10270.4 m
2026-03-16 01:56:39.840 | DEBUG    | utils.geo_utils:haversine_distance:20 - Haversine: (31.4644729, 73.1882307) → (31.3760251, 73.034401) = 17601.0 m
2026-03-16 01:56:39.840 | DEBUG    | utils.geo_utils:haversine_distance:20 - Haversine: (31.4644729, 73.1882307) → (31.404983, 73.1460277) = 7732.4 m
2026-03-16 01:56:39.840 | DEBUG    | utils.geo_utils:haversine_distance:20 - Haversine: (31.4644729, 73.1882307) → (31.4212389, 73.0816409) = 11196.5 m
2026-03-16 01:56:39.840 | DEBUG    | utils.geo_utils:haversine_distance:20 - Haversine: (31.4644729, 73.1882307) → (31.4658821, 73.1813423) = 671.9 m
2026-03-16 01:56:39.841 | DEBUG    | utils.geo_utils:haversine_distance:20 - Haversine: (31.4319273, 73.0907774) → (31.4592945, 73.0629536) = 4028.3 m
2026-03-16 01:56:39.841 | DEBUG    | utils.geo_utils:haversine_distance:20 - Haversine: (31.4319273, 73.0907774) → (31.3058685, 73.1694728) = 15884.0 m
2026-03-16 01:56:39.841 | DEBUG    | utils.geo_utils:haversine_distance:20 - Haversine: (31.4319273, 73.0907774) → (31.3140734, 73.0226304) = 14614.8 m
2026-03-16 01:56:39.841 | DEBUG    | utils.geo_utils:haversine_distance:20 - Haversine: (31.4319273, 73.0907774) → (31.5306679, 73.1126844) = 11174.3 m
2026-03-16 01:56:39.841 | DEBUG    | utils.geo_utils:haversine_distance:20 - Haversine: (31.4319273, 73.0907774) → (31.3760251, 73.034401) = 8201.6 m
2026-03-16 01:56:39.841 | DEBUG    | utils.geo_utils:haversine_distance:20 - Haversine: (31.4319273, 73.0907774) → (31.404983, 73.1460277) = 6038.5 m
2026-03-16 01:56:39.841 | DEBUG    | utils.geo_utils:haversine_distance:20 - Haversine: (31.4319273, 73.0907774) → (31.4212389, 73.0816409) = 1471.1 m
2026-03-16 01:56:39.841 | DEBUG    | utils.geo_utils:haversine_distance:20 - Haversine: (31.4319273, 73.0907774) → (31.4658821, 73.1813423) = 9384.1 m
2026-03-16 01:56:39.841 | DEBUG    | utils.geo_utils:haversine_distance:20 - Haversine: (31.4319273, 73.0907774) → (31.4509199, 73.0172282) = 7290.1 m
2026-03-16 01:56:39.841 | DEBUG    | utils.geo_utils:haversine_distance:20 - Haversine: (31.4319273, 73.0907774) → (31.4351755, 73.0374493) = 5072.5 m
2026-03-16 01:56:39.841 | DEBUG    | utils.geo_utils:haversine_distance:20 - Haversine: (31.4319273, 73.0907774) → (31.3333726, 73.0422104) = 11889.1 m
2026-03-16 01:56:39.841 | DEBUG    | utils.geo_utils:haversine_distance:20 - Haversine: (31.4319273, 73.0907774) → (31.5075199, 73.1005803) = 8456.8 m
2026-03-16 01:56:39.841 | DEBUG    | utils.geo_utils:haversine_distance:20 - Haversine: (31.4319273, 73.0907774) → (31.5015436, 73.1935631) = 12448.1 m
2026-03-16 01:56:39.841 | DEBUG    | utils.geo_utils:haversine_distance:20 - Haversine: (31.4319273, 73.0907774) → (31.4148239, 73.1645583) = 7254.6 m
2026-03-16 01:56:39.841 | DEBUG    | utils.geo_utils:haversine_distance:20 - Haversine: (31.4186759, 73.0443624) → (31.4592945, 73.0629536) = 4848.8 m
2026-03-16 01:56:39.841 | DEBUG    | utils.geo_utils:haversine_distance:20 - Haversine: (31.4186759, 73.0443624) → (31.3058685, 73.1694728) = 17275.8 m
2026-03-16 01:56:39.841 | DEBUG    | utils.geo_utils:haversine_distance:20 - Haversine: (31.4186759, 73.0443624) → (31.3140734, 73.0226304) = 11812.9 m
2026-03-16 01:56:39.841 | DEBUG    | utils.geo_utils:haversine_distance:20 - Haversine: (31.4186759, 73.0443624) → (31.5306679, 73.1126844) = 14037.7 m
2026-03-16 01:56:39.841 | DEBUG    | utils.geo_utils:haversine_distance:20 - Haversine: (31.4186759, 73.0443624) → (31.3760251, 73.034401) = 4835.9 m
2026-03-16 01:56:39.841 | DEBUG    | utils.geo_utils:haversine_distance:20 - Haversine: (31.4186759, 73.0443624) → (31.404983, 73.1460277) = 9767.3 m
2026-03-16 01:56:39.841 | DEBUG    | utils.geo_utils:haversine_distance:20 - Haversine: (31.4186759, 73.0443624) → (31.4212389, 73.0816409) = 3548.8 m
2026-03-16 01:56:39.841 | DEBUG    | utils.geo_utils:haversine_distance:20 - Haversine: (31.4186759, 73.0443624) → (31.4658821, 73.1813423) = 14015.1 m
2026-03-16 01:56:39.841 | DEBUG    | utils.geo_utils:haversine_distance:20 - Haversine: (31.4186759, 73.0443624) → (31.4509199, 73.0172282) = 4413.9 m
2026-03-16 01:56:39.842 | DEBUG    | utils.geo_utils:haversine_distance:20 - Haversine: (31.4186759, 73.0443624) → (31.4351755, 73.0374493) = 1948.4 m
2026-03-16 01:56:39.842 | DEBUG    | utils.geo_utils:haversine_distance:20 - Haversine: (31.4186759, 73.0443624) → (31.3333726, 73.0422104) = 9487.5 m
2026-03-16 01:56:39.842 | DEBUG    | utils.geo_utils:haversine_distance:20 - Haversine: (31.4186759, 73.0443624) → (31.5075199, 73.1005803) = 11226.1 m
2026-03-16 01:56:39.842 | DEBUG    | utils.geo_utils:haversine_distance:20 - Haversine: (31.4186759, 73.0443624) → (31.5015436, 73.1935631) = 16887.1 m
2026-03-16 01:56:39.842 | DEBUG    | utils.geo_utils:haversine_distance:20 - Haversine: (31.4186759, 73.0443624) → (31.4148239, 73.1645583) = 11413.9 m
2026-03-16 01:56:39.842 | DEBUG    | utils.geo_utils:haversine_distance:20 - Haversine: (31.4186759, 73.0443624) → (31.4319273, 73.0907774) = 4644.0 m
2026-03-16 01:56:39.842 | DEBUG    | utils.geo_utils:haversine_distance:20 - Haversine: (31.3776138, 73.0904372) → (31.4592945, 73.0629536) = 9449.5 m
2026-03-16 01:56:39.843 | DEBUG    | utils.geo_utils:haversine_distance:20 - Haversine: (31.3776138, 73.0904372) → (31.3058685, 73.1694728) = 10953.7 m
2026-03-16 01:56:39.843 | DEBUG    | utils.geo_utils:haversine_distance:20 - Haversine: (31.3776138, 73.0904372) → (31.3140734, 73.0226304) = 9559.5 m
2026-03-16 01:56:39.843 | DEBUG    | utils.geo_utils:haversine_distance:20 - Haversine: (31.3776138, 73.0904372) → (31.5306679, 73.1126844) = 17149.2 m
2026-03-16 01:56:39.843 | DEBUG    | utils.geo_utils:haversine_distance:20 - Haversine: (31.3776138, 73.0904372) → (31.3760251, 73.034401) = 5322.7 m
2026-03-16 01:56:39.843 | DEBUG    | utils.geo_utils:haversine_distance:20 - Haversine: (31.3776138, 73.0904372) → (31.404983, 73.1460277) = 6091.3 m
2026-03-16 01:56:39.843 | DEBUG    | utils.geo_utils:haversine_distance:20 - Haversine: (31.3776138, 73.0904372) → (31.4212389, 73.0816409) = 4922.2 m
2026-03-16 01:56:39.843 | DEBUG    | utils.geo_utils:haversine_distance:20 - Haversine: (31.3776138, 73.0904372) → (31.4658821, 73.1813423) = 13066.7 m
2026-03-16 01:56:39.843 | DEBUG    | utils.geo_utils:haversine_distance:20 - Haversine: (31.3776138, 73.0904372) → (31.4509199, 73.0172282) = 10710.2 m
2026-03-16 01:56:39.843 | DEBUG    | utils.geo_utils:haversine_distance:20 - Haversine: (31.3776138, 73.0904372) → (31.4351755, 73.0374493) = 8139.8 m
2026-03-16 01:56:39.843 | DEBUG    | utils.geo_utils:haversine_distance:20 - Haversine: (31.3776138, 73.0904372) → (31.3333726, 73.0422104) = 6721.0 m
2026-03-16 01:56:39.843 | DEBUG    | utils.geo_utils:haversine_distance:20 - Haversine: (31.3776138, 73.0904372) → (31.5075199, 73.1005803) = 14476.9 m
2026-03-16 01:56:39.843 | DEBUG    | utils.geo_utils:haversine_distance:20 - Haversine: (31.3776138, 73.0904372) → (31.5015436, 73.1935631) = 16900.2 m
2026-03-16 01:56:39.844 | DEBUG    | utils.geo_utils:haversine_distance:20 - Haversine: (31.3776138, 73.0904372) → (31.4148239, 73.1645583) = 8161.7 m
2026-03-16 01:56:39.844 | DEBUG    | utils.geo_utils:haversine_distance:20 - Haversine: (31.3776138, 73.0904372) → (31.4319273, 73.0907774) = 6039.5 m
2026-03-16 01:56:39.844 | DEBUG    | utils.geo_utils:haversine_distance:20 - Haversine: (31.3776138, 73.0904372) → (31.4186759, 73.0443624) = 6322.3 m
2026-03-16 01:56:39.844 | DEBUG    | utils.geo_utils:haversine_distance:20 - Haversine: (31.311923, 73.1917425) → (31.4592945, 73.0629536) = 20444.8 m
2026-03-16 01:56:39.844 | DEBUG    | utils.geo_utils:haversine_distance:20 - Haversine: (31.311923, 73.1917425) → (31.3058685, 73.1694728) = 2220.2 m
2026-03-16 01:56:39.844 | DEBUG    | utils.geo_utils:haversine_distance:20 - Haversine: (31.311923, 73.1917425) → (31.3140734, 73.0226304) = 16067.2 m
2026-03-16 01:56:39.844 | DEBUG    | utils.geo_utils:haversine_distance:20 - Haversine: (31.311923, 73.1917425) → (31.5306679, 73.1126844) = 25453.9 m
2026-03-16 01:56:39.844 | DEBUG    | utils.geo_utils:haversine_distance:20 - Haversine: (31.311923, 73.1917425) → (31.3760251, 73.034401) = 16555.3 m
2026-03-16 01:56:39.844 | DEBUG    | utils.geo_utils:haversine_distance:20 - Haversine: (31.311923, 73.1917425) → (31.404983, 73.1460277) = 11221.4 m
2026-03-16 01:56:39.844 | DEBUG    | utils.geo_utils:haversine_distance:20 - Haversine: (31.311923, 73.1917425) → (31.4212389, 73.0816409) = 16032.1 m
2026-03-16 01:56:39.844 | DEBUG    | utils.geo_utils:haversine_distance:20 - Haversine: (31.311923, 73.1917425) → (31.4658821, 73.1813423) = 17147.9 m
2026-03-16 01:56:39.844 | DEBUG    | utils.geo_utils:haversine_distance:20 - Haversine: (31.311923, 73.1917425) → (31.4509199, 73.0172282) = 22656.8 m
2026-03-16 01:56:39.845 | DEBUG    | utils.geo_utils:haversine_distance:20 - Haversine: (31.311923, 73.1917425) → (31.4351755, 73.0374493) = 20059.8 m
2026-03-16 01:56:39.845 | DEBUG    | utils.geo_utils:haversine_distance:20 - Haversine: (31.311923, 73.1917425) → (31.3333726, 73.0422104) = 14402.7 m
2026-03-16 01:56:39.845 | DEBUG    | utils.geo_utils:haversine_distance:20 - Haversine: (31.311923, 73.1917425) → (31.5075199, 73.1005803) = 23406.9 m
2026-03-16 01:56:39.845 | DEBUG    | utils.geo_utils:haversine_distance:20 - Haversine: (31.311923, 73.1917425) → (31.5015436, 73.1935631) = 21085.6 m
2026-03-16 01:56:39.845 | DEBUG    | utils.geo_utils:haversine_distance:20 - Haversine: (31.311923, 73.1917425) → (31.4148239, 73.1645583) = 11729.6 m
2026-03-16 01:56:39.845 | DEBUG    | utils.geo_utils:haversine_distance:20 - Haversine: (31.311923, 73.1917425) → (31.4319273, 73.0907774) = 16429.9 m
2026-03-16 01:56:39.845 | DEBUG    | utils.geo_utils:haversine_distance:20 - Haversine: (31.311923, 73.1917425) → (31.4186759, 73.0443624) = 18349.7 m
2026-03-16 01:56:39.845 | DEBUG    | utils.geo_utils:haversine_distance:20 - Haversine: (31.311923, 73.1917425) → (31.3776138, 73.0904372) = 12079.4 m
2026-03-16 01:56:39.845 | DEBUG    | utils.geo_utils:haversine_distance:20 - Haversine: (31.3581158, 73.1846103) → (31.4592945, 73.0629536) = 16120.5 m
2026-03-16 01:56:39.845 | DEBUG    | utils.geo_utils:haversine_distance:20 - Haversine: (31.3581158, 73.1846103) → (31.3058685, 73.1694728) = 5984.9 m
2026-03-16 01:56:39.845 | DEBUG    | utils.geo_utils:haversine_distance:20 - Haversine: (31.3581158, 73.1846103) → (31.3140734, 73.0226304) = 16144.7 m
2026-03-16 01:56:39.845 | DEBUG    | utils.geo_utils:haversine_distance:20 - Haversine: (31.3581158, 73.1846103) → (31.5306679, 73.1126844) = 20364.1 m
2026-03-16 01:56:39.845 | DEBUG    | utils.geo_utils:haversine_distance:20 - Haversine: (31.3581158, 73.1846103) → (31.3760251, 73.034401) = 14399.8 m
2026-03-16 01:56:39.845 | DEBUG    | utils.geo_utils:haversine_distance:20 - Haversine: (31.3581158, 73.1846103) → (31.404983, 73.1460277) = 6369.7 m
2026-03-16 01:56:39.845 | DEBUG    | utils.geo_utils:haversine_distance:20 - Haversine: (31.3581158, 73.1846103) → (31.4212389, 73.0816409) = 12033.1 m
2026-03-16 01:56:39.845 | DEBUG    | utils.geo_utils:haversine_distance:20 - Haversine: (31.3581158, 73.1846103) → (31.4658821, 73.1813423) = 11987.1 m
2026-03-16 01:56:39.845 | DEBUG    | utils.geo_utils:haversine_distance:20 - Haversine: (31.3581158, 73.1846103) → (31.4509199, 73.0172282) = 18943.1 m
2026-03-16 01:56:39.845 | DEBUG    | utils.geo_utils:haversine_distance:20 - Haversine: (31.3581158, 73.1846103) → (31.4351755, 73.0374493) = 16386.5 m
2026-03-16 01:56:39.846 | DEBUG    | utils.geo_utils:haversine_distance:20 - Haversine: (31.3581158, 73.1846103) → (31.3333726, 73.0422104) = 13800.1 m
2026-03-16 01:56:39.846 | DEBUG    | utils.geo_utils:haversine_distance:20 - Haversine: (31.3581158, 73.1846103) → (31.5075199, 73.1005803) = 18426.9 m
2026-03-16 01:56:39.846 | DEBUG    | utils.geo_utils:haversine_distance:20 - Haversine: (31.3581158, 73.1846103) → (31.5015436, 73.1935631) = 15971.0 m
2026-03-16 01:56:39.846 | DEBUG    | utils.geo_utils:haversine_distance:20 - Haversine: (31.3581158, 73.1846103) → (31.4148239, 73.1645583) = 6586.7 m
2026-03-16 01:56:39.846 | DEBUG    | utils.geo_utils:haversine_distance:20 - Haversine: (31.3581158, 73.1846103) → (31.4319273, 73.0907774) = 12111.3 m
2026-03-16 01:56:39.846 | DEBUG    | utils.geo_utils:haversine_distance:20 - Haversine: (31.3581158, 73.1846103) → (31.4186759, 73.0443624) = 14918.9 m
2026-03-16 01:56:39.846 | DEBUG    | utils.geo_utils:haversine_distance:20 - Haversine: (31.3581158, 73.1846103) → (31.3776138, 73.0904372) = 9200.2 m
2026-03-16 01:56:39.846 | DEBUG    | utils.geo_utils:haversine_distance:20 - Haversine: (31.3581158, 73.1846103) → (31.311923, 73.1917425) = 5180.9 m
2026-03-16 01:56:39.846 | DEBUG    | utils.geo_utils:haversine_distance:20 - Haversine: (31.307639, 73.0439916) → (31.4592945, 73.0629536) = 16959.1 m
2026-03-16 01:56:39.846 | DEBUG    | utils.geo_utils:haversine_distance:20 - Haversine: (31.307639, 73.0439916) → (31.3058685, 73.1694728) = 11922.9 m
2026-03-16 01:56:39.846 | DEBUG    | utils.geo_utils:haversine_distance:20 - Haversine: (31.307639, 73.0439916) → (31.3140734, 73.0226304) = 2151.8 m
2026-03-16 01:56:39.846 | DEBUG    | utils.geo_utils:haversine_distance:20 - Haversine: (31.307639, 73.0439916) → (31.5306679, 73.1126844) = 25642.0 m
2026-03-16 01:56:39.847 | DEBUG    | utils.geo_utils:haversine_distance:20 - Haversine: (31.307639, 73.0439916) → (31.3760251, 73.034401) = 7658.5 m
2026-03-16 01:56:39.847 | DEBUG    | utils.geo_utils:haversine_distance:20 - Haversine: (31.307639, 73.0439916) → (31.404983, 73.1460277) = 14527.1 m
2026-03-16 01:56:39.847 | DEBUG    | utils.geo_utils:haversine_distance:20 - Haversine: (31.307639, 73.0439916) → (31.4212389, 73.0816409) = 13127.8 m
2026-03-16 01:56:39.847 | DEBUG    | utils.geo_utils:haversine_distance:20 - Haversine: (31.307639, 73.0439916) → (31.4658821, 73.1813423) = 21899.7 m
2026-03-16 01:56:39.847 | DEBUG    | utils.geo_utils:haversine_distance:20 - Haversine: (31.307639, 73.0439916) → (31.4509199, 73.0172282) = 16133.4 m
2026-03-16 01:56:39.847 | DEBUG    | utils.geo_utils:haversine_distance:20 - Haversine: (31.307639, 73.0439916) → (31.4351755, 73.0374493) = 14195.0 m
2026-03-16 01:56:39.847 | DEBUG    | utils.geo_utils:haversine_distance:20 - Haversine: (31.307639, 73.0439916) → (31.3333726, 73.0422104) = 2866.4 m
2026-03-16 01:56:39.847 | DEBUG    | utils.geo_utils:haversine_distance:20 - Haversine: (31.307639, 73.0439916) → (31.5075199, 73.1005803) = 22865.4 m
2026-03-16 01:56:39.847 | DEBUG    | utils.geo_utils:haversine_distance:20 - Haversine: (31.307639, 73.0439916) → (31.5015436, 73.1935631) = 25814.5 m
2026-03-16 01:56:39.847 | DEBUG    | utils.geo_utils:haversine_distance:20 - Haversine: (31.307639, 73.0439916) → (31.4148239, 73.1645583) = 16525.7 m
2026-03-16 01:56:39.847 | DEBUG    | utils.geo_utils:haversine_distance:20 - Haversine: (31.307639, 73.0439916) → (31.4319273, 73.0907774) = 14516.5 m
2026-03-16 01:56:39.847 | DEBUG    | utils.geo_utils:haversine_distance:20 - Haversine: (31.307639, 73.0439916) → (31.4186759, 73.0443624) = 12346.8 m
2026-03-16 01:56:39.847 | DEBUG    | utils.geo_utils:haversine_distance:20 - Haversine: (31.307639, 73.0439916) → (31.3776138, 73.0904372) = 8944.1 m
2026-03-16 01:56:39.847 | DEBUG    | utils.geo_utils:haversine_distance:20 - Haversine: (31.307639, 73.0439916) → (31.311923, 73.1917425) = 14044.7 m
2026-03-16 01:56:39.847 | DEBUG    | utils.geo_utils:haversine_distance:20 - Haversine: (31.307639, 73.0439916) → (31.3581158, 73.1846103) = 14487.2 m
2026-03-16 01:56:39.848 | DEBUG    | utils.geo_utils:haversine_distance:20 - Haversine: (31.5119632, 73.1053388) → (31.4592945, 73.0629536) = 7102.9 m
2026-03-16 01:56:39.848 | DEBUG    | utils.geo_utils:haversine_distance:20 - Haversine: (31.5119632, 73.1053388) → (31.3058685, 73.1694728) = 23711.2 m
2026-03-16 01:56:39.848 | DEBUG    | utils.geo_utils:haversine_distance:20 - Haversine: (31.5119632, 73.1053388) → (31.3140734, 73.0226304) = 23362.2 m
2026-03-16 01:56:39.848 | DEBUG    | utils.geo_utils:haversine_distance:20 - Haversine: (31.5119632, 73.1053388) → (31.5306679, 73.1126844) = 2193.3 m
2026-03-16 01:56:39.848 | DEBUG    | utils.geo_utils:haversine_distance:20 - Haversine: (31.5119632, 73.1053388) → (31.3760251, 73.034401) = 16546.0 m
2026-03-16 01:56:39.848 | DEBUG    | utils.geo_utils:haversine_distance:20 - Haversine: (31.5119632, 73.1053388) → (31.404983, 73.1460277) = 12506.1 m
2026-03-16 01:56:39.848 | DEBUG    | utils.geo_utils:haversine_distance:20 - Haversine: (31.5119632, 73.1053388) → (31.4212389, 73.0816409) = 10335.4 m
2026-03-16 01:56:39.848 | DEBUG    | utils.geo_utils:haversine_distance:20 - Haversine: (31.5119632, 73.1053388) → (31.4658821, 73.1813423) = 8842.6 m
2026-03-16 01:56:39.848 | DEBUG    | utils.geo_utils:haversine_distance:20 - Haversine: (31.5119632, 73.1053388) → (31.4509199, 73.0172282) = 10765.0 m
2026-03-16 01:56:39.848 | DEBUG    | utils.geo_utils:haversine_distance:20 - Haversine: (31.5119632, 73.1053388) → (31.4351755, 73.0374493) = 10693.8 m
2026-03-16 01:56:39.848 | DEBUG    | utils.geo_utils:haversine_distance:20 - Haversine: (31.5119632, 73.1053388) → (31.3333726, 73.0422104) = 20742.1 m
2026-03-16 01:56:39.848 | DEBUG    | utils.geo_utils:haversine_distance:20 - Haversine: (31.5119632, 73.1053388) → (31.5075199, 73.1005803) = 669.0 m
2026-03-16 01:56:39.848 | DEBUG    | utils.geo_utils:haversine_distance:20 - Haversine: (31.3634161, 73.1141106) → (31.4592945, 73.0629536) = 11714.5 m
2026-03-16 01:56:39.848 | DEBUG    | utils.geo_utils:haversine_distance:20 - Haversine: (31.3634161, 73.1141106) → (31.3058685, 73.1694728) = 8282.2 m
2026-03-16 01:56:39.849 | DEBUG    | utils.geo_utils:haversine_distance:20 - Haversine: (31.3634161, 73.1141106) → (31.3140734, 73.0226304) = 10275.5 m
2026-03-16 01:56:39.849 | DEBUG    | utils.geo_utils:haversine_distance:20 - Haversine: (31.3634161, 73.1141106) → (31.5306679, 73.1126844) = 18598.0 m
2026-03-16 01:56:39.849 | DEBUG    | utils.geo_utils:haversine_distance:20 - Haversine: (31.3634161, 73.1141106) → (31.3760251, 73.034401) = 7696.5 m
2026-03-16 01:56:39.849 | DEBUG    | utils.geo_utils:haversine_distance:20 - Haversine: (31.3634161, 73.1141106) → (31.404983, 73.1460277) = 5526.5 m
2026-03-16 01:56:39.849 | DEBUG    | utils.geo_utils:haversine_distance:20 - Haversine: (31.3634161, 73.1141106) → (31.4212389, 73.0816409) = 7130.1 m
2026-03-16 01:56:39.849 | DEBUG    | utils.geo_utils:haversine_distance:20 - Haversine: (31.3634161, 73.1141106) → (31.4658821, 73.1813423) = 13058.4 m
2026-03-16 01:56:39.849 | DEBUG    | utils.geo_utils:haversine_distance:20 - Haversine: (31.3634161, 73.1141106) → (31.4509199, 73.0172282) = 13387.0 m
2026-03-16 01:56:39.849 | DEBUG    | utils.geo_utils:haversine_distance:20 - Haversine: (31.3634161, 73.1141106) → (31.4351755, 73.0374493) = 10798.6 m
2026-03-16 01:56:39.849 | DEBUG    | utils.geo_utils:haversine_distance:20 - Haversine: (31.3634161, 73.1141106) → (31.3333726, 73.0422104) = 7601.3 m
2026-03-16 01:56:39.849 | DEBUG    | utils.geo_utils:haversine_distance:20 - Haversine: (31.3634161, 73.1141106) → (31.5075199, 73.1005803) = 16074.9 m
2026-03-16 01:56:39.849 | DEBUG    | utils.geo_utils:haversine_distance:20 - Haversine: (31.3634161, 73.1141106) → (31.5015436, 73.1935631) = 17109.3 m
2026-03-16 01:56:39.849 | DEBUG    | utils.geo_utils:haversine_distance:20 - Haversine: (31.3634161, 73.1141106) → (31.4148239, 73.1645583) = 7457.0 m
2026-03-16 01:56:39.849 | DEBUG    | utils.geo_utils:haversine_distance:20 - Haversine: (31.3634161, 73.1141106) → (31.4319273, 73.0907774) = 7933.5 m
2026-03-16 01:56:39.849 | DEBUG    | utils.geo_utils:haversine_distance:20 - Haversine: (31.3634161, 73.1141106) → (31.4186759, 73.0443624) = 9032.5 m
2026-03-16 01:56:39.849 | DEBUG    | utils.geo_utils:haversine_distance:20 - Haversine: (31.3634161, 73.1141106) → (31.3776138, 73.0904372) = 2746.6 m
2026-03-16 01:56:39.850 | DEBUG    | utils.geo_utils:haversine_distance:20 - Haversine: (31.3634161, 73.1141106) → (31.311923, 73.1917425) = 9335.2 m
2026-03-16 01:56:39.850 | DEBUG    | utils.geo_utils:haversine_distance:20 - Haversine: (31.3634161, 73.1141106) → (31.3581158, 73.1846103) = 6719.9 m
2026-03-16 01:56:39.850 | DEBUG    | utils.geo_utils:haversine_distance:20 - Haversine: (31.3634161, 73.1141106) → (31.307639, 73.0439916) = 9100.4 m
2026-03-16 01:56:39.850 | DEBUG    | utils.geo_utils:haversine_distance:20 - Haversine: (31.484527, 73.1521663) → (31.4592945, 73.0629536) = 8913.8 m
2026-03-16 01:56:39.850 | DEBUG    | utils.geo_utils:haversine_distance:20 - Haversine: (31.484527, 73.1521663) → (31.3058685, 73.1694728) = 19933.7 m
2026-03-16 01:56:39.850 | DEBUG    | utils.geo_utils:haversine_distance:20 - Haversine: (31.484527, 73.1521663) → (31.3140734, 73.0226304) = 22591.8 m
2026-03-16 01:56:39.850 | DEBUG    | utils.geo_utils:haversine_distance:20 - Haversine: (31.484527, 73.1521663) → (31.5306679, 73.1126844) = 6350.8 m
2026-03-16 01:56:39.850 | DEBUG    | utils.geo_utils:haversine_distance:20 - Haversine: (31.484527, 73.1521663) → (31.3760251, 73.034401) = 16444.1 m
2026-03-16 01:56:39.850 | DEBUG    | utils.geo_utils:haversine_distance:20 - Haversine: (31.484527, 73.1521663) → (31.404983, 73.1460277) = 8864.0 m
2026-03-16 01:56:39.850 | DEBUG    | utils.geo_utils:haversine_distance:20 - Haversine: (31.484527, 73.1521663) → (31.4212389, 73.0816409) = 9709.7 m
2026-03-16 01:56:39.850 | DEBUG    | utils.geo_utils:haversine_distance:20 - Haversine: (31.484527, 73.1521663) → (31.4658821, 73.1813423) = 3457.4 m
2026-03-16 01:56:39.850 | DEBUG    | utils.geo_utils:haversine_distance:20 - Haversine: (31.484527, 73.1521663) → (31.4509199, 73.0172282) = 13332.2 m
2026-03-16 01:56:39.850 | DEBUG    | utils.geo_utils:haversine_distance:20 - Haversine: (31.484527, 73.1521663) → (31.4351755, 73.0374493) = 12186.4 m
2026-03-16 01:56:39.850 | DEBUG    | utils.geo_utils:haversine_distance:20 - Haversine: (31.484527, 73.1521663) → (31.3333726, 73.0422104) = 19783.4 m
2026-03-16 01:56:39.850 | DEBUG    | utils.geo_utils:haversine_distance:20 - Haversine: (31.484527, 73.1521663) → (31.5075199, 73.1005803) = 5519.0 m
2026-03-16 01:56:39.850 | DEBUG    | utils.geo_utils:haversine_distance:20 - Haversine: (31.484527, 73.1521663) → (31.5015436, 73.1935631) = 4357.4 m
2026-03-16 01:56:39.850 | DEBUG    | utils.geo_utils:haversine_distance:20 - Haversine: (31.484527, 73.1521663) → (31.4148239, 73.1645583) = 7839.3 m
2026-03-16 01:56:39.850 | DEBUG    | utils.geo_utils:haversine_distance:20 - Haversine: (31.484527, 73.1521663) → (31.4319273, 73.0907774) = 8253.1 m
2026-03-16 01:56:39.850 | DEBUG    | utils.geo_utils:haversine_distance:20 - Haversine: (31.484527, 73.1521663) → (31.4186759, 73.0443624) = 12577.3 m
2026-03-16 01:56:39.850 | DEBUG    | utils.geo_utils:haversine_distance:20 - Haversine: (31.484527, 73.1521663) → (31.3776138, 73.0904372) = 13252.6 m
2026-03-16 01:56:39.850 | DEBUG    | utils.geo_utils:haversine_distance:20 - Haversine: (31.484527, 73.1521663) → (31.311923, 73.1917425) = 19556.8 m
2026-03-16 01:56:39.850 | DEBUG    | utils.geo_utils:haversine_distance:20 - Haversine: (31.484527, 73.1521663) → (31.3581158, 73.1846103) = 14389.5 m
2026-03-16 01:56:39.850 | DEBUG    | utils.geo_utils:haversine_distance:20 - Haversine: (31.484527, 73.1521663) → (31.307639, 73.0439916) = 22187.6 m
2026-03-16 01:56:39.850 | DEBUG    | utils.geo_utils:haversine_distance:20 - Haversine: (31.484527, 73.1521663) → (31.3634161, 73.1141106) = 13942.6 m
2026-03-16 01:56:39.851 | DEBUG    | utils.geo_utils:haversine_distance:20 - Haversine: (31.4933345, 73.0175829) → (31.4592945, 73.0629536) = 5730.6 m
2026-03-16 01:56:39.851 | DEBUG    | utils.geo_utils:haversine_distance:20 - Haversine: (31.4933345, 73.0175829) → (31.3058685, 73.1694728) = 25344.5 m
2026-03-16 01:56:39.851 | DEBUG    | utils.geo_utils:haversine_distance:20 - Haversine: (31.4933345, 73.0175829) → (31.3140734, 73.0226304) = 19938.7 m
2026-03-16 01:56:39.851 | DEBUG    | utils.geo_utils:haversine_distance:20 - Haversine: (31.4933345, 73.0175829) → (31.5306679, 73.1126844) = 9925.2 m
2026-03-16 01:56:39.851 | DEBUG    | utils.geo_utils:haversine_distance:20 - Haversine: (31.4933345, 73.0175829) → (31.3760251, 73.034401) = 13141.4 m
2026-03-16 01:56:39.851 | DEBUG    | utils.geo_utils:haversine_distance:20 - Haversine: (31.4933345, 73.0175829) → (31.404983, 73.1460277) = 15651.7 m
2026-03-16 01:56:39.851 | DEBUG    | utils.geo_utils:haversine_distance:20 - Haversine: (31.4933345, 73.0175829) → (31.4212389, 73.0816409) = 10059.1 m
2026-03-16 01:56:39.851 | DEBUG    | utils.geo_utils:haversine_distance:20 - Haversine: (31.4933345, 73.0175829) → (31.4658821, 73.1813423) = 15826.5 m
2026-03-16 01:56:39.851 | DEBUG    | utils.geo_utils:haversine_distance:20 - Haversine: (31.4933345, 73.0175829) → (31.4509199, 73.0172282) = 4716.4 m
2026-03-16 01:56:39.851 | DEBUG    | utils.geo_utils:haversine_distance:20 - Haversine: (31.4933345, 73.0175829) → (31.4351755, 73.0374493) = 6735.9 m
2026-03-16 01:56:39.851 | DEBUG    | utils.geo_utils:haversine_distance:20 - Haversine: (31.4933345, 73.0175829) → (31.3333726, 73.0422104) = 17939.8 m
2026-03-16 01:56:39.851 | DEBUG    | utils.geo_utils:haversine_distance:20 - Haversine: (31.4933345, 73.0175829) → (31.5075199, 73.1005803) = 8025.4 m
2026-03-16 01:56:39.851 | DEBUG    | utils.geo_utils:haversine_distance:20 - Haversine: (31.4933345, 73.0175829) → (31.5015436, 73.1935631) = 16710.0 m
2026-03-16 01:56:39.851 | DEBUG    | utils.geo_utils:haversine_distance:20 - Haversine: (31.4933345, 73.0175829) → (31.4148239, 73.1645583) = 16449.2 m
2026-03-16 01:56:39.851 | DEBUG    | utils.geo_utils:haversine_distance:20 - Haversine: (31.4933345, 73.0175829) → (31.4319273, 73.0907774) = 9737.5 m
2026-03-16 01:56:39.851 | DEBUG    | utils.geo_utils:haversine_distance:20 - Haversine: (31.4933345, 73.0175829) → (31.4186759, 73.0443624) = 8681.6 m
2026-03-16 01:56:39.851 | DEBUG    | utils.geo_utils:haversine_distance:20 - Haversine: (31.4933345, 73.0175829) → (31.3776138, 73.0904372) = 14606.5 m
2026-03-16 01:56:39.851 | DEBUG    | utils.geo_utils:haversine_distance:20 - Haversine: (31.4933345, 73.0175829) → (31.311923, 73.1917425) = 26079.2 m
2026-03-16 01:56:39.851 | DEBUG    | utils.geo_utils:haversine_distance:20 - Haversine: (31.4933345, 73.0175829) → (31.3581158, 73.1846103) = 21845.8 m
2026-03-16 01:56:39.851 | DEBUG    | utils.geo_utils:haversine_distance:20 - Haversine: (31.4933345, 73.0175829) → (31.307639, 73.0439916) = 20800.0 m
2026-03-16 01:56:39.851 | DEBUG    | utils.geo_utils:haversine_distance:20 - Haversine: (31.4933345, 73.0175829) → (31.3634161, 73.1141106) = 17104.9 m
2026-03-16 01:56:39.851 | DEBUG    | utils.geo_utils:haversine_distance:20 - Haversine: (31.4933345, 73.0175829) → (31.484527, 73.1521663) = 12798.8 m
2026-03-16 01:56:39.851 | DEBUG    | utils.geo_utils:haversine_distance:20 - Haversine: (31.5457488, 73.0148993) → (31.4592945, 73.0629536) = 10638.2 m
2026-03-16 01:56:39.851 | DEBUG    | utils.geo_utils:haversine_distance:20 - Haversine: (31.5457488, 73.0148993) → (31.3058685, 73.1694728) = 30439.8 m
2026-03-16 01:56:39.852 | DEBUG    | utils.geo_utils:haversine_distance:20 - Haversine: (31.5457488, 73.0148993) → (31.3140734, 73.0226304) = 25771.6 m
2026-03-16 01:56:39.852 | DEBUG    | utils.geo_utils:haversine_distance:20 - Haversine: (31.5457488, 73.0148993) → (31.5306679, 73.1126844) = 9417.6 m
2026-03-16 01:56:39.852 | DEBUG    | utils.geo_utils:haversine_distance:20 - Haversine: (31.5457488, 73.0148993) → (31.3760251, 73.034401) = 18962.8 m
2026-03-16 01:56:39.852 | DEBUG    | utils.geo_utils:haversine_distance:20 - Haversine: (31.5457488, 73.0148993) → (31.404983, 73.1460277) = 19991.0 m
2026-03-16 01:56:39.852 | DEBUG    | utils.geo_utils:haversine_distance:20 - Haversine: (31.5457488, 73.0148993) → (31.4212389, 73.0816409) = 15222.8 m
2026-03-16 01:56:39.852 | DEBUG    | utils.geo_utils:haversine_distance:20 - Haversine: (31.5457488, 73.0148993) → (31.4658821, 73.1813423) = 18106.8 m
2026-03-16 01:56:39.852 | DEBUG    | utils.geo_utils:haversine_distance:20 - Haversine: (31.5457488, 73.0148993) → (31.4509199, 73.0172282) = 10546.8 m
2026-03-16 01:56:39.852 | DEBUG    | utils.geo_utils:haversine_distance:20 - Haversine: (31.5457488, 73.0148993) → (31.4351755, 73.0374493) = 12479.7 m
2026-03-16 01:56:39.852 | DEBUG    | utils.geo_utils:haversine_distance:20 - Haversine: (31.5457488, 73.0148993) → (31.3333726, 73.0422104) = 23756.9 m
2026-03-16 01:56:39.852 | DEBUG    | utils.geo_utils:haversine_distance:20 - Haversine: (31.5457488, 73.0148993) → (31.5075199, 73.1005803) = 9166.3 m
2026-03-16 01:56:39.852 | DEBUG    | utils.geo_utils:haversine_distance:20 - Haversine: (31.5457488, 73.0148993) → (31.5015436, 73.1935631) = 17633.6 m
2026-03-16 01:56:39.852 | DEBUG    | utils.geo_utils:haversine_distance:20 - Haversine: (31.5457488, 73.0148993) → (31.4148239, 73.1645583) = 20331.1 m
2026-03-16 01:56:39.852 | DEBUG    | utils.geo_utils:haversine_distance:20 - Haversine: (31.5457488, 73.0148993) → (31.4319273, 73.0907774) = 14558.5 m
2026-03-16 01:56:39.852 | DEBUG    | utils.geo_utils:haversine_distance:20 - Haversine: (31.5457488, 73.0148993) → (31.4186759, 73.0443624) = 14403.4 m
2026-03-16 01:56:39.852 | DEBUG    | utils.geo_utils:haversine_distance:20 - Haversine: (31.5457488, 73.0148993) → (31.3776138, 73.0904372) = 20021.6 m
2026-03-16 01:56:39.852 | DEBUG    | utils.geo_utils:haversine_distance:20 - Haversine: (31.5457488, 73.0148993) → (31.311923, 73.1917425) = 30944.3 m
2026-03-16 01:56:39.852 | DEBUG    | utils.geo_utils:haversine_distance:20 - Haversine: (31.5457488, 73.0148993) → (31.3581158, 73.1846103) = 26352.6 m
2026-03-16 01:56:39.852 | DEBUG    | utils.geo_utils:haversine_distance:20 - Haversine: (31.5457488, 73.0148993) → (31.307639, 73.0439916) = 26620.1 m
2026-03-16 01:56:39.852 | DEBUG    | utils.geo_utils:haversine_distance:20 - Haversine: (31.5457488, 73.0148993) → (31.3634161, 73.1141106) = 22352.1 m
2026-03-16 01:56:39.852 | DEBUG    | utils.geo_utils:haversine_distance:20 - Haversine: (31.5457488, 73.0148993) → (31.484527, 73.1521663) = 14685.3 m
2026-03-16 01:56:39.852 | DEBUG    | utils.geo_utils:haversine_distance:20 - Haversine: (31.5457488, 73.0148993) → (31.4933345, 73.0175829) = 5833.8 m
2026-03-16 01:56:39.852 | DEBUG    | utils.geo_utils:haversine_distance:20 - Haversine: (31.3351052, 73.048939) → (31.4592945, 73.0629536) = 13873.1 m
2026-03-16 01:56:39.852 | DEBUG    | utils.geo_utils:haversine_distance:20 - Haversine: (31.3351052, 73.048939) → (31.3058685, 73.1694728) = 11902.2 m
2026-03-16 01:56:39.852 | DEBUG    | utils.geo_utils:haversine_distance:20 - Haversine: (31.3351052, 73.048939) → (31.3140734, 73.0226304) = 3422.6 m
2026-03-16 01:56:39.852 | DEBUG    | utils.geo_utils:haversine_distance:20 - Haversine: (31.3351052, 73.048939) → (31.5306679, 73.1126844) = 22571.0 m
2026-03-16 01:56:39.852 | DEBUG    | utils.geo_utils:haversine_distance:20 - Haversine: (31.3351052, 73.048939) → (31.3760251, 73.034401) = 4754.9 m
2026-03-16 01:56:39.852 | DEBUG    | utils.geo_utils:haversine_distance:20 - Haversine: (31.3351052, 73.048939) → (31.404983, 73.1460277) = 12055.7 m
2026-03-16 01:56:39.853 | DEBUG    | utils.geo_utils:haversine_distance:20 - Haversine: (31.3351052, 73.048939) → (31.4212389, 73.0816409) = 10068.2 m
2026-03-16 01:56:39.853 | DEBUG    | utils.geo_utils:haversine_distance:20 - Haversine: (31.3351052, 73.048939) → (31.4658821, 73.1813423) = 19219.2 m
2026-03-16 01:56:39.853 | DEBUG    | utils.geo_utils:haversine_distance:20 - Haversine: (31.3351052, 73.048939) → (31.4509199, 73.0172282) = 13225.1 m
2026-03-16 01:56:39.853 | DEBUG    | utils.geo_utils:haversine_distance:20 - Haversine: (31.3351052, 73.048939) → (31.4351755, 73.0374493) = 11180.6 m
2026-03-16 01:56:39.853 | DEBUG    | utils.geo_utils:haversine_distance:20 - Haversine: (31.3351052, 73.048939) → (31.3333726, 73.0422104) = 667.5 m
2026-03-16 01:56:39.853 | DEBUG    | utils.geo_utils:haversine_distance:20 - Haversine: (31.4525861, 73.1780263) → (31.4592945, 73.0629536) = 10940.6 m
2026-03-16 01:56:39.853 | DEBUG    | utils.geo_utils:haversine_distance:20 - Haversine: (31.4525861, 73.1780263) → (31.3058685, 73.1694728) = 16334.4 m
2026-03-16 01:56:39.853 | DEBUG    | utils.geo_utils:haversine_distance:20 - Haversine: (31.4525861, 73.1780263) → (31.3140734, 73.0226304) = 21326.5 m
2026-03-16 01:56:39.853 | DEBUG    | utils.geo_utils:haversine_distance:20 - Haversine: (31.4525861, 73.1780263) → (31.5306679, 73.1126844) = 10666.2 m
2026-03-16 01:56:39.853 | DEBUG    | utils.geo_utils:haversine_distance:20 - Haversine: (31.4525861, 73.1780263) → (31.3760251, 73.034401) = 16069.8 m
2026-03-16 01:56:39.853 | DEBUG    | utils.geo_utils:haversine_distance:20 - Haversine: (31.4525861, 73.1780263) → (31.404983, 73.1460277) = 6102.1 m
2026-03-16 01:56:39.853 | DEBUG    | utils.geo_utils:haversine_distance:20 - Haversine: (31.4525861, 73.1780263) → (31.4212389, 73.0816409) = 9786.2 m
2026-03-16 01:56:39.853 | DEBUG    | utils.geo_utils:haversine_distance:20 - Haversine: (31.4525861, 73.1780263) → (31.4658821, 73.1813423) = 1511.5 m
2026-03-16 01:56:39.853 | DEBUG    | utils.geo_utils:haversine_distance:20 - Haversine: (31.4525861, 73.1780263) → (31.4509199, 73.0172282) = 15254.1 m
2026-03-16 01:56:39.853 | DEBUG    | utils.geo_utils:haversine_distance:20 - Haversine: (31.4525861, 73.1780263) → (31.4351755, 73.0374493) = 13475.8 m
2026-03-16 01:56:39.853 | DEBUG    | utils.geo_utils:haversine_distance:20 - Haversine: (31.4525861, 73.1780263) → (31.3333726, 73.0422104) = 18490.7 m
2026-03-16 01:56:39.853 | DEBUG    | utils.geo_utils:haversine_distance:20 - Haversine: (31.4525861, 73.1780263) → (31.5075199, 73.1005803) = 9552.4 m
2026-03-16 01:56:39.853 | DEBUG    | utils.geo_utils:haversine_distance:20 - Haversine: (31.4525861, 73.1780263) → (31.5015436, 73.1935631) = 5639.7 m
2026-03-16 01:56:39.853 | DEBUG    | utils.geo_utils:haversine_distance:20 - Haversine: (31.4525861, 73.1780263) → (31.4148239, 73.1645583) = 4389.1 m
2026-03-16 01:56:39.853 | DEBUG    | utils.geo_utils:haversine_distance:20 - Haversine: (31.4525861, 73.1780263) → (31.4319273, 73.0907774) = 8590.0 m
2026-03-16 01:56:39.853 | DEBUG    | utils.geo_utils:haversine_distance:20 - Haversine: (31.4525861, 73.1780263) → (31.4186759, 73.0443624) = 13230.0 m
2026-03-16 01:56:39.853 | DEBUG    | utils.geo_utils:haversine_distance:20 - Haversine: (31.4525861, 73.1780263) → (31.3776138, 73.0904372) = 11772.2 m
2026-03-16 01:56:39.853 | DEBUG    | utils.geo_utils:haversine_distance:20 - Haversine: (31.4525861, 73.1780263) → (31.311923, 73.1917425) = 15695.1 m
2026-03-16 01:56:39.853 | DEBUG    | utils.geo_utils:haversine_distance:20 - Haversine: (31.4525861, 73.1780263) → (31.3581158, 73.1846103) = 10523.2 m
2026-03-16 01:56:39.853 | DEBUG    | utils.geo_utils:haversine_distance:20 - Haversine: (31.4525861, 73.1780263) → (31.307639, 73.0439916) = 20534.6 m
2026-03-16 01:56:39.853 | DEBUG    | utils.geo_utils:haversine_distance:20 - Haversine: (31.4525861, 73.1780263) → (31.3634161, 73.1141106) = 11623.5 m
2026-03-16 01:56:39.853 | DEBUG    | utils.geo_utils:haversine_distance:20 - Haversine: (31.4525861, 73.1780263) → (31.484527, 73.1521663) = 4316.2 m
2026-03-16 01:56:39.853 | DEBUG    | utils.geo_utils:haversine_distance:20 - Haversine: (31.4525861, 73.1780263) → (31.4933345, 73.0175829) = 15876.2 m
2026-03-16 01:56:39.853 | DEBUG    | utils.geo_utils:haversine_distance:20 - Haversine: (31.4525861, 73.1780263) → (31.5457488, 73.0148993) = 18614.9 m
2026-03-16 01:56:39.854 | DEBUG    | utils.geo_utils:haversine_distance:20 - Haversine: (31.3832892, 73.1836007) → (31.4592945, 73.0629536) = 14229.7 m
2026-03-16 01:56:39.854 | DEBUG    | utils.geo_utils:haversine_distance:20 - Haversine: (31.3832892, 73.1836007) → (31.3058685, 73.1694728) = 8712.7 m
2026-03-16 01:56:39.854 | DEBUG    | utils.geo_utils:haversine_distance:20 - Haversine: (31.3832892, 73.1836007) → (31.3140734, 73.0226304) = 17114.3 m
2026-03-16 01:56:39.854 | DEBUG    | utils.geo_utils:haversine_distance:20 - Haversine: (31.3832892, 73.1836007) → (31.5306679, 73.1126844) = 17714.6 m
2026-03-16 01:56:39.854 | DEBUG    | utils.geo_utils:haversine_distance:20 - Haversine: (31.3832892, 73.1836007) → (31.3760251, 73.034401) = 14186.7 m
2026-03-16 01:56:39.854 | DEBUG    | utils.geo_utils:haversine_distance:20 - Haversine: (31.3832892, 73.1836007) → (31.404983, 73.1460277) = 4305.5 m
2026-03-16 01:56:39.854 | DEBUG    | utils.geo_utils:haversine_distance:20 - Haversine: (31.3832892, 73.1836007) → (31.4212389, 73.0816409) = 10556.9 m
2026-03-16 01:56:39.854 | DEBUG    | utils.geo_utils:haversine_distance:20 - Haversine: (31.3832892, 73.1836007) → (31.4658821, 73.1813423) = 9186.4 m
2026-03-16 01:56:39.854 | DEBUG    | utils.geo_utils:haversine_distance:20 - Haversine: (31.3832892, 73.1836007) → (31.4509199, 73.0172282) = 17487.2 m
2026-03-16 01:56:39.854 | DEBUG    | utils.geo_utils:haversine_distance:20 - Haversine: (31.3832892, 73.1836007) → (31.4351755, 73.0374493) = 15022.1 m
2026-03-16 01:56:39.854 | DEBUG    | utils.geo_utils:haversine_distance:20 - Haversine: (31.3832892, 73.1836007) → (31.3333726, 73.0422104) = 14527.5 m
2026-03-16 01:56:39.854 | DEBUG    | utils.geo_utils:haversine_distance:20 - Haversine: (31.3832892, 73.1836007) → (31.5075199, 73.1005803) = 15901.2 m
2026-03-16 01:56:39.854 | DEBUG    | utils.geo_utils:haversine_distance:20 - Haversine: (31.3832892, 73.1836007) → (31.5015436, 73.1935631) = 13183.2 m
2026-03-16 01:56:39.854 | DEBUG    | utils.geo_utils:haversine_distance:20 - Haversine: (31.3832892, 73.1836007) → (31.4148239, 73.1645583) = 3944.9 m
2026-03-16 01:56:39.854 | DEBUG    | utils.geo_utils:haversine_distance:20 - Haversine: (31.3832892, 73.1836007) → (31.4319273, 73.0907774) = 10336.9 m
2026-03-16 01:56:39.854 | DEBUG    | utils.geo_utils:haversine_distance:20 - Haversine: (31.3832892, 73.1836007) → (31.4186759, 73.0443624) = 13788.4 m
2026-03-16 01:56:39.855 | DEBUG    | utils.geo_utils:haversine_distance:20 - Haversine: (31.3832892, 73.1836007) → (31.3776138, 73.0904372) = 8866.5 m
2026-03-16 01:56:39.855 | DEBUG    | utils.geo_utils:haversine_distance:20 - Haversine: (31.3832892, 73.1836007) → (31.311923, 73.1917425) = 7973.1 m
2026-03-16 01:56:39.855 | DEBUG    | utils.geo_utils:haversine_distance:20 - Haversine: (31.3832892, 73.1836007) → (31.3581158, 73.1846103) = 2800.8 m
2026-03-16 01:56:39.855 | DEBUG    | utils.geo_utils:haversine_distance:20 - Haversine: (31.3832892, 73.1836007) → (31.307639, 73.0439916) = 15701.5 m
2026-03-16 01:56:39.855 | DEBUG    | utils.geo_utils:haversine_distance:20 - Haversine: (31.3832892, 73.1836007) → (31.3634161, 73.1141106) = 6957.5 m
2026-03-16 01:56:39.855 | DEBUG    | utils.geo_utils:haversine_distance:20 - Haversine: (31.3832892, 73.1836007) → (31.484527, 73.1521663) = 11645.5 m
2026-03-16 01:56:39.855 | DEBUG    | utils.geo_utils:haversine_distance:20 - Haversine: (31.3832892, 73.1836007) → (31.4933345, 73.0175829) = 19945.1 m
2026-03-16 01:56:39.855 | DEBUG    | utils.geo_utils:haversine_distance:20 - Haversine: (31.3832892, 73.1836007) → (31.5457488, 73.0148993) = 24131.9 m
2026-03-16 01:56:39.855 | DEBUG    | utils.geo_utils:haversine_distance:20 - Haversine: (31.3832892, 73.1836007) → (31.4525861, 73.1780263) = 7723.6 m
2026-03-16 01:56:39.855 | INFO     | data_pipeline.stop_builder:merge_nearby_stops:91 - Merged stops:
2026-03-16 01:56:39.855 | INFO     | data_pipeline.stop_builder:merge_nearby_stops:92 -   Before merge: 30 stops
2026-03-16 01:56:39.856 | INFO     | data_pipeline.stop_builder:merge_nearby_stops:93 -   After merge : 26 stops (merged 4 pairs/groups)
2026-03-16 01:56:39.856 | DEBUG    | data_pipeline.stop_builder:merge_nearby_stops:95 - First few merged stops: [{'student_id': 'test_001', 'name': 'Test Student 1', 'roll_no': 'TEST-6157', 'lat': 31.4592945, 'lng': 73.0629536, 'student_count': 1, 'contact': '03478060777', 'semester': 'Spring 2026', 'fee_status': 'unpaid', 'registration_status': 'pending', 'original_lat': 31.458413838955877, 'original_lng': 73.0637191090853, 'snap_distance_m': 121.91, 'merged_student_ids': ['test_001']}, {'student_id': 'test_002', 'name': 'Test Student 2', 'roll_no': 'TEST-8484', 'lat': 31.3058685, 'lng': 73.1694728, 'student_count': 1, 'contact': '03564577859', 'semester': 'Spring 2026', 'fee_status': 'unpaid', 'registration_status': 'pending', 'original_lat': 31.30724050719012, 'original_lng': 73.16254256760098, 'snap_distance_m': 675.85, 'merged_student_ids': ['test_002']}, {'student_id': 'test_003', 'name': 'Test Student 3', 'roll_no': 'TEST-6237', 'lat': 31.3140734, 'lng': 73.0226304, 'student_count': 1, 'contact': '03941421906', 'semester': 'Spring 2026', 'fee_status': 'unpaid', 'registration_status': 'pending', 'original_lat': 31.311760819408153, 'original_lng': 73.02091199809621, 'snap_distance_m': 304.59, 'merged_student_ids': ['test_003']}]
2026-03-16 01:56:41.361 | INFO     | clustering.stop_clustering:cluster_stops:30 - Clustered into 3 buses (capacity 10):
2026-03-16 01:56:41.361 | INFO     | clustering.stop_clustering:cluster_stops:33 -   Bus 0: 6 stops, 7 students
2026-03-16 01:56:41.361 | INFO     | clustering.stop_clustering:cluster_stops:33 -   Bus 1: 10 stops, 12 students
2026-03-16 01:56:41.361 | INFO     | clustering.stop_clustering:cluster_stops:33 -   Bus 2: 10 stops, 11 students
2026-03-16 01:56:42.273 | INFO     | optimization.tsp_solver:get_road_distance_matrix:38 - ORS matrix computed: 7x7
2026-03-16 01:56:57.284 | INFO     | optimization.tsp_solver:solve_tsp:123 - TSP solved: 6 stops, distance 44950 m, objective 44950
2026-03-16 01:56:57.285 | DEBUG    | optimization.tsp_solver:solve_tsp:124 - Order: ['unknown', 'unknown', 'unknown', 'unknown', 'unknown', 'unknown']
2026-03-16 01:56:57.285 | DEBUG    | optimization.route_generator:generate_route_path:57 - Requesting ORS route with 7 waypoints
2026-03-16 01:56:58.410 | INFO     | optimization.route_generator:generate_route_path:74 - ORS route generated successfully (bug-free)
2026-03-16 01:56:58.410 | INFO     | optimization.route_generator:generate_route_path:75 -   Waypoints: 6 stops → University
2026-03-16 01:56:58.410 | INFO     | optimization.route_generator:generate_route_path:76 -   Distance: 78.35 km
2026-03-16 01:56:58.410 | INFO     | optimization.route_generator:generate_route_path:77 -   Duration: 1.52 h (91 min)
2026-03-16 01:56:58.411 | DEBUG    | optimization.route_generator:generate_route_path:78 - Geometry sample (first 3 & last 3): [[73.02263, 31.314073], [73.023291, 31.314699], [73.023907, 31.315247]] ... [[73.03447, 31.602425], [73.034742, 31.602694], [73.034832, 31.602523]]
2026-03-16 01:56:58.412 | INFO     | optimization.store_routes:compute_fee_per_student:29 - Fee calc: 53729 PKR/student | dist=78.4km | students=7
2026-03-16 01:57:01.250 | DEBUG    | optimization.store_routes:store_optimized_routes:100 - Stored stop R1_stop1 (R1)
2026-03-16 01:57:01.798 | DEBUG    | optimization.store_routes:store_optimized_routes:100 - Stored stop R1_stop2 (R1)
2026-03-16 01:57:04.090 | DEBUG    | optimization.store_routes:store_optimized_routes:100 - Stored stop R1_stop3 (R1)
2026-03-16 01:57:04.646 | DEBUG    | optimization.store_routes:store_optimized_routes:100 - Stored stop R1_stop4 (R1)
2026-03-16 01:57:07.002 | DEBUG    | optimization.store_routes:store_optimized_routes:100 - Stored stop R1_stop5 (R1)
2026-03-16 01:57:07.590 | DEBUG    | optimization.store_routes:store_optimized_routes:100 - Stored stop R1_stop6 (R1)
2026-03-16 01:57:08.737 | INFO     | optimization.store_routes:store_optimized_routes:124 - Stored route route_0 (R1): 6 stops, 78.35 km
2026-03-16 01:57:09.563 | INFO     | optimization.tsp_solver:get_road_distance_matrix:38 - ORS matrix computed: 11x11
2026-03-16 01:57:24.566 | INFO     | optimization.tsp_solver:solve_tsp:123 - TSP solved: 10 stops, distance 73147 m, objective 73147
2026-03-16 01:57:24.567 | DEBUG    | optimization.tsp_solver:solve_tsp:124 - Order: ['unknown', 'unknown', 'unknown', 'unknown', 'unknown', 'unknown', 'unknown', 'unknown', 'unknown', 'unknown']
2026-03-16 01:57:24.567 | DEBUG    | optimization.route_generator:generate_route_path:57 - Requesting ORS route with 11 waypoints
2026-03-16 01:57:25.753 | INFO     | optimization.route_generator:generate_route_path:74 - ORS route generated successfully (bug-free)
2026-03-16 01:57:25.753 | INFO     | optimization.route_generator:generate_route_path:75 -   Waypoints: 10 stops → University
2026-03-16 01:57:25.753 | INFO     | optimization.route_generator:generate_route_path:76 -   Distance: 89.92 km
2026-03-16 01:57:25.754 | INFO     | optimization.route_generator:generate_route_path:77 -   Duration: 1.92 h (115 min)
2026-03-16 01:57:25.754 | DEBUG    | optimization.route_generator:generate_route_path:78 - Geometry sample (first 3 & last 3): [[73.169473, 31.305869], [73.169389, 31.309473], [73.169168, 31.318912]] ... [[73.03447, 31.602425], [73.034742, 31.602694], [73.034832, 31.602523]]
2026-03-16 01:57:25.755 | INFO     | optimization.store_routes:compute_fee_per_student:29 - Fee calc: 35969 PKR/student | dist=89.9km | students=12
2026-03-16 01:57:26.300 | DEBUG    | optimization.store_routes:store_optimized_routes:100 - Stored stop R2_stop1 (R2)
2026-03-16 01:57:28.614 | DEBUG    | optimization.store_routes:store_optimized_routes:100 - Stored stop R2_stop2 (R2)
2026-03-16 01:57:29.164 | DEBUG    | optimization.store_routes:store_optimized_routes:100 - Stored stop R2_stop3 (R2)
2026-03-16 01:57:31.466 | DEBUG    | optimization.store_routes:store_optimized_routes:100 - Stored stop R2_stop4 (R2)
2026-03-16 01:57:32.085 | DEBUG    | optimization.store_routes:store_optimized_routes:100 - Stored stop R2_stop5 (R2)
2026-03-16 01:57:34.369 | DEBUG    | optimization.store_routes:store_optimized_routes:100 - Stored stop R2_stop6 (R2)
2026-03-16 01:57:34.991 | DEBUG    | optimization.store_routes:store_optimized_routes:100 - Stored stop R2_stop7 (R2)
2026-03-16 01:57:37.225 | DEBUG    | optimization.store_routes:store_optimized_routes:100 - Stored stop R2_stop8 (R2)
2026-03-16 01:57:38.099 | DEBUG    | optimization.store_routes:store_optimized_routes:100 - Stored stop R2_stop9 (R2)
2026-03-16 01:57:38.642 | DEBUG    | optimization.store_routes:store_optimized_routes:100 - Stored stop R2_stop10 (R2)
2026-03-16 01:57:39.796 | INFO     | optimization.store_routes:store_optimized_routes:124 - Stored route route_1 (R2): 10 stops, 89.92 km
2026-03-16 01:57:40.628 | INFO     | optimization.tsp_solver:get_road_distance_matrix:38 - ORS matrix computed: 11x11
2026-03-16 01:57:55.630 | INFO     | optimization.tsp_solver:solve_tsp:123 - TSP solved: 10 stops, distance 69272 m, objective 69272
2026-03-16 01:57:55.631 | DEBUG    | optimization.tsp_solver:solve_tsp:124 - Order: ['unknown', 'unknown', 'unknown', 'unknown', 'unknown', 'unknown', 'unknown', 'unknown', 'unknown', 'unknown']
2026-03-16 01:57:55.631 | DEBUG    | optimization.route_generator:generate_route_path:57 - Requesting ORS route with 11 waypoints
2026-03-16 01:57:56.739 | INFO     | optimization.route_generator:generate_route_path:74 - ORS route generated successfully (bug-free)
2026-03-16 01:57:56.739 | INFO     | optimization.route_generator:generate_route_path:75 -   Waypoints: 10 stops → University
2026-03-16 01:57:56.739 | INFO     | optimization.route_generator:generate_route_path:76 -   Distance: 73.87 km
2026-03-16 01:57:56.740 | INFO     | optimization.route_generator:generate_route_path:77 -   Duration: 1.45 h (87 min)
2026-03-16 01:57:56.740 | DEBUG    | optimization.route_generator:generate_route_path:78 - Geometry sample (first 3 & last 3): [[73.062954, 31.459295], [73.063958, 31.459524], [73.065264, 31.459823]] ... [[73.03447, 31.602425], [73.034742, 31.602694], [73.034832, 31.602523]]
2026-03-16 01:57:56.741 | INFO     | optimization.store_routes:compute_fee_per_student:29 - Fee calc: 32235 PKR/student | dist=73.9km | students=11
2026-03-16 01:57:57.286 | DEBUG    | optimization.store_routes:store_optimized_routes:100 - Stored stop R3_stop1 (R3)
2026-03-16 01:57:57.821 | DEBUG    | optimization.store_routes:store_optimized_routes:100 - Stored stop R3_stop2 (R3)
2026-03-16 01:57:58.350 | DEBUG    | optimization.store_routes:store_optimized_routes:100 - Stored stop R3_stop3 (R3)
2026-03-16 01:57:58.885 | DEBUG    | optimization.store_routes:store_optimized_routes:100 - Stored stop R3_stop4 (R3)
2026-03-16 01:57:59.475 | DEBUG    | optimization.store_routes:store_optimized_routes:100 - Stored stop R3_stop5 (R3)
2026-03-16 01:58:00.018 | DEBUG    | optimization.store_routes:store_optimized_routes:100 - Stored stop R3_stop6 (R3)
2026-03-16 01:58:00.599 | DEBUG    | optimization.store_routes:store_optimized_routes:100 - Stored stop R3_stop7 (R3)
2026-03-16 01:58:01.133 | DEBUG    | optimization.store_routes:store_optimized_routes:100 - Stored stop R3_stop8 (R3)
2026-03-16 01:58:01.671 | DEBUG    | optimization.store_routes:store_optimized_routes:100 - Stored stop R3_stop9 (R3)
2026-03-16 01:58:02.269 | DEBUG    | optimization.store_routes:store_optimized_routes:100 - Stored stop R3_stop10 (R3)
2026-03-16 01:58:03.339 | INFO     | optimization.store_routes:store_optimized_routes:124 - Stored route route_2 (R3): 10 stops, 73.87 km
2026-03-16 01:58:03.340 | INFO     | optimization.store_routes:store_optimized_routes:130 - Back-filling route_id on 26 stops...
2026-03-16 01:58:03.901 | DEBUG    | optimization.store_routes:store_optimized_routes:148 - Final batch: 26 writes
2026-03-16 01:58:03.901 | INFO     | optimization.store_routes:store_optimized_routes:150 - Done: 3 routes | 26 stops stored
2026-03-16 01:58:03.903 | INFO     | api.main:run_optimization:64 - Pipeline completed successfully | 3 buses processed
2026-03-16 02:01:27.015 | INFO     | database.firebase:<module>:12 - Firebase Admin SDK initialized successfully
2026-03-16 02:02:24.307 | INFO     | database.firebase:<module>:12 - Firebase Admin SDK initialized successfully
2026-03-16 02:02:31.320 | INFO     | api.main:run_optimization:29 - Starting full route optimization pipeline
2026-03-16 02:02:35.323 | INFO     | data_pipeline.student_loader:load_student_stops:42 - Loaded 30 student stops from Firestore
2026-03-16 02:02:35.323 | DEBUG    | data_pipeline.student_loader:load_student_stops:43 - First 3 stops (sample): [{'student_id': 'test_001', 'name': 'Test Student 1', 'roll_no': 'TEST-6157', 'lat': 31.458413838955877, 'lng': 73.0637191090853, 'student_count': 1, 'contact': '03478060777', 'semester': 'Spring 2026', 'fee_status': 'unpaid', 'registration_status': 'pending'}, {'student_id': 'test_002', 'name': 'Test Student 2', 'roll_no': 'TEST-8484', 'lat': 31.30724050719012, 'lng': 73.16254256760098, 'student_count': 1, 'contact': '03564577859', 'semester': 'Spring 2026', 'fee_status': 'unpaid', 'registration_status': 'pending'}, {'student_id': 'test_003', 'name': 'Test Student 3', 'roll_no': 'TEST-6237', 'lat': 31.311760819408153, 'lng': 73.02091199809621, 'student_count': 1, 'contact': '03941421906', 'semester': 'Spring 2026', 'fee_status': 'unpaid', 'registration_status': 'pending'}]
2026-03-16 02:02:35.323 | INFO     | osm.fetch_roads:fetch_or_load_road_graph:19 - Loading cached Faisalabad road graph...
2026-03-16 02:02:40.765 | INFO     | osm.fetch_roads:fetch_or_load_road_graph:21 - Loaded graph with 50872 nodes and 144715 edges
2026-03-16 02:02:40.904 | INFO     | osm.road_filter:filter_main_roads:38 - Filtered graph:
2026-03-16 02:02:40.949 | INFO     | osm.road_filter:filter_main_roads:39 -   Original: 50872 nodes, 144715 edges
2026-03-16 02:02:41.081 | INFO     | osm.road_filter:filter_main_roads:40 -   After filter (main roads only): 7460 nodes, 12863 edges
2026-03-16 02:02:41.294 | DEBUG    | utils.distance_utils:build_node_balltree:29 - Built BallTree with 7460 nodes
2026-03-16 02:02:41.295 | DEBUG    | utils.geo_utils:haversine_distance:20 - Haversine: (31.458413838955877, 73.0637191090853) → (31.4592945, 73.0629536) = 121.9 m
2026-03-16 02:02:41.295 | DEBUG    | utils.distance_utils:find_nearest_road_point:56 - Nearest road node to (31.458413838955877, 73.0637191090853): (31.459294, 73.062954) — 121.9m
2026-03-16 02:02:41.295 | DEBUG    | utils.geo_utils:haversine_distance:20 - Haversine: (31.458413838955877, 73.0637191090853) → (31.4592945, 73.0629536) = 121.9 m
2026-03-16 02:02:41.295 | DEBUG    | data_pipeline.stop_builder:snap_stops_to_roads:38 - Snapped Test Student 1 (TEST-6157): 121.9m
2026-03-16 02:02:41.315 | DEBUG    | utils.distance_utils:build_node_balltree:29 - Built BallTree with 7460 nodes
2026-03-16 02:02:41.318 | DEBUG    | utils.geo_utils:haversine_distance:20 - Haversine: (31.30724050719012, 73.16254256760098) → (31.3058685, 73.1694728) = 675.8 m
2026-03-16 02:02:41.318 | DEBUG    | utils.distance_utils:find_nearest_road_point:56 - Nearest road node to (31.30724050719012, 73.16254256760098): (31.305868, 73.169473) — 675.8m
2026-03-16 02:02:41.318 | DEBUG    | utils.geo_utils:haversine_distance:20 - Haversine: (31.30724050719012, 73.16254256760098) → (31.3058685, 73.1694728) = 675.8 m
2026-03-16 02:02:41.318 | DEBUG    | data_pipeline.stop_builder:snap_stops_to_roads:38 - Snapped Test Student 2 (TEST-8484): 675.8m
2026-03-16 02:02:41.336 | DEBUG    | utils.distance_utils:build_node_balltree:29 - Built BallTree with 7460 nodes
2026-03-16 02:02:41.337 | DEBUG    | utils.geo_utils:haversine_distance:20 - Haversine: (31.311760819408153, 73.02091199809621) → (31.3140734, 73.0226304) = 304.6 m
2026-03-16 02:02:41.337 | DEBUG    | utils.distance_utils:find_nearest_road_point:56 - Nearest road node to (31.311760819408153, 73.02091199809621): (31.314073, 73.022630) — 304.6m
2026-03-16 02:02:41.338 | DEBUG    | utils.geo_utils:haversine_distance:20 - Haversine: (31.311760819408153, 73.02091199809621) → (31.3140734, 73.0226304) = 304.6 m
2026-03-16 02:02:41.338 | DEBUG    | data_pipeline.stop_builder:snap_stops_to_roads:38 - Snapped Test Student 3 (TEST-6237): 304.6m
2026-03-16 02:02:41.351 | DEBUG    | utils.distance_utils:build_node_balltree:29 - Built BallTree with 7460 nodes
2026-03-16 02:02:41.352 | DEBUG    | utils.geo_utils:haversine_distance:20 - Haversine: (31.533562499900963, 73.11715504190414) → (31.5306679, 73.1126844) = 532.1 m
2026-03-16 02:02:41.352 | DEBUG    | utils.distance_utils:find_nearest_road_point:56 - Nearest road node to (31.533562499900963, 73.11715504190414): (31.530668, 73.112684) — 532.1m
2026-03-16 02:02:41.353 | DEBUG    | utils.geo_utils:haversine_distance:20 - Haversine: (31.533562499900963, 73.11715504190414) → (31.5306679, 73.1126844) = 532.1 m
2026-03-16 02:02:41.353 | DEBUG    | data_pipeline.stop_builder:snap_stops_to_roads:38 - Snapped Test Student 4 (TEST-8418): 532.1m
2026-03-16 02:02:41.369 | DEBUG    | utils.distance_utils:build_node_balltree:29 - Built BallTree with 7460 nodes
2026-03-16 02:02:41.369 | DEBUG    | utils.geo_utils:haversine_distance:20 - Haversine: (31.37420969279616, 73.03062856138061) → (31.3760251, 73.034401) = 411.1 m
2026-03-16 02:02:41.369 | DEBUG    | utils.distance_utils:find_nearest_road_point:56 - Nearest road node to (31.37420969279616, 73.03062856138061): (31.376025, 73.034401) — 411.1m
2026-03-16 02:02:41.370 | DEBUG    | utils.geo_utils:haversine_distance:20 - Haversine: (31.37420969279616, 73.03062856138061) → (31.3760251, 73.034401) = 411.1 m
2026-03-16 02:02:41.370 | DEBUG    | data_pipeline.stop_builder:snap_stops_to_roads:38 - Snapped Test Student 5 (TEST-6520): 411.1m
2026-03-16 02:02:41.385 | DEBUG    | utils.distance_utils:build_node_balltree:29 - Built BallTree with 7460 nodes
2026-03-16 02:02:41.386 | DEBUG    | utils.geo_utils:haversine_distance:20 - Haversine: (31.40454658844303, 73.14636523904765) → (31.404983, 73.1460277) = 58.1 m
2026-03-16 02:02:41.386 | DEBUG    | utils.distance_utils:find_nearest_road_point:56 - Nearest road node to (31.40454658844303, 73.14636523904765): (31.404983, 73.146028) — 58.1m
2026-03-16 02:02:41.386 | DEBUG    | utils.geo_utils:haversine_distance:20 - Haversine: (31.40454658844303, 73.14636523904765) → (31.404983, 73.1460277) = 58.1 m
2026-03-16 02:02:41.386 | DEBUG    | data_pipeline.stop_builder:snap_stops_to_roads:38 - Snapped Test Student 6 (TEST-7381): 58.1m
2026-03-16 02:02:41.401 | DEBUG    | utils.distance_utils:build_node_balltree:29 - Built BallTree with 7460 nodes
2026-03-16 02:02:41.401 | DEBUG    | utils.geo_utils:haversine_distance:20 - Haversine: (31.421274233165047, 73.08161667127081) → (31.4212389, 73.0816409) = 4.6 m
2026-03-16 02:02:41.402 | DEBUG    | utils.distance_utils:find_nearest_road_point:56 - Nearest road node to (31.421274233165047, 73.08161667127081): (31.421239, 73.081641) — 4.6m
2026-03-16 02:02:41.402 | DEBUG    | utils.geo_utils:haversine_distance:20 - Haversine: (31.421274233165047, 73.08161667127081) → (31.4212389, 73.0816409) = 4.6 m
2026-03-16 02:02:41.402 | DEBUG    | data_pipeline.stop_builder:snap_stops_to_roads:38 - Snapped Test Student 7 (TEST-2361): 4.6m
2026-03-16 02:02:41.420 | DEBUG    | utils.distance_utils:build_node_balltree:29 - Built BallTree with 7460 nodes
2026-03-16 02:02:41.421 | DEBUG    | utils.geo_utils:haversine_distance:20 - Haversine: (31.471541374996544, 73.18015119041905) → (31.4658821, 73.1813423) = 639.3 m
2026-03-16 02:02:41.421 | DEBUG    | utils.distance_utils:find_nearest_road_point:56 - Nearest road node to (31.471541374996544, 73.18015119041905): (31.465882, 73.181342) — 639.3m
2026-03-16 02:02:41.422 | DEBUG    | utils.geo_utils:haversine_distance:20 - Haversine: (31.471541374996544, 73.18015119041905) → (31.4658821, 73.1813423) = 639.3 m
2026-03-16 02:02:41.422 | DEBUG    | data_pipeline.stop_builder:snap_stops_to_roads:38 - Snapped Test Student 8 (TEST-3539): 639.3m
2026-03-16 02:02:41.441 | DEBUG    | utils.distance_utils:build_node_balltree:29 - Built BallTree with 7460 nodes
2026-03-16 02:02:41.442 | DEBUG    | utils.geo_utils:haversine_distance:20 - Haversine: (31.462991225546673, 73.18368262771163) → (31.4633642, 73.185041) = 135.3 m
2026-03-16 02:02:41.442 | DEBUG    | utils.distance_utils:find_nearest_road_point:56 - Nearest road node to (31.462991225546673, 73.18368262771163): (31.463364, 73.185041) — 135.3m
2026-03-16 02:02:41.442 | DEBUG    | utils.geo_utils:haversine_distance:20 - Haversine: (31.462991225546673, 73.18368262771163) → (31.4633642, 73.185041) = 135.3 m
2026-03-16 02:02:41.442 | DEBUG    | data_pipeline.stop_builder:snap_stops_to_roads:38 - Snapped Test Student 9 (TEST-5402): 135.3m
2026-03-16 02:02:41.458 | DEBUG    | utils.distance_utils:build_node_balltree:29 - Built BallTree with 7460 nodes
2026-03-16 02:02:41.458 | DEBUG    | utils.geo_utils:haversine_distance:20 - Haversine: (31.454509244866568, 73.0171669199355) → (31.4509199, 73.0172282) = 399.2 m
2026-03-16 02:02:41.459 | DEBUG    | utils.distance_utils:find_nearest_road_point:56 - Nearest road node to (31.454509244866568, 73.0171669199355): (31.450920, 73.017228) — 399.2m
2026-03-16 02:02:41.459 | DEBUG    | utils.geo_utils:haversine_distance:20 - Haversine: (31.454509244866568, 73.0171669199355) → (31.4509199, 73.0172282) = 399.2 m
2026-03-16 02:02:41.459 | DEBUG    | data_pipeline.stop_builder:snap_stops_to_roads:38 - Snapped Test Student 10 (TEST-5949): 399.2m
2026-03-16 02:02:41.476 | DEBUG    | utils.distance_utils:build_node_balltree:29 - Built BallTree with 7460 nodes
2026-03-16 02:02:41.477 | DEBUG    | utils.geo_utils:haversine_distance:20 - Haversine: (31.435283147809344, 73.0372506419147) → (31.4351755, 73.0374493) = 22.3 m
2026-03-16 02:02:41.477 | DEBUG    | utils.distance_utils:find_nearest_road_point:56 - Nearest road node to (31.435283147809344, 73.0372506419147): (31.435175, 73.037449) — 22.3m
2026-03-16 02:02:41.477 | DEBUG    | utils.geo_utils:haversine_distance:20 - Haversine: (31.435283147809344, 73.0372506419147) → (31.4351755, 73.0374493) = 22.3 m
2026-03-16 02:02:41.477 | DEBUG    | data_pipeline.stop_builder:snap_stops_to_roads:38 - Snapped Test Student 11 (TEST-6934): 22.3m
2026-03-16 02:02:41.497 | DEBUG    | utils.distance_utils:build_node_balltree:29 - Built BallTree with 7460 nodes
2026-03-16 02:02:41.499 | DEBUG    | utils.geo_utils:haversine_distance:20 - Haversine: (31.338969478374853, 73.04196590548838) → (31.3333726, 73.0422104) = 622.8 m
2026-03-16 02:02:41.499 | DEBUG    | utils.distance_utils:find_nearest_road_point:56 - Nearest road node to (31.338969478374853, 73.04196590548838): (31.333373, 73.042210) — 622.8m
2026-03-16 02:02:41.499 | DEBUG    | utils.geo_utils:haversine_distance:20 - Haversine: (31.338969478374853, 73.04196590548838) → (31.3333726, 73.0422104) = 622.8 m
2026-03-16 02:02:41.499 | DEBUG    | data_pipeline.stop_builder:snap_stops_to_roads:38 - Snapped Test Student 12 (TEST-1265): 622.8m
2026-03-16 02:02:41.516 | DEBUG    | utils.distance_utils:build_node_balltree:29 - Built BallTree with 7460 nodes
2026-03-16 02:02:41.517 | DEBUG    | utils.geo_utils:haversine_distance:20 - Haversine: (31.505407374514913, 73.10140619881646) → (31.5075199, 73.1005803) = 247.6 m
2026-03-16 02:02:41.518 | DEBUG    | utils.distance_utils:find_nearest_road_point:56 - Nearest road node to (31.505407374514913, 73.10140619881646): (31.507520, 73.100580) — 247.6m
2026-03-16 02:02:41.518 | DEBUG    | utils.geo_utils:haversine_distance:20 - Haversine: (31.505407374514913, 73.10140619881646) → (31.5075199, 73.1005803) = 247.6 m
2026-03-16 02:02:41.518 | DEBUG    | data_pipeline.stop_builder:snap_stops_to_roads:38 - Snapped Test Student 13 (TEST-3811): 247.6m
2026-03-16 02:02:41.532 | DEBUG    | utils.distance_utils:build_node_balltree:29 - Built BallTree with 7460 nodes
2026-03-16 02:02:41.533 | DEBUG    | utils.geo_utils:haversine_distance:20 - Haversine: (31.49770557766422, 73.19724787872693) → (31.5015436, 73.1935631) = 551.5 m
2026-03-16 02:02:41.533 | DEBUG    | utils.distance_utils:find_nearest_road_point:56 - Nearest road node to (31.49770557766422, 73.19724787872693): (31.501544, 73.193563) — 551.5m
2026-03-16 02:02:41.533 | DEBUG    | utils.geo_utils:haversine_distance:20 - Haversine: (31.49770557766422, 73.19724787872693) → (31.5015436, 73.1935631) = 551.5 m
2026-03-16 02:02:41.533 | DEBUG    | data_pipeline.stop_builder:snap_stops_to_roads:38 - Snapped Test Student 14 (TEST-3741): 551.5m
2026-03-16 02:02:41.547 | DEBUG    | utils.distance_utils:build_node_balltree:29 - Built BallTree with 7460 nodes
2026-03-16 02:02:41.548 | DEBUG    | utils.geo_utils:haversine_distance:20 - Haversine: (31.410508808523392, 73.1658002081659) → (31.4148239, 73.1645583) = 494.1 m
2026-03-16 02:02:41.548 | DEBUG    | utils.distance_utils:find_nearest_road_point:56 - Nearest road node to (31.410508808523392, 73.1658002081659): (31.414824, 73.164558) — 494.1m
2026-03-16 02:02:41.548 | DEBUG    | utils.geo_utils:haversine_distance:20 - Haversine: (31.410508808523392, 73.1658002081659) → (31.4148239, 73.1645583) = 494.1 m
2026-03-16 02:02:41.548 | DEBUG    | data_pipeline.stop_builder:snap_stops_to_roads:38 - Snapped Test Student 15 (TEST-3289): 494.1m
2026-03-16 02:02:41.562 | DEBUG    | utils.distance_utils:build_node_balltree:29 - Built BallTree with 7460 nodes
2026-03-16 02:02:41.563 | DEBUG    | utils.geo_utils:haversine_distance:20 - Haversine: (31.453846258864505, 73.19186046525185) → (31.4644729, 73.1882307) = 1230.8 m
2026-03-16 02:02:41.563 | DEBUG    | utils.distance_utils:find_nearest_road_point:56 - Nearest road node to (31.453846258864505, 73.19186046525185): (31.464473, 73.188231) — 1230.8m
2026-03-16 02:02:41.564 | DEBUG    | utils.geo_utils:haversine_distance:20 - Haversine: (31.453846258864505, 73.19186046525185) → (31.4644729, 73.1882307) = 1230.8 m
2026-03-16 02:02:41.564 | DEBUG    | data_pipeline.stop_builder:snap_stops_to_roads:38 - Snapped Test Student 16 (TEST-7780): 1230.8m
2026-03-16 02:02:41.580 | DEBUG    | utils.distance_utils:build_node_balltree:29 - Built BallTree with 7460 nodes
2026-03-16 02:02:41.581 | DEBUG    | utils.geo_utils:haversine_distance:20 - Haversine: (31.43255994006893, 73.09146942366137) → (31.4319273, 73.0907774) = 96.2 m
2026-03-16 02:02:41.581 | DEBUG    | utils.distance_utils:find_nearest_road_point:56 - Nearest road node to (31.43255994006893, 73.09146942366137): (31.431927, 73.090777) — 96.2m
2026-03-16 02:02:41.582 | DEBUG    | utils.geo_utils:haversine_distance:20 - Haversine: (31.43255994006893, 73.09146942366137) → (31.4319273, 73.0907774) = 96.2 m
2026-03-16 02:02:41.582 | DEBUG    | data_pipeline.stop_builder:snap_stops_to_roads:38 - Snapped Test Student 17 (TEST-9541): 96.2m
2026-03-16 02:02:41.598 | DEBUG    | utils.distance_utils:build_node_balltree:29 - Built BallTree with 7460 nodes
2026-03-16 02:02:41.599 | DEBUG    | utils.geo_utils:haversine_distance:20 - Haversine: (31.420894050774614, 73.04499703820537) → (31.4186759, 73.0443624) = 253.9 m
2026-03-16 02:02:41.599 | DEBUG    | utils.distance_utils:find_nearest_road_point:56 - Nearest road node to (31.420894050774614, 73.04499703820537): (31.418676, 73.044362) — 253.9m
2026-03-16 02:02:41.599 | DEBUG    | utils.geo_utils:haversine_distance:20 - Haversine: (31.420894050774614, 73.04499703820537) → (31.4186759, 73.0443624) = 253.9 m
2026-03-16 02:02:41.599 | DEBUG    | data_pipeline.stop_builder:snap_stops_to_roads:38 - Snapped Test Student 18 (TEST-6035): 253.9m
2026-03-16 02:02:41.616 | DEBUG    | utils.distance_utils:build_node_balltree:29 - Built BallTree with 7460 nodes
2026-03-16 02:02:41.617 | DEBUG    | utils.geo_utils:haversine_distance:20 - Haversine: (31.375966108321286, 73.0928831225039) → (31.3776138, 73.0904372) = 295.8 m
2026-03-16 02:02:41.617 | DEBUG    | utils.distance_utils:find_nearest_road_point:56 - Nearest road node to (31.375966108321286, 73.0928831225039): (31.377614, 73.090437) — 295.8m
2026-03-16 02:02:41.618 | DEBUG    | utils.geo_utils:haversine_distance:20 - Haversine: (31.375966108321286, 73.0928831225039) → (31.3776138, 73.0904372) = 295.8 m
2026-03-16 02:02:41.618 | DEBUG    | data_pipeline.stop_builder:snap_stops_to_roads:38 - Snapped Test Student 19 (TEST-4787): 295.8m
2026-03-16 02:02:41.632 | DEBUG    | utils.distance_utils:build_node_balltree:29 - Built BallTree with 7460 nodes
2026-03-16 02:02:41.634 | DEBUG    | utils.geo_utils:haversine_distance:20 - Haversine: (31.317031325416544, 73.19463764719963) → (31.311923, 73.1917425) = 631.1 m
2026-03-16 02:02:41.634 | DEBUG    | utils.distance_utils:find_nearest_road_point:56 - Nearest road node to (31.317031325416544, 73.19463764719963): (31.311923, 73.191743) — 631.1m
2026-03-16 02:02:41.634 | DEBUG    | utils.geo_utils:haversine_distance:20 - Haversine: (31.317031325416544, 73.19463764719963) → (31.311923, 73.1917425) = 631.1 m
2026-03-16 02:02:41.634 | DEBUG    | data_pipeline.stop_builder:snap_stops_to_roads:38 - Snapped Test Student 20 (TEST-2854): 631.1m
2026-03-16 02:02:41.655 | DEBUG    | utils.distance_utils:build_node_balltree:29 - Built BallTree with 7460 nodes
2026-03-16 02:02:41.656 | DEBUG    | utils.geo_utils:haversine_distance:20 - Haversine: (31.358964005746834, 73.18223009691991) → (31.3581158, 73.1846103) = 244.9 m
2026-03-16 02:02:41.656 | DEBUG    | utils.distance_utils:find_nearest_road_point:56 - Nearest road node to (31.358964005746834, 73.18223009691991): (31.358116, 73.184610) — 244.9m
2026-03-16 02:02:41.656 | DEBUG    | utils.geo_utils:haversine_distance:20 - Haversine: (31.358964005746834, 73.18223009691991) → (31.3581158, 73.1846103) = 244.9 m
2026-03-16 02:02:41.656 | DEBUG    | data_pipeline.stop_builder:snap_stops_to_roads:38 - Snapped Test Student 21 (TEST-9412): 244.9m
2026-03-16 02:02:41.669 | DEBUG    | utils.distance_utils:build_node_balltree:29 - Built BallTree with 7460 nodes
2026-03-16 02:02:41.670 | DEBUG    | utils.geo_utils:haversine_distance:20 - Haversine: (31.30626302932068, 73.04385574113304) → (31.307639, 73.0439916) = 153.5 m
2026-03-16 02:02:41.670 | DEBUG    | utils.distance_utils:find_nearest_road_point:56 - Nearest road node to (31.30626302932068, 73.04385574113304): (31.307639, 73.043992) — 153.5m
2026-03-16 02:02:41.670 | DEBUG    | utils.geo_utils:haversine_distance:20 - Haversine: (31.30626302932068, 73.04385574113304) → (31.307639, 73.0439916) = 153.5 m
2026-03-16 02:02:41.671 | DEBUG    | data_pipeline.stop_builder:snap_stops_to_roads:38 - Snapped Test Student 22 (TEST-1978): 153.5m
2026-03-16 02:02:41.689 | DEBUG    | utils.distance_utils:build_node_balltree:29 - Built BallTree with 7460 nodes
2026-03-16 02:02:41.691 | DEBUG    | utils.geo_utils:haversine_distance:20 - Haversine: (31.51642390521156, 73.10410284025417) → (31.5119632, 73.1053388) = 509.7 m
2026-03-16 02:02:41.691 | DEBUG    | utils.distance_utils:find_nearest_road_point:56 - Nearest road node to (31.51642390521156, 73.10410284025417): (31.511963, 73.105339) — 509.7m
2026-03-16 02:02:41.691 | DEBUG    | utils.geo_utils:haversine_distance:20 - Haversine: (31.51642390521156, 73.10410284025417) → (31.5119632, 73.1053388) = 509.7 m
2026-03-16 02:02:41.691 | DEBUG    | data_pipeline.stop_builder:snap_stops_to_roads:38 - Snapped Test Student 23 (TEST-7806): 509.7m
2026-03-16 02:02:41.705 | DEBUG    | utils.distance_utils:build_node_balltree:29 - Built BallTree with 7460 nodes
2026-03-16 02:02:41.706 | DEBUG    | utils.geo_utils:haversine_distance:20 - Haversine: (31.362837221310617, 73.11591751859528) → (31.3634161, 73.1141106) = 183.2 m
2026-03-16 02:02:41.706 | DEBUG    | utils.distance_utils:find_nearest_road_point:56 - Nearest road node to (31.362837221310617, 73.11591751859528): (31.363416, 73.114111) — 183.2m
2026-03-16 02:02:41.706 | DEBUG    | utils.geo_utils:haversine_distance:20 - Haversine: (31.362837221310617, 73.11591751859528) → (31.3634161, 73.1141106) = 183.2 m
2026-03-16 02:02:41.706 | DEBUG    | data_pipeline.stop_builder:snap_stops_to_roads:38 - Snapped Test Student 24 (TEST-4522): 183.2m
2026-03-16 02:02:41.726 | DEBUG    | utils.distance_utils:build_node_balltree:29 - Built BallTree with 7460 nodes
2026-03-16 02:02:41.727 | DEBUG    | utils.geo_utils:haversine_distance:20 - Haversine: (31.483879217724777, 73.14836129155259) → (31.484527, 73.1521663) = 367.9 m
2026-03-16 02:02:41.727 | DEBUG    | utils.distance_utils:find_nearest_road_point:56 - Nearest road node to (31.483879217724777, 73.14836129155259): (31.484527, 73.152166) — 367.9m
2026-03-16 02:02:41.728 | DEBUG    | utils.geo_utils:haversine_distance:20 - Haversine: (31.483879217724777, 73.14836129155259) → (31.484527, 73.1521663) = 367.9 m
2026-03-16 02:02:41.728 | DEBUG    | data_pipeline.stop_builder:snap_stops_to_roads:38 - Snapped Test Student 25 (TEST-1878): 367.9m
2026-03-16 02:02:41.743 | DEBUG    | utils.distance_utils:build_node_balltree:29 - Built BallTree with 7460 nodes
2026-03-16 02:02:41.744 | DEBUG    | utils.geo_utils:haversine_distance:20 - Haversine: (31.49899214065563, 73.01267256501768) → (31.4933345, 73.0175829) = 782.6 m
2026-03-16 02:02:41.744 | DEBUG    | utils.distance_utils:find_nearest_road_point:56 - Nearest road node to (31.49899214065563, 73.01267256501768): (31.493334, 73.017583) — 782.6m
2026-03-16 02:02:41.744 | DEBUG    | utils.geo_utils:haversine_distance:20 - Haversine: (31.49899214065563, 73.01267256501768) → (31.4933345, 73.0175829) = 782.6 m
2026-03-16 02:02:41.744 | DEBUG    | data_pipeline.stop_builder:snap_stops_to_roads:38 - Snapped Test Student 26 (TEST-4804): 782.6m
2026-03-16 02:02:41.761 | DEBUG    | utils.distance_utils:build_node_balltree:29 - Built BallTree with 7460 nodes
2026-03-16 02:02:41.762 | DEBUG    | utils.geo_utils:haversine_distance:20 - Haversine: (31.548342691203697, 73.01431024578238) → (31.5457488, 73.0148993) = 293.8 m
2026-03-16 02:02:41.762 | DEBUG    | utils.distance_utils:find_nearest_road_point:56 - Nearest road node to (31.548342691203697, 73.01431024578238): (31.545749, 73.014899) — 293.8m
2026-03-16 02:02:41.762 | DEBUG    | utils.geo_utils:haversine_distance:20 - Haversine: (31.548342691203697, 73.01431024578238) → (31.5457488, 73.0148993) = 293.8 m
2026-03-16 02:02:41.762 | DEBUG    | data_pipeline.stop_builder:snap_stops_to_roads:38 - Snapped Test Student 27 (TEST-2031): 293.8m
2026-03-16 02:02:41.776 | DEBUG    | utils.distance_utils:build_node_balltree:29 - Built BallTree with 7460 nodes
2026-03-16 02:02:41.777 | DEBUG    | utils.geo_utils:haversine_distance:20 - Haversine: (31.34234753351373, 73.04543903514217) → (31.3351052, 73.048939) = 871.2 m
2026-03-16 02:02:41.777 | DEBUG    | utils.distance_utils:find_nearest_road_point:56 - Nearest road node to (31.34234753351373, 73.04543903514217): (31.335105, 73.048939) — 871.2m
2026-03-16 02:02:41.777 | DEBUG    | utils.geo_utils:haversine_distance:20 - Haversine: (31.34234753351373, 73.04543903514217) → (31.3351052, 73.048939) = 871.2 m
2026-03-16 02:02:41.777 | DEBUG    | data_pipeline.stop_builder:snap_stops_to_roads:38 - Snapped Test Student 28 (TEST-3124): 871.2m
2026-03-16 02:02:41.792 | DEBUG    | utils.distance_utils:build_node_balltree:29 - Built BallTree with 7460 nodes
2026-03-16 02:02:41.792 | DEBUG    | utils.geo_utils:haversine_distance:20 - Haversine: (31.452158240231682, 73.1820548380496) → (31.4525861, 73.1780263) = 385.1 m
2026-03-16 02:02:41.793 | DEBUG    | utils.distance_utils:find_nearest_road_point:56 - Nearest road node to (31.452158240231682, 73.1820548380496): (31.452586, 73.178026) — 385.1m
2026-03-16 02:02:41.793 | DEBUG    | utils.geo_utils:haversine_distance:20 - Haversine: (31.452158240231682, 73.1820548380496) → (31.4525861, 73.1780263) = 385.1 m
2026-03-16 02:02:41.793 | DEBUG    | data_pipeline.stop_builder:snap_stops_to_roads:38 - Snapped Test Student 29 (TEST-9847): 385.1m
2026-03-16 02:02:41.807 | DEBUG    | utils.distance_utils:build_node_balltree:29 - Built BallTree with 7460 nodes
2026-03-16 02:02:41.808 | DEBUG    | utils.geo_utils:haversine_distance:20 - Haversine: (31.38131459029244, 73.18222219607327) → (31.3832892, 73.1836007) = 255.6 m
2026-03-16 02:02:41.808 | DEBUG    | utils.distance_utils:find_nearest_road_point:56 - Nearest road node to (31.38131459029244, 73.18222219607327): (31.383289, 73.183601) — 255.6m
2026-03-16 02:02:41.808 | DEBUG    | utils.geo_utils:haversine_distance:20 - Haversine: (31.38131459029244, 73.18222219607327) → (31.3832892, 73.1836007) = 255.6 m
2026-03-16 02:02:41.808 | DEBUG    | data_pipeline.stop_builder:snap_stops_to_roads:38 - Snapped Test Student 30 (TEST-6102): 255.6m
2026-03-16 02:02:41.809 | INFO     | data_pipeline.stop_builder:snap_stops_to_roads:47 - Snapping complete:
2026-03-16 02:02:41.809 | INFO     | data_pipeline.stop_builder:snap_stops_to_roads:48 -   Input stops: 30
2026-03-16 02:02:41.809 | INFO     | data_pipeline.stop_builder:snap_stops_to_roads:49 -   Snapped successfully: 30
2026-03-16 02:02:41.809 | INFO     | data_pipeline.stop_builder:snap_stops_to_roads:50 -   Skipped (too far): 0
2026-03-16 02:02:41.809 | DEBUG    | data_pipeline.stop_builder:snap_stops_to_roads:53 - First snapped stop example: {'student_id': 'test_001', 'name': 'Test Student 1', 'roll_no': 'TEST-6157', 'lat': 31.4592945, 'lng': 73.0629536, 'student_count': 1, 'contact': '03478060777', 'semester': 'Spring 2026', 'fee_status': 'unpaid', 'registration_status': 'pending', 'original_lat': 31.458413838955877, 'original_lng': 73.0637191090853, 'snap_distance_m': 121.91}
2026-03-16 02:02:41.810 | DEBUG    | utils.geo_utils:haversine_distance:20 - Haversine: (31.3058685, 73.1694728) → (31.4592945, 73.0629536) = 19831.7 m
2026-03-16 02:02:41.810 | DEBUG    | utils.geo_utils:haversine_distance:20 - Haversine: (31.3140734, 73.0226304) → (31.4592945, 73.0629536) = 16595.3 m
2026-03-16 02:02:41.810 | DEBUG    | utils.geo_utils:haversine_distance:20 - Haversine: (31.3140734, 73.0226304) → (31.3058685, 73.1694728) = 13980.0 m
2026-03-16 02:02:41.810 | DEBUG    | utils.geo_utils:haversine_distance:20 - Haversine: (31.5306679, 73.1126844) → (31.4592945, 73.0629536) = 9231.4 m
2026-03-16 02:02:41.810 | DEBUG    | utils.geo_utils:haversine_distance:20 - Haversine: (31.5306679, 73.1126844) → (31.3058685, 73.1694728) = 25570.8 m
2026-03-16 02:02:41.810 | DEBUG    | utils.geo_utils:haversine_distance:20 - Haversine: (31.5306679, 73.1126844) → (31.3140734, 73.0226304) = 25555.2 m
2026-03-16 02:02:41.810 | DEBUG    | utils.geo_utils:haversine_distance:20 - Haversine: (31.3760251, 73.034401) → (31.4592945, 73.0629536) = 9647.4 m
2026-03-16 02:02:41.810 | DEBUG    | utils.geo_utils:haversine_distance:20 - Haversine: (31.3760251, 73.034401) → (31.3058685, 73.1694728) = 15013.6 m
2026-03-16 02:02:41.810 | DEBUG    | utils.geo_utils:haversine_distance:20 - Haversine: (31.3760251, 73.034401) → (31.3140734, 73.0226304) = 6978.8 m
2026-03-16 02:02:41.810 | DEBUG    | utils.geo_utils:haversine_distance:20 - Haversine: (31.3760251, 73.034401) → (31.5306679, 73.1126844) = 18730.3 m
2026-03-16 02:02:41.810 | DEBUG    | utils.geo_utils:haversine_distance:20 - Haversine: (31.404983, 73.1460277) → (31.4592945, 73.0629536) = 9929.5 m
2026-03-16 02:02:41.810 | DEBUG    | utils.geo_utils:haversine_distance:20 - Haversine: (31.404983, 73.1460277) → (31.3058685, 73.1694728) = 11243.6 m
2026-03-16 02:02:41.810 | DEBUG    | utils.geo_utils:haversine_distance:20 - Haversine: (31.404983, 73.1460277) → (31.3140734, 73.0226304) = 15474.7 m
2026-03-16 02:02:41.810 | DEBUG    | utils.geo_utils:haversine_distance:20 - Haversine: (31.404983, 73.1460277) → (31.5306679, 73.1126844) = 14328.8 m
2026-03-16 02:02:41.810 | DEBUG    | utils.geo_utils:haversine_distance:20 - Haversine: (31.404983, 73.1460277) → (31.3760251, 73.034401) = 11074.1 m
2026-03-16 02:02:41.810 | DEBUG    | utils.geo_utils:haversine_distance:20 - Haversine: (31.4212389, 73.0816409) → (31.4592945, 73.0629536) = 4588.0 m
2026-03-16 02:02:41.810 | DEBUG    | utils.geo_utils:haversine_distance:20 - Haversine: (31.4212389, 73.0816409) → (31.3058685, 73.1694728) = 15300.9 m
2026-03-16 02:02:41.810 | DEBUG    | utils.geo_utils:haversine_distance:20 - Haversine: (31.4212389, 73.0816409) → (31.3140734, 73.0226304) = 13167.6 m
2026-03-16 02:02:41.810 | DEBUG    | utils.geo_utils:haversine_distance:20 - Haversine: (31.4212389, 73.0816409) → (31.5306679, 73.1126844) = 12519.0 m
2026-03-16 02:02:41.810 | DEBUG    | utils.geo_utils:haversine_distance:20 - Haversine: (31.4212389, 73.0816409) → (31.3760251, 73.034401) = 6736.4 m
2026-03-16 02:02:41.810 | DEBUG    | utils.geo_utils:haversine_distance:20 - Haversine: (31.4212389, 73.0816409) → (31.404983, 73.1460277) = 6371.9 m
2026-03-16 02:02:41.810 | DEBUG    | utils.geo_utils:haversine_distance:20 - Haversine: (31.4658821, 73.1813423) → (31.4592945, 73.0629536) = 11252.7 m
2026-03-16 02:02:41.811 | DEBUG    | utils.geo_utils:haversine_distance:20 - Haversine: (31.4658821, 73.1813423) → (31.3058685, 73.1694728) = 17828.3 m
2026-03-16 02:02:41.811 | DEBUG    | utils.geo_utils:haversine_distance:20 - Haversine: (31.4658821, 73.1813423) → (31.3140734, 73.0226304) = 22625.2 m
2026-03-16 02:02:41.811 | DEBUG    | utils.geo_utils:haversine_distance:20 - Haversine: (31.4658821, 73.1813423) → (31.5306679, 73.1126844) = 9709.2 m
2026-03-16 02:02:41.811 | DEBUG    | utils.geo_utils:haversine_distance:20 - Haversine: (31.4658821, 73.1813423) → (31.3760251, 73.034401) = 17153.6 m
2026-03-16 02:02:41.811 | DEBUG    | utils.geo_utils:haversine_distance:20 - Haversine: (31.4658821, 73.1813423) → (31.404983, 73.1460277) = 7555.2 m
2026-03-16 02:02:41.811 | DEBUG    | utils.geo_utils:haversine_distance:20 - Haversine: (31.4658821, 73.1813423) → (31.4212389, 73.0816409) = 10681.9 m
2026-03-16 02:02:41.811 | DEBUG    | utils.geo_utils:haversine_distance:20 - Haversine: (31.4633642, 73.185041) → (31.4592945, 73.0629536) = 11588.6 m
2026-03-16 02:02:41.811 | DEBUG    | utils.geo_utils:haversine_distance:20 - Haversine: (31.4633642, 73.185041) → (31.3058685, 73.1694728) = 17575.0 m
2026-03-16 02:02:41.811 | DEBUG    | utils.geo_utils:haversine_distance:20 - Haversine: (31.4633642, 73.185041) → (31.3140734, 73.0226304) = 22654.7 m
2026-03-16 02:02:41.811 | DEBUG    | utils.geo_utils:haversine_distance:20 - Haversine: (31.4633642, 73.185041) → (31.5306679, 73.1126844) = 10152.4 m
2026-03-16 02:02:41.811 | DEBUG    | utils.geo_utils:haversine_distance:20 - Haversine: (31.4633642, 73.185041) → (31.3760251, 73.034401) = 17281.3 m
2026-03-16 02:02:41.811 | DEBUG    | utils.geo_utils:haversine_distance:20 - Haversine: (31.4633642, 73.185041) → (31.404983, 73.1460277) = 7472.8 m
2026-03-16 02:02:41.811 | DEBUG    | utils.geo_utils:haversine_distance:20 - Haversine: (31.4633642, 73.185041) → (31.4212389, 73.0816409) = 10870.3 m
2026-03-16 02:02:41.811 | DEBUG    | utils.geo_utils:haversine_distance:20 - Haversine: (31.4633642, 73.185041) → (31.4658821, 73.1813423) = 448.8 m
2026-03-16 02:02:41.811 | DEBUG    | utils.geo_utils:haversine_distance:20 - Haversine: (31.4509199, 73.0172282) → (31.4592945, 73.0629536) = 4436.1 m
2026-03-16 02:02:41.811 | DEBUG    | utils.geo_utils:haversine_distance:20 - Haversine: (31.4509199, 73.0172282) → (31.3058685, 73.1694728) = 21657.1 m
2026-03-16 02:02:41.811 | DEBUG    | utils.geo_utils:haversine_distance:20 - Haversine: (31.4509199, 73.0172282) → (31.3140734, 73.0226304) = 15225.3 m
2026-03-16 02:02:41.811 | DEBUG    | utils.geo_utils:haversine_distance:20 - Haversine: (31.4509199, 73.0172282) → (31.5306679, 73.1126844) = 12671.0 m
2026-03-16 02:02:41.811 | DEBUG    | utils.geo_utils:haversine_distance:20 - Haversine: (31.4509199, 73.0172282) → (31.3760251, 73.034401) = 8485.9 m
2026-03-16 02:02:41.811 | DEBUG    | utils.geo_utils:haversine_distance:20 - Haversine: (31.4509199, 73.0172282) → (31.404983, 73.1460277) = 13245.3 m
2026-03-16 02:02:41.811 | DEBUG    | utils.geo_utils:haversine_distance:20 - Haversine: (31.4509199, 73.0172282) → (31.4212389, 73.0816409) = 6945.4 m
2026-03-16 02:02:41.811 | DEBUG    | utils.geo_utils:haversine_distance:20 - Haversine: (31.4509199, 73.0172282) → (31.4658821, 73.1813423) = 15655.1 m
2026-03-16 02:02:41.811 | DEBUG    | utils.geo_utils:haversine_distance:20 - Haversine: (31.4351755, 73.0374493) → (31.4592945, 73.0629536) = 3611.9 m
2026-03-16 02:02:41.811 | DEBUG    | utils.geo_utils:haversine_distance:20 - Haversine: (31.4351755, 73.0374493) → (31.3058685, 73.1694728) = 19074.7 m
2026-03-16 02:02:41.811 | DEBUG    | utils.geo_utils:haversine_distance:20 - Haversine: (31.4351755, 73.0374493) → (31.3140734, 73.0226304) = 13539.2 m
2026-03-16 02:02:41.812 | DEBUG    | utils.geo_utils:haversine_distance:20 - Haversine: (31.4351755, 73.0374493) → (31.5306679, 73.1126844) = 12792.4 m
2026-03-16 02:02:41.812 | DEBUG    | utils.geo_utils:haversine_distance:20 - Haversine: (31.4351755, 73.0374493) → (31.3760251, 73.034401) = 6583.6 m
2026-03-16 02:02:41.812 | DEBUG    | utils.geo_utils:haversine_distance:20 - Haversine: (31.4351755, 73.0374493) → (31.404983, 73.1460277) = 10836.2 m
2026-03-16 02:02:41.812 | DEBUG    | utils.geo_utils:haversine_distance:20 - Haversine: (31.4351755, 73.0374493) → (31.4212389, 73.0816409) = 4470.2 m
2026-03-16 02:02:41.812 | DEBUG    | utils.geo_utils:haversine_distance:20 - Haversine: (31.4351755, 73.0374493) → (31.4658821, 73.1813423) = 14070.2 m
2026-03-16 02:02:41.812 | DEBUG    | utils.geo_utils:haversine_distance:20 - Haversine: (31.4351755, 73.0374493) → (31.4509199, 73.0172282) = 2597.1 m
2026-03-16 02:02:41.812 | DEBUG    | utils.geo_utils:haversine_distance:20 - Haversine: (31.3333726, 73.0422104) → (31.4592945, 73.0629536) = 14139.6 m
2026-03-16 02:02:41.812 | DEBUG    | utils.geo_utils:haversine_distance:20 - Haversine: (31.3333726, 73.0422104) → (31.3058685, 73.1694728) = 12469.7 m
2026-03-16 02:02:41.812 | DEBUG    | utils.geo_utils:haversine_distance:20 - Haversine: (31.3333726, 73.0422104) → (31.3140734, 73.0226304) = 2839.8 m
2026-03-16 02:02:41.812 | DEBUG    | utils.geo_utils:haversine_distance:20 - Haversine: (31.3333726, 73.0422104) → (31.5306679, 73.1126844) = 22934.6 m
2026-03-16 02:02:41.812 | DEBUG    | utils.geo_utils:haversine_distance:20 - Haversine: (31.3333726, 73.0422104) → (31.3760251, 73.034401) = 4800.4 m
2026-03-16 02:02:41.812 | DEBUG    | utils.geo_utils:haversine_distance:20 - Haversine: (31.3333726, 73.0422104) → (31.404983, 73.1460277) = 12671.1 m
2026-03-16 02:02:41.812 | DEBUG    | utils.geo_utils:haversine_distance:20 - Haversine: (31.3333726, 73.0422104) → (31.4212389, 73.0816409) = 10462.8 m
2026-03-16 02:02:41.812 | DEBUG    | utils.geo_utils:haversine_distance:20 - Haversine: (31.3333726, 73.0422104) → (31.4658821, 73.1813423) = 19785.8 m
2026-03-16 02:02:41.812 | DEBUG    | utils.geo_utils:haversine_distance:20 - Haversine: (31.3333726, 73.0422104) → (31.4509199, 73.0172282) = 13284.0 m
2026-03-16 02:02:41.812 | DEBUG    | utils.geo_utils:haversine_distance:20 - Haversine: (31.3333726, 73.0422104) → (31.4351755, 73.0374493) = 11329.0 m
2026-03-16 02:02:41.812 | DEBUG    | utils.geo_utils:haversine_distance:20 - Haversine: (31.5075199, 73.1005803) → (31.4592945, 73.0629536) = 6441.0 m
2026-03-16 02:02:41.812 | DEBUG    | utils.geo_utils:haversine_distance:20 - Haversine: (31.5075199, 73.1005803) → (31.3058685, 73.1694728) = 23356.4 m
2026-03-16 02:02:41.812 | DEBUG    | utils.geo_utils:haversine_distance:20 - Haversine: (31.5075199, 73.1005803) → (31.3140734, 73.0226304) = 22746.7 m
2026-03-16 02:02:41.812 | DEBUG    | utils.geo_utils:haversine_distance:20 - Haversine: (31.5075199, 73.1005803) → (31.5306679, 73.1126844) = 2818.1 m
2026-03-16 02:02:41.812 | DEBUG    | utils.geo_utils:haversine_distance:20 - Haversine: (31.5075199, 73.1005803) → (31.3760251, 73.034401) = 15912.5 m
2026-03-16 02:02:41.812 | DEBUG    | utils.geo_utils:haversine_distance:20 - Haversine: (31.5075199, 73.1005803) → (31.404983, 73.1460277) = 12189.3 m
2026-03-16 02:02:41.812 | DEBUG    | utils.geo_utils:haversine_distance:20 - Haversine: (31.5075199, 73.1005803) → (31.4212389, 73.0816409) = 9760.7 m
2026-03-16 02:02:41.812 | DEBUG    | utils.geo_utils:haversine_distance:20 - Haversine: (31.5075199, 73.1005803) → (31.4658821, 73.1813423) = 8948.9 m
2026-03-16 02:02:41.813 | DEBUG    | utils.geo_utils:haversine_distance:20 - Haversine: (31.5075199, 73.1005803) → (31.4509199, 73.0172282) = 10103.9 m
2026-03-16 02:02:41.813 | DEBUG    | utils.geo_utils:haversine_distance:20 - Haversine: (31.5075199, 73.1005803) → (31.4351755, 73.0374493) = 10027.9 m
2026-03-16 02:02:41.813 | DEBUG    | utils.geo_utils:haversine_distance:20 - Haversine: (31.5075199, 73.1005803) → (31.3333726, 73.0422104) = 20140.8 m
2026-03-16 02:02:41.813 | DEBUG    | utils.geo_utils:haversine_distance:20 - Haversine: (31.5015436, 73.1935631) → (31.4592945, 73.0629536) = 13246.6 m
2026-03-16 02:02:41.813 | DEBUG    | utils.geo_utils:haversine_distance:20 - Haversine: (31.5015436, 73.1935631) → (31.3058685, 73.1694728) = 21877.9 m
2026-03-16 02:02:41.813 | DEBUG    | utils.geo_utils:haversine_distance:20 - Haversine: (31.5015436, 73.1935631) → (31.3140734, 73.0226304) = 26413.9 m
2026-03-16 02:02:41.813 | DEBUG    | utils.geo_utils:haversine_distance:20 - Haversine: (31.5015436, 73.1935631) → (31.5306679, 73.1126844) = 8322.6 m
2026-03-16 02:02:41.813 | DEBUG    | utils.geo_utils:haversine_distance:20 - Haversine: (31.5015436, 73.1935631) → (31.3760251, 73.034401) = 20562.2 m
2026-03-16 02:02:41.813 | DEBUG    | utils.geo_utils:haversine_distance:20 - Haversine: (31.5015436, 73.1935631) → (31.404983, 73.1460277) = 11645.4 m
2026-03-16 02:02:41.813 | DEBUG    | utils.geo_utils:haversine_distance:20 - Haversine: (31.5015436, 73.1935631) → (31.4212389, 73.0816409) = 13871.8 m
2026-03-16 02:02:41.813 | DEBUG    | utils.geo_utils:haversine_distance:20 - Haversine: (31.5015436, 73.1935631) → (31.4658821, 73.1813423) = 4131.2 m
2026-03-16 02:02:41.813 | DEBUG    | utils.geo_utils:haversine_distance:20 - Haversine: (31.5015436, 73.1935631) → (31.4509199, 73.0172282) = 17644.4 m
2026-03-16 02:02:41.813 | DEBUG    | utils.geo_utils:haversine_distance:20 - Haversine: (31.5015436, 73.1935631) → (31.4351755, 73.0374493) = 16543.3 m
2026-03-16 02:02:41.813 | DEBUG    | utils.geo_utils:haversine_distance:20 - Haversine: (31.5015436, 73.1935631) → (31.3333726, 73.0422104) = 23578.7 m
2026-03-16 02:02:41.813 | DEBUG    | utils.geo_utils:haversine_distance:20 - Haversine: (31.5015436, 73.1935631) → (31.5075199, 73.1005803) = 8840.2 m
2026-03-16 02:02:41.813 | DEBUG    | utils.geo_utils:haversine_distance:20 - Haversine: (31.4148239, 73.1645583) → (31.4592945, 73.0629536) = 10833.9 m
2026-03-16 02:02:41.813 | DEBUG    | utils.geo_utils:haversine_distance:20 - Haversine: (31.4148239, 73.1645583) → (31.3058685, 73.1694728) = 12124.3 m
2026-03-16 02:02:41.813 | DEBUG    | utils.geo_utils:haversine_distance:20 - Haversine: (31.4148239, 73.1645583) → (31.3140734, 73.0226304) = 17524.2 m
2026-03-16 02:02:41.813 | DEBUG    | utils.geo_utils:haversine_distance:20 - Haversine: (31.4148239, 73.1645583) → (31.5306679, 73.1126844) = 13788.7 m
2026-03-16 02:02:41.813 | DEBUG    | utils.geo_utils:haversine_distance:20 - Haversine: (31.4148239, 73.1645583) → (31.3760251, 73.034401) = 13085.5 m
2026-03-16 02:02:41.813 | DEBUG    | utils.geo_utils:haversine_distance:20 - Haversine: (31.4148239, 73.1645583) → (31.404983, 73.1460277) = 2071.2 m
2026-03-16 02:02:41.813 | DEBUG    | utils.geo_utils:haversine_distance:20 - Haversine: (31.4148239, 73.1645583) → (31.4212389, 73.0816409) = 7900.5 m
2026-03-16 02:02:41.813 | DEBUG    | utils.geo_utils:haversine_distance:20 - Haversine: (31.4148239, 73.1645583) → (31.4658821, 73.1813423) = 5896.5 m
2026-03-16 02:02:41.813 | DEBUG    | utils.geo_utils:haversine_distance:20 - Haversine: (31.4148239, 73.1645583) → (31.4509199, 73.0172282) = 14543.1 m
2026-03-16 02:02:41.814 | DEBUG    | utils.geo_utils:haversine_distance:20 - Haversine: (31.4148239, 73.1645583) → (31.4351755, 73.0374493) = 12271.2 m
2026-03-16 02:02:41.814 | DEBUG    | utils.geo_utils:haversine_distance:20 - Haversine: (31.4148239, 73.1645583) → (31.3333726, 73.0422104) = 14729.0 m
2026-03-16 02:02:41.814 | DEBUG    | utils.geo_utils:haversine_distance:20 - Haversine: (31.4148239, 73.1645583) → (31.5075199, 73.1005803) = 11960.9 m
2026-03-16 02:02:41.814 | DEBUG    | utils.geo_utils:haversine_distance:20 - Haversine: (31.4148239, 73.1645583) → (31.5015436, 73.1935631) = 10027.6 m
2026-03-16 02:02:41.814 | DEBUG    | utils.geo_utils:haversine_distance:20 - Haversine: (31.4644729, 73.1882307) → (31.4592945, 73.0629536) = 11896.2 m
2026-03-16 02:02:41.814 | DEBUG    | utils.geo_utils:haversine_distance:20 - Haversine: (31.4644729, 73.1882307) → (31.3058685, 73.1694728) = 17725.7 m
2026-03-16 02:02:41.814 | DEBUG    | utils.geo_utils:haversine_distance:20 - Haversine: (31.4644729, 73.1882307) → (31.3140734, 73.0226304) = 22951.4 m
2026-03-16 02:02:41.814 | DEBUG    | utils.geo_utils:haversine_distance:20 - Haversine: (31.4644729, 73.1882307) → (31.5306679, 73.1126844) = 10270.4 m
2026-03-16 02:02:41.814 | DEBUG    | utils.geo_utils:haversine_distance:20 - Haversine: (31.4644729, 73.1882307) → (31.3760251, 73.034401) = 17601.0 m
2026-03-16 02:02:41.814 | DEBUG    | utils.geo_utils:haversine_distance:20 - Haversine: (31.4644729, 73.1882307) → (31.404983, 73.1460277) = 7732.4 m
2026-03-16 02:02:41.814 | DEBUG    | utils.geo_utils:haversine_distance:20 - Haversine: (31.4644729, 73.1882307) → (31.4212389, 73.0816409) = 11196.5 m
2026-03-16 02:02:41.814 | DEBUG    | utils.geo_utils:haversine_distance:20 - Haversine: (31.4644729, 73.1882307) → (31.4658821, 73.1813423) = 671.9 m
2026-03-16 02:02:41.814 | DEBUG    | utils.geo_utils:haversine_distance:20 - Haversine: (31.4319273, 73.0907774) → (31.4592945, 73.0629536) = 4028.3 m
2026-03-16 02:02:41.814 | DEBUG    | utils.geo_utils:haversine_distance:20 - Haversine: (31.4319273, 73.0907774) → (31.3058685, 73.1694728) = 15884.0 m
2026-03-16 02:02:41.814 | DEBUG    | utils.geo_utils:haversine_distance:20 - Haversine: (31.4319273, 73.0907774) → (31.3140734, 73.0226304) = 14614.8 m
2026-03-16 02:02:41.814 | DEBUG    | utils.geo_utils:haversine_distance:20 - Haversine: (31.4319273, 73.0907774) → (31.5306679, 73.1126844) = 11174.3 m
2026-03-16 02:02:41.814 | DEBUG    | utils.geo_utils:haversine_distance:20 - Haversine: (31.4319273, 73.0907774) → (31.3760251, 73.034401) = 8201.6 m
2026-03-16 02:02:41.814 | DEBUG    | utils.geo_utils:haversine_distance:20 - Haversine: (31.4319273, 73.0907774) → (31.404983, 73.1460277) = 6038.5 m
2026-03-16 02:02:41.814 | DEBUG    | utils.geo_utils:haversine_distance:20 - Haversine: (31.4319273, 73.0907774) → (31.4212389, 73.0816409) = 1471.1 m
2026-03-16 02:02:41.814 | DEBUG    | utils.geo_utils:haversine_distance:20 - Haversine: (31.4319273, 73.0907774) → (31.4658821, 73.1813423) = 9384.1 m
2026-03-16 02:02:41.814 | DEBUG    | utils.geo_utils:haversine_distance:20 - Haversine: (31.4319273, 73.0907774) → (31.4509199, 73.0172282) = 7290.1 m
2026-03-16 02:02:41.814 | DEBUG    | utils.geo_utils:haversine_distance:20 - Haversine: (31.4319273, 73.0907774) → (31.4351755, 73.0374493) = 5072.5 m
2026-03-16 02:02:41.814 | DEBUG    | utils.geo_utils:haversine_distance:20 - Haversine: (31.4319273, 73.0907774) → (31.3333726, 73.0422104) = 11889.1 m
2026-03-16 02:02:41.814 | DEBUG    | utils.geo_utils:haversine_distance:20 - Haversine: (31.4319273, 73.0907774) → (31.5075199, 73.1005803) = 8456.8 m
2026-03-16 02:02:41.814 | DEBUG    | utils.geo_utils:haversine_distance:20 - Haversine: (31.4319273, 73.0907774) → (31.5015436, 73.1935631) = 12448.1 m
2026-03-16 02:02:41.815 | DEBUG    | utils.geo_utils:haversine_distance:20 - Haversine: (31.4319273, 73.0907774) → (31.4148239, 73.1645583) = 7254.6 m
2026-03-16 02:02:41.815 | DEBUG    | utils.geo_utils:haversine_distance:20 - Haversine: (31.4186759, 73.0443624) → (31.4592945, 73.0629536) = 4848.8 m
2026-03-16 02:02:41.815 | DEBUG    | utils.geo_utils:haversine_distance:20 - Haversine: (31.4186759, 73.0443624) → (31.3058685, 73.1694728) = 17275.8 m
2026-03-16 02:02:41.815 | DEBUG    | utils.geo_utils:haversine_distance:20 - Haversine: (31.4186759, 73.0443624) → (31.3140734, 73.0226304) = 11812.9 m
2026-03-16 02:02:41.815 | DEBUG    | utils.geo_utils:haversine_distance:20 - Haversine: (31.4186759, 73.0443624) → (31.5306679, 73.1126844) = 14037.7 m
2026-03-16 02:02:41.815 | DEBUG    | utils.geo_utils:haversine_distance:20 - Haversine: (31.4186759, 73.0443624) → (31.3760251, 73.034401) = 4835.9 m
2026-03-16 02:02:41.815 | DEBUG    | utils.geo_utils:haversine_distance:20 - Haversine: (31.4186759, 73.0443624) → (31.404983, 73.1460277) = 9767.3 m
2026-03-16 02:02:41.815 | DEBUG    | utils.geo_utils:haversine_distance:20 - Haversine: (31.4186759, 73.0443624) → (31.4212389, 73.0816409) = 3548.8 m
2026-03-16 02:02:41.815 | DEBUG    | utils.geo_utils:haversine_distance:20 - Haversine: (31.4186759, 73.0443624) → (31.4658821, 73.1813423) = 14015.1 m
2026-03-16 02:02:41.815 | DEBUG    | utils.geo_utils:haversine_distance:20 - Haversine: (31.4186759, 73.0443624) → (31.4509199, 73.0172282) = 4413.9 m
2026-03-16 02:02:41.815 | DEBUG    | utils.geo_utils:haversine_distance:20 - Haversine: (31.4186759, 73.0443624) → (31.4351755, 73.0374493) = 1948.4 m
2026-03-16 02:02:41.815 | DEBUG    | utils.geo_utils:haversine_distance:20 - Haversine: (31.4186759, 73.0443624) → (31.3333726, 73.0422104) = 9487.5 m
2026-03-16 02:02:41.815 | DEBUG    | utils.geo_utils:haversine_distance:20 - Haversine: (31.4186759, 73.0443624) → (31.5075199, 73.1005803) = 11226.1 m
2026-03-16 02:02:41.815 | DEBUG    | utils.geo_utils:haversine_distance:20 - Haversine: (31.4186759, 73.0443624) → (31.5015436, 73.1935631) = 16887.1 m
2026-03-16 02:02:41.815 | DEBUG    | utils.geo_utils:haversine_distance:20 - Haversine: (31.4186759, 73.0443624) → (31.4148239, 73.1645583) = 11413.9 m
2026-03-16 02:02:41.815 | DEBUG    | utils.geo_utils:haversine_distance:20 - Haversine: (31.4186759, 73.0443624) → (31.4319273, 73.0907774) = 4644.0 m
2026-03-16 02:02:41.815 | DEBUG    | utils.geo_utils:haversine_distance:20 - Haversine: (31.3776138, 73.0904372) → (31.4592945, 73.0629536) = 9449.5 m
2026-03-16 02:02:41.815 | DEBUG    | utils.geo_utils:haversine_distance:20 - Haversine: (31.3776138, 73.0904372) → (31.3058685, 73.1694728) = 10953.7 m
2026-03-16 02:02:41.815 | DEBUG    | utils.geo_utils:haversine_distance:20 - Haversine: (31.3776138, 73.0904372) → (31.3140734, 73.0226304) = 9559.5 m
2026-03-16 02:02:41.815 | DEBUG    | utils.geo_utils:haversine_distance:20 - Haversine: (31.3776138, 73.0904372) → (31.5306679, 73.1126844) = 17149.2 m
2026-03-16 02:02:41.815 | DEBUG    | utils.geo_utils:haversine_distance:20 - Haversine: (31.3776138, 73.0904372) → (31.3760251, 73.034401) = 5322.7 m
2026-03-16 02:02:41.815 | DEBUG    | utils.geo_utils:haversine_distance:20 - Haversine: (31.3776138, 73.0904372) → (31.404983, 73.1460277) = 6091.3 m
2026-03-16 02:02:41.815 | DEBUG    | utils.geo_utils:haversine_distance:20 - Haversine: (31.3776138, 73.0904372) → (31.4212389, 73.0816409) = 4922.2 m
2026-03-16 02:02:41.815 | DEBUG    | utils.geo_utils:haversine_distance:20 - Haversine: (31.3776138, 73.0904372) → (31.4658821, 73.1813423) = 13066.7 m
2026-03-16 02:02:41.815 | DEBUG    | utils.geo_utils:haversine_distance:20 - Haversine: (31.3776138, 73.0904372) → (31.4509199, 73.0172282) = 10710.2 m
2026-03-16 02:02:41.815 | DEBUG    | utils.geo_utils:haversine_distance:20 - Haversine: (31.3776138, 73.0904372) → (31.4351755, 73.0374493) = 8139.8 m
2026-03-16 02:02:41.816 | DEBUG    | utils.geo_utils:haversine_distance:20 - Haversine: (31.3776138, 73.0904372) → (31.3333726, 73.0422104) = 6721.0 m
2026-03-16 02:02:41.816 | DEBUG    | utils.geo_utils:haversine_distance:20 - Haversine: (31.3776138, 73.0904372) → (31.5075199, 73.1005803) = 14476.9 m
2026-03-16 02:02:41.816 | DEBUG    | utils.geo_utils:haversine_distance:20 - Haversine: (31.3776138, 73.0904372) → (31.5015436, 73.1935631) = 16900.2 m
2026-03-16 02:02:41.816 | DEBUG    | utils.geo_utils:haversine_distance:20 - Haversine: (31.3776138, 73.0904372) → (31.4148239, 73.1645583) = 8161.7 m
2026-03-16 02:02:41.816 | DEBUG    | utils.geo_utils:haversine_distance:20 - Haversine: (31.3776138, 73.0904372) → (31.4319273, 73.0907774) = 6039.5 m
2026-03-16 02:02:41.816 | DEBUG    | utils.geo_utils:haversine_distance:20 - Haversine: (31.3776138, 73.0904372) → (31.4186759, 73.0443624) = 6322.3 m
2026-03-16 02:02:41.816 | DEBUG    | utils.geo_utils:haversine_distance:20 - Haversine: (31.311923, 73.1917425) → (31.4592945, 73.0629536) = 20444.8 m
2026-03-16 02:02:41.816 | DEBUG    | utils.geo_utils:haversine_distance:20 - Haversine: (31.311923, 73.1917425) → (31.3058685, 73.1694728) = 2220.2 m
2026-03-16 02:02:41.816 | DEBUG    | utils.geo_utils:haversine_distance:20 - Haversine: (31.311923, 73.1917425) → (31.3140734, 73.0226304) = 16067.2 m
2026-03-16 02:02:41.816 | DEBUG    | utils.geo_utils:haversine_distance:20 - Haversine: (31.311923, 73.1917425) → (31.5306679, 73.1126844) = 25453.9 m
2026-03-16 02:02:41.816 | DEBUG    | utils.geo_utils:haversine_distance:20 - Haversine: (31.311923, 73.1917425) → (31.3760251, 73.034401) = 16555.3 m
2026-03-16 02:02:41.816 | DEBUG    | utils.geo_utils:haversine_distance:20 - Haversine: (31.311923, 73.1917425) → (31.404983, 73.1460277) = 11221.4 m
2026-03-16 02:02:41.816 | DEBUG    | utils.geo_utils:haversine_distance:20 - Haversine: (31.311923, 73.1917425) → (31.4212389, 73.0816409) = 16032.1 m
2026-03-16 02:02:41.816 | DEBUG    | utils.geo_utils:haversine_distance:20 - Haversine: (31.311923, 73.1917425) → (31.4658821, 73.1813423) = 17147.9 m
2026-03-16 02:02:41.816 | DEBUG    | utils.geo_utils:haversine_distance:20 - Haversine: (31.311923, 73.1917425) → (31.4509199, 73.0172282) = 22656.8 m
2026-03-16 02:02:41.816 | DEBUG    | utils.geo_utils:haversine_distance:20 - Haversine: (31.311923, 73.1917425) → (31.4351755, 73.0374493) = 20059.8 m
2026-03-16 02:02:41.816 | DEBUG    | utils.geo_utils:haversine_distance:20 - Haversine: (31.311923, 73.1917425) → (31.3333726, 73.0422104) = 14402.7 m
2026-03-16 02:02:41.816 | DEBUG    | utils.geo_utils:haversine_distance:20 - Haversine: (31.311923, 73.1917425) → (31.5075199, 73.1005803) = 23406.9 m
2026-03-16 02:02:41.816 | DEBUG    | utils.geo_utils:haversine_distance:20 - Haversine: (31.311923, 73.1917425) → (31.5015436, 73.1935631) = 21085.6 m
2026-03-16 02:02:41.816 | DEBUG    | utils.geo_utils:haversine_distance:20 - Haversine: (31.311923, 73.1917425) → (31.4148239, 73.1645583) = 11729.6 m
2026-03-16 02:02:41.816 | DEBUG    | utils.geo_utils:haversine_distance:20 - Haversine: (31.311923, 73.1917425) → (31.4319273, 73.0907774) = 16429.9 m
2026-03-16 02:02:41.816 | DEBUG    | utils.geo_utils:haversine_distance:20 - Haversine: (31.311923, 73.1917425) → (31.4186759, 73.0443624) = 18349.7 m
2026-03-16 02:02:41.816 | DEBUG    | utils.geo_utils:haversine_distance:20 - Haversine: (31.311923, 73.1917425) → (31.3776138, 73.0904372) = 12079.4 m
2026-03-16 02:02:41.816 | DEBUG    | utils.geo_utils:haversine_distance:20 - Haversine: (31.3581158, 73.1846103) → (31.4592945, 73.0629536) = 16120.5 m
2026-03-16 02:02:41.816 | DEBUG    | utils.geo_utils:haversine_distance:20 - Haversine: (31.3581158, 73.1846103) → (31.3058685, 73.1694728) = 5984.9 m
2026-03-16 02:02:41.817 | DEBUG    | utils.geo_utils:haversine_distance:20 - Haversine: (31.3581158, 73.1846103) → (31.3140734, 73.0226304) = 16144.7 m
2026-03-16 02:02:41.817 | DEBUG    | utils.geo_utils:haversine_distance:20 - Haversine: (31.3581158, 73.1846103) → (31.5306679, 73.1126844) = 20364.1 m
2026-03-16 02:02:41.817 | DEBUG    | utils.geo_utils:haversine_distance:20 - Haversine: (31.3581158, 73.1846103) → (31.3760251, 73.034401) = 14399.8 m
2026-03-16 02:02:41.817 | DEBUG    | utils.geo_utils:haversine_distance:20 - Haversine: (31.3581158, 73.1846103) → (31.404983, 73.1460277) = 6369.7 m
2026-03-16 02:02:41.817 | DEBUG    | utils.geo_utils:haversine_distance:20 - Haversine: (31.3581158, 73.1846103) → (31.4212389, 73.0816409) = 12033.1 m
2026-03-16 02:02:41.817 | DEBUG    | utils.geo_utils:haversine_distance:20 - Haversine: (31.3581158, 73.1846103) → (31.4658821, 73.1813423) = 11987.1 m
2026-03-16 02:02:41.817 | DEBUG    | utils.geo_utils:haversine_distance:20 - Haversine: (31.3581158, 73.1846103) → (31.4509199, 73.0172282) = 18943.1 m
2026-03-16 02:02:41.817 | DEBUG    | utils.geo_utils:haversine_distance:20 - Haversine: (31.3581158, 73.1846103) → (31.4351755, 73.0374493) = 16386.5 m
2026-03-16 02:02:41.817 | DEBUG    | utils.geo_utils:haversine_distance:20 - Haversine: (31.3581158, 73.1846103) → (31.3333726, 73.0422104) = 13800.1 m
2026-03-16 02:02:41.817 | DEBUG    | utils.geo_utils:haversine_distance:20 - Haversine: (31.3581158, 73.1846103) → (31.5075199, 73.1005803) = 18426.9 m
2026-03-16 02:02:41.817 | DEBUG    | utils.geo_utils:haversine_distance:20 - Haversine: (31.3581158, 73.1846103) → (31.5015436, 73.1935631) = 15971.0 m
2026-03-16 02:02:41.817 | DEBUG    | utils.geo_utils:haversine_distance:20 - Haversine: (31.3581158, 73.1846103) → (31.4148239, 73.1645583) = 6586.7 m
2026-03-16 02:02:41.817 | DEBUG    | utils.geo_utils:haversine_distance:20 - Haversine: (31.3581158, 73.1846103) → (31.4319273, 73.0907774) = 12111.3 m
2026-03-16 02:02:41.817 | DEBUG    | utils.geo_utils:haversine_distance:20 - Haversine: (31.3581158, 73.1846103) → (31.4186759, 73.0443624) = 14918.9 m
2026-03-16 02:02:41.817 | DEBUG    | utils.geo_utils:haversine_distance:20 - Haversine: (31.3581158, 73.1846103) → (31.3776138, 73.0904372) = 9200.2 m
2026-03-16 02:02:41.817 | DEBUG    | utils.geo_utils:haversine_distance:20 - Haversine: (31.3581158, 73.1846103) → (31.311923, 73.1917425) = 5180.9 m
2026-03-16 02:02:41.817 | DEBUG    | utils.geo_utils:haversine_distance:20 - Haversine: (31.307639, 73.0439916) → (31.4592945, 73.0629536) = 16959.1 m
2026-03-16 02:02:41.817 | DEBUG    | utils.geo_utils:haversine_distance:20 - Haversine: (31.307639, 73.0439916) → (31.3058685, 73.1694728) = 11922.9 m
2026-03-16 02:02:41.817 | DEBUG    | utils.geo_utils:haversine_distance:20 - Haversine: (31.307639, 73.0439916) → (31.3140734, 73.0226304) = 2151.8 m
2026-03-16 02:02:41.817 | DEBUG    | utils.geo_utils:haversine_distance:20 - Haversine: (31.307639, 73.0439916) → (31.5306679, 73.1126844) = 25642.0 m
2026-03-16 02:02:41.817 | DEBUG    | utils.geo_utils:haversine_distance:20 - Haversine: (31.307639, 73.0439916) → (31.3760251, 73.034401) = 7658.5 m
2026-03-16 02:02:41.817 | DEBUG    | utils.geo_utils:haversine_distance:20 - Haversine: (31.307639, 73.0439916) → (31.404983, 73.1460277) = 14527.1 m
2026-03-16 02:02:41.817 | DEBUG    | utils.geo_utils:haversine_distance:20 - Haversine: (31.307639, 73.0439916) → (31.4212389, 73.0816409) = 13127.8 m
2026-03-16 02:02:41.817 | DEBUG    | utils.geo_utils:haversine_distance:20 - Haversine: (31.307639, 73.0439916) → (31.4658821, 73.1813423) = 21899.7 m
2026-03-16 02:02:41.817 | DEBUG    | utils.geo_utils:haversine_distance:20 - Haversine: (31.307639, 73.0439916) → (31.4509199, 73.0172282) = 16133.4 m
2026-03-16 02:02:41.818 | DEBUG    | utils.geo_utils:haversine_distance:20 - Haversine: (31.307639, 73.0439916) → (31.4351755, 73.0374493) = 14195.0 m
2026-03-16 02:02:41.818 | DEBUG    | utils.geo_utils:haversine_distance:20 - Haversine: (31.307639, 73.0439916) → (31.3333726, 73.0422104) = 2866.4 m
2026-03-16 02:02:41.818 | DEBUG    | utils.geo_utils:haversine_distance:20 - Haversine: (31.307639, 73.0439916) → (31.5075199, 73.1005803) = 22865.4 m
2026-03-16 02:02:41.818 | DEBUG    | utils.geo_utils:haversine_distance:20 - Haversine: (31.307639, 73.0439916) → (31.5015436, 73.1935631) = 25814.5 m
2026-03-16 02:02:41.818 | DEBUG    | utils.geo_utils:haversine_distance:20 - Haversine: (31.307639, 73.0439916) → (31.4148239, 73.1645583) = 16525.7 m
2026-03-16 02:02:41.818 | DEBUG    | utils.geo_utils:haversine_distance:20 - Haversine: (31.307639, 73.0439916) → (31.4319273, 73.0907774) = 14516.5 m
2026-03-16 02:02:41.818 | DEBUG    | utils.geo_utils:haversine_distance:20 - Haversine: (31.307639, 73.0439916) → (31.4186759, 73.0443624) = 12346.8 m
2026-03-16 02:02:41.818 | DEBUG    | utils.geo_utils:haversine_distance:20 - Haversine: (31.307639, 73.0439916) → (31.3776138, 73.0904372) = 8944.1 m
2026-03-16 02:02:41.818 | DEBUG    | utils.geo_utils:haversine_distance:20 - Haversine: (31.307639, 73.0439916) → (31.311923, 73.1917425) = 14044.7 m
2026-03-16 02:02:41.818 | DEBUG    | utils.geo_utils:haversine_distance:20 - Haversine: (31.307639, 73.0439916) → (31.3581158, 73.1846103) = 14487.2 m
2026-03-16 02:02:41.818 | DEBUG    | utils.geo_utils:haversine_distance:20 - Haversine: (31.5119632, 73.1053388) → (31.4592945, 73.0629536) = 7102.9 m
2026-03-16 02:02:41.818 | DEBUG    | utils.geo_utils:haversine_distance:20 - Haversine: (31.5119632, 73.1053388) → (31.3058685, 73.1694728) = 23711.2 m
2026-03-16 02:02:41.819 | DEBUG    | utils.geo_utils:haversine_distance:20 - Haversine: (31.5119632, 73.1053388) → (31.3140734, 73.0226304) = 23362.2 m
2026-03-16 02:02:41.819 | DEBUG    | utils.geo_utils:haversine_distance:20 - Haversine: (31.5119632, 73.1053388) → (31.5306679, 73.1126844) = 2193.3 m
2026-03-16 02:02:41.820 | DEBUG    | utils.geo_utils:haversine_distance:20 - Haversine: (31.5119632, 73.1053388) → (31.3760251, 73.034401) = 16546.0 m
2026-03-16 02:02:41.820 | DEBUG    | utils.geo_utils:haversine_distance:20 - Haversine: (31.5119632, 73.1053388) → (31.404983, 73.1460277) = 12506.1 m
2026-03-16 02:02:41.820 | DEBUG    | utils.geo_utils:haversine_distance:20 - Haversine: (31.5119632, 73.1053388) → (31.4212389, 73.0816409) = 10335.4 m
2026-03-16 02:02:41.820 | DEBUG    | utils.geo_utils:haversine_distance:20 - Haversine: (31.5119632, 73.1053388) → (31.4658821, 73.1813423) = 8842.6 m
2026-03-16 02:02:41.820 | DEBUG    | utils.geo_utils:haversine_distance:20 - Haversine: (31.5119632, 73.1053388) → (31.4509199, 73.0172282) = 10765.0 m
2026-03-16 02:02:41.820 | DEBUG    | utils.geo_utils:haversine_distance:20 - Haversine: (31.5119632, 73.1053388) → (31.4351755, 73.0374493) = 10693.8 m
2026-03-16 02:02:41.820 | DEBUG    | utils.geo_utils:haversine_distance:20 - Haversine: (31.5119632, 73.1053388) → (31.3333726, 73.0422104) = 20742.1 m
2026-03-16 02:02:41.820 | DEBUG    | utils.geo_utils:haversine_distance:20 - Haversine: (31.5119632, 73.1053388) → (31.5075199, 73.1005803) = 669.0 m
2026-03-16 02:02:41.820 | DEBUG    | utils.geo_utils:haversine_distance:20 - Haversine: (31.3634161, 73.1141106) → (31.4592945, 73.0629536) = 11714.5 m
2026-03-16 02:02:41.820 | DEBUG    | utils.geo_utils:haversine_distance:20 - Haversine: (31.3634161, 73.1141106) → (31.3058685, 73.1694728) = 8282.2 m
2026-03-16 02:02:41.820 | DEBUG    | utils.geo_utils:haversine_distance:20 - Haversine: (31.3634161, 73.1141106) → (31.3140734, 73.0226304) = 10275.5 m
2026-03-16 02:02:41.820 | DEBUG    | utils.geo_utils:haversine_distance:20 - Haversine: (31.3634161, 73.1141106) → (31.5306679, 73.1126844) = 18598.0 m
2026-03-16 02:02:41.821 | DEBUG    | utils.geo_utils:haversine_distance:20 - Haversine: (31.3634161, 73.1141106) → (31.3760251, 73.034401) = 7696.5 m
2026-03-16 02:02:41.821 | DEBUG    | utils.geo_utils:haversine_distance:20 - Haversine: (31.3634161, 73.1141106) → (31.404983, 73.1460277) = 5526.5 m
2026-03-16 02:02:41.821 | DEBUG    | utils.geo_utils:haversine_distance:20 - Haversine: (31.3634161, 73.1141106) → (31.4212389, 73.0816409) = 7130.1 m
2026-03-16 02:02:41.821 | DEBUG    | utils.geo_utils:haversine_distance:20 - Haversine: (31.3634161, 73.1141106) → (31.4658821, 73.1813423) = 13058.4 m
2026-03-16 02:02:41.821 | DEBUG    | utils.geo_utils:haversine_distance:20 - Haversine: (31.3634161, 73.1141106) → (31.4509199, 73.0172282) = 13387.0 m
2026-03-16 02:02:41.821 | DEBUG    | utils.geo_utils:haversine_distance:20 - Haversine: (31.3634161, 73.1141106) → (31.4351755, 73.0374493) = 10798.6 m
2026-03-16 02:02:41.822 | DEBUG    | utils.geo_utils:haversine_distance:20 - Haversine: (31.3634161, 73.1141106) → (31.3333726, 73.0422104) = 7601.3 m
2026-03-16 02:02:41.822 | DEBUG    | utils.geo_utils:haversine_distance:20 - Haversine: (31.3634161, 73.1141106) → (31.5075199, 73.1005803) = 16074.9 m
2026-03-16 02:02:41.822 | DEBUG    | utils.geo_utils:haversine_distance:20 - Haversine: (31.3634161, 73.1141106) → (31.5015436, 73.1935631) = 17109.3 m
2026-03-16 02:02:41.822 | DEBUG    | utils.geo_utils:haversine_distance:20 - Haversine: (31.3634161, 73.1141106) → (31.4148239, 73.1645583) = 7457.0 m
2026-03-16 02:02:41.822 | DEBUG    | utils.geo_utils:haversine_distance:20 - Haversine: (31.3634161, 73.1141106) → (31.4319273, 73.0907774) = 7933.5 m
2026-03-16 02:02:41.822 | DEBUG    | utils.geo_utils:haversine_distance:20 - Haversine: (31.3634161, 73.1141106) → (31.4186759, 73.0443624) = 9032.5 m
2026-03-16 02:02:41.822 | DEBUG    | utils.geo_utils:haversine_distance:20 - Haversine: (31.3634161, 73.1141106) → (31.3776138, 73.0904372) = 2746.6 m
2026-03-16 02:02:41.823 | DEBUG    | utils.geo_utils:haversine_distance:20 - Haversine: (31.3634161, 73.1141106) → (31.311923, 73.1917425) = 9335.2 m
2026-03-16 02:02:41.823 | DEBUG    | utils.geo_utils:haversine_distance:20 - Haversine: (31.3634161, 73.1141106) → (31.3581158, 73.1846103) = 6719.9 m
2026-03-16 02:02:41.823 | DEBUG    | utils.geo_utils:haversine_distance:20 - Haversine: (31.3634161, 73.1141106) → (31.307639, 73.0439916) = 9100.4 m
2026-03-16 02:02:41.823 | DEBUG    | utils.geo_utils:haversine_distance:20 - Haversine: (31.484527, 73.1521663) → (31.4592945, 73.0629536) = 8913.8 m
2026-03-16 02:02:41.823 | DEBUG    | utils.geo_utils:haversine_distance:20 - Haversine: (31.484527, 73.1521663) → (31.3058685, 73.1694728) = 19933.7 m
2026-03-16 02:02:41.823 | DEBUG    | utils.geo_utils:haversine_distance:20 - Haversine: (31.484527, 73.1521663) → (31.3140734, 73.0226304) = 22591.8 m
2026-03-16 02:02:41.823 | DEBUG    | utils.geo_utils:haversine_distance:20 - Haversine: (31.484527, 73.1521663) → (31.5306679, 73.1126844) = 6350.8 m
2026-03-16 02:02:41.823 | DEBUG    | utils.geo_utils:haversine_distance:20 - Haversine: (31.484527, 73.1521663) → (31.3760251, 73.034401) = 16444.1 m
2026-03-16 02:02:41.823 | DEBUG    | utils.geo_utils:haversine_distance:20 - Haversine: (31.484527, 73.1521663) → (31.404983, 73.1460277) = 8864.0 m
2026-03-16 02:02:41.823 | DEBUG    | utils.geo_utils:haversine_distance:20 - Haversine: (31.484527, 73.1521663) → (31.4212389, 73.0816409) = 9709.7 m
2026-03-16 02:02:41.823 | DEBUG    | utils.geo_utils:haversine_distance:20 - Haversine: (31.484527, 73.1521663) → (31.4658821, 73.1813423) = 3457.4 m
2026-03-16 02:02:41.823 | DEBUG    | utils.geo_utils:haversine_distance:20 - Haversine: (31.484527, 73.1521663) → (31.4509199, 73.0172282) = 13332.2 m
2026-03-16 02:02:41.823 | DEBUG    | utils.geo_utils:haversine_distance:20 - Haversine: (31.484527, 73.1521663) → (31.4351755, 73.0374493) = 12186.4 m
2026-03-16 02:02:41.823 | DEBUG    | utils.geo_utils:haversine_distance:20 - Haversine: (31.484527, 73.1521663) → (31.3333726, 73.0422104) = 19783.4 m
2026-03-16 02:02:41.823 | DEBUG    | utils.geo_utils:haversine_distance:20 - Haversine: (31.484527, 73.1521663) → (31.5075199, 73.1005803) = 5519.0 m
2026-03-16 02:02:41.824 | DEBUG    | utils.geo_utils:haversine_distance:20 - Haversine: (31.484527, 73.1521663) → (31.5015436, 73.1935631) = 4357.4 m
2026-03-16 02:02:41.824 | DEBUG    | utils.geo_utils:haversine_distance:20 - Haversine: (31.484527, 73.1521663) → (31.4148239, 73.1645583) = 7839.3 m
2026-03-16 02:02:41.824 | DEBUG    | utils.geo_utils:haversine_distance:20 - Haversine: (31.484527, 73.1521663) → (31.4319273, 73.0907774) = 8253.1 m
2026-03-16 02:02:41.824 | DEBUG    | utils.geo_utils:haversine_distance:20 - Haversine: (31.484527, 73.1521663) → (31.4186759, 73.0443624) = 12577.3 m
2026-03-16 02:02:41.824 | DEBUG    | utils.geo_utils:haversine_distance:20 - Haversine: (31.484527, 73.1521663) → (31.3776138, 73.0904372) = 13252.6 m
2026-03-16 02:02:41.824 | DEBUG    | utils.geo_utils:haversine_distance:20 - Haversine: (31.484527, 73.1521663) → (31.311923, 73.1917425) = 19556.8 m
2026-03-16 02:02:41.824 | DEBUG    | utils.geo_utils:haversine_distance:20 - Haversine: (31.484527, 73.1521663) → (31.3581158, 73.1846103) = 14389.5 m
2026-03-16 02:02:41.824 | DEBUG    | utils.geo_utils:haversine_distance:20 - Haversine: (31.484527, 73.1521663) → (31.307639, 73.0439916) = 22187.6 m
2026-03-16 02:02:41.824 | DEBUG    | utils.geo_utils:haversine_distance:20 - Haversine: (31.484527, 73.1521663) → (31.3634161, 73.1141106) = 13942.6 m
2026-03-16 02:02:41.824 | DEBUG    | utils.geo_utils:haversine_distance:20 - Haversine: (31.4933345, 73.0175829) → (31.4592945, 73.0629536) = 5730.6 m
2026-03-16 02:02:41.824 | DEBUG    | utils.geo_utils:haversine_distance:20 - Haversine: (31.4933345, 73.0175829) → (31.3058685, 73.1694728) = 25344.5 m
2026-03-16 02:02:41.824 | DEBUG    | utils.geo_utils:haversine_distance:20 - Haversine: (31.4933345, 73.0175829) → (31.3140734, 73.0226304) = 19938.7 m
2026-03-16 02:02:41.824 | DEBUG    | utils.geo_utils:haversine_distance:20 - Haversine: (31.4933345, 73.0175829) → (31.5306679, 73.1126844) = 9925.2 m
2026-03-16 02:02:41.824 | DEBUG    | utils.geo_utils:haversine_distance:20 - Haversine: (31.4933345, 73.0175829) → (31.3760251, 73.034401) = 13141.4 m
2026-03-16 02:02:41.824 | DEBUG    | utils.geo_utils:haversine_distance:20 - Haversine: (31.4933345, 73.0175829) → (31.404983, 73.1460277) = 15651.7 m
2026-03-16 02:02:41.824 | DEBUG    | utils.geo_utils:haversine_distance:20 - Haversine: (31.4933345, 73.0175829) → (31.4212389, 73.0816409) = 10059.1 m
2026-03-16 02:02:41.825 | DEBUG    | utils.geo_utils:haversine_distance:20 - Haversine: (31.4933345, 73.0175829) → (31.4658821, 73.1813423) = 15826.5 m
2026-03-16 02:02:41.825 | DEBUG    | utils.geo_utils:haversine_distance:20 - Haversine: (31.4933345, 73.0175829) → (31.4509199, 73.0172282) = 4716.4 m
2026-03-16 02:02:41.825 | DEBUG    | utils.geo_utils:haversine_distance:20 - Haversine: (31.4933345, 73.0175829) → (31.4351755, 73.0374493) = 6735.9 m
2026-03-16 02:02:41.825 | DEBUG    | utils.geo_utils:haversine_distance:20 - Haversine: (31.4933345, 73.0175829) → (31.3333726, 73.0422104) = 17939.8 m
2026-03-16 02:02:41.825 | DEBUG    | utils.geo_utils:haversine_distance:20 - Haversine: (31.4933345, 73.0175829) → (31.5075199, 73.1005803) = 8025.4 m
2026-03-16 02:02:41.825 | DEBUG    | utils.geo_utils:haversine_distance:20 - Haversine: (31.4933345, 73.0175829) → (31.5015436, 73.1935631) = 16710.0 m
2026-03-16 02:02:41.825 | DEBUG    | utils.geo_utils:haversine_distance:20 - Haversine: (31.4933345, 73.0175829) → (31.4148239, 73.1645583) = 16449.2 m
2026-03-16 02:02:41.825 | DEBUG    | utils.geo_utils:haversine_distance:20 - Haversine: (31.4933345, 73.0175829) → (31.4319273, 73.0907774) = 9737.5 m
2026-03-16 02:02:41.825 | DEBUG    | utils.geo_utils:haversine_distance:20 - Haversine: (31.4933345, 73.0175829) → (31.4186759, 73.0443624) = 8681.6 m
2026-03-16 02:02:41.825 | DEBUG    | utils.geo_utils:haversine_distance:20 - Haversine: (31.4933345, 73.0175829) → (31.3776138, 73.0904372) = 14606.5 m
2026-03-16 02:02:41.825 | DEBUG    | utils.geo_utils:haversine_distance:20 - Haversine: (31.4933345, 73.0175829) → (31.311923, 73.1917425) = 26079.2 m
2026-03-16 02:02:41.825 | DEBUG    | utils.geo_utils:haversine_distance:20 - Haversine: (31.4933345, 73.0175829) → (31.3581158, 73.1846103) = 21845.8 m
2026-03-16 02:02:41.825 | DEBUG    | utils.geo_utils:haversine_distance:20 - Haversine: (31.4933345, 73.0175829) → (31.307639, 73.0439916) = 20800.0 m
2026-03-16 02:02:41.825 | DEBUG    | utils.geo_utils:haversine_distance:20 - Haversine: (31.4933345, 73.0175829) → (31.3634161, 73.1141106) = 17104.9 m
2026-03-16 02:02:41.825 | DEBUG    | utils.geo_utils:haversine_distance:20 - Haversine: (31.4933345, 73.0175829) → (31.484527, 73.1521663) = 12798.8 m
2026-03-16 02:02:41.825 | DEBUG    | utils.geo_utils:haversine_distance:20 - Haversine: (31.5457488, 73.0148993) → (31.4592945, 73.0629536) = 10638.2 m
2026-03-16 02:02:41.825 | DEBUG    | utils.geo_utils:haversine_distance:20 - Haversine: (31.5457488, 73.0148993) → (31.3058685, 73.1694728) = 30439.8 m
2026-03-16 02:02:41.825 | DEBUG    | utils.geo_utils:haversine_distance:20 - Haversine: (31.5457488, 73.0148993) → (31.3140734, 73.0226304) = 25771.6 m
2026-03-16 02:02:41.825 | DEBUG    | utils.geo_utils:haversine_distance:20 - Haversine: (31.5457488, 73.0148993) → (31.5306679, 73.1126844) = 9417.6 m
2026-03-16 02:02:41.825 | DEBUG    | utils.geo_utils:haversine_distance:20 - Haversine: (31.5457488, 73.0148993) → (31.3760251, 73.034401) = 18962.8 m
2026-03-16 02:02:41.825 | DEBUG    | utils.geo_utils:haversine_distance:20 - Haversine: (31.5457488, 73.0148993) → (31.404983, 73.1460277) = 19991.0 m
2026-03-16 02:02:41.825 | DEBUG    | utils.geo_utils:haversine_distance:20 - Haversine: (31.5457488, 73.0148993) → (31.4212389, 73.0816409) = 15222.8 m
2026-03-16 02:02:41.826 | DEBUG    | utils.geo_utils:haversine_distance:20 - Haversine: (31.5457488, 73.0148993) → (31.4658821, 73.1813423) = 18106.8 m
2026-03-16 02:02:41.826 | DEBUG    | utils.geo_utils:haversine_distance:20 - Haversine: (31.5457488, 73.0148993) → (31.4509199, 73.0172282) = 10546.8 m
2026-03-16 02:02:41.826 | DEBUG    | utils.geo_utils:haversine_distance:20 - Haversine: (31.5457488, 73.0148993) → (31.4351755, 73.0374493) = 12479.7 m
2026-03-16 02:02:41.826 | DEBUG    | utils.geo_utils:haversine_distance:20 - Haversine: (31.5457488, 73.0148993) → (31.3333726, 73.0422104) = 23756.9 m
2026-03-16 02:02:41.826 | DEBUG    | utils.geo_utils:haversine_distance:20 - Haversine: (31.5457488, 73.0148993) → (31.5075199, 73.1005803) = 9166.3 m
2026-03-16 02:02:41.826 | DEBUG    | utils.geo_utils:haversine_distance:20 - Haversine: (31.5457488, 73.0148993) → (31.5015436, 73.1935631) = 17633.6 m
2026-03-16 02:02:41.826 | DEBUG    | utils.geo_utils:haversine_distance:20 - Haversine: (31.5457488, 73.0148993) → (31.4148239, 73.1645583) = 20331.1 m
2026-03-16 02:02:41.826 | DEBUG    | utils.geo_utils:haversine_distance:20 - Haversine: (31.5457488, 73.0148993) → (31.4319273, 73.0907774) = 14558.5 m
2026-03-16 02:02:41.826 | DEBUG    | utils.geo_utils:haversine_distance:20 - Haversine: (31.5457488, 73.0148993) → (31.4186759, 73.0443624) = 14403.4 m
2026-03-16 02:02:41.826 | DEBUG    | utils.geo_utils:haversine_distance:20 - Haversine: (31.5457488, 73.0148993) → (31.3776138, 73.0904372) = 20021.6 m
2026-03-16 02:02:41.826 | DEBUG    | utils.geo_utils:haversine_distance:20 - Haversine: (31.5457488, 73.0148993) → (31.311923, 73.1917425) = 30944.3 m
2026-03-16 02:02:41.826 | DEBUG    | utils.geo_utils:haversine_distance:20 - Haversine: (31.5457488, 73.0148993) → (31.3581158, 73.1846103) = 26352.6 m
2026-03-16 02:02:41.827 | DEBUG    | utils.geo_utils:haversine_distance:20 - Haversine: (31.5457488, 73.0148993) → (31.307639, 73.0439916) = 26620.1 m
2026-03-16 02:02:41.827 | DEBUG    | utils.geo_utils:haversine_distance:20 - Haversine: (31.5457488, 73.0148993) → (31.3634161, 73.1141106) = 22352.1 m
2026-03-16 02:02:41.827 | DEBUG    | utils.geo_utils:haversine_distance:20 - Haversine: (31.5457488, 73.0148993) → (31.484527, 73.1521663) = 14685.3 m
2026-03-16 02:02:41.827 | DEBUG    | utils.geo_utils:haversine_distance:20 - Haversine: (31.5457488, 73.0148993) → (31.4933345, 73.0175829) = 5833.8 m
2026-03-16 02:02:41.827 | DEBUG    | utils.geo_utils:haversine_distance:20 - Haversine: (31.3351052, 73.048939) → (31.4592945, 73.0629536) = 13873.1 m
2026-03-16 02:02:41.827 | DEBUG    | utils.geo_utils:haversine_distance:20 - Haversine: (31.3351052, 73.048939) → (31.3058685, 73.1694728) = 11902.2 m
2026-03-16 02:02:41.827 | DEBUG    | utils.geo_utils:haversine_distance:20 - Haversine: (31.3351052, 73.048939) → (31.3140734, 73.0226304) = 3422.6 m
2026-03-16 02:02:41.827 | DEBUG    | utils.geo_utils:haversine_distance:20 - Haversine: (31.3351052, 73.048939) → (31.5306679, 73.1126844) = 22571.0 m
2026-03-16 02:02:41.827 | DEBUG    | utils.geo_utils:haversine_distance:20 - Haversine: (31.3351052, 73.048939) → (31.3760251, 73.034401) = 4754.9 m
2026-03-16 02:02:41.827 | DEBUG    | utils.geo_utils:haversine_distance:20 - Haversine: (31.3351052, 73.048939) → (31.404983, 73.1460277) = 12055.7 m
2026-03-16 02:02:41.827 | DEBUG    | utils.geo_utils:haversine_distance:20 - Haversine: (31.3351052, 73.048939) → (31.4212389, 73.0816409) = 10068.2 m
2026-03-16 02:02:41.828 | DEBUG    | utils.geo_utils:haversine_distance:20 - Haversine: (31.3351052, 73.048939) → (31.4658821, 73.1813423) = 19219.2 m
2026-03-16 02:02:41.828 | DEBUG    | utils.geo_utils:haversine_distance:20 - Haversine: (31.3351052, 73.048939) → (31.4509199, 73.0172282) = 13225.1 m
2026-03-16 02:02:41.828 | DEBUG    | utils.geo_utils:haversine_distance:20 - Haversine: (31.3351052, 73.048939) → (31.4351755, 73.0374493) = 11180.6 m
2026-03-16 02:02:41.828 | DEBUG    | utils.geo_utils:haversine_distance:20 - Haversine: (31.3351052, 73.048939) → (31.3333726, 73.0422104) = 667.5 m
2026-03-16 02:02:41.828 | DEBUG    | utils.geo_utils:haversine_distance:20 - Haversine: (31.4525861, 73.1780263) → (31.4592945, 73.0629536) = 10940.6 m
2026-03-16 02:02:41.828 | DEBUG    | utils.geo_utils:haversine_distance:20 - Haversine: (31.4525861, 73.1780263) → (31.3058685, 73.1694728) = 16334.4 m
2026-03-16 02:02:41.828 | DEBUG    | utils.geo_utils:haversine_distance:20 - Haversine: (31.4525861, 73.1780263) → (31.3140734, 73.0226304) = 21326.5 m
2026-03-16 02:02:41.828 | DEBUG    | utils.geo_utils:haversine_distance:20 - Haversine: (31.4525861, 73.1780263) → (31.5306679, 73.1126844) = 10666.2 m
2026-03-16 02:02:41.828 | DEBUG    | utils.geo_utils:haversine_distance:20 - Haversine: (31.4525861, 73.1780263) → (31.3760251, 73.034401) = 16069.8 m
2026-03-16 02:02:41.828 | DEBUG    | utils.geo_utils:haversine_distance:20 - Haversine: (31.4525861, 73.1780263) → (31.404983, 73.1460277) = 6102.1 m
2026-03-16 02:02:41.829 | DEBUG    | utils.geo_utils:haversine_distance:20 - Haversine: (31.4525861, 73.1780263) → (31.4212389, 73.0816409) = 9786.2 m
2026-03-16 02:02:41.829 | DEBUG    | utils.geo_utils:haversine_distance:20 - Haversine: (31.4525861, 73.1780263) → (31.4658821, 73.1813423) = 1511.5 m
2026-03-16 02:02:41.829 | DEBUG    | utils.geo_utils:haversine_distance:20 - Haversine: (31.4525861, 73.1780263) → (31.4509199, 73.0172282) = 15254.1 m
2026-03-16 02:02:41.829 | DEBUG    | utils.geo_utils:haversine_distance:20 - Haversine: (31.4525861, 73.1780263) → (31.4351755, 73.0374493) = 13475.8 m
2026-03-16 02:02:41.829 | DEBUG    | utils.geo_utils:haversine_distance:20 - Haversine: (31.4525861, 73.1780263) → (31.3333726, 73.0422104) = 18490.7 m
2026-03-16 02:02:41.829 | DEBUG    | utils.geo_utils:haversine_distance:20 - Haversine: (31.4525861, 73.1780263) → (31.5075199, 73.1005803) = 9552.4 m
2026-03-16 02:02:41.829 | DEBUG    | utils.geo_utils:haversine_distance:20 - Haversine: (31.4525861, 73.1780263) → (31.5015436, 73.1935631) = 5639.7 m
2026-03-16 02:02:41.829 | DEBUG    | utils.geo_utils:haversine_distance:20 - Haversine: (31.4525861, 73.1780263) → (31.4148239, 73.1645583) = 4389.1 m
2026-03-16 02:02:41.829 | DEBUG    | utils.geo_utils:haversine_distance:20 - Haversine: (31.4525861, 73.1780263) → (31.4319273, 73.0907774) = 8590.0 m
2026-03-16 02:02:41.829 | DEBUG    | utils.geo_utils:haversine_distance:20 - Haversine: (31.4525861, 73.1780263) → (31.4186759, 73.0443624) = 13230.0 m
2026-03-16 02:02:41.829 | DEBUG    | utils.geo_utils:haversine_distance:20 - Haversine: (31.4525861, 73.1780263) → (31.3776138, 73.0904372) = 11772.2 m
2026-03-16 02:02:41.829 | DEBUG    | utils.geo_utils:haversine_distance:20 - Haversine: (31.4525861, 73.1780263) → (31.311923, 73.1917425) = 15695.1 m
2026-03-16 02:02:41.829 | DEBUG    | utils.geo_utils:haversine_distance:20 - Haversine: (31.4525861, 73.1780263) → (31.3581158, 73.1846103) = 10523.2 m
2026-03-16 02:02:41.829 | DEBUG    | utils.geo_utils:haversine_distance:20 - Haversine: (31.4525861, 73.1780263) → (31.307639, 73.0439916) = 20534.6 m
2026-03-16 02:02:41.829 | DEBUG    | utils.geo_utils:haversine_distance:20 - Haversine: (31.4525861, 73.1780263) → (31.3634161, 73.1141106) = 11623.5 m
2026-03-16 02:02:41.829 | DEBUG    | utils.geo_utils:haversine_distance:20 - Haversine: (31.4525861, 73.1780263) → (31.484527, 73.1521663) = 4316.2 m
2026-03-16 02:02:41.830 | DEBUG    | utils.geo_utils:haversine_distance:20 - Haversine: (31.4525861, 73.1780263) → (31.4933345, 73.0175829) = 15876.2 m
2026-03-16 02:02:41.830 | DEBUG    | utils.geo_utils:haversine_distance:20 - Haversine: (31.4525861, 73.1780263) → (31.5457488, 73.0148993) = 18614.9 m
2026-03-16 02:02:41.830 | DEBUG    | utils.geo_utils:haversine_distance:20 - Haversine: (31.3832892, 73.1836007) → (31.4592945, 73.0629536) = 14229.7 m
2026-03-16 02:02:41.830 | DEBUG    | utils.geo_utils:haversine_distance:20 - Haversine: (31.3832892, 73.1836007) → (31.3058685, 73.1694728) = 8712.7 m
2026-03-16 02:02:41.830 | DEBUG    | utils.geo_utils:haversine_distance:20 - Haversine: (31.3832892, 73.1836007) → (31.3140734, 73.0226304) = 17114.3 m
2026-03-16 02:02:41.830 | DEBUG    | utils.geo_utils:haversine_distance:20 - Haversine: (31.3832892, 73.1836007) → (31.5306679, 73.1126844) = 17714.6 m
2026-03-16 02:02:41.830 | DEBUG    | utils.geo_utils:haversine_distance:20 - Haversine: (31.3832892, 73.1836007) → (31.3760251, 73.034401) = 14186.7 m
2026-03-16 02:02:41.830 | DEBUG    | utils.geo_utils:haversine_distance:20 - Haversine: (31.3832892, 73.1836007) → (31.404983, 73.1460277) = 4305.5 m
2026-03-16 02:02:41.830 | DEBUG    | utils.geo_utils:haversine_distance:20 - Haversine: (31.3832892, 73.1836007) → (31.4212389, 73.0816409) = 10556.9 m
2026-03-16 02:02:41.830 | DEBUG    | utils.geo_utils:haversine_distance:20 - Haversine: (31.3832892, 73.1836007) → (31.4658821, 73.1813423) = 9186.4 m
2026-03-16 02:02:41.830 | DEBUG    | utils.geo_utils:haversine_distance:20 - Haversine: (31.3832892, 73.1836007) → (31.4509199, 73.0172282) = 17487.2 m
2026-03-16 02:02:41.830 | DEBUG    | utils.geo_utils:haversine_distance:20 - Haversine: (31.3832892, 73.1836007) → (31.4351755, 73.0374493) = 15022.1 m
2026-03-16 02:02:41.830 | DEBUG    | utils.geo_utils:haversine_distance:20 - Haversine: (31.3832892, 73.1836007) → (31.3333726, 73.0422104) = 14527.5 m
2026-03-16 02:02:41.830 | DEBUG    | utils.geo_utils:haversine_distance:20 - Haversine: (31.3832892, 73.1836007) → (31.5075199, 73.1005803) = 15901.2 m
2026-03-16 02:02:41.831 | DEBUG    | utils.geo_utils:haversine_distance:20 - Haversine: (31.3832892, 73.1836007) → (31.5015436, 73.1935631) = 13183.2 m
2026-03-16 02:02:41.831 | DEBUG    | utils.geo_utils:haversine_distance:20 - Haversine: (31.3832892, 73.1836007) → (31.4148239, 73.1645583) = 3944.9 m
2026-03-16 02:02:41.831 | DEBUG    | utils.geo_utils:haversine_distance:20 - Haversine: (31.3832892, 73.1836007) → (31.4319273, 73.0907774) = 10336.9 m
2026-03-16 02:02:41.831 | DEBUG    | utils.geo_utils:haversine_distance:20 - Haversine: (31.3832892, 73.1836007) → (31.4186759, 73.0443624) = 13788.4 m
2026-03-16 02:02:41.831 | DEBUG    | utils.geo_utils:haversine_distance:20 - Haversine: (31.3832892, 73.1836007) → (31.3776138, 73.0904372) = 8866.5 m
2026-03-16 02:02:41.831 | DEBUG    | utils.geo_utils:haversine_distance:20 - Haversine: (31.3832892, 73.1836007) → (31.311923, 73.1917425) = 7973.1 m
2026-03-16 02:02:41.831 | DEBUG    | utils.geo_utils:haversine_distance:20 - Haversine: (31.3832892, 73.1836007) → (31.3581158, 73.1846103) = 2800.8 m
2026-03-16 02:02:41.831 | DEBUG    | utils.geo_utils:haversine_distance:20 - Haversine: (31.3832892, 73.1836007) → (31.307639, 73.0439916) = 15701.5 m
2026-03-16 02:02:41.831 | DEBUG    | utils.geo_utils:haversine_distance:20 - Haversine: (31.3832892, 73.1836007) → (31.3634161, 73.1141106) = 6957.5 m
2026-03-16 02:02:41.831 | DEBUG    | utils.geo_utils:haversine_distance:20 - Haversine: (31.3832892, 73.1836007) → (31.484527, 73.1521663) = 11645.5 m
2026-03-16 02:02:41.831 | DEBUG    | utils.geo_utils:haversine_distance:20 - Haversine: (31.3832892, 73.1836007) → (31.4933345, 73.0175829) = 19945.1 m
2026-03-16 02:02:41.831 | DEBUG    | utils.geo_utils:haversine_distance:20 - Haversine: (31.3832892, 73.1836007) → (31.5457488, 73.0148993) = 24131.9 m
2026-03-16 02:02:41.831 | DEBUG    | utils.geo_utils:haversine_distance:20 - Haversine: (31.3832892, 73.1836007) → (31.4525861, 73.1780263) = 7723.6 m
2026-03-16 02:02:41.831 | INFO     | data_pipeline.stop_builder:merge_nearby_stops:91 - Merged stops:
2026-03-16 02:02:41.831 | INFO     | data_pipeline.stop_builder:merge_nearby_stops:92 -   Before merge: 30 stops
2026-03-16 02:02:41.832 | INFO     | data_pipeline.stop_builder:merge_nearby_stops:93 -   After merge : 26 stops (merged 4 pairs/groups)
2026-03-16 02:02:41.832 | DEBUG    | data_pipeline.stop_builder:merge_nearby_stops:95 - First few merged stops: [{'student_id': 'test_001', 'name': 'Test Student 1', 'roll_no': 'TEST-6157', 'lat': 31.4592945, 'lng': 73.0629536, 'student_count': 1, 'contact': '03478060777', 'semester': 'Spring 2026', 'fee_status': 'unpaid', 'registration_status': 'pending', 'original_lat': 31.458413838955877, 'original_lng': 73.0637191090853, 'snap_distance_m': 121.91, 'merged_student_ids': ['test_001']}, {'student_id': 'test_002', 'name': 'Test Student 2', 'roll_no': 'TEST-8484', 'lat': 31.3058685, 'lng': 73.1694728, 'student_count': 1, 'contact': '03564577859', 'semester': 'Spring 2026', 'fee_status': 'unpaid', 'registration_status': 'pending', 'original_lat': 31.30724050719012, 'original_lng': 73.16254256760098, 'snap_distance_m': 675.85, 'merged_student_ids': ['test_002']}, {'student_id': 'test_003', 'name': 'Test Student 3', 'roll_no': 'TEST-6237', 'lat': 31.3140734, 'lng': 73.0226304, 'student_count': 1, 'contact': '03941421906', 'semester': 'Spring 2026', 'fee_status': 'unpaid', 'registration_status': 'pending', 'original_lat': 31.311760819408153, 'original_lng': 73.02091199809621, 'snap_distance_m': 304.59, 'merged_student_ids': ['test_003']}]
2026-03-16 02:02:43.351 | INFO     | clustering.stop_clustering:cluster_stops:45 - Clustered into 3 buses (capacity 10):
2026-03-16 02:02:43.352 | INFO     | clustering.stop_clustering:cluster_stops:48 -   Bus 0: 8 stops, 9 students
2026-03-16 02:02:43.352 | INFO     | clustering.stop_clustering:cluster_stops:48 -   Bus 1: 8 stops, 10 students
2026-03-16 02:02:43.352 | INFO     | clustering.stop_clustering:cluster_stops:48 -   Bus 2: 10 stops, 11 students
2026-03-16 02:02:44.216 | INFO     | optimization.tsp_solver:get_road_distance_matrix:38 - ORS matrix computed: 9x9
2026-03-16 02:02:59.229 | INFO     | optimization.tsp_solver:solve_tsp:123 - TSP solved: 8 stops, distance 66090 m, objective 66090
2026-03-16 02:02:59.229 | DEBUG    | optimization.tsp_solver:solve_tsp:124 - Order: ['unknown', 'unknown', 'unknown', 'unknown', 'unknown', 'unknown', 'unknown', 'unknown']
2026-03-16 02:02:59.230 | DEBUG    | optimization.route_generator:generate_route_path:57 - Requesting ORS route with 9 waypoints
2026-03-16 02:03:00.629 | INFO     | optimization.route_generator:generate_route_path:74 - ORS route generated successfully (bug-free)
2026-03-16 02:03:00.630 | INFO     | optimization.route_generator:generate_route_path:75 -   Waypoints: 8 stops → University
2026-03-16 02:03:00.630 | INFO     | optimization.route_generator:generate_route_path:76 -   Distance: 108.89 km
2026-03-16 02:03:00.631 | INFO     | optimization.route_generator:generate_route_path:77 -   Duration: 2.14 h (128 min)
2026-03-16 02:03:00.631 | DEBUG    | optimization.route_generator:generate_route_path:78 - Geometry sample (first 3 & last 3): [[73.169473, 31.305869], [73.169389, 31.309473], [73.169168, 31.318912]] ... [[73.03447, 31.602425], [73.034742, 31.602694], [73.034832, 31.602523]]
2026-03-16 02:03:00.632 | INFO     | optimization.store_routes:compute_fee_per_student:29 - Fee calc: 58074 PKR/student | dist=108.9km | students=9
2026-03-16 02:03:03.502 | DEBUG    | optimization.store_routes:store_optimized_routes:100 - Stored stop R1_stop1 (R1)
2026-03-16 02:03:06.362 | DEBUG    | optimization.store_routes:store_optimized_routes:100 - Stored stop R1_stop2 (R1)
2026-03-16 02:03:06.909 | DEBUG    | optimization.store_routes:store_optimized_routes:100 - Stored stop R1_stop3 (R1)
2026-03-16 02:03:09.236 | DEBUG    | optimization.store_routes:store_optimized_routes:100 - Stored stop R1_stop4 (R1)
2026-03-16 02:03:09.788 | DEBUG    | optimization.store_routes:store_optimized_routes:100 - Stored stop R1_stop5 (R1)
2026-03-16 02:03:12.063 | DEBUG    | optimization.store_routes:store_optimized_routes:100 - Stored stop R1_stop6 (R1)
2026-03-16 02:03:12.633 | DEBUG    | optimization.store_routes:store_optimized_routes:100 - Stored stop R1_stop7 (R1)
2026-03-16 02:03:14.935 | DEBUG    | optimization.store_routes:store_optimized_routes:100 - Stored stop R1_stop8 (R1)
2026-03-16 02:03:16.220 | INFO     | optimization.store_routes:store_optimized_routes:124 - Stored route route_0 (R1): 8 stops, 108.89 km
2026-03-16 02:03:17.098 | INFO     | optimization.tsp_solver:get_road_distance_matrix:38 - ORS matrix computed: 9x9
2026-03-16 02:03:32.101 | INFO     | optimization.tsp_solver:solve_tsp:123 - TSP solved: 8 stops, distance 57363 m, objective 57363
2026-03-16 02:03:32.101 | DEBUG    | optimization.tsp_solver:solve_tsp:124 - Order: ['unknown', 'unknown', 'unknown', 'unknown', 'unknown', 'unknown', 'unknown', 'unknown']
2026-03-16 02:03:32.102 | DEBUG    | optimization.route_generator:generate_route_path:57 - Requesting ORS route with 9 waypoints
2026-03-16 02:03:33.474 | INFO     | optimization.route_generator:generate_route_path:74 - ORS route generated successfully (bug-free)
2026-03-16 02:03:33.474 | INFO     | optimization.route_generator:generate_route_path:75 -   Waypoints: 8 stops → University
2026-03-16 02:03:33.475 | INFO     | optimization.route_generator:generate_route_path:76 -   Distance: 86.36 km
2026-03-16 02:03:33.475 | INFO     | optimization.route_generator:generate_route_path:77 -   Duration: 1.84 h (110 min)
2026-03-16 02:03:33.475 | DEBUG    | optimization.route_generator:generate_route_path:78 - Geometry sample (first 3 & last 3): [[73.146028, 31.404983], [73.14526, 31.404581], [73.144931, 31.404404]] ... [[73.03447, 31.602425], [73.034742, 31.602694], [73.034832, 31.602523]]
2026-03-16 02:03:33.478 | INFO     | optimization.store_routes:compute_fee_per_student:29 - Fee calc: 41454 PKR/student | dist=86.4km | students=10
2026-03-16 02:03:36.310 | DEBUG    | optimization.store_routes:store_optimized_routes:100 - Stored stop R2_stop1 (R2)
2026-03-16 02:03:36.866 | DEBUG    | optimization.store_routes:store_optimized_routes:100 - Stored stop R2_stop2 (R2)
2026-03-16 02:03:38.341 | DEBUG    | optimization.store_routes:store_optimized_routes:100 - Stored stop R2_stop3 (R2)
2026-03-16 02:03:40.178 | DEBUG    | optimization.store_routes:store_optimized_routes:100 - Stored stop R2_stop4 (R2)
2026-03-16 02:03:41.210 | DEBUG    | optimization.store_routes:store_optimized_routes:100 - Stored stop R2_stop5 (R2)
2026-03-16 02:03:43.037 | DEBUG    | optimization.store_routes:store_optimized_routes:100 - Stored stop R2_stop6 (R2)
2026-03-16 02:03:43.865 | DEBUG    | optimization.store_routes:store_optimized_routes:100 - Stored stop R2_stop7 (R2)
2026-03-16 02:03:44.400 | DEBUG    | optimization.store_routes:store_optimized_routes:100 - Stored stop R2_stop8 (R2)
2026-03-16 02:03:45.492 | INFO     | optimization.store_routes:store_optimized_routes:124 - Stored route route_1 (R2): 8 stops, 86.36 km
2026-03-16 02:03:46.359 | INFO     | optimization.tsp_solver:get_road_distance_matrix:38 - ORS matrix computed: 11x11
2026-03-16 02:04:01.361 | INFO     | optimization.tsp_solver:solve_tsp:123 - TSP solved: 10 stops, distance 69272 m, objective 69272
2026-03-16 02:04:01.362 | DEBUG    | optimization.tsp_solver:solve_tsp:124 - Order: ['unknown', 'unknown', 'unknown', 'unknown', 'unknown', 'unknown', 'unknown', 'unknown', 'unknown', 'unknown']
2026-03-16 02:04:01.362 | DEBUG    | optimization.route_generator:generate_route_path:57 - Requesting ORS route with 11 waypoints
2026-03-16 02:04:02.410 | INFO     | optimization.route_generator:generate_route_path:74 - ORS route generated successfully (bug-free)
2026-03-16 02:04:02.411 | INFO     | optimization.route_generator:generate_route_path:75 -   Waypoints: 10 stops → University
2026-03-16 02:04:02.411 | INFO     | optimization.route_generator:generate_route_path:76 -   Distance: 73.87 km
2026-03-16 02:04:02.411 | INFO     | optimization.route_generator:generate_route_path:77 -   Duration: 1.45 h (87 min)
2026-03-16 02:04:02.411 | DEBUG    | optimization.route_generator:generate_route_path:78 - Geometry sample (first 3 & last 3): [[73.062954, 31.459295], [73.063958, 31.459524], [73.065264, 31.459823]] ... [[73.03447, 31.602425], [73.034742, 31.602694], [73.034832, 31.602523]]
2026-03-16 02:04:02.412 | INFO     | optimization.store_routes:compute_fee_per_student:29 - Fee calc: 32235 PKR/student | dist=73.9km | students=11
2026-03-16 02:04:05.243 | DEBUG    | optimization.store_routes:store_optimized_routes:100 - Stored stop R3_stop1 (R3)
2026-03-16 02:04:05.793 | DEBUG    | optimization.store_routes:store_optimized_routes:100 - Stored stop R3_stop2 (R3)
2026-03-16 02:04:08.092 | DEBUG    | optimization.store_routes:store_optimized_routes:100 - Stored stop R3_stop3 (R3)
2026-03-16 02:04:08.649 | DEBUG    | optimization.store_routes:store_optimized_routes:100 - Stored stop R3_stop4 (R3)
2026-03-16 02:04:09.666 | DEBUG    | optimization.store_routes:store_optimized_routes:100 - Stored stop R3_stop5 (R3)
2026-03-16 02:04:10.967 | DEBUG    | optimization.store_routes:store_optimized_routes:100 - Stored stop R3_stop6 (R3)
2026-03-16 02:04:12.001 | DEBUG    | optimization.store_routes:store_optimized_routes:100 - Stored stop R3_stop7 (R3)
2026-03-16 02:04:12.539 | DEBUG    | optimization.store_routes:store_optimized_routes:100 - Stored stop R3_stop8 (R3)
2026-03-16 02:04:13.091 | DEBUG    | optimization.store_routes:store_optimized_routes:100 - Stored stop R3_stop9 (R3)
2026-03-16 02:04:14.114 | DEBUG    | optimization.store_routes:store_optimized_routes:100 - Stored stop R3_stop10 (R3)
2026-03-16 02:04:15.697 | INFO     | optimization.store_routes:store_optimized_routes:124 - Stored route route_2 (R3): 10 stops, 73.87 km
2026-03-16 02:04:15.697 | INFO     | optimization.store_routes:store_optimized_routes:130 - Back-filling route_id on 26 stops...
2026-03-16 02:04:16.290 | DEBUG    | optimization.store_routes:store_optimized_routes:148 - Final batch: 26 writes
2026-03-16 02:04:16.290 | INFO     | optimization.store_routes:store_optimized_routes:150 - Done: 3 routes | 26 stops stored
2026-03-16 02:04:16.291 | INFO     | api.main:run_optimization:64 - Pipeline completed successfully | 3 buses processed
2026-03-16 13:32:20.134 | INFO     | database.firebase:<module>:12 - Firebase Admin SDK initialized successfully
2026-03-16 13:32:51.095 | INFO     | api.main:run_optimization:29 - Starting full route optimization pipeline
2026-03-16 13:32:56.190 | WARNING  | data_pipeline.student_loader:load_student_stops:37 - Student h3zzvjYXAnM5idW1JUkq9zREyWL2 missing valid lat/lng → skipped
2026-03-16 13:32:56.193 | INFO     | data_pipeline.student_loader:load_student_stops:42 - Loaded 30 student stops from Firestore
2026-03-16 13:32:56.194 | DEBUG    | data_pipeline.student_loader:load_student_stops:43 - First 3 stops (sample): [{'student_id': 'test_001', 'name': 'Test Student 1', 'roll_no': 'TEST-6157', 'lat': 31.458413838955877, 'lng': 73.0637191090853, 'student_count': 1, 'contact': '03478060777', 'semester': 'Spring 2026', 'fee_status': 'unpaid', 'registration_status': 'pending'}, {'student_id': 'test_002', 'name': 'Test Student 2', 'roll_no': 'TEST-8484', 'lat': 31.30724050719012, 'lng': 73.16254256760098, 'student_count': 1, 'contact': '03564577859', 'semester': 'Spring 2026', 'fee_status': 'unpaid', 'registration_status': 'pending'}, {'student_id': 'test_003', 'name': 'Test Student 3', 'roll_no': 'TEST-6237', 'lat': 31.311760819408153, 'lng': 73.02091199809621, 'student_count': 1, 'contact': '03941421906', 'semester': 'Spring 2026', 'fee_status': 'unpaid', 'registration_status': 'pending'}]
2026-03-16 13:32:56.194 | INFO     | osm.fetch_roads:fetch_or_load_road_graph:19 - Loading cached Faisalabad road graph...
2026-03-16 13:33:07.538 | INFO     | osm.fetch_roads:fetch_or_load_road_graph:21 - Loaded graph with 50872 nodes and 144715 edges
2026-03-16 13:33:07.718 | INFO     | osm.road_filter:filter_main_roads:38 - Filtered graph:
2026-03-16 13:33:07.749 | INFO     | osm.road_filter:filter_main_roads:39 -   Original: 50872 nodes, 144715 edges
2026-03-16 13:33:07.876 | INFO     | osm.road_filter:filter_main_roads:40 -   After filter (main roads only): 7460 nodes, 12863 edges
2026-03-16 13:33:08.139 | DEBUG    | utils.distance_utils:build_node_balltree:29 - Built BallTree with 7460 nodes
2026-03-16 13:33:08.143 | DEBUG    | utils.geo_utils:haversine_distance:20 - Haversine: (31.458413838955877, 73.0637191090853) → (31.4592945, 73.0629536) = 121.9 m
2026-03-16 13:33:08.143 | DEBUG    | utils.distance_utils:find_nearest_road_point:56 - Nearest road node to (31.458413838955877, 73.0637191090853): (31.459294, 73.062954) — 121.9m
2026-03-16 13:33:08.143 | DEBUG    | utils.geo_utils:haversine_distance:20 - Haversine: (31.458413838955877, 73.0637191090853) → (31.4592945, 73.0629536) = 121.9 m
2026-03-16 13:33:08.143 | DEBUG    | data_pipeline.stop_builder:snap_stops_to_roads:38 - Snapped Test Student 1 (TEST-6157): 121.9m
2026-03-16 13:33:08.163 | DEBUG    | utils.distance_utils:build_node_balltree:29 - Built BallTree with 7460 nodes
2026-03-16 13:33:08.165 | DEBUG    | utils.geo_utils:haversine_distance:20 - Haversine: (31.30724050719012, 73.16254256760098) → (31.3058685, 73.1694728) = 675.8 m
2026-03-16 13:33:08.165 | DEBUG    | utils.distance_utils:find_nearest_road_point:56 - Nearest road node to (31.30724050719012, 73.16254256760098): (31.305868, 73.169473) — 675.8m
2026-03-16 13:33:08.165 | DEBUG    | utils.geo_utils:haversine_distance:20 - Haversine: (31.30724050719012, 73.16254256760098) → (31.3058685, 73.1694728) = 675.8 m
2026-03-16 13:33:08.165 | DEBUG    | data_pipeline.stop_builder:snap_stops_to_roads:38 - Snapped Test Student 2 (TEST-8484): 675.8m
2026-03-16 13:33:08.191 | DEBUG    | utils.distance_utils:build_node_balltree:29 - Built BallTree with 7460 nodes
2026-03-16 13:33:08.193 | DEBUG    | utils.geo_utils:haversine_distance:20 - Haversine: (31.311760819408153, 73.02091199809621) → (31.3140734, 73.0226304) = 304.6 m
2026-03-16 13:33:08.193 | DEBUG    | utils.distance_utils:find_nearest_road_point:56 - Nearest road node to (31.311760819408153, 73.02091199809621): (31.314073, 73.022630) — 304.6m
2026-03-16 13:33:08.193 | DEBUG    | utils.geo_utils:haversine_distance:20 - Haversine: (31.311760819408153, 73.02091199809621) → (31.3140734, 73.0226304) = 304.6 m
2026-03-16 13:33:08.193 | DEBUG    | data_pipeline.stop_builder:snap_stops_to_roads:38 - Snapped Test Student 3 (TEST-6237): 304.6m
2026-03-16 13:33:08.216 | DEBUG    | utils.distance_utils:build_node_balltree:29 - Built BallTree with 7460 nodes
2026-03-16 13:33:08.218 | DEBUG    | utils.geo_utils:haversine_distance:20 - Haversine: (31.533562499900963, 73.11715504190414) → (31.5306679, 73.1126844) = 532.1 m
2026-03-16 13:33:08.219 | DEBUG    | utils.distance_utils:find_nearest_road_point:56 - Nearest road node to (31.533562499900963, 73.11715504190414): (31.530668, 73.112684) — 532.1m
2026-03-16 13:33:08.219 | DEBUG    | utils.geo_utils:haversine_distance:20 - Haversine: (31.533562499900963, 73.11715504190414) → (31.5306679, 73.1126844) = 532.1 m
2026-03-16 13:33:08.219 | DEBUG    | data_pipeline.stop_builder:snap_stops_to_roads:38 - Snapped Test Student 4 (TEST-8418): 532.1m
2026-03-16 13:33:08.243 | DEBUG    | utils.distance_utils:build_node_balltree:29 - Built BallTree with 7460 nodes
2026-03-16 13:33:08.245 | DEBUG    | utils.geo_utils:haversine_distance:20 - Haversine: (31.37420969279616, 73.03062856138061) → (31.3760251, 73.034401) = 411.1 m
2026-03-16 13:33:08.245 | DEBUG    | utils.distance_utils:find_nearest_road_point:56 - Nearest road node to (31.37420969279616, 73.03062856138061): (31.376025, 73.034401) — 411.1m
2026-03-16 13:33:08.245 | DEBUG    | utils.geo_utils:haversine_distance:20 - Haversine: (31.37420969279616, 73.03062856138061) → (31.3760251, 73.034401) = 411.1 m
2026-03-16 13:33:08.245 | DEBUG    | data_pipeline.stop_builder:snap_stops_to_roads:38 - Snapped Test Student 5 (TEST-6520): 411.1m
2026-03-16 13:33:08.272 | DEBUG    | utils.distance_utils:build_node_balltree:29 - Built BallTree with 7460 nodes
2026-03-16 13:33:08.274 | DEBUG    | utils.geo_utils:haversine_distance:20 - Haversine: (31.40454658844303, 73.14636523904765) → (31.404983, 73.1460277) = 58.1 m
2026-03-16 13:33:08.274 | DEBUG    | utils.distance_utils:find_nearest_road_point:56 - Nearest road node to (31.40454658844303, 73.14636523904765): (31.404983, 73.146028) — 58.1m
2026-03-16 13:33:08.274 | DEBUG    | utils.geo_utils:haversine_distance:20 - Haversine: (31.40454658844303, 73.14636523904765) → (31.404983, 73.1460277) = 58.1 m
2026-03-16 13:33:08.274 | DEBUG    | data_pipeline.stop_builder:snap_stops_to_roads:38 - Snapped Test Student 6 (TEST-7381): 58.1m
2026-03-16 13:33:08.296 | DEBUG    | utils.distance_utils:build_node_balltree:29 - Built BallTree with 7460 nodes
2026-03-16 13:33:08.297 | DEBUG    | utils.geo_utils:haversine_distance:20 - Haversine: (31.421274233165047, 73.08161667127081) → (31.4212389, 73.0816409) = 4.6 m
2026-03-16 13:33:08.298 | DEBUG    | utils.distance_utils:find_nearest_road_point:56 - Nearest road node to (31.421274233165047, 73.08161667127081): (31.421239, 73.081641) — 4.6m
2026-03-16 13:33:08.298 | DEBUG    | utils.geo_utils:haversine_distance:20 - Haversine: (31.421274233165047, 73.08161667127081) → (31.4212389, 73.0816409) = 4.6 m
2026-03-16 13:33:08.298 | DEBUG    | data_pipeline.stop_builder:snap_stops_to_roads:38 - Snapped Test Student 7 (TEST-2361): 4.6m
2026-03-16 13:33:08.319 | DEBUG    | utils.distance_utils:build_node_balltree:29 - Built BallTree with 7460 nodes
2026-03-16 13:33:08.320 | DEBUG    | utils.geo_utils:haversine_distance:20 - Haversine: (31.471541374996544, 73.18015119041905) → (31.4658821, 73.1813423) = 639.3 m
2026-03-16 13:33:08.321 | DEBUG    | utils.distance_utils:find_nearest_road_point:56 - Nearest road node to (31.471541374996544, 73.18015119041905): (31.465882, 73.181342) — 639.3m
2026-03-16 13:33:08.321 | DEBUG    | utils.geo_utils:haversine_distance:20 - Haversine: (31.471541374996544, 73.18015119041905) → (31.4658821, 73.1813423) = 639.3 m
2026-03-16 13:33:08.321 | DEBUG    | data_pipeline.stop_builder:snap_stops_to_roads:38 - Snapped Test Student 8 (TEST-3539): 639.3m
2026-03-16 13:33:08.344 | DEBUG    | utils.distance_utils:build_node_balltree:29 - Built BallTree with 7460 nodes
2026-03-16 13:33:08.346 | DEBUG    | utils.geo_utils:haversine_distance:20 - Haversine: (31.462991225546673, 73.18368262771163) → (31.4633642, 73.185041) = 135.3 m
2026-03-16 13:33:08.346 | DEBUG    | utils.distance_utils:find_nearest_road_point:56 - Nearest road node to (31.462991225546673, 73.18368262771163): (31.463364, 73.185041) — 135.3m
2026-03-16 13:33:08.346 | DEBUG    | utils.geo_utils:haversine_distance:20 - Haversine: (31.462991225546673, 73.18368262771163) → (31.4633642, 73.185041) = 135.3 m
2026-03-16 13:33:08.346 | DEBUG    | data_pipeline.stop_builder:snap_stops_to_roads:38 - Snapped Test Student 9 (TEST-5402): 135.3m
2026-03-16 13:33:08.369 | DEBUG    | utils.distance_utils:build_node_balltree:29 - Built BallTree with 7460 nodes
2026-03-16 13:33:08.371 | DEBUG    | utils.geo_utils:haversine_distance:20 - Haversine: (31.454509244866568, 73.0171669199355) → (31.4509199, 73.0172282) = 399.2 m
2026-03-16 13:33:08.371 | DEBUG    | utils.distance_utils:find_nearest_road_point:56 - Nearest road node to (31.454509244866568, 73.0171669199355): (31.450920, 73.017228) — 399.2m
2026-03-16 13:33:08.372 | DEBUG    | utils.geo_utils:haversine_distance:20 - Haversine: (31.454509244866568, 73.0171669199355) → (31.4509199, 73.0172282) = 399.2 m
2026-03-16 13:33:08.372 | DEBUG    | data_pipeline.stop_builder:snap_stops_to_roads:38 - Snapped Test Student 10 (TEST-5949): 399.2m
2026-03-16 13:33:08.391 | DEBUG    | utils.distance_utils:build_node_balltree:29 - Built BallTree with 7460 nodes
2026-03-16 13:33:08.392 | DEBUG    | utils.geo_utils:haversine_distance:20 - Haversine: (31.435283147809344, 73.0372506419147) → (31.4351755, 73.0374493) = 22.3 m
2026-03-16 13:33:08.392 | DEBUG    | utils.distance_utils:find_nearest_road_point:56 - Nearest road node to (31.435283147809344, 73.0372506419147): (31.435175, 73.037449) — 22.3m
2026-03-16 13:33:08.392 | DEBUG    | utils.geo_utils:haversine_distance:20 - Haversine: (31.435283147809344, 73.0372506419147) → (31.4351755, 73.0374493) = 22.3 m
2026-03-16 13:33:08.392 | DEBUG    | data_pipeline.stop_builder:snap_stops_to_roads:38 - Snapped Test Student 11 (TEST-6934): 22.3m
2026-03-16 13:33:08.413 | DEBUG    | utils.distance_utils:build_node_balltree:29 - Built BallTree with 7460 nodes
2026-03-16 13:33:08.414 | DEBUG    | utils.geo_utils:haversine_distance:20 - Haversine: (31.338969478374853, 73.04196590548838) → (31.3333726, 73.0422104) = 622.8 m
2026-03-16 13:33:08.414 | DEBUG    | utils.distance_utils:find_nearest_road_point:56 - Nearest road node to (31.338969478374853, 73.04196590548838): (31.333373, 73.042210) — 622.8m
2026-03-16 13:33:08.415 | DEBUG    | utils.geo_utils:haversine_distance:20 - Haversine: (31.338969478374853, 73.04196590548838) → (31.3333726, 73.0422104) = 622.8 m
2026-03-16 13:33:08.415 | DEBUG    | data_pipeline.stop_builder:snap_stops_to_roads:38 - Snapped Test Student 12 (TEST-1265): 622.8m
2026-03-16 13:33:08.441 | DEBUG    | utils.distance_utils:build_node_balltree:29 - Built BallTree with 7460 nodes
2026-03-16 13:33:08.442 | DEBUG    | utils.geo_utils:haversine_distance:20 - Haversine: (31.505407374514913, 73.10140619881646) → (31.5075199, 73.1005803) = 247.6 m
2026-03-16 13:33:08.442 | DEBUG    | utils.distance_utils:find_nearest_road_point:56 - Nearest road node to (31.505407374514913, 73.10140619881646): (31.507520, 73.100580) — 247.6m
2026-03-16 13:33:08.442 | DEBUG    | utils.geo_utils:haversine_distance:20 - Haversine: (31.505407374514913, 73.10140619881646) → (31.5075199, 73.1005803) = 247.6 m
2026-03-16 13:33:08.442 | DEBUG    | data_pipeline.stop_builder:snap_stops_to_roads:38 - Snapped Test Student 13 (TEST-3811): 247.6m
2026-03-16 13:33:08.463 | DEBUG    | utils.distance_utils:build_node_balltree:29 - Built BallTree with 7460 nodes
2026-03-16 13:33:08.465 | DEBUG    | utils.geo_utils:haversine_distance:20 - Haversine: (31.49770557766422, 73.19724787872693) → (31.5015436, 73.1935631) = 551.5 m
2026-03-16 13:33:08.465 | DEBUG    | utils.distance_utils:find_nearest_road_point:56 - Nearest road node to (31.49770557766422, 73.19724787872693): (31.501544, 73.193563) — 551.5m
2026-03-16 13:33:08.466 | DEBUG    | utils.geo_utils:haversine_distance:20 - Haversine: (31.49770557766422, 73.19724787872693) → (31.5015436, 73.1935631) = 551.5 m
2026-03-16 13:33:08.466 | DEBUG    | data_pipeline.stop_builder:snap_stops_to_roads:38 - Snapped Test Student 14 (TEST-3741): 551.5m
2026-03-16 13:33:08.486 | DEBUG    | utils.distance_utils:build_node_balltree:29 - Built BallTree with 7460 nodes
2026-03-16 13:33:08.488 | DEBUG    | utils.geo_utils:haversine_distance:20 - Haversine: (31.410508808523392, 73.1658002081659) → (31.4148239, 73.1645583) = 494.1 m
2026-03-16 13:33:08.488 | DEBUG    | utils.distance_utils:find_nearest_road_point:56 - Nearest road node to (31.410508808523392, 73.1658002081659): (31.414824, 73.164558) — 494.1m
2026-03-16 13:33:08.488 | DEBUG    | utils.geo_utils:haversine_distance:20 - Haversine: (31.410508808523392, 73.1658002081659) → (31.4148239, 73.1645583) = 494.1 m
2026-03-16 13:33:08.488 | DEBUG    | data_pipeline.stop_builder:snap_stops_to_roads:38 - Snapped Test Student 15 (TEST-3289): 494.1m
2026-03-16 13:33:08.511 | DEBUG    | utils.distance_utils:build_node_balltree:29 - Built BallTree with 7460 nodes
2026-03-16 13:33:08.514 | DEBUG    | utils.geo_utils:haversine_distance:20 - Haversine: (31.453846258864505, 73.19186046525185) → (31.4644729, 73.1882307) = 1230.8 m
2026-03-16 13:33:08.515 | DEBUG    | utils.distance_utils:find_nearest_road_point:56 - Nearest road node to (31.453846258864505, 73.19186046525185): (31.464473, 73.188231) — 1230.8m
2026-03-16 13:33:08.515 | DEBUG    | utils.geo_utils:haversine_distance:20 - Haversine: (31.453846258864505, 73.19186046525185) → (31.4644729, 73.1882307) = 1230.8 m
2026-03-16 13:33:08.515 | DEBUG    | data_pipeline.stop_builder:snap_stops_to_roads:38 - Snapped Test Student 16 (TEST-7780): 1230.8m
2026-03-16 13:33:08.535 | DEBUG    | utils.distance_utils:build_node_balltree:29 - Built BallTree with 7460 nodes
2026-03-16 13:33:08.537 | DEBUG    | utils.geo_utils:haversine_distance:20 - Haversine: (31.43255994006893, 73.09146942366137) → (31.4319273, 73.0907774) = 96.2 m
2026-03-16 13:33:08.537 | DEBUG    | utils.distance_utils:find_nearest_road_point:56 - Nearest road node to (31.43255994006893, 73.09146942366137): (31.431927, 73.090777) — 96.2m
2026-03-16 13:33:08.537 | DEBUG    | utils.geo_utils:haversine_distance:20 - Haversine: (31.43255994006893, 73.09146942366137) → (31.4319273, 73.0907774) = 96.2 m
2026-03-16 13:33:08.538 | DEBUG    | data_pipeline.stop_builder:snap_stops_to_roads:38 - Snapped Test Student 17 (TEST-9541): 96.2m
2026-03-16 13:33:08.562 | DEBUG    | utils.distance_utils:build_node_balltree:29 - Built BallTree with 7460 nodes
2026-03-16 13:33:08.565 | DEBUG    | utils.geo_utils:haversine_distance:20 - Haversine: (31.420894050774614, 73.04499703820537) → (31.4186759, 73.0443624) = 253.9 m
2026-03-16 13:33:08.565 | DEBUG    | utils.distance_utils:find_nearest_road_point:56 - Nearest road node to (31.420894050774614, 73.04499703820537): (31.418676, 73.044362) — 253.9m
2026-03-16 13:33:08.566 | DEBUG    | utils.geo_utils:haversine_distance:20 - Haversine: (31.420894050774614, 73.04499703820537) → (31.4186759, 73.0443624) = 253.9 m
2026-03-16 13:33:08.566 | DEBUG    | data_pipeline.stop_builder:snap_stops_to_roads:38 - Snapped Test Student 18 (TEST-6035): 253.9m
2026-03-16 13:33:08.582 | DEBUG    | utils.distance_utils:build_node_balltree:29 - Built BallTree with 7460 nodes
2026-03-16 13:33:08.584 | DEBUG    | utils.geo_utils:haversine_distance:20 - Haversine: (31.375966108321286, 73.0928831225039) → (31.3776138, 73.0904372) = 295.8 m
2026-03-16 13:33:08.584 | DEBUG    | utils.distance_utils:find_nearest_road_point:56 - Nearest road node to (31.375966108321286, 73.0928831225039): (31.377614, 73.090437) — 295.8m
2026-03-16 13:33:08.584 | DEBUG    | utils.geo_utils:haversine_distance:20 - Haversine: (31.375966108321286, 73.0928831225039) → (31.3776138, 73.0904372) = 295.8 m
2026-03-16 13:33:08.584 | DEBUG    | data_pipeline.stop_builder:snap_stops_to_roads:38 - Snapped Test Student 19 (TEST-4787): 295.8m
2026-03-16 13:33:08.600 | DEBUG    | utils.distance_utils:build_node_balltree:29 - Built BallTree with 7460 nodes
2026-03-16 13:33:08.601 | DEBUG    | utils.geo_utils:haversine_distance:20 - Haversine: (31.317031325416544, 73.19463764719963) → (31.311923, 73.1917425) = 631.1 m
2026-03-16 13:33:08.601 | DEBUG    | utils.distance_utils:find_nearest_road_point:56 - Nearest road node to (31.317031325416544, 73.19463764719963): (31.311923, 73.191743) — 631.1m
2026-03-16 13:33:08.602 | DEBUG    | utils.geo_utils:haversine_distance:20 - Haversine: (31.317031325416544, 73.19463764719963) → (31.311923, 73.1917425) = 631.1 m
2026-03-16 13:33:08.602 | DEBUG    | data_pipeline.stop_builder:snap_stops_to_roads:38 - Snapped Test Student 20 (TEST-2854): 631.1m
2026-03-16 13:33:08.619 | DEBUG    | utils.distance_utils:build_node_balltree:29 - Built BallTree with 7460 nodes
2026-03-16 13:33:08.620 | DEBUG    | utils.geo_utils:haversine_distance:20 - Haversine: (31.358964005746834, 73.18223009691991) → (31.3581158, 73.1846103) = 244.9 m
2026-03-16 13:33:08.621 | DEBUG    | utils.distance_utils:find_nearest_road_point:56 - Nearest road node to (31.358964005746834, 73.18223009691991): (31.358116, 73.184610) — 244.9m
2026-03-16 13:33:08.621 | DEBUG    | utils.geo_utils:haversine_distance:20 - Haversine: (31.358964005746834, 73.18223009691991) → (31.3581158, 73.1846103) = 244.9 m
2026-03-16 13:33:08.621 | DEBUG    | data_pipeline.stop_builder:snap_stops_to_roads:38 - Snapped Test Student 21 (TEST-9412): 244.9m
2026-03-16 13:33:08.639 | DEBUG    | utils.distance_utils:build_node_balltree:29 - Built BallTree with 7460 nodes
2026-03-16 13:33:08.640 | DEBUG    | utils.geo_utils:haversine_distance:20 - Haversine: (31.30626302932068, 73.04385574113304) → (31.307639, 73.0439916) = 153.5 m
2026-03-16 13:33:08.640 | DEBUG    | utils.distance_utils:find_nearest_road_point:56 - Nearest road node to (31.30626302932068, 73.04385574113304): (31.307639, 73.043992) — 153.5m
2026-03-16 13:33:08.640 | DEBUG    | utils.geo_utils:haversine_distance:20 - Haversine: (31.30626302932068, 73.04385574113304) → (31.307639, 73.0439916) = 153.5 m
2026-03-16 13:33:08.640 | DEBUG    | data_pipeline.stop_builder:snap_stops_to_roads:38 - Snapped Test Student 22 (TEST-1978): 153.5m
2026-03-16 13:33:08.660 | DEBUG    | utils.distance_utils:build_node_balltree:29 - Built BallTree with 7460 nodes
2026-03-16 13:33:08.662 | DEBUG    | utils.geo_utils:haversine_distance:20 - Haversine: (31.51642390521156, 73.10410284025417) → (31.5119632, 73.1053388) = 509.7 m
2026-03-16 13:33:08.662 | DEBUG    | utils.distance_utils:find_nearest_road_point:56 - Nearest road node to (31.51642390521156, 73.10410284025417): (31.511963, 73.105339) — 509.7m
2026-03-16 13:33:08.663 | DEBUG    | utils.geo_utils:haversine_distance:20 - Haversine: (31.51642390521156, 73.10410284025417) → (31.5119632, 73.1053388) = 509.7 m
2026-03-16 13:33:08.663 | DEBUG    | data_pipeline.stop_builder:snap_stops_to_roads:38 - Snapped Test Student 23 (TEST-7806): 509.7m
2026-03-16 13:33:08.689 | DEBUG    | utils.distance_utils:build_node_balltree:29 - Built BallTree with 7460 nodes
2026-03-16 13:33:08.691 | DEBUG    | utils.geo_utils:haversine_distance:20 - Haversine: (31.362837221310617, 73.11591751859528) → (31.3634161, 73.1141106) = 183.2 m
2026-03-16 13:33:08.692 | DEBUG    | utils.distance_utils:find_nearest_road_point:56 - Nearest road node to (31.362837221310617, 73.11591751859528): (31.363416, 73.114111) — 183.2m
2026-03-16 13:33:08.692 | DEBUG    | utils.geo_utils:haversine_distance:20 - Haversine: (31.362837221310617, 73.11591751859528) → (31.3634161, 73.1141106) = 183.2 m
2026-03-16 13:33:08.692 | DEBUG    | data_pipeline.stop_builder:snap_stops_to_roads:38 - Snapped Test Student 24 (TEST-4522): 183.2m
2026-03-16 13:33:08.713 | DEBUG    | utils.distance_utils:build_node_balltree:29 - Built BallTree with 7460 nodes
2026-03-16 13:33:08.714 | DEBUG    | utils.geo_utils:haversine_distance:20 - Haversine: (31.483879217724777, 73.14836129155259) → (31.484527, 73.1521663) = 367.9 m
2026-03-16 13:33:08.715 | DEBUG    | utils.distance_utils:find_nearest_road_point:56 - Nearest road node to (31.483879217724777, 73.14836129155259): (31.484527, 73.152166) — 367.9m
2026-03-16 13:33:08.715 | DEBUG    | utils.geo_utils:haversine_distance:20 - Haversine: (31.483879217724777, 73.14836129155259) → (31.484527, 73.1521663) = 367.9 m
2026-03-16 13:33:08.715 | DEBUG    | data_pipeline.stop_builder:snap_stops_to_roads:38 - Snapped Test Student 25 (TEST-1878): 367.9m
2026-03-16 13:33:08.735 | DEBUG    | utils.distance_utils:build_node_balltree:29 - Built BallTree with 7460 nodes
2026-03-16 13:33:08.736 | DEBUG    | utils.geo_utils:haversine_distance:20 - Haversine: (31.49899214065563, 73.01267256501768) → (31.4933345, 73.0175829) = 782.6 m
2026-03-16 13:33:08.737 | DEBUG    | utils.distance_utils:find_nearest_road_point:56 - Nearest road node to (31.49899214065563, 73.01267256501768): (31.493334, 73.017583) — 782.6m
2026-03-16 13:33:08.737 | DEBUG    | utils.geo_utils:haversine_distance:20 - Haversine: (31.49899214065563, 73.01267256501768) → (31.4933345, 73.0175829) = 782.6 m
2026-03-16 13:33:08.737 | DEBUG    | data_pipeline.stop_builder:snap_stops_to_roads:38 - Snapped Test Student 26 (TEST-4804): 782.6m
2026-03-16 13:33:08.758 | DEBUG    | utils.distance_utils:build_node_balltree:29 - Built BallTree with 7460 nodes
2026-03-16 13:33:08.759 | DEBUG    | utils.geo_utils:haversine_distance:20 - Haversine: (31.548342691203697, 73.01431024578238) → (31.5457488, 73.0148993) = 293.8 m
2026-03-16 13:33:08.759 | DEBUG    | utils.distance_utils:find_nearest_road_point:56 - Nearest road node to (31.548342691203697, 73.01431024578238): (31.545749, 73.014899) — 293.8m
2026-03-16 13:33:08.759 | DEBUG    | utils.geo_utils:haversine_distance:20 - Haversine: (31.548342691203697, 73.01431024578238) → (31.5457488, 73.0148993) = 293.8 m
2026-03-16 13:33:08.759 | DEBUG    | data_pipeline.stop_builder:snap_stops_to_roads:38 - Snapped Test Student 27 (TEST-2031): 293.8m
2026-03-16 13:33:08.779 | DEBUG    | utils.distance_utils:build_node_balltree:29 - Built BallTree with 7460 nodes
2026-03-16 13:33:08.781 | DEBUG    | utils.geo_utils:haversine_distance:20 - Haversine: (31.34234753351373, 73.04543903514217) → (31.3351052, 73.048939) = 871.2 m
2026-03-16 13:33:08.781 | DEBUG    | utils.distance_utils:find_nearest_road_point:56 - Nearest road node to (31.34234753351373, 73.04543903514217): (31.335105, 73.048939) — 871.2m
2026-03-16 13:33:08.782 | DEBUG    | utils.geo_utils:haversine_distance:20 - Haversine: (31.34234753351373, 73.04543903514217) → (31.3351052, 73.048939) = 871.2 m
2026-03-16 13:33:08.782 | DEBUG    | data_pipeline.stop_builder:snap_stops_to_roads:38 - Snapped Test Student 28 (TEST-3124): 871.2m
2026-03-16 13:33:08.803 | DEBUG    | utils.distance_utils:build_node_balltree:29 - Built BallTree with 7460 nodes
2026-03-16 13:33:08.805 | DEBUG    | utils.geo_utils:haversine_distance:20 - Haversine: (31.452158240231682, 73.1820548380496) → (31.4525861, 73.1780263) = 385.1 m
2026-03-16 13:33:08.805 | DEBUG    | utils.distance_utils:find_nearest_road_point:56 - Nearest road node to (31.452158240231682, 73.1820548380496): (31.452586, 73.178026) — 385.1m
2026-03-16 13:33:08.805 | DEBUG    | utils.geo_utils:haversine_distance:20 - Haversine: (31.452158240231682, 73.1820548380496) → (31.4525861, 73.1780263) = 385.1 m
2026-03-16 13:33:08.805 | DEBUG    | data_pipeline.stop_builder:snap_stops_to_roads:38 - Snapped Test Student 29 (TEST-9847): 385.1m
2026-03-16 13:33:08.825 | DEBUG    | utils.distance_utils:build_node_balltree:29 - Built BallTree with 7460 nodes
2026-03-16 13:33:08.826 | DEBUG    | utils.geo_utils:haversine_distance:20 - Haversine: (31.38131459029244, 73.18222219607327) → (31.3832892, 73.1836007) = 255.6 m
2026-03-16 13:33:08.826 | DEBUG    | utils.distance_utils:find_nearest_road_point:56 - Nearest road node to (31.38131459029244, 73.18222219607327): (31.383289, 73.183601) — 255.6m
2026-03-16 13:33:08.827 | DEBUG    | utils.geo_utils:haversine_distance:20 - Haversine: (31.38131459029244, 73.18222219607327) → (31.3832892, 73.1836007) = 255.6 m
2026-03-16 13:33:08.827 | DEBUG    | data_pipeline.stop_builder:snap_stops_to_roads:38 - Snapped Test Student 30 (TEST-6102): 255.6m
2026-03-16 13:33:08.827 | INFO     | data_pipeline.stop_builder:snap_stops_to_roads:47 - Snapping complete:
2026-03-16 13:33:08.828 | INFO     | data_pipeline.stop_builder:snap_stops_to_roads:48 -   Input stops: 30
2026-03-16 13:33:08.828 | INFO     | data_pipeline.stop_builder:snap_stops_to_roads:49 -   Snapped successfully: 30
2026-03-16 13:33:08.829 | INFO     | data_pipeline.stop_builder:snap_stops_to_roads:50 -   Skipped (too far): 0
2026-03-16 13:33:08.829 | DEBUG    | data_pipeline.stop_builder:snap_stops_to_roads:53 - First snapped stop example: {'student_id': 'test_001', 'name': 'Test Student 1', 'roll_no': 'TEST-6157', 'lat': 31.4592945, 'lng': 73.0629536, 'student_count': 1, 'contact': '03478060777', 'semester': 'Spring 2026', 'fee_status': 'unpaid', 'registration_status': 'pending', 'original_lat': 31.458413838955877, 'original_lng': 73.0637191090853, 'snap_distance_m': 121.91}
2026-03-16 13:33:08.829 | DEBUG    | utils.geo_utils:haversine_distance:20 - Haversine: (31.3058685, 73.1694728) → (31.4592945, 73.0629536) = 19831.7 m
2026-03-16 13:33:08.829 | DEBUG    | utils.geo_utils:haversine_distance:20 - Haversine: (31.3140734, 73.0226304) → (31.4592945, 73.0629536) = 16595.3 m
2026-03-16 13:33:08.829 | DEBUG    | utils.geo_utils:haversine_distance:20 - Haversine: (31.3140734, 73.0226304) → (31.3058685, 73.1694728) = 13980.0 m
2026-03-16 13:33:08.829 | DEBUG    | utils.geo_utils:haversine_distance:20 - Haversine: (31.5306679, 73.1126844) → (31.4592945, 73.0629536) = 9231.4 m
2026-03-16 13:33:08.829 | DEBUG    | utils.geo_utils:haversine_distance:20 - Haversine: (31.5306679, 73.1126844) → (31.3058685, 73.1694728) = 25570.8 m
2026-03-16 13:33:08.829 | DEBUG    | utils.geo_utils:haversine_distance:20 - Haversine: (31.5306679, 73.1126844) → (31.3140734, 73.0226304) = 25555.2 m
2026-03-16 13:33:08.829 | DEBUG    | utils.geo_utils:haversine_distance:20 - Haversine: (31.3760251, 73.034401) → (31.4592945, 73.0629536) = 9647.4 m
2026-03-16 13:33:08.829 | DEBUG    | utils.geo_utils:haversine_distance:20 - Haversine: (31.3760251, 73.034401) → (31.3058685, 73.1694728) = 15013.6 m
2026-03-16 13:33:08.830 | DEBUG    | utils.geo_utils:haversine_distance:20 - Haversine: (31.3760251, 73.034401) → (31.3140734, 73.0226304) = 6978.8 m
2026-03-16 13:33:08.830 | DEBUG    | utils.geo_utils:haversine_distance:20 - Haversine: (31.3760251, 73.034401) → (31.5306679, 73.1126844) = 18730.3 m
2026-03-16 13:33:08.830 | DEBUG    | utils.geo_utils:haversine_distance:20 - Haversine: (31.404983, 73.1460277) → (31.4592945, 73.0629536) = 9929.5 m
2026-03-16 13:33:08.830 | DEBUG    | utils.geo_utils:haversine_distance:20 - Haversine: (31.404983, 73.1460277) → (31.3058685, 73.1694728) = 11243.6 m
2026-03-16 13:33:08.830 | DEBUG    | utils.geo_utils:haversine_distance:20 - Haversine: (31.404983, 73.1460277) → (31.3140734, 73.0226304) = 15474.7 m
2026-03-16 13:33:08.830 | DEBUG    | utils.geo_utils:haversine_distance:20 - Haversine: (31.404983, 73.1460277) → (31.5306679, 73.1126844) = 14328.8 m
2026-03-16 13:33:08.830 | DEBUG    | utils.geo_utils:haversine_distance:20 - Haversine: (31.404983, 73.1460277) → (31.3760251, 73.034401) = 11074.1 m
2026-03-16 13:33:08.830 | DEBUG    | utils.geo_utils:haversine_distance:20 - Haversine: (31.4212389, 73.0816409) → (31.4592945, 73.0629536) = 4588.0 m
2026-03-16 13:33:08.830 | DEBUG    | utils.geo_utils:haversine_distance:20 - Haversine: (31.4212389, 73.0816409) → (31.3058685, 73.1694728) = 15300.9 m
2026-03-16 13:33:08.830 | DEBUG    | utils.geo_utils:haversine_distance:20 - Haversine: (31.4212389, 73.0816409) → (31.3140734, 73.0226304) = 13167.6 m
2026-03-16 13:33:08.830 | DEBUG    | utils.geo_utils:haversine_distance:20 - Haversine: (31.4212389, 73.0816409) → (31.5306679, 73.1126844) = 12519.0 m
2026-03-16 13:33:08.830 | DEBUG    | utils.geo_utils:haversine_distance:20 - Haversine: (31.4212389, 73.0816409) → (31.3760251, 73.034401) = 6736.4 m
2026-03-16 13:33:08.830 | DEBUG    | utils.geo_utils:haversine_distance:20 - Haversine: (31.4212389, 73.0816409) → (31.404983, 73.1460277) = 6371.9 m
2026-03-16 13:33:08.830 | DEBUG    | utils.geo_utils:haversine_distance:20 - Haversine: (31.4658821, 73.1813423) → (31.4592945, 73.0629536) = 11252.7 m
2026-03-16 13:33:08.830 | DEBUG    | utils.geo_utils:haversine_distance:20 - Haversine: (31.4658821, 73.1813423) → (31.3058685, 73.1694728) = 17828.3 m
2026-03-16 13:33:08.831 | DEBUG    | utils.geo_utils:haversine_distance:20 - Haversine: (31.4658821, 73.1813423) → (31.3140734, 73.0226304) = 22625.2 m
2026-03-16 13:33:08.831 | DEBUG    | utils.geo_utils:haversine_distance:20 - Haversine: (31.4658821, 73.1813423) → (31.5306679, 73.1126844) = 9709.2 m
2026-03-16 13:33:08.831 | DEBUG    | utils.geo_utils:haversine_distance:20 - Haversine: (31.4658821, 73.1813423) → (31.3760251, 73.034401) = 17153.6 m
2026-03-16 13:33:08.831 | DEBUG    | utils.geo_utils:haversine_distance:20 - Haversine: (31.4658821, 73.1813423) → (31.404983, 73.1460277) = 7555.2 m
2026-03-16 13:33:08.831 | DEBUG    | utils.geo_utils:haversine_distance:20 - Haversine: (31.4658821, 73.1813423) → (31.4212389, 73.0816409) = 10681.9 m
2026-03-16 13:33:08.831 | DEBUG    | utils.geo_utils:haversine_distance:20 - Haversine: (31.4633642, 73.185041) → (31.4592945, 73.0629536) = 11588.6 m
2026-03-16 13:33:08.831 | DEBUG    | utils.geo_utils:haversine_distance:20 - Haversine: (31.4633642, 73.185041) → (31.3058685, 73.1694728) = 17575.0 m
2026-03-16 13:33:08.831 | DEBUG    | utils.geo_utils:haversine_distance:20 - Haversine: (31.4633642, 73.185041) → (31.3140734, 73.0226304) = 22654.7 m
2026-03-16 13:33:08.831 | DEBUG    | utils.geo_utils:haversine_distance:20 - Haversine: (31.4633642, 73.185041) → (31.5306679, 73.1126844) = 10152.4 m
2026-03-16 13:33:08.831 | DEBUG    | utils.geo_utils:haversine_distance:20 - Haversine: (31.4633642, 73.185041) → (31.3760251, 73.034401) = 17281.3 m
2026-03-16 13:33:08.831 | DEBUG    | utils.geo_utils:haversine_distance:20 - Haversine: (31.4633642, 73.185041) → (31.404983, 73.1460277) = 7472.8 m
2026-03-16 13:33:08.831 | DEBUG    | utils.geo_utils:haversine_distance:20 - Haversine: (31.4633642, 73.185041) → (31.4212389, 73.0816409) = 10870.3 m
2026-03-16 13:33:08.831 | DEBUG    | utils.geo_utils:haversine_distance:20 - Haversine: (31.4633642, 73.185041) → (31.4658821, 73.1813423) = 448.8 m
2026-03-16 13:33:08.832 | DEBUG    | utils.geo_utils:haversine_distance:20 - Haversine: (31.4509199, 73.0172282) → (31.4592945, 73.0629536) = 4436.1 m
2026-03-16 13:33:08.832 | DEBUG    | utils.geo_utils:haversine_distance:20 - Haversine: (31.4509199, 73.0172282) → (31.3058685, 73.1694728) = 21657.1 m
2026-03-16 13:33:08.832 | DEBUG    | utils.geo_utils:haversine_distance:20 - Haversine: (31.4509199, 73.0172282) → (31.3140734, 73.0226304) = 15225.3 m
2026-03-16 13:33:08.832 | DEBUG    | utils.geo_utils:haversine_distance:20 - Haversine: (31.4509199, 73.0172282) → (31.5306679, 73.1126844) = 12671.0 m
2026-03-16 13:33:08.832 | DEBUG    | utils.geo_utils:haversine_distance:20 - Haversine: (31.4509199, 73.0172282) → (31.3760251, 73.034401) = 8485.9 m
2026-03-16 13:33:08.832 | DEBUG    | utils.geo_utils:haversine_distance:20 - Haversine: (31.4509199, 73.0172282) → (31.404983, 73.1460277) = 13245.3 m
2026-03-16 13:33:08.832 | DEBUG    | utils.geo_utils:haversine_distance:20 - Haversine: (31.4509199, 73.0172282) → (31.4212389, 73.0816409) = 6945.4 m
2026-03-16 13:33:08.832 | DEBUG    | utils.geo_utils:haversine_distance:20 - Haversine: (31.4509199, 73.0172282) → (31.4658821, 73.1813423) = 15655.1 m
2026-03-16 13:33:08.832 | DEBUG    | utils.geo_utils:haversine_distance:20 - Haversine: (31.4351755, 73.0374493) → (31.4592945, 73.0629536) = 3611.9 m
2026-03-16 13:33:08.832 | DEBUG    | utils.geo_utils:haversine_distance:20 - Haversine: (31.4351755, 73.0374493) → (31.3058685, 73.1694728) = 19074.7 m
2026-03-16 13:33:08.832 | DEBUG    | utils.geo_utils:haversine_distance:20 - Haversine: (31.4351755, 73.0374493) → (31.3140734, 73.0226304) = 13539.2 m
2026-03-16 13:33:08.832 | DEBUG    | utils.geo_utils:haversine_distance:20 - Haversine: (31.4351755, 73.0374493) → (31.5306679, 73.1126844) = 12792.4 m
2026-03-16 13:33:08.832 | DEBUG    | utils.geo_utils:haversine_distance:20 - Haversine: (31.4351755, 73.0374493) → (31.3760251, 73.034401) = 6583.6 m
2026-03-16 13:33:08.832 | DEBUG    | utils.geo_utils:haversine_distance:20 - Haversine: (31.4351755, 73.0374493) → (31.404983, 73.1460277) = 10836.2 m
2026-03-16 13:33:08.832 | DEBUG    | utils.geo_utils:haversine_distance:20 - Haversine: (31.4351755, 73.0374493) → (31.4212389, 73.0816409) = 4470.2 m
2026-03-16 13:33:08.833 | DEBUG    | utils.geo_utils:haversine_distance:20 - Haversine: (31.4351755, 73.0374493) → (31.4658821, 73.1813423) = 14070.2 m
2026-03-16 13:33:08.833 | DEBUG    | utils.geo_utils:haversine_distance:20 - Haversine: (31.4351755, 73.0374493) → (31.4509199, 73.0172282) = 2597.1 m
2026-03-16 13:33:08.833 | DEBUG    | utils.geo_utils:haversine_distance:20 - Haversine: (31.3333726, 73.0422104) → (31.4592945, 73.0629536) = 14139.6 m
2026-03-16 13:33:08.833 | DEBUG    | utils.geo_utils:haversine_distance:20 - Haversine: (31.3333726, 73.0422104) → (31.3058685, 73.1694728) = 12469.7 m
2026-03-16 13:33:08.833 | DEBUG    | utils.geo_utils:haversine_distance:20 - Haversine: (31.3333726, 73.0422104) → (31.3140734, 73.0226304) = 2839.8 m
2026-03-16 13:33:08.833 | DEBUG    | utils.geo_utils:haversine_distance:20 - Haversine: (31.3333726, 73.0422104) → (31.5306679, 73.1126844) = 22934.6 m
2026-03-16 13:33:08.833 | DEBUG    | utils.geo_utils:haversine_distance:20 - Haversine: (31.3333726, 73.0422104) → (31.3760251, 73.034401) = 4800.4 m
2026-03-16 13:33:08.833 | DEBUG    | utils.geo_utils:haversine_distance:20 - Haversine: (31.3333726, 73.0422104) → (31.404983, 73.1460277) = 12671.1 m
2026-03-16 13:33:08.833 | DEBUG    | utils.geo_utils:haversine_distance:20 - Haversine: (31.3333726, 73.0422104) → (31.4212389, 73.0816409) = 10462.8 m
2026-03-16 13:33:08.833 | DEBUG    | utils.geo_utils:haversine_distance:20 - Haversine: (31.3333726, 73.0422104) → (31.4658821, 73.1813423) = 19785.8 m
2026-03-16 13:33:08.833 | DEBUG    | utils.geo_utils:haversine_distance:20 - Haversine: (31.3333726, 73.0422104) → (31.4509199, 73.0172282) = 13284.0 m
2026-03-16 13:33:08.833 | DEBUG    | utils.geo_utils:haversine_distance:20 - Haversine: (31.3333726, 73.0422104) → (31.4351755, 73.0374493) = 11329.0 m
2026-03-16 13:33:08.833 | DEBUG    | utils.geo_utils:haversine_distance:20 - Haversine: (31.5075199, 73.1005803) → (31.4592945, 73.0629536) = 6441.0 m
2026-03-16 13:33:08.833 | DEBUG    | utils.geo_utils:haversine_distance:20 - Haversine: (31.5075199, 73.1005803) → (31.3058685, 73.1694728) = 23356.4 m
2026-03-16 13:33:08.834 | DEBUG    | utils.geo_utils:haversine_distance:20 - Haversine: (31.5075199, 73.1005803) → (31.3140734, 73.0226304) = 22746.7 m
2026-03-16 13:33:08.834 | DEBUG    | utils.geo_utils:haversine_distance:20 - Haversine: (31.5075199, 73.1005803) → (31.5306679, 73.1126844) = 2818.1 m
2026-03-16 13:33:08.834 | DEBUG    | utils.geo_utils:haversine_distance:20 - Haversine: (31.5075199, 73.1005803) → (31.3760251, 73.034401) = 15912.5 m
2026-03-16 13:33:08.834 | DEBUG    | utils.geo_utils:haversine_distance:20 - Haversine: (31.5075199, 73.1005803) → (31.404983, 73.1460277) = 12189.3 m
2026-03-16 13:33:08.834 | DEBUG    | utils.geo_utils:haversine_distance:20 - Haversine: (31.5075199, 73.1005803) → (31.4212389, 73.0816409) = 9760.7 m
2026-03-16 13:33:08.834 | DEBUG    | utils.geo_utils:haversine_distance:20 - Haversine: (31.5075199, 73.1005803) → (31.4658821, 73.1813423) = 8948.9 m
2026-03-16 13:33:08.834 | DEBUG    | utils.geo_utils:haversine_distance:20 - Haversine: (31.5075199, 73.1005803) → (31.4509199, 73.0172282) = 10103.9 m
2026-03-16 13:33:08.834 | DEBUG    | utils.geo_utils:haversine_distance:20 - Haversine: (31.5075199, 73.1005803) → (31.4351755, 73.0374493) = 10027.9 m
2026-03-16 13:33:08.834 | DEBUG    | utils.geo_utils:haversine_distance:20 - Haversine: (31.5075199, 73.1005803) → (31.3333726, 73.0422104) = 20140.8 m
2026-03-16 13:33:08.834 | DEBUG    | utils.geo_utils:haversine_distance:20 - Haversine: (31.5015436, 73.1935631) → (31.4592945, 73.0629536) = 13246.6 m
2026-03-16 13:33:08.834 | DEBUG    | utils.geo_utils:haversine_distance:20 - Haversine: (31.5015436, 73.1935631) → (31.3058685, 73.1694728) = 21877.9 m
2026-03-16 13:33:08.835 | DEBUG    | utils.geo_utils:haversine_distance:20 - Haversine: (31.5015436, 73.1935631) → (31.3140734, 73.0226304) = 26413.9 m
2026-03-16 13:33:08.835 | DEBUG    | utils.geo_utils:haversine_distance:20 - Haversine: (31.5015436, 73.1935631) → (31.5306679, 73.1126844) = 8322.6 m
2026-03-16 13:33:08.835 | DEBUG    | utils.geo_utils:haversine_distance:20 - Haversine: (31.5015436, 73.1935631) → (31.3760251, 73.034401) = 20562.2 m
2026-03-16 13:33:08.835 | DEBUG    | utils.geo_utils:haversine_distance:20 - Haversine: (31.5015436, 73.1935631) → (31.404983, 73.1460277) = 11645.4 m
2026-03-16 13:33:08.835 | DEBUG    | utils.geo_utils:haversine_distance:20 - Haversine: (31.5015436, 73.1935631) → (31.4212389, 73.0816409) = 13871.8 m
2026-03-16 13:33:08.835 | DEBUG    | utils.geo_utils:haversine_distance:20 - Haversine: (31.5015436, 73.1935631) → (31.4658821, 73.1813423) = 4131.2 m
2026-03-16 13:33:08.835 | DEBUG    | utils.geo_utils:haversine_distance:20 - Haversine: (31.5015436, 73.1935631) → (31.4509199, 73.0172282) = 17644.4 m
2026-03-16 13:33:08.835 | DEBUG    | utils.geo_utils:haversine_distance:20 - Haversine: (31.5015436, 73.1935631) → (31.4351755, 73.0374493) = 16543.3 m
2026-03-16 13:33:08.835 | DEBUG    | utils.geo_utils:haversine_distance:20 - Haversine: (31.5015436, 73.1935631) → (31.3333726, 73.0422104) = 23578.7 m
2026-03-16 13:33:08.835 | DEBUG    | utils.geo_utils:haversine_distance:20 - Haversine: (31.5015436, 73.1935631) → (31.5075199, 73.1005803) = 8840.2 m
2026-03-16 13:33:08.835 | DEBUG    | utils.geo_utils:haversine_distance:20 - Haversine: (31.4148239, 73.1645583) → (31.4592945, 73.0629536) = 10833.9 m
2026-03-16 13:33:08.835 | DEBUG    | utils.geo_utils:haversine_distance:20 - Haversine: (31.4148239, 73.1645583) → (31.3058685, 73.1694728) = 12124.3 m
2026-03-16 13:33:08.835 | DEBUG    | utils.geo_utils:haversine_distance:20 - Haversine: (31.4148239, 73.1645583) → (31.3140734, 73.0226304) = 17524.2 m
2026-03-16 13:33:08.835 | DEBUG    | utils.geo_utils:haversine_distance:20 - Haversine: (31.4148239, 73.1645583) → (31.5306679, 73.1126844) = 13788.7 m
2026-03-16 13:33:08.836 | DEBUG    | utils.geo_utils:haversine_distance:20 - Haversine: (31.4148239, 73.1645583) → (31.3760251, 73.034401) = 13085.5 m
2026-03-16 13:33:08.836 | DEBUG    | utils.geo_utils:haversine_distance:20 - Haversine: (31.4148239, 73.1645583) → (31.404983, 73.1460277) = 2071.2 m
2026-03-16 13:33:08.836 | DEBUG    | utils.geo_utils:haversine_distance:20 - Haversine: (31.4148239, 73.1645583) → (31.4212389, 73.0816409) = 7900.5 m
2026-03-16 13:33:08.836 | DEBUG    | utils.geo_utils:haversine_distance:20 - Haversine: (31.4148239, 73.1645583) → (31.4658821, 73.1813423) = 5896.5 m
2026-03-16 13:33:08.836 | DEBUG    | utils.geo_utils:haversine_distance:20 - Haversine: (31.4148239, 73.1645583) → (31.4509199, 73.0172282) = 14543.1 m
2026-03-16 13:33:08.836 | DEBUG    | utils.geo_utils:haversine_distance:20 - Haversine: (31.4148239, 73.1645583) → (31.4351755, 73.0374493) = 12271.2 m
2026-03-16 13:33:08.836 | DEBUG    | utils.geo_utils:haversine_distance:20 - Haversine: (31.4148239, 73.1645583) → (31.3333726, 73.0422104) = 14729.0 m
2026-03-16 13:33:08.836 | DEBUG    | utils.geo_utils:haversine_distance:20 - Haversine: (31.4148239, 73.1645583) → (31.5075199, 73.1005803) = 11960.9 m
2026-03-16 13:33:08.836 | DEBUG    | utils.geo_utils:haversine_distance:20 - Haversine: (31.4148239, 73.1645583) → (31.5015436, 73.1935631) = 10027.6 m
2026-03-16 13:33:08.836 | DEBUG    | utils.geo_utils:haversine_distance:20 - Haversine: (31.4644729, 73.1882307) → (31.4592945, 73.0629536) = 11896.2 m
2026-03-16 13:33:08.836 | DEBUG    | utils.geo_utils:haversine_distance:20 - Haversine: (31.4644729, 73.1882307) → (31.3058685, 73.1694728) = 17725.7 m
2026-03-16 13:33:08.836 | DEBUG    | utils.geo_utils:haversine_distance:20 - Haversine: (31.4644729, 73.1882307) → (31.3140734, 73.0226304) = 22951.4 m
2026-03-16 13:33:08.837 | DEBUG    | utils.geo_utils:haversine_distance:20 - Haversine: (31.4644729, 73.1882307) → (31.5306679, 73.1126844) = 10270.4 m
2026-03-16 13:33:08.837 | DEBUG    | utils.geo_utils:haversine_distance:20 - Haversine: (31.4644729, 73.1882307) → (31.3760251, 73.034401) = 17601.0 m
2026-03-16 13:33:08.837 | DEBUG    | utils.geo_utils:haversine_distance:20 - Haversine: (31.4644729, 73.1882307) → (31.404983, 73.1460277) = 7732.4 m
2026-03-16 13:33:08.837 | DEBUG    | utils.geo_utils:haversine_distance:20 - Haversine: (31.4644729, 73.1882307) → (31.4212389, 73.0816409) = 11196.5 m
2026-03-16 13:33:08.837 | DEBUG    | utils.geo_utils:haversine_distance:20 - Haversine: (31.4644729, 73.1882307) → (31.4658821, 73.1813423) = 671.9 m
2026-03-16 13:33:08.837 | DEBUG    | utils.geo_utils:haversine_distance:20 - Haversine: (31.4319273, 73.0907774) → (31.4592945, 73.0629536) = 4028.3 m
2026-03-16 13:33:08.837 | DEBUG    | utils.geo_utils:haversine_distance:20 - Haversine: (31.4319273, 73.0907774) → (31.3058685, 73.1694728) = 15884.0 m
2026-03-16 13:33:08.837 | DEBUG    | utils.geo_utils:haversine_distance:20 - Haversine: (31.4319273, 73.0907774) → (31.3140734, 73.0226304) = 14614.8 m
2026-03-16 13:33:08.837 | DEBUG    | utils.geo_utils:haversine_distance:20 - Haversine: (31.4319273, 73.0907774) → (31.5306679, 73.1126844) = 11174.3 m
2026-03-16 13:33:08.837 | DEBUG    | utils.geo_utils:haversine_distance:20 - Haversine: (31.4319273, 73.0907774) → (31.3760251, 73.034401) = 8201.6 m
2026-03-16 13:33:08.837 | DEBUG    | utils.geo_utils:haversine_distance:20 - Haversine: (31.4319273, 73.0907774) → (31.404983, 73.1460277) = 6038.5 m
2026-03-16 13:33:08.837 | DEBUG    | utils.geo_utils:haversine_distance:20 - Haversine: (31.4319273, 73.0907774) → (31.4212389, 73.0816409) = 1471.1 m
2026-03-16 13:33:08.837 | DEBUG    | utils.geo_utils:haversine_distance:20 - Haversine: (31.4319273, 73.0907774) → (31.4658821, 73.1813423) = 9384.1 m
2026-03-16 13:33:08.837 | DEBUG    | utils.geo_utils:haversine_distance:20 - Haversine: (31.4319273, 73.0907774) → (31.4509199, 73.0172282) = 7290.1 m
2026-03-16 13:33:08.837 | DEBUG    | utils.geo_utils:haversine_distance:20 - Haversine: (31.4319273, 73.0907774) → (31.4351755, 73.0374493) = 5072.5 m
2026-03-16 13:33:08.837 | DEBUG    | utils.geo_utils:haversine_distance:20 - Haversine: (31.4319273, 73.0907774) → (31.3333726, 73.0422104) = 11889.1 m
2026-03-16 13:33:08.837 | DEBUG    | utils.geo_utils:haversine_distance:20 - Haversine: (31.4319273, 73.0907774) → (31.5075199, 73.1005803) = 8456.8 m
2026-03-16 13:33:08.838 | DEBUG    | utils.geo_utils:haversine_distance:20 - Haversine: (31.4319273, 73.0907774) → (31.5015436, 73.1935631) = 12448.1 m
2026-03-16 13:33:08.838 | DEBUG    | utils.geo_utils:haversine_distance:20 - Haversine: (31.4319273, 73.0907774) → (31.4148239, 73.1645583) = 7254.6 m
2026-03-16 13:33:08.838 | DEBUG    | utils.geo_utils:haversine_distance:20 - Haversine: (31.4186759, 73.0443624) → (31.4592945, 73.0629536) = 4848.8 m
2026-03-16 13:33:08.838 | DEBUG    | utils.geo_utils:haversine_distance:20 - Haversine: (31.4186759, 73.0443624) → (31.3058685, 73.1694728) = 17275.8 m
2026-03-16 13:33:08.838 | DEBUG    | utils.geo_utils:haversine_distance:20 - Haversine: (31.4186759, 73.0443624) → (31.3140734, 73.0226304) = 11812.9 m
2026-03-16 13:33:08.838 | DEBUG    | utils.geo_utils:haversine_distance:20 - Haversine: (31.4186759, 73.0443624) → (31.5306679, 73.1126844) = 14037.7 m
2026-03-16 13:33:08.838 | DEBUG    | utils.geo_utils:haversine_distance:20 - Haversine: (31.4186759, 73.0443624) → (31.3760251, 73.034401) = 4835.9 m
2026-03-16 13:33:08.838 | DEBUG    | utils.geo_utils:haversine_distance:20 - Haversine: (31.4186759, 73.0443624) → (31.404983, 73.1460277) = 9767.3 m
2026-03-16 13:33:08.838 | DEBUG    | utils.geo_utils:haversine_distance:20 - Haversine: (31.4186759, 73.0443624) → (31.4212389, 73.0816409) = 3548.8 m
2026-03-16 13:33:08.838 | DEBUG    | utils.geo_utils:haversine_distance:20 - Haversine: (31.4186759, 73.0443624) → (31.4658821, 73.1813423) = 14015.1 m
2026-03-16 13:33:08.838 | DEBUG    | utils.geo_utils:haversine_distance:20 - Haversine: (31.4186759, 73.0443624) → (31.4509199, 73.0172282) = 4413.9 m
2026-03-16 13:33:08.838 | DEBUG    | utils.geo_utils:haversine_distance:20 - Haversine: (31.4186759, 73.0443624) → (31.4351755, 73.0374493) = 1948.4 m
2026-03-16 13:33:08.838 | DEBUG    | utils.geo_utils:haversine_distance:20 - Haversine: (31.4186759, 73.0443624) → (31.3333726, 73.0422104) = 9487.5 m
2026-03-16 13:33:08.838 | DEBUG    | utils.geo_utils:haversine_distance:20 - Haversine: (31.4186759, 73.0443624) → (31.5075199, 73.1005803) = 11226.1 m
2026-03-16 13:33:08.838 | DEBUG    | utils.geo_utils:haversine_distance:20 - Haversine: (31.4186759, 73.0443624) → (31.5015436, 73.1935631) = 16887.1 m
2026-03-16 13:33:08.838 | DEBUG    | utils.geo_utils:haversine_distance:20 - Haversine: (31.4186759, 73.0443624) → (31.4148239, 73.1645583) = 11413.9 m
2026-03-16 13:33:08.838 | DEBUG    | utils.geo_utils:haversine_distance:20 - Haversine: (31.4186759, 73.0443624) → (31.4319273, 73.0907774) = 4644.0 m
2026-03-16 13:33:08.838 | DEBUG    | utils.geo_utils:haversine_distance:20 - Haversine: (31.3776138, 73.0904372) → (31.4592945, 73.0629536) = 9449.5 m
2026-03-16 13:33:08.838 | DEBUG    | utils.geo_utils:haversine_distance:20 - Haversine: (31.3776138, 73.0904372) → (31.3058685, 73.1694728) = 10953.7 m
2026-03-16 13:33:08.838 | DEBUG    | utils.geo_utils:haversine_distance:20 - Haversine: (31.3776138, 73.0904372) → (31.3140734, 73.0226304) = 9559.5 m
2026-03-16 13:33:08.838 | DEBUG    | utils.geo_utils:haversine_distance:20 - Haversine: (31.3776138, 73.0904372) → (31.5306679, 73.1126844) = 17149.2 m
2026-03-16 13:33:08.839 | DEBUG    | utils.geo_utils:haversine_distance:20 - Haversine: (31.3776138, 73.0904372) → (31.3760251, 73.034401) = 5322.7 m
2026-03-16 13:33:08.839 | DEBUG    | utils.geo_utils:haversine_distance:20 - Haversine: (31.3776138, 73.0904372) → (31.404983, 73.1460277) = 6091.3 m
2026-03-16 13:33:08.839 | DEBUG    | utils.geo_utils:haversine_distance:20 - Haversine: (31.3776138, 73.0904372) → (31.4212389, 73.0816409) = 4922.2 m
2026-03-16 13:33:08.839 | DEBUG    | utils.geo_utils:haversine_distance:20 - Haversine: (31.3776138, 73.0904372) → (31.4658821, 73.1813423) = 13066.7 m
2026-03-16 13:33:08.839 | DEBUG    | utils.geo_utils:haversine_distance:20 - Haversine: (31.3776138, 73.0904372) → (31.4509199, 73.0172282) = 10710.2 m
2026-03-16 13:33:08.839 | DEBUG    | utils.geo_utils:haversine_distance:20 - Haversine: (31.3776138, 73.0904372) → (31.4351755, 73.0374493) = 8139.8 m
2026-03-16 13:33:08.839 | DEBUG    | utils.geo_utils:haversine_distance:20 - Haversine: (31.3776138, 73.0904372) → (31.3333726, 73.0422104) = 6721.0 m
2026-03-16 13:33:08.839 | DEBUG    | utils.geo_utils:haversine_distance:20 - Haversine: (31.3776138, 73.0904372) → (31.5075199, 73.1005803) = 14476.9 m
2026-03-16 13:33:08.839 | DEBUG    | utils.geo_utils:haversine_distance:20 - Haversine: (31.3776138, 73.0904372) → (31.5015436, 73.1935631) = 16900.2 m
2026-03-16 13:33:08.839 | DEBUG    | utils.geo_utils:haversine_distance:20 - Haversine: (31.3776138, 73.0904372) → (31.4148239, 73.1645583) = 8161.7 m
2026-03-16 13:33:08.839 | DEBUG    | utils.geo_utils:haversine_distance:20 - Haversine: (31.3776138, 73.0904372) → (31.4319273, 73.0907774) = 6039.5 m
2026-03-16 13:33:08.839 | DEBUG    | utils.geo_utils:haversine_distance:20 - Haversine: (31.3776138, 73.0904372) → (31.4186759, 73.0443624) = 6322.3 m
2026-03-16 13:33:08.839 | DEBUG    | utils.geo_utils:haversine_distance:20 - Haversine: (31.311923, 73.1917425) → (31.4592945, 73.0629536) = 20444.8 m
2026-03-16 13:33:08.839 | DEBUG    | utils.geo_utils:haversine_distance:20 - Haversine: (31.311923, 73.1917425) → (31.3058685, 73.1694728) = 2220.2 m
2026-03-16 13:33:08.839 | DEBUG    | utils.geo_utils:haversine_distance:20 - Haversine: (31.311923, 73.1917425) → (31.3140734, 73.0226304) = 16067.2 m
2026-03-16 13:33:08.840 | DEBUG    | utils.geo_utils:haversine_distance:20 - Haversine: (31.311923, 73.1917425) → (31.5306679, 73.1126844) = 25453.9 m
2026-03-16 13:33:08.840 | DEBUG    | utils.geo_utils:haversine_distance:20 - Haversine: (31.311923, 73.1917425) → (31.3760251, 73.034401) = 16555.3 m
2026-03-16 13:33:08.840 | DEBUG    | utils.geo_utils:haversine_distance:20 - Haversine: (31.311923, 73.1917425) → (31.404983, 73.1460277) = 11221.4 m
2026-03-16 13:33:08.840 | DEBUG    | utils.geo_utils:haversine_distance:20 - Haversine: (31.311923, 73.1917425) → (31.4212389, 73.0816409) = 16032.1 m
2026-03-16 13:33:08.840 | DEBUG    | utils.geo_utils:haversine_distance:20 - Haversine: (31.311923, 73.1917425) → (31.4658821, 73.1813423) = 17147.9 m
2026-03-16 13:33:08.840 | DEBUG    | utils.geo_utils:haversine_distance:20 - Haversine: (31.311923, 73.1917425) → (31.4509199, 73.0172282) = 22656.8 m
2026-03-16 13:33:08.840 | DEBUG    | utils.geo_utils:haversine_distance:20 - Haversine: (31.311923, 73.1917425) → (31.4351755, 73.0374493) = 20059.8 m
2026-03-16 13:33:08.840 | DEBUG    | utils.geo_utils:haversine_distance:20 - Haversine: (31.311923, 73.1917425) → (31.3333726, 73.0422104) = 14402.7 m
2026-03-16 13:33:08.840 | DEBUG    | utils.geo_utils:haversine_distance:20 - Haversine: (31.311923, 73.1917425) → (31.5075199, 73.1005803) = 23406.9 m
2026-03-16 13:33:08.840 | DEBUG    | utils.geo_utils:haversine_distance:20 - Haversine: (31.311923, 73.1917425) → (31.5015436, 73.1935631) = 21085.6 m
2026-03-16 13:33:08.840 | DEBUG    | utils.geo_utils:haversine_distance:20 - Haversine: (31.311923, 73.1917425) → (31.4148239, 73.1645583) = 11729.6 m
2026-03-16 13:33:08.840 | DEBUG    | utils.geo_utils:haversine_distance:20 - Haversine: (31.311923, 73.1917425) → (31.4319273, 73.0907774) = 16429.9 m
2026-03-16 13:33:08.840 | DEBUG    | utils.geo_utils:haversine_distance:20 - Haversine: (31.311923, 73.1917425) → (31.4186759, 73.0443624) = 18349.7 m
2026-03-16 13:33:08.840 | DEBUG    | utils.geo_utils:haversine_distance:20 - Haversine: (31.311923, 73.1917425) → (31.3776138, 73.0904372) = 12079.4 m
2026-03-16 13:33:08.840 | DEBUG    | utils.geo_utils:haversine_distance:20 - Haversine: (31.3581158, 73.1846103) → (31.4592945, 73.0629536) = 16120.5 m
2026-03-16 13:33:08.840 | DEBUG    | utils.geo_utils:haversine_distance:20 - Haversine: (31.3581158, 73.1846103) → (31.3058685, 73.1694728) = 5984.9 m
2026-03-16 13:33:08.841 | DEBUG    | utils.geo_utils:haversine_distance:20 - Haversine: (31.3581158, 73.1846103) → (31.3140734, 73.0226304) = 16144.7 m
2026-03-16 13:33:08.841 | DEBUG    | utils.geo_utils:haversine_distance:20 - Haversine: (31.3581158, 73.1846103) → (31.5306679, 73.1126844) = 20364.1 m
2026-03-16 13:33:08.841 | DEBUG    | utils.geo_utils:haversine_distance:20 - Haversine: (31.3581158, 73.1846103) → (31.3760251, 73.034401) = 14399.8 m
2026-03-16 13:33:08.841 | DEBUG    | utils.geo_utils:haversine_distance:20 - Haversine: (31.3581158, 73.1846103) → (31.404983, 73.1460277) = 6369.7 m
2026-03-16 13:33:08.841 | DEBUG    | utils.geo_utils:haversine_distance:20 - Haversine: (31.3581158, 73.1846103) → (31.4212389, 73.0816409) = 12033.1 m
2026-03-16 13:33:08.841 | DEBUG    | utils.geo_utils:haversine_distance:20 - Haversine: (31.3581158, 73.1846103) → (31.4658821, 73.1813423) = 11987.1 m
2026-03-16 13:33:08.841 | DEBUG    | utils.geo_utils:haversine_distance:20 - Haversine: (31.3581158, 73.1846103) → (31.4509199, 73.0172282) = 18943.1 m
2026-03-16 13:33:08.841 | DEBUG    | utils.geo_utils:haversine_distance:20 - Haversine: (31.3581158, 73.1846103) → (31.4351755, 73.0374493) = 16386.5 m
2026-03-16 13:33:08.841 | DEBUG    | utils.geo_utils:haversine_distance:20 - Haversine: (31.3581158, 73.1846103) → (31.3333726, 73.0422104) = 13800.1 m
2026-03-16 13:33:08.841 | DEBUG    | utils.geo_utils:haversine_distance:20 - Haversine: (31.3581158, 73.1846103) → (31.5075199, 73.1005803) = 18426.9 m
2026-03-16 13:33:08.841 | DEBUG    | utils.geo_utils:haversine_distance:20 - Haversine: (31.3581158, 73.1846103) → (31.5015436, 73.1935631) = 15971.0 m
2026-03-16 13:33:08.841 | DEBUG    | utils.geo_utils:haversine_distance:20 - Haversine: (31.3581158, 73.1846103) → (31.4148239, 73.1645583) = 6586.7 m
2026-03-16 13:33:08.842 | DEBUG    | utils.geo_utils:haversine_distance:20 - Haversine: (31.3581158, 73.1846103) → (31.4319273, 73.0907774) = 12111.3 m
2026-03-16 13:33:08.842 | DEBUG    | utils.geo_utils:haversine_distance:20 - Haversine: (31.3581158, 73.1846103) → (31.4186759, 73.0443624) = 14918.9 m
2026-03-16 13:33:08.842 | DEBUG    | utils.geo_utils:haversine_distance:20 - Haversine: (31.3581158, 73.1846103) → (31.3776138, 73.0904372) = 9200.2 m
2026-03-16 13:33:08.842 | DEBUG    | utils.geo_utils:haversine_distance:20 - Haversine: (31.3581158, 73.1846103) → (31.311923, 73.1917425) = 5180.9 m
2026-03-16 13:33:08.842 | DEBUG    | utils.geo_utils:haversine_distance:20 - Haversine: (31.307639, 73.0439916) → (31.4592945, 73.0629536) = 16959.1 m
2026-03-16 13:33:08.842 | DEBUG    | utils.geo_utils:haversine_distance:20 - Haversine: (31.307639, 73.0439916) → (31.3058685, 73.1694728) = 11922.9 m
2026-03-16 13:33:08.842 | DEBUG    | utils.geo_utils:haversine_distance:20 - Haversine: (31.307639, 73.0439916) → (31.3140734, 73.0226304) = 2151.8 m
2026-03-16 13:33:08.842 | DEBUG    | utils.geo_utils:haversine_distance:20 - Haversine: (31.307639, 73.0439916) → (31.5306679, 73.1126844) = 25642.0 m
2026-03-16 13:33:08.842 | DEBUG    | utils.geo_utils:haversine_distance:20 - Haversine: (31.307639, 73.0439916) → (31.3760251, 73.034401) = 7658.5 m
2026-03-16 13:33:08.842 | DEBUG    | utils.geo_utils:haversine_distance:20 - Haversine: (31.307639, 73.0439916) → (31.404983, 73.1460277) = 14527.1 m
2026-03-16 13:33:08.842 | DEBUG    | utils.geo_utils:haversine_distance:20 - Haversine: (31.307639, 73.0439916) → (31.4212389, 73.0816409) = 13127.8 m
2026-03-16 13:33:08.842 | DEBUG    | utils.geo_utils:haversine_distance:20 - Haversine: (31.307639, 73.0439916) → (31.4658821, 73.1813423) = 21899.7 m
2026-03-16 13:33:08.842 | DEBUG    | utils.geo_utils:haversine_distance:20 - Haversine: (31.307639, 73.0439916) → (31.4509199, 73.0172282) = 16133.4 m
2026-03-16 13:33:08.842 | DEBUG    | utils.geo_utils:haversine_distance:20 - Haversine: (31.307639, 73.0439916) → (31.4351755, 73.0374493) = 14195.0 m
2026-03-16 13:33:08.842 | DEBUG    | utils.geo_utils:haversine_distance:20 - Haversine: (31.307639, 73.0439916) → (31.3333726, 73.0422104) = 2866.4 m
2026-03-16 13:33:08.842 | DEBUG    | utils.geo_utils:haversine_distance:20 - Haversine: (31.307639, 73.0439916) → (31.5075199, 73.1005803) = 22865.4 m
2026-03-16 13:33:08.843 | DEBUG    | utils.geo_utils:haversine_distance:20 - Haversine: (31.307639, 73.0439916) → (31.5015436, 73.1935631) = 25814.5 m
2026-03-16 13:33:08.843 | DEBUG    | utils.geo_utils:haversine_distance:20 - Haversine: (31.307639, 73.0439916) → (31.4148239, 73.1645583) = 16525.7 m
2026-03-16 13:33:08.843 | DEBUG    | utils.geo_utils:haversine_distance:20 - Haversine: (31.307639, 73.0439916) → (31.4319273, 73.0907774) = 14516.5 m
2026-03-16 13:33:08.843 | DEBUG    | utils.geo_utils:haversine_distance:20 - Haversine: (31.307639, 73.0439916) → (31.4186759, 73.0443624) = 12346.8 m
2026-03-16 13:33:08.843 | DEBUG    | utils.geo_utils:haversine_distance:20 - Haversine: (31.307639, 73.0439916) → (31.3776138, 73.0904372) = 8944.1 m
2026-03-16 13:33:08.843 | DEBUG    | utils.geo_utils:haversine_distance:20 - Haversine: (31.307639, 73.0439916) → (31.311923, 73.1917425) = 14044.7 m
2026-03-16 13:33:08.843 | DEBUG    | utils.geo_utils:haversine_distance:20 - Haversine: (31.307639, 73.0439916) → (31.3581158, 73.1846103) = 14487.2 m
2026-03-16 13:33:08.843 | DEBUG    | utils.geo_utils:haversine_distance:20 - Haversine: (31.5119632, 73.1053388) → (31.4592945, 73.0629536) = 7102.9 m
2026-03-16 13:33:08.843 | DEBUG    | utils.geo_utils:haversine_distance:20 - Haversine: (31.5119632, 73.1053388) → (31.3058685, 73.1694728) = 23711.2 m
2026-03-16 13:33:08.843 | DEBUG    | utils.geo_utils:haversine_distance:20 - Haversine: (31.5119632, 73.1053388) → (31.3140734, 73.0226304) = 23362.2 m
2026-03-16 13:33:08.843 | DEBUG    | utils.geo_utils:haversine_distance:20 - Haversine: (31.5119632, 73.1053388) → (31.5306679, 73.1126844) = 2193.3 m
2026-03-16 13:33:08.843 | DEBUG    | utils.geo_utils:haversine_distance:20 - Haversine: (31.5119632, 73.1053388) → (31.3760251, 73.034401) = 16546.0 m
2026-03-16 13:33:08.843 | DEBUG    | utils.geo_utils:haversine_distance:20 - Haversine: (31.5119632, 73.1053388) → (31.404983, 73.1460277) = 12506.1 m
2026-03-16 13:33:08.843 | DEBUG    | utils.geo_utils:haversine_distance:20 - Haversine: (31.5119632, 73.1053388) → (31.4212389, 73.0816409) = 10335.4 m
2026-03-16 13:33:08.843 | DEBUG    | utils.geo_utils:haversine_distance:20 - Haversine: (31.5119632, 73.1053388) → (31.4658821, 73.1813423) = 8842.6 m
2026-03-16 13:33:08.843 | DEBUG    | utils.geo_utils:haversine_distance:20 - Haversine: (31.5119632, 73.1053388) → (31.4509199, 73.0172282) = 10765.0 m
2026-03-16 13:33:08.843 | DEBUG    | utils.geo_utils:haversine_distance:20 - Haversine: (31.5119632, 73.1053388) → (31.4351755, 73.0374493) = 10693.8 m
2026-03-16 13:33:08.844 | DEBUG    | utils.geo_utils:haversine_distance:20 - Haversine: (31.5119632, 73.1053388) → (31.3333726, 73.0422104) = 20742.1 m
2026-03-16 13:33:08.844 | DEBUG    | utils.geo_utils:haversine_distance:20 - Haversine: (31.5119632, 73.1053388) → (31.5075199, 73.1005803) = 669.0 m
2026-03-16 13:33:08.844 | DEBUG    | utils.geo_utils:haversine_distance:20 - Haversine: (31.3634161, 73.1141106) → (31.4592945, 73.0629536) = 11714.5 m
2026-03-16 13:33:08.844 | DEBUG    | utils.geo_utils:haversine_distance:20 - Haversine: (31.3634161, 73.1141106) → (31.3058685, 73.1694728) = 8282.2 m
2026-03-16 13:33:08.844 | DEBUG    | utils.geo_utils:haversine_distance:20 - Haversine: (31.3634161, 73.1141106) → (31.3140734, 73.0226304) = 10275.5 m
2026-03-16 13:33:08.844 | DEBUG    | utils.geo_utils:haversine_distance:20 - Haversine: (31.3634161, 73.1141106) → (31.5306679, 73.1126844) = 18598.0 m
2026-03-16 13:33:08.844 | DEBUG    | utils.geo_utils:haversine_distance:20 - Haversine: (31.3634161, 73.1141106) → (31.3760251, 73.034401) = 7696.5 m
2026-03-16 13:33:08.844 | DEBUG    | utils.geo_utils:haversine_distance:20 - Haversine: (31.3634161, 73.1141106) → (31.404983, 73.1460277) = 5526.5 m
2026-03-16 13:33:08.845 | DEBUG    | utils.geo_utils:haversine_distance:20 - Haversine: (31.3634161, 73.1141106) → (31.4212389, 73.0816409) = 7130.1 m
2026-03-16 13:33:08.846 | DEBUG    | utils.geo_utils:haversine_distance:20 - Haversine: (31.3634161, 73.1141106) → (31.4658821, 73.1813423) = 13058.4 m
2026-03-16 13:33:08.846 | DEBUG    | utils.geo_utils:haversine_distance:20 - Haversine: (31.3634161, 73.1141106) → (31.4509199, 73.0172282) = 13387.0 m
2026-03-16 13:33:08.846 | DEBUG    | utils.geo_utils:haversine_distance:20 - Haversine: (31.3634161, 73.1141106) → (31.4351755, 73.0374493) = 10798.6 m
2026-03-16 13:33:08.846 | DEBUG    | utils.geo_utils:haversine_distance:20 - Haversine: (31.3634161, 73.1141106) → (31.3333726, 73.0422104) = 7601.3 m
2026-03-16 13:33:08.846 | DEBUG    | utils.geo_utils:haversine_distance:20 - Haversine: (31.3634161, 73.1141106) → (31.5075199, 73.1005803) = 16074.9 m
2026-03-16 13:33:08.846 | DEBUG    | utils.geo_utils:haversine_distance:20 - Haversine: (31.3634161, 73.1141106) → (31.5015436, 73.1935631) = 17109.3 m
2026-03-16 13:33:08.846 | DEBUG    | utils.geo_utils:haversine_distance:20 - Haversine: (31.3634161, 73.1141106) → (31.4148239, 73.1645583) = 7457.0 m
2026-03-16 13:33:08.846 | DEBUG    | utils.geo_utils:haversine_distance:20 - Haversine: (31.3634161, 73.1141106) → (31.4319273, 73.0907774) = 7933.5 m
2026-03-16 13:33:08.846 | DEBUG    | utils.geo_utils:haversine_distance:20 - Haversine: (31.3634161, 73.1141106) → (31.4186759, 73.0443624) = 9032.5 m
2026-03-16 13:33:08.847 | DEBUG    | utils.geo_utils:haversine_distance:20 - Haversine: (31.3634161, 73.1141106) → (31.3776138, 73.0904372) = 2746.6 m
2026-03-16 13:33:08.847 | DEBUG    | utils.geo_utils:haversine_distance:20 - Haversine: (31.3634161, 73.1141106) → (31.311923, 73.1917425) = 9335.2 m
2026-03-16 13:33:08.847 | DEBUG    | utils.geo_utils:haversine_distance:20 - Haversine: (31.3634161, 73.1141106) → (31.3581158, 73.1846103) = 6719.9 m
2026-03-16 13:33:08.847 | DEBUG    | utils.geo_utils:haversine_distance:20 - Haversine: (31.3634161, 73.1141106) → (31.307639, 73.0439916) = 9100.4 m
2026-03-16 13:33:08.847 | DEBUG    | utils.geo_utils:haversine_distance:20 - Haversine: (31.484527, 73.1521663) → (31.4592945, 73.0629536) = 8913.8 m
2026-03-16 13:33:08.847 | DEBUG    | utils.geo_utils:haversine_distance:20 - Haversine: (31.484527, 73.1521663) → (31.3058685, 73.1694728) = 19933.7 m
2026-03-16 13:33:08.847 | DEBUG    | utils.geo_utils:haversine_distance:20 - Haversine: (31.484527, 73.1521663) → (31.3140734, 73.0226304) = 22591.8 m
2026-03-16 13:33:08.847 | DEBUG    | utils.geo_utils:haversine_distance:20 - Haversine: (31.484527, 73.1521663) → (31.5306679, 73.1126844) = 6350.8 m
2026-03-16 13:33:08.847 | DEBUG    | utils.geo_utils:haversine_distance:20 - Haversine: (31.484527, 73.1521663) → (31.3760251, 73.034401) = 16444.1 m
2026-03-16 13:33:08.849 | DEBUG    | utils.geo_utils:haversine_distance:20 - Haversine: (31.484527, 73.1521663) → (31.404983, 73.1460277) = 8864.0 m
2026-03-16 13:33:08.849 | DEBUG    | utils.geo_utils:haversine_distance:20 - Haversine: (31.484527, 73.1521663) → (31.4212389, 73.0816409) = 9709.7 m
2026-03-16 13:33:08.849 | DEBUG    | utils.geo_utils:haversine_distance:20 - Haversine: (31.484527, 73.1521663) → (31.4658821, 73.1813423) = 3457.4 m
2026-03-16 13:33:08.850 | DEBUG    | utils.geo_utils:haversine_distance:20 - Haversine: (31.484527, 73.1521663) → (31.4509199, 73.0172282) = 13332.2 m
2026-03-16 13:33:08.850 | DEBUG    | utils.geo_utils:haversine_distance:20 - Haversine: (31.484527, 73.1521663) → (31.4351755, 73.0374493) = 12186.4 m
2026-03-16 13:33:08.850 | DEBUG    | utils.geo_utils:haversine_distance:20 - Haversine: (31.484527, 73.1521663) → (31.3333726, 73.0422104) = 19783.4 m
2026-03-16 13:33:08.851 | DEBUG    | utils.geo_utils:haversine_distance:20 - Haversine: (31.484527, 73.1521663) → (31.5075199, 73.1005803) = 5519.0 m
2026-03-16 13:33:08.852 | DEBUG    | utils.geo_utils:haversine_distance:20 - Haversine: (31.484527, 73.1521663) → (31.5015436, 73.1935631) = 4357.4 m
2026-03-16 13:33:08.852 | DEBUG    | utils.geo_utils:haversine_distance:20 - Haversine: (31.484527, 73.1521663) → (31.4148239, 73.1645583) = 7839.3 m
2026-03-16 13:33:08.852 | DEBUG    | utils.geo_utils:haversine_distance:20 - Haversine: (31.484527, 73.1521663) → (31.4319273, 73.0907774) = 8253.1 m
2026-03-16 13:33:08.852 | DEBUG    | utils.geo_utils:haversine_distance:20 - Haversine: (31.484527, 73.1521663) → (31.4186759, 73.0443624) = 12577.3 m
2026-03-16 13:33:08.852 | DEBUG    | utils.geo_utils:haversine_distance:20 - Haversine: (31.484527, 73.1521663) → (31.3776138, 73.0904372) = 13252.6 m
2026-03-16 13:33:08.852 | DEBUG    | utils.geo_utils:haversine_distance:20 - Haversine: (31.484527, 73.1521663) → (31.311923, 73.1917425) = 19556.8 m
2026-03-16 13:33:08.852 | DEBUG    | utils.geo_utils:haversine_distance:20 - Haversine: (31.484527, 73.1521663) → (31.3581158, 73.1846103) = 14389.5 m
2026-03-16 13:33:08.852 | DEBUG    | utils.geo_utils:haversine_distance:20 - Haversine: (31.484527, 73.1521663) → (31.307639, 73.0439916) = 22187.6 m
2026-03-16 13:33:08.853 | DEBUG    | utils.geo_utils:haversine_distance:20 - Haversine: (31.484527, 73.1521663) → (31.3634161, 73.1141106) = 13942.6 m
2026-03-16 13:33:08.853 | DEBUG    | utils.geo_utils:haversine_distance:20 - Haversine: (31.4933345, 73.0175829) → (31.4592945, 73.0629536) = 5730.6 m
2026-03-16 13:33:08.853 | DEBUG    | utils.geo_utils:haversine_distance:20 - Haversine: (31.4933345, 73.0175829) → (31.3058685, 73.1694728) = 25344.5 m
2026-03-16 13:33:08.853 | DEBUG    | utils.geo_utils:haversine_distance:20 - Haversine: (31.4933345, 73.0175829) → (31.3140734, 73.0226304) = 19938.7 m
2026-03-16 13:33:08.853 | DEBUG    | utils.geo_utils:haversine_distance:20 - Haversine: (31.4933345, 73.0175829) → (31.5306679, 73.1126844) = 9925.2 m
2026-03-16 13:33:08.853 | DEBUG    | utils.geo_utils:haversine_distance:20 - Haversine: (31.4933345, 73.0175829) → (31.3760251, 73.034401) = 13141.4 m
2026-03-16 13:33:08.853 | DEBUG    | utils.geo_utils:haversine_distance:20 - Haversine: (31.4933345, 73.0175829) → (31.404983, 73.1460277) = 15651.7 m
2026-03-16 13:33:08.853 | DEBUG    | utils.geo_utils:haversine_distance:20 - Haversine: (31.4933345, 73.0175829) → (31.4212389, 73.0816409) = 10059.1 m
2026-03-16 13:33:08.853 | DEBUG    | utils.geo_utils:haversine_distance:20 - Haversine: (31.4933345, 73.0175829) → (31.4658821, 73.1813423) = 15826.5 m
2026-03-16 13:33:08.853 | DEBUG    | utils.geo_utils:haversine_distance:20 - Haversine: (31.4933345, 73.0175829) → (31.4509199, 73.0172282) = 4716.4 m
2026-03-16 13:33:08.853 | DEBUG    | utils.geo_utils:haversine_distance:20 - Haversine: (31.4933345, 73.0175829) → (31.4351755, 73.0374493) = 6735.9 m
2026-03-16 13:33:08.854 | DEBUG    | utils.geo_utils:haversine_distance:20 - Haversine: (31.4933345, 73.0175829) → (31.3333726, 73.0422104) = 17939.8 m
2026-03-16 13:33:08.854 | DEBUG    | utils.geo_utils:haversine_distance:20 - Haversine: (31.4933345, 73.0175829) → (31.5075199, 73.1005803) = 8025.4 m
2026-03-16 13:33:08.854 | DEBUG    | utils.geo_utils:haversine_distance:20 - Haversine: (31.4933345, 73.0175829) → (31.5015436, 73.1935631) = 16710.0 m
2026-03-16 13:33:08.854 | DEBUG    | utils.geo_utils:haversine_distance:20 - Haversine: (31.4933345, 73.0175829) → (31.4148239, 73.1645583) = 16449.2 m
2026-03-16 13:33:08.854 | DEBUG    | utils.geo_utils:haversine_distance:20 - Haversine: (31.4933345, 73.0175829) → (31.4319273, 73.0907774) = 9737.5 m
2026-03-16 13:33:08.854 | DEBUG    | utils.geo_utils:haversine_distance:20 - Haversine: (31.4933345, 73.0175829) → (31.4186759, 73.0443624) = 8681.6 m
2026-03-16 13:33:08.854 | DEBUG    | utils.geo_utils:haversine_distance:20 - Haversine: (31.4933345, 73.0175829) → (31.3776138, 73.0904372) = 14606.5 m
2026-03-16 13:33:08.854 | DEBUG    | utils.geo_utils:haversine_distance:20 - Haversine: (31.4933345, 73.0175829) → (31.311923, 73.1917425) = 26079.2 m
2026-03-16 13:33:08.854 | DEBUG    | utils.geo_utils:haversine_distance:20 - Haversine: (31.4933345, 73.0175829) → (31.3581158, 73.1846103) = 21845.8 m
2026-03-16 13:33:08.854 | DEBUG    | utils.geo_utils:haversine_distance:20 - Haversine: (31.4933345, 73.0175829) → (31.307639, 73.0439916) = 20800.0 m
2026-03-16 13:33:08.854 | DEBUG    | utils.geo_utils:haversine_distance:20 - Haversine: (31.4933345, 73.0175829) → (31.3634161, 73.1141106) = 17104.9 m
2026-03-16 13:33:08.854 | DEBUG    | utils.geo_utils:haversine_distance:20 - Haversine: (31.4933345, 73.0175829) → (31.484527, 73.1521663) = 12798.8 m
2026-03-16 13:33:08.854 | DEBUG    | utils.geo_utils:haversine_distance:20 - Haversine: (31.5457488, 73.0148993) → (31.4592945, 73.0629536) = 10638.2 m
2026-03-16 13:33:08.854 | DEBUG    | utils.geo_utils:haversine_distance:20 - Haversine: (31.5457488, 73.0148993) → (31.3058685, 73.1694728) = 30439.8 m
2026-03-16 13:33:08.854 | DEBUG    | utils.geo_utils:haversine_distance:20 - Haversine: (31.5457488, 73.0148993) → (31.3140734, 73.0226304) = 25771.6 m
2026-03-16 13:33:08.854 | DEBUG    | utils.geo_utils:haversine_distance:20 - Haversine: (31.5457488, 73.0148993) → (31.5306679, 73.1126844) = 9417.6 m
2026-03-16 13:33:08.854 | DEBUG    | utils.geo_utils:haversine_distance:20 - Haversine: (31.5457488, 73.0148993) → (31.3760251, 73.034401) = 18962.8 m
2026-03-16 13:33:08.854 | DEBUG    | utils.geo_utils:haversine_distance:20 - Haversine: (31.5457488, 73.0148993) → (31.404983, 73.1460277) = 19991.0 m
2026-03-16 13:33:08.855 | DEBUG    | utils.geo_utils:haversine_distance:20 - Haversine: (31.5457488, 73.0148993) → (31.4212389, 73.0816409) = 15222.8 m
2026-03-16 13:33:08.855 | DEBUG    | utils.geo_utils:haversine_distance:20 - Haversine: (31.5457488, 73.0148993) → (31.4658821, 73.1813423) = 18106.8 m
2026-03-16 13:33:08.855 | DEBUG    | utils.geo_utils:haversine_distance:20 - Haversine: (31.5457488, 73.0148993) → (31.4509199, 73.0172282) = 10546.8 m
2026-03-16 13:33:08.855 | DEBUG    | utils.geo_utils:haversine_distance:20 - Haversine: (31.5457488, 73.0148993) → (31.4351755, 73.0374493) = 12479.7 m
2026-03-16 13:33:08.855 | DEBUG    | utils.geo_utils:haversine_distance:20 - Haversine: (31.5457488, 73.0148993) → (31.3333726, 73.0422104) = 23756.9 m
2026-03-16 13:33:08.855 | DEBUG    | utils.geo_utils:haversine_distance:20 - Haversine: (31.5457488, 73.0148993) → (31.5075199, 73.1005803) = 9166.3 m
2026-03-16 13:33:08.855 | DEBUG    | utils.geo_utils:haversine_distance:20 - Haversine: (31.5457488, 73.0148993) → (31.5015436, 73.1935631) = 17633.6 m
2026-03-16 13:33:08.855 | DEBUG    | utils.geo_utils:haversine_distance:20 - Haversine: (31.5457488, 73.0148993) → (31.4148239, 73.1645583) = 20331.1 m
2026-03-16 13:33:08.855 | DEBUG    | utils.geo_utils:haversine_distance:20 - Haversine: (31.5457488, 73.0148993) → (31.4319273, 73.0907774) = 14558.5 m
2026-03-16 13:33:08.855 | DEBUG    | utils.geo_utils:haversine_distance:20 - Haversine: (31.5457488, 73.0148993) → (31.4186759, 73.0443624) = 14403.4 m
2026-03-16 13:33:08.855 | DEBUG    | utils.geo_utils:haversine_distance:20 - Haversine: (31.5457488, 73.0148993) → (31.3776138, 73.0904372) = 20021.6 m
2026-03-16 13:33:08.855 | DEBUG    | utils.geo_utils:haversine_distance:20 - Haversine: (31.5457488, 73.0148993) → (31.311923, 73.1917425) = 30944.3 m
2026-03-16 13:33:08.855 | DEBUG    | utils.geo_utils:haversine_distance:20 - Haversine: (31.5457488, 73.0148993) → (31.3581158, 73.1846103) = 26352.6 m
2026-03-16 13:33:08.856 | DEBUG    | utils.geo_utils:haversine_distance:20 - Haversine: (31.5457488, 73.0148993) → (31.307639, 73.0439916) = 26620.1 m
2026-03-16 13:33:08.856 | DEBUG    | utils.geo_utils:haversine_distance:20 - Haversine: (31.5457488, 73.0148993) → (31.3634161, 73.1141106) = 22352.1 m
2026-03-16 13:33:08.856 | DEBUG    | utils.geo_utils:haversine_distance:20 - Haversine: (31.5457488, 73.0148993) → (31.484527, 73.1521663) = 14685.3 m
2026-03-16 13:33:08.856 | DEBUG    | utils.geo_utils:haversine_distance:20 - Haversine: (31.5457488, 73.0148993) → (31.4933345, 73.0175829) = 5833.8 m
2026-03-16 13:33:08.856 | DEBUG    | utils.geo_utils:haversine_distance:20 - Haversine: (31.3351052, 73.048939) → (31.4592945, 73.0629536) = 13873.1 m
2026-03-16 13:33:08.856 | DEBUG    | utils.geo_utils:haversine_distance:20 - Haversine: (31.3351052, 73.048939) → (31.3058685, 73.1694728) = 11902.2 m
2026-03-16 13:33:08.856 | DEBUG    | utils.geo_utils:haversine_distance:20 - Haversine: (31.3351052, 73.048939) → (31.3140734, 73.0226304) = 3422.6 m
2026-03-16 13:33:08.856 | DEBUG    | utils.geo_utils:haversine_distance:20 - Haversine: (31.3351052, 73.048939) → (31.5306679, 73.1126844) = 22571.0 m
2026-03-16 13:33:08.856 | DEBUG    | utils.geo_utils:haversine_distance:20 - Haversine: (31.3351052, 73.048939) → (31.3760251, 73.034401) = 4754.9 m
2026-03-16 13:33:08.856 | DEBUG    | utils.geo_utils:haversine_distance:20 - Haversine: (31.3351052, 73.048939) → (31.404983, 73.1460277) = 12055.7 m
2026-03-16 13:33:08.856 | DEBUG    | utils.geo_utils:haversine_distance:20 - Haversine: (31.3351052, 73.048939) → (31.4212389, 73.0816409) = 10068.2 m
2026-03-16 13:33:08.856 | DEBUG    | utils.geo_utils:haversine_distance:20 - Haversine: (31.3351052, 73.048939) → (31.4658821, 73.1813423) = 19219.2 m
2026-03-16 13:33:08.856 | DEBUG    | utils.geo_utils:haversine_distance:20 - Haversine: (31.3351052, 73.048939) → (31.4509199, 73.0172282) = 13225.1 m
2026-03-16 13:33:08.856 | DEBUG    | utils.geo_utils:haversine_distance:20 - Haversine: (31.3351052, 73.048939) → (31.4351755, 73.0374493) = 11180.6 m
2026-03-16 13:33:08.856 | DEBUG    | utils.geo_utils:haversine_distance:20 - Haversine: (31.3351052, 73.048939) → (31.3333726, 73.0422104) = 667.5 m
2026-03-16 13:33:08.856 | DEBUG    | utils.geo_utils:haversine_distance:20 - Haversine: (31.4525861, 73.1780263) → (31.4592945, 73.0629536) = 10940.6 m
2026-03-16 13:33:08.856 | DEBUG    | utils.geo_utils:haversine_distance:20 - Haversine: (31.4525861, 73.1780263) → (31.3058685, 73.1694728) = 16334.4 m
2026-03-16 13:33:08.856 | DEBUG    | utils.geo_utils:haversine_distance:20 - Haversine: (31.4525861, 73.1780263) → (31.3140734, 73.0226304) = 21326.5 m
2026-03-16 13:33:08.856 | DEBUG    | utils.geo_utils:haversine_distance:20 - Haversine: (31.4525861, 73.1780263) → (31.5306679, 73.1126844) = 10666.2 m
2026-03-16 13:33:08.856 | DEBUG    | utils.geo_utils:haversine_distance:20 - Haversine: (31.4525861, 73.1780263) → (31.3760251, 73.034401) = 16069.8 m
2026-03-16 13:33:08.856 | DEBUG    | utils.geo_utils:haversine_distance:20 - Haversine: (31.4525861, 73.1780263) → (31.404983, 73.1460277) = 6102.1 m
2026-03-16 13:33:08.857 | DEBUG    | utils.geo_utils:haversine_distance:20 - Haversine: (31.4525861, 73.1780263) → (31.4212389, 73.0816409) = 9786.2 m
2026-03-16 13:33:08.857 | DEBUG    | utils.geo_utils:haversine_distance:20 - Haversine: (31.4525861, 73.1780263) → (31.4658821, 73.1813423) = 1511.5 m
2026-03-16 13:33:08.857 | DEBUG    | utils.geo_utils:haversine_distance:20 - Haversine: (31.4525861, 73.1780263) → (31.4509199, 73.0172282) = 15254.1 m
2026-03-16 13:33:08.857 | DEBUG    | utils.geo_utils:haversine_distance:20 - Haversine: (31.4525861, 73.1780263) → (31.4351755, 73.0374493) = 13475.8 m
2026-03-16 13:33:08.857 | DEBUG    | utils.geo_utils:haversine_distance:20 - Haversine: (31.4525861, 73.1780263) → (31.3333726, 73.0422104) = 18490.7 m
2026-03-16 13:33:08.857 | DEBUG    | utils.geo_utils:haversine_distance:20 - Haversine: (31.4525861, 73.1780263) → (31.5075199, 73.1005803) = 9552.4 m
2026-03-16 13:33:08.857 | DEBUG    | utils.geo_utils:haversine_distance:20 - Haversine: (31.4525861, 73.1780263) → (31.5015436, 73.1935631) = 5639.7 m
2026-03-16 13:33:08.857 | DEBUG    | utils.geo_utils:haversine_distance:20 - Haversine: (31.4525861, 73.1780263) → (31.4148239, 73.1645583) = 4389.1 m
2026-03-16 13:33:08.857 | DEBUG    | utils.geo_utils:haversine_distance:20 - Haversine: (31.4525861, 73.1780263) → (31.4319273, 73.0907774) = 8590.0 m
2026-03-16 13:33:08.857 | DEBUG    | utils.geo_utils:haversine_distance:20 - Haversine: (31.4525861, 73.1780263) → (31.4186759, 73.0443624) = 13230.0 m
2026-03-16 13:33:08.857 | DEBUG    | utils.geo_utils:haversine_distance:20 - Haversine: (31.4525861, 73.1780263) → (31.3776138, 73.0904372) = 11772.2 m
2026-03-16 13:33:08.857 | DEBUG    | utils.geo_utils:haversine_distance:20 - Haversine: (31.4525861, 73.1780263) → (31.311923, 73.1917425) = 15695.1 m
2026-03-16 13:33:08.857 | DEBUG    | utils.geo_utils:haversine_distance:20 - Haversine: (31.4525861, 73.1780263) → (31.3581158, 73.1846103) = 10523.2 m
2026-03-16 13:33:08.857 | DEBUG    | utils.geo_utils:haversine_distance:20 - Haversine: (31.4525861, 73.1780263) → (31.307639, 73.0439916) = 20534.6 m
2026-03-16 13:33:08.857 | DEBUG    | utils.geo_utils:haversine_distance:20 - Haversine: (31.4525861, 73.1780263) → (31.3634161, 73.1141106) = 11623.5 m
2026-03-16 13:33:08.857 | DEBUG    | utils.geo_utils:haversine_distance:20 - Haversine: (31.4525861, 73.1780263) → (31.484527, 73.1521663) = 4316.2 m
2026-03-16 13:33:08.857 | DEBUG    | utils.geo_utils:haversine_distance:20 - Haversine: (31.4525861, 73.1780263) → (31.4933345, 73.0175829) = 15876.2 m
2026-03-16 13:33:08.857 | DEBUG    | utils.geo_utils:haversine_distance:20 - Haversine: (31.4525861, 73.1780263) → (31.5457488, 73.0148993) = 18614.9 m
2026-03-16 13:33:08.857 | DEBUG    | utils.geo_utils:haversine_distance:20 - Haversine: (31.3832892, 73.1836007) → (31.4592945, 73.0629536) = 14229.7 m
2026-03-16 13:33:08.858 | DEBUG    | utils.geo_utils:haversine_distance:20 - Haversine: (31.3832892, 73.1836007) → (31.3058685, 73.1694728) = 8712.7 m
2026-03-16 13:33:08.858 | DEBUG    | utils.geo_utils:haversine_distance:20 - Haversine: (31.3832892, 73.1836007) → (31.3140734, 73.0226304) = 17114.3 m
2026-03-16 13:33:08.858 | DEBUG    | utils.geo_utils:haversine_distance:20 - Haversine: (31.3832892, 73.1836007) → (31.5306679, 73.1126844) = 17714.6 m
2026-03-16 13:33:08.858 | DEBUG    | utils.geo_utils:haversine_distance:20 - Haversine: (31.3832892, 73.1836007) → (31.3760251, 73.034401) = 14186.7 m
2026-03-16 13:33:08.858 | DEBUG    | utils.geo_utils:haversine_distance:20 - Haversine: (31.3832892, 73.1836007) → (31.404983, 73.1460277) = 4305.5 m
2026-03-16 13:33:08.858 | DEBUG    | utils.geo_utils:haversine_distance:20 - Haversine: (31.3832892, 73.1836007) → (31.4212389, 73.0816409) = 10556.9 m
2026-03-16 13:33:08.858 | DEBUG    | utils.geo_utils:haversine_distance:20 - Haversine: (31.3832892, 73.1836007) → (31.4658821, 73.1813423) = 9186.4 m
2026-03-16 13:33:08.858 | DEBUG    | utils.geo_utils:haversine_distance:20 - Haversine: (31.3832892, 73.1836007) → (31.4509199, 73.0172282) = 17487.2 m
2026-03-16 13:33:08.858 | DEBUG    | utils.geo_utils:haversine_distance:20 - Haversine: (31.3832892, 73.1836007) → (31.4351755, 73.0374493) = 15022.1 m
2026-03-16 13:33:08.858 | DEBUG    | utils.geo_utils:haversine_distance:20 - Haversine: (31.3832892, 73.1836007) → (31.3333726, 73.0422104) = 14527.5 m
2026-03-16 13:33:08.858 | DEBUG    | utils.geo_utils:haversine_distance:20 - Haversine: (31.3832892, 73.1836007) → (31.5075199, 73.1005803) = 15901.2 m
2026-03-16 13:33:08.858 | DEBUG    | utils.geo_utils:haversine_distance:20 - Haversine: (31.3832892, 73.1836007) → (31.5015436, 73.1935631) = 13183.2 m
2026-03-16 13:33:08.859 | DEBUG    | utils.geo_utils:haversine_distance:20 - Haversine: (31.3832892, 73.1836007) → (31.4148239, 73.1645583) = 3944.9 m
2026-03-16 13:33:08.859 | DEBUG    | utils.geo_utils:haversine_distance:20 - Haversine: (31.3832892, 73.1836007) → (31.4319273, 73.0907774) = 10336.9 m
2026-03-16 13:33:08.859 | DEBUG    | utils.geo_utils:haversine_distance:20 - Haversine: (31.3832892, 73.1836007) → (31.4186759, 73.0443624) = 13788.4 m
2026-03-16 13:33:08.859 | DEBUG    | utils.geo_utils:haversine_distance:20 - Haversine: (31.3832892, 73.1836007) → (31.3776138, 73.0904372) = 8866.5 m
2026-03-16 13:33:08.859 | DEBUG    | utils.geo_utils:haversine_distance:20 - Haversine: (31.3832892, 73.1836007) → (31.311923, 73.1917425) = 7973.1 m
2026-03-16 13:33:08.859 | DEBUG    | utils.geo_utils:haversine_distance:20 - Haversine: (31.3832892, 73.1836007) → (31.3581158, 73.1846103) = 2800.8 m
2026-03-16 13:33:08.859 | DEBUG    | utils.geo_utils:haversine_distance:20 - Haversine: (31.3832892, 73.1836007) → (31.307639, 73.0439916) = 15701.5 m
2026-03-16 13:33:08.861 | DEBUG    | utils.geo_utils:haversine_distance:20 - Haversine: (31.3832892, 73.1836007) → (31.3634161, 73.1141106) = 6957.5 m
2026-03-16 13:33:08.861 | DEBUG    | utils.geo_utils:haversine_distance:20 - Haversine: (31.3832892, 73.1836007) → (31.484527, 73.1521663) = 11645.5 m
2026-03-16 13:33:08.861 | DEBUG    | utils.geo_utils:haversine_distance:20 - Haversine: (31.3832892, 73.1836007) → (31.4933345, 73.0175829) = 19945.1 m
2026-03-16 13:33:08.861 | DEBUG    | utils.geo_utils:haversine_distance:20 - Haversine: (31.3832892, 73.1836007) → (31.5457488, 73.0148993) = 24131.9 m
2026-03-16 13:33:08.861 | DEBUG    | utils.geo_utils:haversine_distance:20 - Haversine: (31.3832892, 73.1836007) → (31.4525861, 73.1780263) = 7723.6 m
2026-03-16 13:33:08.861 | INFO     | data_pipeline.stop_builder:merge_nearby_stops:91 - Merged stops:
2026-03-16 13:33:08.862 | INFO     | data_pipeline.stop_builder:merge_nearby_stops:92 -   Before merge: 30 stops
2026-03-16 13:33:08.862 | INFO     | data_pipeline.stop_builder:merge_nearby_stops:93 -   After merge : 26 stops (merged 4 pairs/groups)
2026-03-16 13:33:08.862 | DEBUG    | data_pipeline.stop_builder:merge_nearby_stops:95 - First few merged stops: [{'student_id': 'test_001', 'name': 'Test Student 1', 'roll_no': 'TEST-6157', 'lat': 31.4592945, 'lng': 73.0629536, 'student_count': 1, 'contact': '03478060777', 'semester': 'Spring 2026', 'fee_status': 'unpaid', 'registration_status': 'pending', 'original_lat': 31.458413838955877, 'original_lng': 73.0637191090853, 'snap_distance_m': 121.91, 'merged_student_ids': ['test_001']}, {'student_id': 'test_002', 'name': 'Test Student 2', 'roll_no': 'TEST-8484', 'lat': 31.3058685, 'lng': 73.1694728, 'student_count': 1, 'contact': '03564577859', 'semester': 'Spring 2026', 'fee_status': 'unpaid', 'registration_status': 'pending', 'original_lat': 31.30724050719012, 'original_lng': 73.16254256760098, 'snap_distance_m': 675.85, 'merged_student_ids': ['test_002']}, {'student_id': 'test_003', 'name': 'Test Student 3', 'roll_no': 'TEST-6237', 'lat': 31.3140734, 'lng': 73.0226304, 'student_count': 1, 'contact': '03941421906', 'semester': 'Spring 2026', 'fee_status': 'unpaid', 'registration_status': 'pending', 'original_lat': 31.311760819408153, 'original_lng': 73.02091199809621, 'snap_distance_m': 304.59, 'merged_student_ids': ['test_003']}]
2026-03-16 13:33:11.725 | INFO     | clustering.stop_clustering:cluster_stops:45 - Clustered into 3 buses (capacity 10):
2026-03-16 13:33:11.726 | INFO     | clustering.stop_clustering:cluster_stops:48 -   Bus 0: 8 stops, 9 students
2026-03-16 13:33:11.726 | INFO     | clustering.stop_clustering:cluster_stops:48 -   Bus 1: 8 stops, 10 students
2026-03-16 13:33:11.726 | INFO     | clustering.stop_clustering:cluster_stops:48 -   Bus 2: 10 stops, 11 students
2026-03-16 13:33:13.036 | INFO     | optimization.tsp_solver:get_road_distance_matrix:38 - ORS matrix computed: 9x9
2026-03-16 13:33:28.192 | INFO     | optimization.tsp_solver:solve_tsp:123 - TSP solved: 8 stops, distance 66090 m, objective 66090
2026-03-16 13:33:28.193 | DEBUG    | optimization.tsp_solver:solve_tsp:124 - Order: ['unknown', 'unknown', 'unknown', 'unknown', 'unknown', 'unknown', 'unknown', 'unknown']
2026-03-16 13:33:28.193 | DEBUG    | optimization.route_generator:generate_route_path:57 - Requesting ORS route with 9 waypoints
2026-03-16 13:33:29.924 | INFO     | optimization.route_generator:generate_route_path:74 - ORS route generated successfully (bug-free)
2026-03-16 13:33:29.925 | INFO     | optimization.route_generator:generate_route_path:75 -   Waypoints: 8 stops → University
2026-03-16 13:33:29.928 | INFO     | optimization.route_generator:generate_route_path:76 -   Distance: 108.89 km
2026-03-16 13:33:29.931 | INFO     | optimization.route_generator:generate_route_path:77 -   Duration: 2.14 h (128 min)
2026-03-16 13:33:29.934 | DEBUG    | optimization.route_generator:generate_route_path:78 - Geometry sample (first 3 & last 3): [[73.169473, 31.305869], [73.169389, 31.309473], [73.169168, 31.318912]] ... [[73.03447, 31.602425], [73.034742, 31.602694], [73.034832, 31.602523]]
2026-03-16 13:33:29.939 | INFO     | optimization.store_routes:compute_fee_per_student:31 - Fee calc: 58074 PKR/student | dist=108.9km | students=9
2026-03-16 13:33:30.927 | WARNING  | optimization.store_routes:reverse_geocode_stop_name:112 - No usable English address for (31.3058685, 73.1694728), using coordinates.
2026-03-16 13:33:31.986 | DEBUG    | optimization.store_routes:store_optimized_routes:189 - Assigned seat S1 to student test_002
2026-03-16 13:33:33.051 | DEBUG    | optimization.store_routes:store_optimized_routes:211 - Stored stop R1_stop1 | name='Stop (31.3059, 73.1695)' | route=R1
2026-03-16 13:33:35.369 | WARNING  | optimization.store_routes:reverse_geocode_stop_name:112 - No usable English address for (31.307639, 73.0439916), using coordinates.
2026-03-16 13:33:35.935 | DEBUG    | optimization.store_routes:store_optimized_routes:189 - Assigned seat S2 to student test_022
2026-03-16 13:33:38.233 | DEBUG    | optimization.store_routes:store_optimized_routes:211 - Stored stop R1_stop2 | name='Stop (31.3076, 73.0440)' | route=R1
2026-03-16 13:33:40.074 | WARNING  | optimization.store_routes:reverse_geocode_stop_name:112 - No usable English address for (31.3140734, 73.0226304), using coordinates.
2026-03-16 13:33:40.638 | DEBUG    | optimization.store_routes:store_optimized_routes:189 - Assigned seat S3 to student test_003
2026-03-16 13:33:42.969 | DEBUG    | optimization.store_routes:store_optimized_routes:211 - Stored stop R1_stop3 | name='Stop (31.3141, 73.0226)' | route=R1
2026-03-16 13:33:45.834 | WARNING  | optimization.store_routes:reverse_geocode_stop_name:112 - No usable English address for (31.3333726, 73.0422104), using coordinates.
2026-03-16 13:33:46.397 | DEBUG    | optimization.store_routes:store_optimized_routes:189 - Assigned seat S4 to student test_012
2026-03-16 13:33:46.936 | DEBUG    | optimization.store_routes:store_optimized_routes:189 - Assigned seat S5 to student test_028
2026-03-16 13:33:47.512 | DEBUG    | optimization.store_routes:store_optimized_routes:211 - Stored stop R1_stop4 | name='Stop (31.3334, 73.0422)' | route=R1
2026-03-16 13:33:50.714 | DEBUG    | optimization.store_routes:store_optimized_routes:189 - Assigned seat S6 to student test_005
2026-03-16 13:33:53.624 | DEBUG    | optimization.store_routes:store_optimized_routes:211 - Stored stop R1_stop5 | name='Risalewala Road' | route=R1
2026-03-16 13:33:55.868 | DEBUG    | optimization.store_routes:store_optimized_routes:189 - Assigned seat S7 to student test_019
2026-03-16 13:33:58.094 | DEBUG    | optimization.store_routes:store_optimized_routes:211 - Stored stop R1_stop6 | name='Bilal Road, Karim Town' | route=R1
2026-03-16 13:34:00.598 | DEBUG    | optimization.store_routes:store_optimized_routes:189 - Assigned seat S8 to student test_024
2026-03-16 13:34:02.849 | DEBUG    | optimization.store_routes:store_optimized_routes:211 - Stored stop R1_stop7 | name='Niamuana Malkhanwala Road, Faisalabad City Tehsil' | route=R1
2026-03-16 13:34:04.829 | WARNING  | optimization.store_routes:reverse_geocode_stop_name:112 - No usable English address for (31.311923, 73.1917425), using coordinates.
2026-03-16 13:34:05.403 | DEBUG    | optimization.store_routes:store_optimized_routes:189 - Assigned seat S9 to student test_020
2026-03-16 13:34:07.716 | DEBUG    | optimization.store_routes:store_optimized_routes:211 - Stored stop R1_stop8 | name='Stop (31.3119, 73.1917)' | route=R1
2026-03-16 13:34:09.042 | INFO     | optimization.store_routes:store_optimized_routes:235 - Stored route route_0 (R1): 8 stops, 108.89 km
2026-03-16 13:34:10.037 | INFO     | optimization.tsp_solver:get_road_distance_matrix:38 - ORS matrix computed: 9x9
2026-03-16 13:34:25.045 | INFO     | optimization.tsp_solver:solve_tsp:123 - TSP solved: 8 stops, distance 57363 m, objective 57363
2026-03-16 13:34:25.045 | DEBUG    | optimization.tsp_solver:solve_tsp:124 - Order: ['unknown', 'unknown', 'unknown', 'unknown', 'unknown', 'unknown', 'unknown', 'unknown']
2026-03-16 13:34:25.046 | DEBUG    | optimization.route_generator:generate_route_path:57 - Requesting ORS route with 9 waypoints
2026-03-16 13:34:26.535 | INFO     | optimization.route_generator:generate_route_path:74 - ORS route generated successfully (bug-free)
2026-03-16 13:34:26.537 | INFO     | optimization.route_generator:generate_route_path:75 -   Waypoints: 8 stops → University
2026-03-16 13:34:26.538 | INFO     | optimization.route_generator:generate_route_path:76 -   Distance: 86.36 km
2026-03-16 13:34:26.540 | INFO     | optimization.route_generator:generate_route_path:77 -   Duration: 1.84 h (110 min)
2026-03-16 13:34:26.541 | DEBUG    | optimization.route_generator:generate_route_path:78 - Geometry sample (first 3 & last 3): [[73.146028, 31.404983], [73.14526, 31.404581], [73.144931, 31.404404]] ... [[73.03447, 31.602425], [73.034742, 31.602694], [73.034832, 31.602523]]
2026-03-16 13:34:26.547 | INFO     | optimization.store_routes:compute_fee_per_student:31 - Fee calc: 41454 PKR/student | dist=86.4km | students=10
2026-03-16 13:34:29.127 | DEBUG    | optimization.store_routes:store_optimized_routes:189 - Assigned seat S1 to student test_006
2026-03-16 13:34:31.469 | DEBUG    | optimization.store_routes:store_optimized_routes:211 - Stored stop R2_stop1 | name='Faisalabad City Tehsil' | route=R2
2026-03-16 13:34:33.461 | WARNING  | optimization.store_routes:reverse_geocode_stop_name:112 - No usable English address for (31.5015436, 73.1935631), using coordinates.
2026-03-16 13:34:34.025 | DEBUG    | optimization.store_routes:store_optimized_routes:189 - Assigned seat S2 to student test_014
2026-03-16 13:34:36.338 | DEBUG    | optimization.store_routes:store_optimized_routes:211 - Stored stop R2_stop2 | name='Stop (31.5015, 73.1936)' | route=R2
2026-03-16 13:34:38.856 | DEBUG    | optimization.store_routes:store_optimized_routes:189 - Assigned seat S3 to student test_025
2026-03-16 13:34:39.410 | DEBUG    | optimization.store_routes:store_optimized_routes:211 - Stored stop R2_stop3 | name='Faisalabad City Tehsil' | route=R2
2026-03-16 13:34:41.986 | DEBUG    | optimization.store_routes:store_optimized_routes:189 - Assigned seat S4 to student test_008
2026-03-16 13:34:42.526 | DEBUG    | optimization.store_routes:store_optimized_routes:189 - Assigned seat S5 to student test_009
2026-03-16 13:34:43.045 | DEBUG    | optimization.store_routes:store_optimized_routes:189 - Assigned seat S6 to student test_016
2026-03-16 13:34:43.575 | DEBUG    | optimization.store_routes:store_optimized_routes:211 - Stored stop R2_stop4 | name='Faisalabad - Sheikhupura - Lahore Road, Faisalabad City Tehsil' | route=R2
2026-03-16 13:34:46.498 | DEBUG    | optimization.store_routes:store_optimized_routes:189 - Assigned seat S7 to student test_029
2026-03-16 13:34:47.038 | DEBUG    | optimization.store_routes:store_optimized_routes:211 - Stored stop R2_stop5 | name='Chak 208 Road, Faisalabad City Tehsil' | route=R2
2026-03-16 13:34:49.563 | DEBUG    | optimization.store_routes:store_optimized_routes:189 - Assigned seat S8 to student test_015
2026-03-16 13:34:50.114 | DEBUG    | optimization.store_routes:store_optimized_routes:211 - Stored stop R2_stop6 | name='Faisalabad City Tehsil' | route=R2
2026-03-16 13:34:52.578 | WARNING  | optimization.store_routes:reverse_geocode_stop_name:112 - No usable English address for (31.3832892, 73.1836007), using coordinates.
2026-03-16 13:34:53.140 | DEBUG    | optimization.store_routes:store_optimized_routes:189 - Assigned seat S9 to student test_030
2026-03-16 13:34:53.669 | DEBUG    | optimization.store_routes:store_optimized_routes:211 - Stored stop R2_stop7 | name='Stop (31.3833, 73.1836)' | route=R2
2026-03-16 13:34:56.535 | DEBUG    | optimization.store_routes:store_optimized_routes:189 - Assigned seat S10 to student test_021
2026-03-16 13:34:57.093 | DEBUG    | optimization.store_routes:store_optimized_routes:211 - Stored stop R2_stop8 | name='Faisalabad ByPass, Makkuana' | route=R2
2026-03-16 13:34:58.221 | INFO     | optimization.store_routes:store_optimized_routes:235 - Stored route route_1 (R2): 8 stops, 86.36 km
2026-03-16 13:34:59.187 | INFO     | optimization.tsp_solver:get_road_distance_matrix:38 - ORS matrix computed: 11x11
2026-03-16 13:35:14.192 | INFO     | optimization.tsp_solver:solve_tsp:123 - TSP solved: 10 stops, distance 69272 m, objective 69272
2026-03-16 13:35:14.193 | DEBUG    | optimization.tsp_solver:solve_tsp:124 - Order: ['unknown', 'unknown', 'unknown', 'unknown', 'unknown', 'unknown', 'unknown', 'unknown', 'unknown', 'unknown']
2026-03-16 13:35:14.193 | DEBUG    | optimization.route_generator:generate_route_path:57 - Requesting ORS route with 11 waypoints
2026-03-16 13:35:15.945 | INFO     | optimization.route_generator:generate_route_path:74 - ORS route generated successfully (bug-free)
2026-03-16 13:35:15.946 | INFO     | optimization.route_generator:generate_route_path:75 -   Waypoints: 10 stops → University
2026-03-16 13:35:15.947 | INFO     | optimization.route_generator:generate_route_path:76 -   Distance: 73.87 km
2026-03-16 13:35:15.947 | INFO     | optimization.route_generator:generate_route_path:77 -   Duration: 1.45 h (87 min)
2026-03-16 13:35:15.948 | DEBUG    | optimization.route_generator:generate_route_path:78 - Geometry sample (first 3 & last 3): [[73.062954, 31.459295], [73.063958, 31.459524], [73.065264, 31.459823]] ... [[73.03447, 31.602425], [73.034742, 31.602694], [73.034832, 31.602523]]
2026-03-16 13:35:15.951 | INFO     | optimization.store_routes:compute_fee_per_student:31 - Fee calc: 32235 PKR/student | dist=73.9km | students=11
2026-03-16 13:35:17.485 | DEBUG    | optimization.store_routes:store_optimized_routes:189 - Assigned seat S1 to student test_001
2026-03-16 13:35:18.040 | DEBUG    | optimization.store_routes:store_optimized_routes:211 - Stored stop R3_stop1 | name='Faisalabad City Tehsil' | route=R3
2026-03-16 13:35:20.354 | DEBUG    | optimization.store_routes:store_optimized_routes:189 - Assigned seat S2 to student test_017
2026-03-16 13:35:20.906 | DEBUG    | optimization.store_routes:store_optimized_routes:211 - Stored stop R3_stop2 | name='Mustafa Road, Faisalabad City Tehsil' | route=R3
2026-03-16 13:35:23.523 | DEBUG    | optimization.store_routes:store_optimized_routes:189 - Assigned seat S3 to student test_007
2026-03-16 13:35:24.068 | DEBUG    | optimization.store_routes:store_optimized_routes:211 - Stored stop R3_stop3 | name='Circular Road, Faisalabad City Tehsil' | route=R3
2026-03-16 13:35:27.188 | DEBUG    | optimization.store_routes:store_optimized_routes:189 - Assigned seat S4 to student test_018
2026-03-16 13:35:27.723 | DEBUG    | optimization.store_routes:store_optimized_routes:211 - Stored stop R3_stop4 | name='Bakar Mandi Road, Faisalabad City Tehsil' | route=R3
2026-03-16 13:35:30.002 | DEBUG    | optimization.store_routes:store_optimized_routes:189 - Assigned seat S5 to student test_011
2026-03-16 13:35:30.523 | DEBUG    | optimization.store_routes:store_optimized_routes:211 - Stored stop R3_stop5 | name='Ghulam Muhammadabad Road, Faisalabad City Tehsil' | route=R3
2026-03-16 13:35:33.002 | DEBUG    | optimization.store_routes:store_optimized_routes:189 - Assigned seat S6 to student test_010
2026-03-16 13:35:33.580 | DEBUG    | optimization.store_routes:store_optimized_routes:211 - Stored stop R3_stop6 | name='Faisalabad City Tehsil' | route=R3
2026-03-16 13:35:35.288 | WARNING  | optimization.store_routes:reverse_geocode_stop_name:112 - No usable English address for (31.4933345, 73.0175829), using coordinates.
2026-03-16 13:35:35.819 | DEBUG    | optimization.store_routes:store_optimized_routes:189 - Assigned seat S7 to student test_026
2026-03-16 13:35:36.344 | DEBUG    | optimization.store_routes:store_optimized_routes:211 - Stored stop R3_stop7 | name='Stop (31.4933, 73.0176)' | route=R3
2026-03-16 13:35:38.458 | WARNING  | optimization.store_routes:reverse_geocode_stop_name:112 - No usable English address for (31.5457488, 73.0148993), using coordinates.
2026-03-16 13:35:39.005 | DEBUG    | optimization.store_routes:store_optimized_routes:189 - Assigned seat S8 to student test_027
2026-03-16 13:35:39.559 | DEBUG    | optimization.store_routes:store_optimized_routes:211 - Stored stop R3_stop8 | name='Stop (31.5457, 73.0149)' | route=R3
2026-03-16 13:35:41.536 | WARNING  | optimization.store_routes:reverse_geocode_stop_name:112 - No usable English address for (31.5306679, 73.1126844), using coordinates.
2026-03-16 13:35:42.092 | DEBUG    | optimization.store_routes:store_optimized_routes:189 - Assigned seat S9 to student test_004
2026-03-16 13:35:42.661 | DEBUG    | optimization.store_routes:store_optimized_routes:211 - Stored stop R3_stop9 | name='Stop (31.5307, 73.1127)' | route=R3
2026-03-16 13:35:44.953 | DEBUG    | optimization.store_routes:store_optimized_routes:189 - Assigned seat S10 to student test_013
2026-03-16 13:35:45.673 | DEBUG    | optimization.store_routes:store_optimized_routes:189 - Assigned seat S11 to student test_023
2026-03-16 13:35:46.288 | DEBUG    | optimization.store_routes:store_optimized_routes:211 - Stored stop R3_stop10 | name='Faisalabad City Tehsil' | route=R3
2026-03-16 13:35:47.482 | INFO     | optimization.store_routes:store_optimized_routes:235 - Stored route route_2 (R3): 10 stops, 73.87 km
2026-03-16 13:35:47.482 | INFO     | optimization.store_routes:store_optimized_routes:241 - Back-filling route_id on 26 stops + students...
2026-03-16 13:36:03.130 | DEBUG    | optimization.store_routes:store_optimized_routes:272 - Final batch: 56 writes
2026-03-16 13:36:03.130 | INFO     | optimization.store_routes:store_optimized_routes:274 - Done: 3 routes | 26 stops stored
2026-03-16 13:36:03.131 | INFO     | api.main:run_optimization:64 - Pipeline completed successfully | 3 buses processed
2026-03-16 13:59:47.960 | INFO     | database.firebase:<module>:12 - Firebase Admin SDK initialized successfully
2026-03-16 14:03:07.438 | INFO     | database.firebase:<module>:12 - Firebase Admin SDK initialized successfully
2026-03-16 14:04:17.626 | INFO     | api.main:run_optimization:29 - Starting full route optimization pipeline
2026-03-16 14:04:21.999 | WARNING  | data_pipeline.student_loader:load_student_stops:37 - Student h3zzvjYXAnM5idW1JUkq9zREyWL2 missing valid lat/lng → skipped
2026-03-16 14:04:22.001 | INFO     | data_pipeline.student_loader:load_student_stops:42 - Loaded 30 student stops from Firestore
2026-03-16 14:04:22.001 | DEBUG    | data_pipeline.student_loader:load_student_stops:43 - First 3 stops (sample): [{'student_id': 'test_001', 'name': 'Test Student 1', 'roll_no': 'TEST-6157', 'lat': 31.458413838955877, 'lng': 73.0637191090853, 'student_count': 1, 'contact': '03478060777', 'semester': 'Spring 2026', 'fee_status': 'unpaid', 'registration_status': 'pending'}, {'student_id': 'test_002', 'name': 'Test Student 2', 'roll_no': 'TEST-8484', 'lat': 31.30724050719012, 'lng': 73.16254256760098, 'student_count': 1, 'contact': '03564577859', 'semester': 'Spring 2026', 'fee_status': 'unpaid', 'registration_status': 'pending'}, {'student_id': 'test_003', 'name': 'Test Student 3', 'roll_no': 'TEST-6237', 'lat': 31.311760819408153, 'lng': 73.02091199809621, 'student_count': 1, 'contact': '03941421906', 'semester': 'Spring 2026', 'fee_status': 'unpaid', 'registration_status': 'pending'}]
2026-03-16 14:04:22.002 | INFO     | osm.fetch_roads:fetch_or_load_road_graph:19 - Loading cached Faisalabad road graph...
2026-03-16 14:04:29.319 | INFO     | osm.fetch_roads:fetch_or_load_road_graph:21 - Loaded graph with 50872 nodes and 144715 edges
2026-03-16 14:04:29.423 | INFO     | osm.road_filter:filter_main_roads:38 - Filtered graph:
2026-03-16 14:04:29.447 | INFO     | osm.road_filter:filter_main_roads:39 -   Original: 50872 nodes, 144715 edges
2026-03-16 14:04:29.556 | INFO     | osm.road_filter:filter_main_roads:40 -   After filter (main roads only): 7460 nodes, 12863 edges
2026-03-16 14:04:29.826 | DEBUG    | utils.distance_utils:build_node_balltree:29 - Built BallTree with 7460 nodes
2026-03-16 14:04:29.828 | DEBUG    | utils.geo_utils:haversine_distance:20 - Haversine: (31.458413838955877, 73.0637191090853) → (31.4592945, 73.0629536) = 121.9 m
2026-03-16 14:04:29.828 | DEBUG    | utils.distance_utils:find_nearest_road_point:56 - Nearest road node to (31.458413838955877, 73.0637191090853): (31.459294, 73.062954) — 121.9m
2026-03-16 14:04:29.828 | DEBUG    | utils.geo_utils:haversine_distance:20 - Haversine: (31.458413838955877, 73.0637191090853) → (31.4592945, 73.0629536) = 121.9 m
2026-03-16 14:04:29.829 | DEBUG    | data_pipeline.stop_builder:snap_stops_to_roads:38 - Snapped Test Student 1 (TEST-6157): 121.9m
2026-03-16 14:04:29.847 | DEBUG    | utils.distance_utils:build_node_balltree:29 - Built BallTree with 7460 nodes
2026-03-16 14:04:29.848 | DEBUG    | utils.geo_utils:haversine_distance:20 - Haversine: (31.30724050719012, 73.16254256760098) → (31.3058685, 73.1694728) = 675.8 m
2026-03-16 14:04:29.848 | DEBUG    | utils.distance_utils:find_nearest_road_point:56 - Nearest road node to (31.30724050719012, 73.16254256760098): (31.305868, 73.169473) — 675.8m
2026-03-16 14:04:29.848 | DEBUG    | utils.geo_utils:haversine_distance:20 - Haversine: (31.30724050719012, 73.16254256760098) → (31.3058685, 73.1694728) = 675.8 m
2026-03-16 14:04:29.848 | DEBUG    | data_pipeline.stop_builder:snap_stops_to_roads:38 - Snapped Test Student 2 (TEST-8484): 675.8m
2026-03-16 14:04:29.865 | DEBUG    | utils.distance_utils:build_node_balltree:29 - Built BallTree with 7460 nodes
2026-03-16 14:04:29.866 | DEBUG    | utils.geo_utils:haversine_distance:20 - Haversine: (31.311760819408153, 73.02091199809621) → (31.3140734, 73.0226304) = 304.6 m
2026-03-16 14:04:29.866 | DEBUG    | utils.distance_utils:find_nearest_road_point:56 - Nearest road node to (31.311760819408153, 73.02091199809621): (31.314073, 73.022630) — 304.6m
2026-03-16 14:04:29.867 | DEBUG    | utils.geo_utils:haversine_distance:20 - Haversine: (31.311760819408153, 73.02091199809621) → (31.3140734, 73.0226304) = 304.6 m
2026-03-16 14:04:29.867 | DEBUG    | data_pipeline.stop_builder:snap_stops_to_roads:38 - Snapped Test Student 3 (TEST-6237): 304.6m
2026-03-16 14:04:29.885 | DEBUG    | utils.distance_utils:build_node_balltree:29 - Built BallTree with 7460 nodes
2026-03-16 14:04:29.886 | DEBUG    | utils.geo_utils:haversine_distance:20 - Haversine: (31.533562499900963, 73.11715504190414) → (31.5306679, 73.1126844) = 532.1 m
2026-03-16 14:04:29.887 | DEBUG    | utils.distance_utils:find_nearest_road_point:56 - Nearest road node to (31.533562499900963, 73.11715504190414): (31.530668, 73.112684) — 532.1m
2026-03-16 14:04:29.887 | DEBUG    | utils.geo_utils:haversine_distance:20 - Haversine: (31.533562499900963, 73.11715504190414) → (31.5306679, 73.1126844) = 532.1 m
2026-03-16 14:04:29.887 | DEBUG    | data_pipeline.stop_builder:snap_stops_to_roads:38 - Snapped Test Student 4 (TEST-8418): 532.1m
2026-03-16 14:04:29.908 | DEBUG    | utils.distance_utils:build_node_balltree:29 - Built BallTree with 7460 nodes
2026-03-16 14:04:29.910 | DEBUG    | utils.geo_utils:haversine_distance:20 - Haversine: (31.37420969279616, 73.03062856138061) → (31.3760251, 73.034401) = 411.1 m
2026-03-16 14:04:29.910 | DEBUG    | utils.distance_utils:find_nearest_road_point:56 - Nearest road node to (31.37420969279616, 73.03062856138061): (31.376025, 73.034401) — 411.1m
2026-03-16 14:04:29.910 | DEBUG    | utils.geo_utils:haversine_distance:20 - Haversine: (31.37420969279616, 73.03062856138061) → (31.3760251, 73.034401) = 411.1 m
2026-03-16 14:04:29.910 | DEBUG    | data_pipeline.stop_builder:snap_stops_to_roads:38 - Snapped Test Student 5 (TEST-6520): 411.1m
2026-03-16 14:04:29.932 | DEBUG    | utils.distance_utils:build_node_balltree:29 - Built BallTree with 7460 nodes
2026-03-16 14:04:29.933 | DEBUG    | utils.geo_utils:haversine_distance:20 - Haversine: (31.40454658844303, 73.14636523904765) → (31.404983, 73.1460277) = 58.1 m
2026-03-16 14:04:29.933 | DEBUG    | utils.distance_utils:find_nearest_road_point:56 - Nearest road node to (31.40454658844303, 73.14636523904765): (31.404983, 73.146028) — 58.1m
2026-03-16 14:04:29.934 | DEBUG    | utils.geo_utils:haversine_distance:20 - Haversine: (31.40454658844303, 73.14636523904765) → (31.404983, 73.1460277) = 58.1 m
2026-03-16 14:04:29.934 | DEBUG    | data_pipeline.stop_builder:snap_stops_to_roads:38 - Snapped Test Student 6 (TEST-7381): 58.1m
2026-03-16 14:04:29.950 | DEBUG    | utils.distance_utils:build_node_balltree:29 - Built BallTree with 7460 nodes
2026-03-16 14:04:29.951 | DEBUG    | utils.geo_utils:haversine_distance:20 - Haversine: (31.421274233165047, 73.08161667127081) → (31.4212389, 73.0816409) = 4.6 m
2026-03-16 14:04:29.952 | DEBUG    | utils.distance_utils:find_nearest_road_point:56 - Nearest road node to (31.421274233165047, 73.08161667127081): (31.421239, 73.081641) — 4.6m
2026-03-16 14:04:29.952 | DEBUG    | utils.geo_utils:haversine_distance:20 - Haversine: (31.421274233165047, 73.08161667127081) → (31.4212389, 73.0816409) = 4.6 m
2026-03-16 14:04:29.952 | DEBUG    | data_pipeline.stop_builder:snap_stops_to_roads:38 - Snapped Test Student 7 (TEST-2361): 4.6m
2026-03-16 14:04:29.970 | DEBUG    | utils.distance_utils:build_node_balltree:29 - Built BallTree with 7460 nodes
2026-03-16 14:04:29.971 | DEBUG    | utils.geo_utils:haversine_distance:20 - Haversine: (31.471541374996544, 73.18015119041905) → (31.4658821, 73.1813423) = 639.3 m
2026-03-16 14:04:29.972 | DEBUG    | utils.distance_utils:find_nearest_road_point:56 - Nearest road node to (31.471541374996544, 73.18015119041905): (31.465882, 73.181342) — 639.3m
2026-03-16 14:04:29.972 | DEBUG    | utils.geo_utils:haversine_distance:20 - Haversine: (31.471541374996544, 73.18015119041905) → (31.4658821, 73.1813423) = 639.3 m
2026-03-16 14:04:29.972 | DEBUG    | data_pipeline.stop_builder:snap_stops_to_roads:38 - Snapped Test Student 8 (TEST-3539): 639.3m
2026-03-16 14:04:29.990 | DEBUG    | utils.distance_utils:build_node_balltree:29 - Built BallTree with 7460 nodes
2026-03-16 14:04:29.993 | DEBUG    | utils.geo_utils:haversine_distance:20 - Haversine: (31.462991225546673, 73.18368262771163) → (31.4633642, 73.185041) = 135.3 m
2026-03-16 14:04:29.993 | DEBUG    | utils.distance_utils:find_nearest_road_point:56 - Nearest road node to (31.462991225546673, 73.18368262771163): (31.463364, 73.185041) — 135.3m
2026-03-16 14:04:29.993 | DEBUG    | utils.geo_utils:haversine_distance:20 - Haversine: (31.462991225546673, 73.18368262771163) → (31.4633642, 73.185041) = 135.3 m
2026-03-16 14:04:29.993 | DEBUG    | data_pipeline.stop_builder:snap_stops_to_roads:38 - Snapped Test Student 9 (TEST-5402): 135.3m
2026-03-16 14:04:30.012 | DEBUG    | utils.distance_utils:build_node_balltree:29 - Built BallTree with 7460 nodes
2026-03-16 14:04:30.014 | DEBUG    | utils.geo_utils:haversine_distance:20 - Haversine: (31.454509244866568, 73.0171669199355) → (31.4509199, 73.0172282) = 399.2 m
2026-03-16 14:04:30.014 | DEBUG    | utils.distance_utils:find_nearest_road_point:56 - Nearest road node to (31.454509244866568, 73.0171669199355): (31.450920, 73.017228) — 399.2m
2026-03-16 14:04:30.015 | DEBUG    | utils.geo_utils:haversine_distance:20 - Haversine: (31.454509244866568, 73.0171669199355) → (31.4509199, 73.0172282) = 399.2 m
2026-03-16 14:04:30.015 | DEBUG    | data_pipeline.stop_builder:snap_stops_to_roads:38 - Snapped Test Student 10 (TEST-5949): 399.2m
2026-03-16 14:04:30.036 | DEBUG    | utils.distance_utils:build_node_balltree:29 - Built BallTree with 7460 nodes
2026-03-16 14:04:30.037 | DEBUG    | utils.geo_utils:haversine_distance:20 - Haversine: (31.435283147809344, 73.0372506419147) → (31.4351755, 73.0374493) = 22.3 m
2026-03-16 14:04:30.038 | DEBUG    | utils.distance_utils:find_nearest_road_point:56 - Nearest road node to (31.435283147809344, 73.0372506419147): (31.435175, 73.037449) — 22.3m
2026-03-16 14:04:30.038 | DEBUG    | utils.geo_utils:haversine_distance:20 - Haversine: (31.435283147809344, 73.0372506419147) → (31.4351755, 73.0374493) = 22.3 m
2026-03-16 14:04:30.038 | DEBUG    | data_pipeline.stop_builder:snap_stops_to_roads:38 - Snapped Test Student 11 (TEST-6934): 22.3m
2026-03-16 14:04:30.060 | DEBUG    | utils.distance_utils:build_node_balltree:29 - Built BallTree with 7460 nodes
2026-03-16 14:04:30.061 | DEBUG    | utils.geo_utils:haversine_distance:20 - Haversine: (31.338969478374853, 73.04196590548838) → (31.3333726, 73.0422104) = 622.8 m
2026-03-16 14:04:30.062 | DEBUG    | utils.distance_utils:find_nearest_road_point:56 - Nearest road node to (31.338969478374853, 73.04196590548838): (31.333373, 73.042210) — 622.8m
2026-03-16 14:04:30.062 | DEBUG    | utils.geo_utils:haversine_distance:20 - Haversine: (31.338969478374853, 73.04196590548838) → (31.3333726, 73.0422104) = 622.8 m
2026-03-16 14:04:30.062 | DEBUG    | data_pipeline.stop_builder:snap_stops_to_roads:38 - Snapped Test Student 12 (TEST-1265): 622.8m
2026-03-16 14:04:30.088 | DEBUG    | utils.distance_utils:build_node_balltree:29 - Built BallTree with 7460 nodes
2026-03-16 14:04:30.089 | DEBUG    | utils.geo_utils:haversine_distance:20 - Haversine: (31.505407374514913, 73.10140619881646) → (31.5075199, 73.1005803) = 247.6 m
2026-03-16 14:04:30.089 | DEBUG    | utils.distance_utils:find_nearest_road_point:56 - Nearest road node to (31.505407374514913, 73.10140619881646): (31.507520, 73.100580) — 247.6m
2026-03-16 14:04:30.090 | DEBUG    | utils.geo_utils:haversine_distance:20 - Haversine: (31.505407374514913, 73.10140619881646) → (31.5075199, 73.1005803) = 247.6 m
2026-03-16 14:04:30.090 | DEBUG    | data_pipeline.stop_builder:snap_stops_to_roads:38 - Snapped Test Student 13 (TEST-3811): 247.6m
2026-03-16 14:04:30.114 | DEBUG    | utils.distance_utils:build_node_balltree:29 - Built BallTree with 7460 nodes
2026-03-16 14:04:30.116 | DEBUG    | utils.geo_utils:haversine_distance:20 - Haversine: (31.49770557766422, 73.19724787872693) → (31.5015436, 73.1935631) = 551.5 m
2026-03-16 14:04:30.116 | DEBUG    | utils.distance_utils:find_nearest_road_point:56 - Nearest road node to (31.49770557766422, 73.19724787872693): (31.501544, 73.193563) — 551.5m
2026-03-16 14:04:30.116 | DEBUG    | utils.geo_utils:haversine_distance:20 - Haversine: (31.49770557766422, 73.19724787872693) → (31.5015436, 73.1935631) = 551.5 m
2026-03-16 14:04:30.116 | DEBUG    | data_pipeline.stop_builder:snap_stops_to_roads:38 - Snapped Test Student 14 (TEST-3741): 551.5m
2026-03-16 14:04:30.138 | DEBUG    | utils.distance_utils:build_node_balltree:29 - Built BallTree with 7460 nodes
2026-03-16 14:04:30.140 | DEBUG    | utils.geo_utils:haversine_distance:20 - Haversine: (31.410508808523392, 73.1658002081659) → (31.4148239, 73.1645583) = 494.1 m
2026-03-16 14:04:30.140 | DEBUG    | utils.distance_utils:find_nearest_road_point:56 - Nearest road node to (31.410508808523392, 73.1658002081659): (31.414824, 73.164558) — 494.1m
2026-03-16 14:04:30.141 | DEBUG    | utils.geo_utils:haversine_distance:20 - Haversine: (31.410508808523392, 73.1658002081659) → (31.4148239, 73.1645583) = 494.1 m
2026-03-16 14:04:30.142 | DEBUG    | data_pipeline.stop_builder:snap_stops_to_roads:38 - Snapped Test Student 15 (TEST-3289): 494.1m
2026-03-16 14:04:30.163 | DEBUG    | utils.distance_utils:build_node_balltree:29 - Built BallTree with 7460 nodes
2026-03-16 14:04:30.164 | DEBUG    | utils.geo_utils:haversine_distance:20 - Haversine: (31.453846258864505, 73.19186046525185) → (31.4644729, 73.1882307) = 1230.8 m
2026-03-16 14:04:30.164 | DEBUG    | utils.distance_utils:find_nearest_road_point:56 - Nearest road node to (31.453846258864505, 73.19186046525185): (31.464473, 73.188231) — 1230.8m
2026-03-16 14:04:30.165 | DEBUG    | utils.geo_utils:haversine_distance:20 - Haversine: (31.453846258864505, 73.19186046525185) → (31.4644729, 73.1882307) = 1230.8 m
2026-03-16 14:04:30.165 | DEBUG    | data_pipeline.stop_builder:snap_stops_to_roads:38 - Snapped Test Student 16 (TEST-7780): 1230.8m
2026-03-16 14:04:30.186 | DEBUG    | utils.distance_utils:build_node_balltree:29 - Built BallTree with 7460 nodes
2026-03-16 14:04:30.187 | DEBUG    | utils.geo_utils:haversine_distance:20 - Haversine: (31.43255994006893, 73.09146942366137) → (31.4319273, 73.0907774) = 96.2 m
2026-03-16 14:04:30.187 | DEBUG    | utils.distance_utils:find_nearest_road_point:56 - Nearest road node to (31.43255994006893, 73.09146942366137): (31.431927, 73.090777) — 96.2m
2026-03-16 14:04:30.187 | DEBUG    | utils.geo_utils:haversine_distance:20 - Haversine: (31.43255994006893, 73.09146942366137) → (31.4319273, 73.0907774) = 96.2 m
2026-03-16 14:04:30.187 | DEBUG    | data_pipeline.stop_builder:snap_stops_to_roads:38 - Snapped Test Student 17 (TEST-9541): 96.2m
2026-03-16 14:04:30.209 | DEBUG    | utils.distance_utils:build_node_balltree:29 - Built BallTree with 7460 nodes
2026-03-16 14:04:30.210 | DEBUG    | utils.geo_utils:haversine_distance:20 - Haversine: (31.420894050774614, 73.04499703820537) → (31.4186759, 73.0443624) = 253.9 m
2026-03-16 14:04:30.210 | DEBUG    | utils.distance_utils:find_nearest_road_point:56 - Nearest road node to (31.420894050774614, 73.04499703820537): (31.418676, 73.044362) — 253.9m
2026-03-16 14:04:30.211 | DEBUG    | utils.geo_utils:haversine_distance:20 - Haversine: (31.420894050774614, 73.04499703820537) → (31.4186759, 73.0443624) = 253.9 m
2026-03-16 14:04:30.211 | DEBUG    | data_pipeline.stop_builder:snap_stops_to_roads:38 - Snapped Test Student 18 (TEST-6035): 253.9m
2026-03-16 14:04:30.227 | DEBUG    | utils.distance_utils:build_node_balltree:29 - Built BallTree with 7460 nodes
2026-03-16 14:04:30.229 | DEBUG    | utils.geo_utils:haversine_distance:20 - Haversine: (31.375966108321286, 73.0928831225039) → (31.3776138, 73.0904372) = 295.8 m
2026-03-16 14:04:30.229 | DEBUG    | utils.distance_utils:find_nearest_road_point:56 - Nearest road node to (31.375966108321286, 73.0928831225039): (31.377614, 73.090437) — 295.8m
2026-03-16 14:04:30.229 | DEBUG    | utils.geo_utils:haversine_distance:20 - Haversine: (31.375966108321286, 73.0928831225039) → (31.3776138, 73.0904372) = 295.8 m
2026-03-16 14:04:30.229 | DEBUG    | data_pipeline.stop_builder:snap_stops_to_roads:38 - Snapped Test Student 19 (TEST-4787): 295.8m
2026-03-16 14:04:30.250 | DEBUG    | utils.distance_utils:build_node_balltree:29 - Built BallTree with 7460 nodes
2026-03-16 14:04:30.252 | DEBUG    | utils.geo_utils:haversine_distance:20 - Haversine: (31.317031325416544, 73.19463764719963) → (31.311923, 73.1917425) = 631.1 m
2026-03-16 14:04:30.252 | DEBUG    | utils.distance_utils:find_nearest_road_point:56 - Nearest road node to (31.317031325416544, 73.19463764719963): (31.311923, 73.191743) — 631.1m
2026-03-16 14:04:30.252 | DEBUG    | utils.geo_utils:haversine_distance:20 - Haversine: (31.317031325416544, 73.19463764719963) → (31.311923, 73.1917425) = 631.1 m
2026-03-16 14:04:30.252 | DEBUG    | data_pipeline.stop_builder:snap_stops_to_roads:38 - Snapped Test Student 20 (TEST-2854): 631.1m
2026-03-16 14:04:30.282 | DEBUG    | utils.distance_utils:build_node_balltree:29 - Built BallTree with 7460 nodes
2026-03-16 14:04:30.283 | DEBUG    | utils.geo_utils:haversine_distance:20 - Haversine: (31.358964005746834, 73.18223009691991) → (31.3581158, 73.1846103) = 244.9 m
2026-03-16 14:04:30.283 | DEBUG    | utils.distance_utils:find_nearest_road_point:56 - Nearest road node to (31.358964005746834, 73.18223009691991): (31.358116, 73.184610) — 244.9m
2026-03-16 14:04:30.284 | DEBUG    | utils.geo_utils:haversine_distance:20 - Haversine: (31.358964005746834, 73.18223009691991) → (31.3581158, 73.1846103) = 244.9 m
2026-03-16 14:04:30.284 | DEBUG    | data_pipeline.stop_builder:snap_stops_to_roads:38 - Snapped Test Student 21 (TEST-9412): 244.9m
2026-03-16 14:04:30.305 | DEBUG    | utils.distance_utils:build_node_balltree:29 - Built BallTree with 7460 nodes
2026-03-16 14:04:30.309 | DEBUG    | utils.geo_utils:haversine_distance:20 - Haversine: (31.30626302932068, 73.04385574113304) → (31.307639, 73.0439916) = 153.5 m
2026-03-16 14:04:30.309 | DEBUG    | utils.distance_utils:find_nearest_road_point:56 - Nearest road node to (31.30626302932068, 73.04385574113304): (31.307639, 73.043992) — 153.5m
2026-03-16 14:04:30.310 | DEBUG    | utils.geo_utils:haversine_distance:20 - Haversine: (31.30626302932068, 73.04385574113304) → (31.307639, 73.0439916) = 153.5 m
2026-03-16 14:04:30.310 | DEBUG    | data_pipeline.stop_builder:snap_stops_to_roads:38 - Snapped Test Student 22 (TEST-1978): 153.5m
2026-03-16 14:04:30.332 | DEBUG    | utils.distance_utils:build_node_balltree:29 - Built BallTree with 7460 nodes
2026-03-16 14:04:30.335 | DEBUG    | utils.geo_utils:haversine_distance:20 - Haversine: (31.51642390521156, 73.10410284025417) → (31.5119632, 73.1053388) = 509.7 m
2026-03-16 14:04:30.336 | DEBUG    | utils.distance_utils:find_nearest_road_point:56 - Nearest road node to (31.51642390521156, 73.10410284025417): (31.511963, 73.105339) — 509.7m
2026-03-16 14:04:30.336 | DEBUG    | utils.geo_utils:haversine_distance:20 - Haversine: (31.51642390521156, 73.10410284025417) → (31.5119632, 73.1053388) = 509.7 m
2026-03-16 14:04:30.336 | DEBUG    | data_pipeline.stop_builder:snap_stops_to_roads:38 - Snapped Test Student 23 (TEST-7806): 509.7m
2026-03-16 14:04:30.361 | DEBUG    | utils.distance_utils:build_node_balltree:29 - Built BallTree with 7460 nodes
2026-03-16 14:04:30.362 | DEBUG    | utils.geo_utils:haversine_distance:20 - Haversine: (31.362837221310617, 73.11591751859528) → (31.3634161, 73.1141106) = 183.2 m
2026-03-16 14:04:30.362 | DEBUG    | utils.distance_utils:find_nearest_road_point:56 - Nearest road node to (31.362837221310617, 73.11591751859528): (31.363416, 73.114111) — 183.2m
2026-03-16 14:04:30.362 | DEBUG    | utils.geo_utils:haversine_distance:20 - Haversine: (31.362837221310617, 73.11591751859528) → (31.3634161, 73.1141106) = 183.2 m
2026-03-16 14:04:30.362 | DEBUG    | data_pipeline.stop_builder:snap_stops_to_roads:38 - Snapped Test Student 24 (TEST-4522): 183.2m
2026-03-16 14:04:30.386 | DEBUG    | utils.distance_utils:build_node_balltree:29 - Built BallTree with 7460 nodes
2026-03-16 14:04:30.388 | DEBUG    | utils.geo_utils:haversine_distance:20 - Haversine: (31.483879217724777, 73.14836129155259) → (31.484527, 73.1521663) = 367.9 m
2026-03-16 14:04:30.388 | DEBUG    | utils.distance_utils:find_nearest_road_point:56 - Nearest road node to (31.483879217724777, 73.14836129155259): (31.484527, 73.152166) — 367.9m
2026-03-16 14:04:30.388 | DEBUG    | utils.geo_utils:haversine_distance:20 - Haversine: (31.483879217724777, 73.14836129155259) → (31.484527, 73.1521663) = 367.9 m
2026-03-16 14:04:30.388 | DEBUG    | data_pipeline.stop_builder:snap_stops_to_roads:38 - Snapped Test Student 25 (TEST-1878): 367.9m
2026-03-16 14:04:30.417 | DEBUG    | utils.distance_utils:build_node_balltree:29 - Built BallTree with 7460 nodes
2026-03-16 14:04:30.418 | DEBUG    | utils.geo_utils:haversine_distance:20 - Haversine: (31.49899214065563, 73.01267256501768) → (31.4933345, 73.0175829) = 782.6 m
2026-03-16 14:04:30.418 | DEBUG    | utils.distance_utils:find_nearest_road_point:56 - Nearest road node to (31.49899214065563, 73.01267256501768): (31.493334, 73.017583) — 782.6m
2026-03-16 14:04:30.419 | DEBUG    | utils.geo_utils:haversine_distance:20 - Haversine: (31.49899214065563, 73.01267256501768) → (31.4933345, 73.0175829) = 782.6 m
2026-03-16 14:04:30.419 | DEBUG    | data_pipeline.stop_builder:snap_stops_to_roads:38 - Snapped Test Student 26 (TEST-4804): 782.6m
2026-03-16 14:04:30.441 | DEBUG    | utils.distance_utils:build_node_balltree:29 - Built BallTree with 7460 nodes
2026-03-16 14:04:30.443 | DEBUG    | utils.geo_utils:haversine_distance:20 - Haversine: (31.548342691203697, 73.01431024578238) → (31.5457488, 73.0148993) = 293.8 m
2026-03-16 14:04:30.443 | DEBUG    | utils.distance_utils:find_nearest_road_point:56 - Nearest road node to (31.548342691203697, 73.01431024578238): (31.545749, 73.014899) — 293.8m
2026-03-16 14:04:30.444 | DEBUG    | utils.geo_utils:haversine_distance:20 - Haversine: (31.548342691203697, 73.01431024578238) → (31.5457488, 73.0148993) = 293.8 m
2026-03-16 14:04:30.444 | DEBUG    | data_pipeline.stop_builder:snap_stops_to_roads:38 - Snapped Test Student 27 (TEST-2031): 293.8m
2026-03-16 14:04:30.464 | DEBUG    | utils.distance_utils:build_node_balltree:29 - Built BallTree with 7460 nodes
2026-03-16 14:04:30.465 | DEBUG    | utils.geo_utils:haversine_distance:20 - Haversine: (31.34234753351373, 73.04543903514217) → (31.3351052, 73.048939) = 871.2 m
2026-03-16 14:04:30.466 | DEBUG    | utils.distance_utils:find_nearest_road_point:56 - Nearest road node to (31.34234753351373, 73.04543903514217): (31.335105, 73.048939) — 871.2m
2026-03-16 14:04:30.466 | DEBUG    | utils.geo_utils:haversine_distance:20 - Haversine: (31.34234753351373, 73.04543903514217) → (31.3351052, 73.048939) = 871.2 m
2026-03-16 14:04:30.466 | DEBUG    | data_pipeline.stop_builder:snap_stops_to_roads:38 - Snapped Test Student 28 (TEST-3124): 871.2m
2026-03-16 14:04:30.485 | DEBUG    | utils.distance_utils:build_node_balltree:29 - Built BallTree with 7460 nodes
2026-03-16 14:04:30.486 | DEBUG    | utils.geo_utils:haversine_distance:20 - Haversine: (31.452158240231682, 73.1820548380496) → (31.4525861, 73.1780263) = 385.1 m
2026-03-16 14:04:30.487 | DEBUG    | utils.distance_utils:find_nearest_road_point:56 - Nearest road node to (31.452158240231682, 73.1820548380496): (31.452586, 73.178026) — 385.1m
2026-03-16 14:04:30.487 | DEBUG    | utils.geo_utils:haversine_distance:20 - Haversine: (31.452158240231682, 73.1820548380496) → (31.4525861, 73.1780263) = 385.1 m
2026-03-16 14:04:30.487 | DEBUG    | data_pipeline.stop_builder:snap_stops_to_roads:38 - Snapped Test Student 29 (TEST-9847): 385.1m
2026-03-16 14:04:30.511 | DEBUG    | utils.distance_utils:build_node_balltree:29 - Built BallTree with 7460 nodes
2026-03-16 14:04:30.512 | DEBUG    | utils.geo_utils:haversine_distance:20 - Haversine: (31.38131459029244, 73.18222219607327) → (31.3832892, 73.1836007) = 255.6 m
2026-03-16 14:04:30.513 | DEBUG    | utils.distance_utils:find_nearest_road_point:56 - Nearest road node to (31.38131459029244, 73.18222219607327): (31.383289, 73.183601) — 255.6m
2026-03-16 14:04:30.513 | DEBUG    | utils.geo_utils:haversine_distance:20 - Haversine: (31.38131459029244, 73.18222219607327) → (31.3832892, 73.1836007) = 255.6 m
2026-03-16 14:04:30.513 | DEBUG    | data_pipeline.stop_builder:snap_stops_to_roads:38 - Snapped Test Student 30 (TEST-6102): 255.6m
2026-03-16 14:04:30.513 | INFO     | data_pipeline.stop_builder:snap_stops_to_roads:47 - Snapping complete:
2026-03-16 14:04:30.513 | INFO     | data_pipeline.stop_builder:snap_stops_to_roads:48 -   Input stops: 30
2026-03-16 14:04:30.514 | INFO     | data_pipeline.stop_builder:snap_stops_to_roads:49 -   Snapped successfully: 30
2026-03-16 14:04:30.514 | INFO     | data_pipeline.stop_builder:snap_stops_to_roads:50 -   Skipped (too far): 0
2026-03-16 14:04:30.514 | DEBUG    | data_pipeline.stop_builder:snap_stops_to_roads:53 - First snapped stop example: {'student_id': 'test_001', 'name': 'Test Student 1', 'roll_no': 'TEST-6157', 'lat': 31.4592945, 'lng': 73.0629536, 'student_count': 1, 'contact': '03478060777', 'semester': 'Spring 2026', 'fee_status': 'unpaid', 'registration_status': 'pending', 'original_lat': 31.458413838955877, 'original_lng': 73.0637191090853, 'snap_distance_m': 121.91}
2026-03-16 14:04:30.514 | DEBUG    | utils.geo_utils:haversine_distance:20 - Haversine: (31.3058685, 73.1694728) → (31.4592945, 73.0629536) = 19831.7 m
2026-03-16 14:04:30.514 | DEBUG    | utils.geo_utils:haversine_distance:20 - Haversine: (31.3140734, 73.0226304) → (31.4592945, 73.0629536) = 16595.3 m
2026-03-16 14:04:30.514 | DEBUG    | utils.geo_utils:haversine_distance:20 - Haversine: (31.3140734, 73.0226304) → (31.3058685, 73.1694728) = 13980.0 m
2026-03-16 14:04:30.514 | DEBUG    | utils.geo_utils:haversine_distance:20 - Haversine: (31.5306679, 73.1126844) → (31.4592945, 73.0629536) = 9231.4 m
2026-03-16 14:04:30.514 | DEBUG    | utils.geo_utils:haversine_distance:20 - Haversine: (31.5306679, 73.1126844) → (31.3058685, 73.1694728) = 25570.8 m
2026-03-16 14:04:30.515 | DEBUG    | utils.geo_utils:haversine_distance:20 - Haversine: (31.5306679, 73.1126844) → (31.3140734, 73.0226304) = 25555.2 m
2026-03-16 14:04:30.515 | DEBUG    | utils.geo_utils:haversine_distance:20 - Haversine: (31.3760251, 73.034401) → (31.4592945, 73.0629536) = 9647.4 m
2026-03-16 14:04:30.515 | DEBUG    | utils.geo_utils:haversine_distance:20 - Haversine: (31.3760251, 73.034401) → (31.3058685, 73.1694728) = 15013.6 m
2026-03-16 14:04:30.515 | DEBUG    | utils.geo_utils:haversine_distance:20 - Haversine: (31.3760251, 73.034401) → (31.3140734, 73.0226304) = 6978.8 m
2026-03-16 14:04:30.515 | DEBUG    | utils.geo_utils:haversine_distance:20 - Haversine: (31.3760251, 73.034401) → (31.5306679, 73.1126844) = 18730.3 m
2026-03-16 14:04:30.515 | DEBUG    | utils.geo_utils:haversine_distance:20 - Haversine: (31.404983, 73.1460277) → (31.4592945, 73.0629536) = 9929.5 m
2026-03-16 14:04:30.515 | DEBUG    | utils.geo_utils:haversine_distance:20 - Haversine: (31.404983, 73.1460277) → (31.3058685, 73.1694728) = 11243.6 m
2026-03-16 14:04:30.515 | DEBUG    | utils.geo_utils:haversine_distance:20 - Haversine: (31.404983, 73.1460277) → (31.3140734, 73.0226304) = 15474.7 m
2026-03-16 14:04:30.515 | DEBUG    | utils.geo_utils:haversine_distance:20 - Haversine: (31.404983, 73.1460277) → (31.5306679, 73.1126844) = 14328.8 m
2026-03-16 14:04:30.515 | DEBUG    | utils.geo_utils:haversine_distance:20 - Haversine: (31.404983, 73.1460277) → (31.3760251, 73.034401) = 11074.1 m
2026-03-16 14:04:30.515 | DEBUG    | utils.geo_utils:haversine_distance:20 - Haversine: (31.4212389, 73.0816409) → (31.4592945, 73.0629536) = 4588.0 m
2026-03-16 14:04:30.515 | DEBUG    | utils.geo_utils:haversine_distance:20 - Haversine: (31.4212389, 73.0816409) → (31.3058685, 73.1694728) = 15300.9 m
2026-03-16 14:04:30.515 | DEBUG    | utils.geo_utils:haversine_distance:20 - Haversine: (31.4212389, 73.0816409) → (31.3140734, 73.0226304) = 13167.6 m
2026-03-16 14:04:30.515 | DEBUG    | utils.geo_utils:haversine_distance:20 - Haversine: (31.4212389, 73.0816409) → (31.5306679, 73.1126844) = 12519.0 m
2026-03-16 14:04:30.515 | DEBUG    | utils.geo_utils:haversine_distance:20 - Haversine: (31.4212389, 73.0816409) → (31.3760251, 73.034401) = 6736.4 m
2026-03-16 14:04:30.515 | DEBUG    | utils.geo_utils:haversine_distance:20 - Haversine: (31.4212389, 73.0816409) → (31.404983, 73.1460277) = 6371.9 m
2026-03-16 14:04:30.515 | DEBUG    | utils.geo_utils:haversine_distance:20 - Haversine: (31.4658821, 73.1813423) → (31.4592945, 73.0629536) = 11252.7 m
2026-03-16 14:04:30.515 | DEBUG    | utils.geo_utils:haversine_distance:20 - Haversine: (31.4658821, 73.1813423) → (31.3058685, 73.1694728) = 17828.3 m
2026-03-16 14:04:30.515 | DEBUG    | utils.geo_utils:haversine_distance:20 - Haversine: (31.4658821, 73.1813423) → (31.3140734, 73.0226304) = 22625.2 m
2026-03-16 14:04:30.515 | DEBUG    | utils.geo_utils:haversine_distance:20 - Haversine: (31.4658821, 73.1813423) → (31.5306679, 73.1126844) = 9709.2 m
2026-03-16 14:04:30.515 | DEBUG    | utils.geo_utils:haversine_distance:20 - Haversine: (31.4658821, 73.1813423) → (31.3760251, 73.034401) = 17153.6 m
2026-03-16 14:04:30.515 | DEBUG    | utils.geo_utils:haversine_distance:20 - Haversine: (31.4658821, 73.1813423) → (31.404983, 73.1460277) = 7555.2 m
2026-03-16 14:04:30.515 | DEBUG    | utils.geo_utils:haversine_distance:20 - Haversine: (31.4658821, 73.1813423) → (31.4212389, 73.0816409) = 10681.9 m
2026-03-16 14:04:30.516 | DEBUG    | utils.geo_utils:haversine_distance:20 - Haversine: (31.4633642, 73.185041) → (31.4592945, 73.0629536) = 11588.6 m
2026-03-16 14:04:30.516 | DEBUG    | utils.geo_utils:haversine_distance:20 - Haversine: (31.4633642, 73.185041) → (31.3058685, 73.1694728) = 17575.0 m
2026-03-16 14:04:30.516 | DEBUG    | utils.geo_utils:haversine_distance:20 - Haversine: (31.4633642, 73.185041) → (31.3140734, 73.0226304) = 22654.7 m
2026-03-16 14:04:30.516 | DEBUG    | utils.geo_utils:haversine_distance:20 - Haversine: (31.4633642, 73.185041) → (31.5306679, 73.1126844) = 10152.4 m
2026-03-16 14:04:30.516 | DEBUG    | utils.geo_utils:haversine_distance:20 - Haversine: (31.4633642, 73.185041) → (31.3760251, 73.034401) = 17281.3 m
2026-03-16 14:04:30.516 | DEBUG    | utils.geo_utils:haversine_distance:20 - Haversine: (31.4633642, 73.185041) → (31.404983, 73.1460277) = 7472.8 m
2026-03-16 14:04:30.516 | DEBUG    | utils.geo_utils:haversine_distance:20 - Haversine: (31.4633642, 73.185041) → (31.4212389, 73.0816409) = 10870.3 m
2026-03-16 14:04:30.516 | DEBUG    | utils.geo_utils:haversine_distance:20 - Haversine: (31.4633642, 73.185041) → (31.4658821, 73.1813423) = 448.8 m
2026-03-16 14:04:30.516 | DEBUG    | utils.geo_utils:haversine_distance:20 - Haversine: (31.4509199, 73.0172282) → (31.4592945, 73.0629536) = 4436.1 m
2026-03-16 14:04:30.516 | DEBUG    | utils.geo_utils:haversine_distance:20 - Haversine: (31.4509199, 73.0172282) → (31.3058685, 73.1694728) = 21657.1 m
2026-03-16 14:04:30.516 | DEBUG    | utils.geo_utils:haversine_distance:20 - Haversine: (31.4509199, 73.0172282) → (31.3140734, 73.0226304) = 15225.3 m
2026-03-16 14:04:30.516 | DEBUG    | utils.geo_utils:haversine_distance:20 - Haversine: (31.4509199, 73.0172282) → (31.5306679, 73.1126844) = 12671.0 m
2026-03-16 14:04:30.516 | DEBUG    | utils.geo_utils:haversine_distance:20 - Haversine: (31.4509199, 73.0172282) → (31.3760251, 73.034401) = 8485.9 m
2026-03-16 14:04:30.516 | DEBUG    | utils.geo_utils:haversine_distance:20 - Haversine: (31.4509199, 73.0172282) → (31.404983, 73.1460277) = 13245.3 m
2026-03-16 14:04:30.516 | DEBUG    | utils.geo_utils:haversine_distance:20 - Haversine: (31.4509199, 73.0172282) → (31.4212389, 73.0816409) = 6945.4 m
2026-03-16 14:04:30.516 | DEBUG    | utils.geo_utils:haversine_distance:20 - Haversine: (31.4509199, 73.0172282) → (31.4658821, 73.1813423) = 15655.1 m
2026-03-16 14:04:30.516 | DEBUG    | utils.geo_utils:haversine_distance:20 - Haversine: (31.4351755, 73.0374493) → (31.4592945, 73.0629536) = 3611.9 m
2026-03-16 14:04:30.516 | DEBUG    | utils.geo_utils:haversine_distance:20 - Haversine: (31.4351755, 73.0374493) → (31.3058685, 73.1694728) = 19074.7 m
2026-03-16 14:04:30.516 | DEBUG    | utils.geo_utils:haversine_distance:20 - Haversine: (31.4351755, 73.0374493) → (31.3140734, 73.0226304) = 13539.2 m
2026-03-16 14:04:30.516 | DEBUG    | utils.geo_utils:haversine_distance:20 - Haversine: (31.4351755, 73.0374493) → (31.5306679, 73.1126844) = 12792.4 m
2026-03-16 14:04:30.516 | DEBUG    | utils.geo_utils:haversine_distance:20 - Haversine: (31.4351755, 73.0374493) → (31.3760251, 73.034401) = 6583.6 m
2026-03-16 14:04:30.516 | DEBUG    | utils.geo_utils:haversine_distance:20 - Haversine: (31.4351755, 73.0374493) → (31.404983, 73.1460277) = 10836.2 m
2026-03-16 14:04:30.516 | DEBUG    | utils.geo_utils:haversine_distance:20 - Haversine: (31.4351755, 73.0374493) → (31.4212389, 73.0816409) = 4470.2 m
2026-03-16 14:04:30.516 | DEBUG    | utils.geo_utils:haversine_distance:20 - Haversine: (31.4351755, 73.0374493) → (31.4658821, 73.1813423) = 14070.2 m
2026-03-16 14:04:30.517 | DEBUG    | utils.geo_utils:haversine_distance:20 - Haversine: (31.4351755, 73.0374493) → (31.4509199, 73.0172282) = 2597.1 m
2026-03-16 14:04:30.517 | DEBUG    | utils.geo_utils:haversine_distance:20 - Haversine: (31.3333726, 73.0422104) → (31.4592945, 73.0629536) = 14139.6 m
2026-03-16 14:04:30.517 | DEBUG    | utils.geo_utils:haversine_distance:20 - Haversine: (31.3333726, 73.0422104) → (31.3058685, 73.1694728) = 12469.7 m
2026-03-16 14:04:30.517 | DEBUG    | utils.geo_utils:haversine_distance:20 - Haversine: (31.3333726, 73.0422104) → (31.3140734, 73.0226304) = 2839.8 m
2026-03-16 14:04:30.517 | DEBUG    | utils.geo_utils:haversine_distance:20 - Haversine: (31.3333726, 73.0422104) → (31.5306679, 73.1126844) = 22934.6 m
2026-03-16 14:04:30.517 | DEBUG    | utils.geo_utils:haversine_distance:20 - Haversine: (31.3333726, 73.0422104) → (31.3760251, 73.034401) = 4800.4 m
2026-03-16 14:04:30.517 | DEBUG    | utils.geo_utils:haversine_distance:20 - Haversine: (31.3333726, 73.0422104) → (31.404983, 73.1460277) = 12671.1 m
2026-03-16 14:04:30.517 | DEBUG    | utils.geo_utils:haversine_distance:20 - Haversine: (31.3333726, 73.0422104) → (31.4212389, 73.0816409) = 10462.8 m
2026-03-16 14:04:30.517 | DEBUG    | utils.geo_utils:haversine_distance:20 - Haversine: (31.3333726, 73.0422104) → (31.4658821, 73.1813423) = 19785.8 m
2026-03-16 14:04:30.517 | DEBUG    | utils.geo_utils:haversine_distance:20 - Haversine: (31.3333726, 73.0422104) → (31.4509199, 73.0172282) = 13284.0 m
2026-03-16 14:04:30.517 | DEBUG    | utils.geo_utils:haversine_distance:20 - Haversine: (31.3333726, 73.0422104) → (31.4351755, 73.0374493) = 11329.0 m
2026-03-16 14:04:30.517 | DEBUG    | utils.geo_utils:haversine_distance:20 - Haversine: (31.5075199, 73.1005803) → (31.4592945, 73.0629536) = 6441.0 m
2026-03-16 14:04:30.517 | DEBUG    | utils.geo_utils:haversine_distance:20 - Haversine: (31.5075199, 73.1005803) → (31.3058685, 73.1694728) = 23356.4 m
2026-03-16 14:04:30.517 | DEBUG    | utils.geo_utils:haversine_distance:20 - Haversine: (31.5075199, 73.1005803) → (31.3140734, 73.0226304) = 22746.7 m
2026-03-16 14:04:30.517 | DEBUG    | utils.geo_utils:haversine_distance:20 - Haversine: (31.5075199, 73.1005803) → (31.5306679, 73.1126844) = 2818.1 m
2026-03-16 14:04:30.517 | DEBUG    | utils.geo_utils:haversine_distance:20 - Haversine: (31.5075199, 73.1005803) → (31.3760251, 73.034401) = 15912.5 m
2026-03-16 14:04:30.517 | DEBUG    | utils.geo_utils:haversine_distance:20 - Haversine: (31.5075199, 73.1005803) → (31.404983, 73.1460277) = 12189.3 m
2026-03-16 14:04:30.517 | DEBUG    | utils.geo_utils:haversine_distance:20 - Haversine: (31.5075199, 73.1005803) → (31.4212389, 73.0816409) = 9760.7 m
2026-03-16 14:04:30.517 | DEBUG    | utils.geo_utils:haversine_distance:20 - Haversine: (31.5075199, 73.1005803) → (31.4658821, 73.1813423) = 8948.9 m
2026-03-16 14:04:30.517 | DEBUG    | utils.geo_utils:haversine_distance:20 - Haversine: (31.5075199, 73.1005803) → (31.4509199, 73.0172282) = 10103.9 m
2026-03-16 14:04:30.517 | DEBUG    | utils.geo_utils:haversine_distance:20 - Haversine: (31.5075199, 73.1005803) → (31.4351755, 73.0374493) = 10027.9 m
2026-03-16 14:04:30.517 | DEBUG    | utils.geo_utils:haversine_distance:20 - Haversine: (31.5075199, 73.1005803) → (31.3333726, 73.0422104) = 20140.8 m
2026-03-16 14:04:30.517 | DEBUG    | utils.geo_utils:haversine_distance:20 - Haversine: (31.5015436, 73.1935631) → (31.4592945, 73.0629536) = 13246.6 m
2026-03-16 14:04:30.517 | DEBUG    | utils.geo_utils:haversine_distance:20 - Haversine: (31.5015436, 73.1935631) → (31.3058685, 73.1694728) = 21877.9 m
2026-03-16 14:04:30.517 | DEBUG    | utils.geo_utils:haversine_distance:20 - Haversine: (31.5015436, 73.1935631) → (31.3140734, 73.0226304) = 26413.9 m
2026-03-16 14:04:30.518 | DEBUG    | utils.geo_utils:haversine_distance:20 - Haversine: (31.5015436, 73.1935631) → (31.5306679, 73.1126844) = 8322.6 m
2026-03-16 14:04:30.518 | DEBUG    | utils.geo_utils:haversine_distance:20 - Haversine: (31.5015436, 73.1935631) → (31.3760251, 73.034401) = 20562.2 m
2026-03-16 14:04:30.518 | DEBUG    | utils.geo_utils:haversine_distance:20 - Haversine: (31.5015436, 73.1935631) → (31.404983, 73.1460277) = 11645.4 m
2026-03-16 14:04:30.518 | DEBUG    | utils.geo_utils:haversine_distance:20 - Haversine: (31.5015436, 73.1935631) → (31.4212389, 73.0816409) = 13871.8 m
2026-03-16 14:04:30.518 | DEBUG    | utils.geo_utils:haversine_distance:20 - Haversine: (31.5015436, 73.1935631) → (31.4658821, 73.1813423) = 4131.2 m
2026-03-16 14:04:30.518 | DEBUG    | utils.geo_utils:haversine_distance:20 - Haversine: (31.5015436, 73.1935631) → (31.4509199, 73.0172282) = 17644.4 m
2026-03-16 14:04:30.518 | DEBUG    | utils.geo_utils:haversine_distance:20 - Haversine: (31.5015436, 73.1935631) → (31.4351755, 73.0374493) = 16543.3 m
2026-03-16 14:04:30.518 | DEBUG    | utils.geo_utils:haversine_distance:20 - Haversine: (31.5015436, 73.1935631) → (31.3333726, 73.0422104) = 23578.7 m
2026-03-16 14:04:30.518 | DEBUG    | utils.geo_utils:haversine_distance:20 - Haversine: (31.5015436, 73.1935631) → (31.5075199, 73.1005803) = 8840.2 m
2026-03-16 14:04:30.518 | DEBUG    | utils.geo_utils:haversine_distance:20 - Haversine: (31.4148239, 73.1645583) → (31.4592945, 73.0629536) = 10833.9 m
2026-03-16 14:04:30.518 | DEBUG    | utils.geo_utils:haversine_distance:20 - Haversine: (31.4148239, 73.1645583) → (31.3058685, 73.1694728) = 12124.3 m
2026-03-16 14:04:30.518 | DEBUG    | utils.geo_utils:haversine_distance:20 - Haversine: (31.4148239, 73.1645583) → (31.3140734, 73.0226304) = 17524.2 m
2026-03-16 14:04:30.518 | DEBUG    | utils.geo_utils:haversine_distance:20 - Haversine: (31.4148239, 73.1645583) → (31.5306679, 73.1126844) = 13788.7 m
2026-03-16 14:04:30.518 | DEBUG    | utils.geo_utils:haversine_distance:20 - Haversine: (31.4148239, 73.1645583) → (31.3760251, 73.034401) = 13085.5 m
2026-03-16 14:04:30.518 | DEBUG    | utils.geo_utils:haversine_distance:20 - Haversine: (31.4148239, 73.1645583) → (31.404983, 73.1460277) = 2071.2 m
2026-03-16 14:04:30.518 | DEBUG    | utils.geo_utils:haversine_distance:20 - Haversine: (31.4148239, 73.1645583) → (31.4212389, 73.0816409) = 7900.5 m
2026-03-16 14:04:30.518 | DEBUG    | utils.geo_utils:haversine_distance:20 - Haversine: (31.4148239, 73.1645583) → (31.4658821, 73.1813423) = 5896.5 m
2026-03-16 14:04:30.518 | DEBUG    | utils.geo_utils:haversine_distance:20 - Haversine: (31.4148239, 73.1645583) → (31.4509199, 73.0172282) = 14543.1 m
2026-03-16 14:04:30.518 | DEBUG    | utils.geo_utils:haversine_distance:20 - Haversine: (31.4148239, 73.1645583) → (31.4351755, 73.0374493) = 12271.2 m
2026-03-16 14:04:30.518 | DEBUG    | utils.geo_utils:haversine_distance:20 - Haversine: (31.4148239, 73.1645583) → (31.3333726, 73.0422104) = 14729.0 m
2026-03-16 14:04:30.518 | DEBUG    | utils.geo_utils:haversine_distance:20 - Haversine: (31.4148239, 73.1645583) → (31.5075199, 73.1005803) = 11960.9 m
2026-03-16 14:04:30.518 | DEBUG    | utils.geo_utils:haversine_distance:20 - Haversine: (31.4148239, 73.1645583) → (31.5015436, 73.1935631) = 10027.6 m
2026-03-16 14:04:30.518 | DEBUG    | utils.geo_utils:haversine_distance:20 - Haversine: (31.4644729, 73.1882307) → (31.4592945, 73.0629536) = 11896.2 m
2026-03-16 14:04:30.518 | DEBUG    | utils.geo_utils:haversine_distance:20 - Haversine: (31.4644729, 73.1882307) → (31.3058685, 73.1694728) = 17725.7 m
2026-03-16 14:04:30.518 | DEBUG    | utils.geo_utils:haversine_distance:20 - Haversine: (31.4644729, 73.1882307) → (31.3140734, 73.0226304) = 22951.4 m
2026-03-16 14:04:30.519 | DEBUG    | utils.geo_utils:haversine_distance:20 - Haversine: (31.4644729, 73.1882307) → (31.5306679, 73.1126844) = 10270.4 m
2026-03-16 14:04:30.519 | DEBUG    | utils.geo_utils:haversine_distance:20 - Haversine: (31.4644729, 73.1882307) → (31.3760251, 73.034401) = 17601.0 m
2026-03-16 14:04:30.519 | DEBUG    | utils.geo_utils:haversine_distance:20 - Haversine: (31.4644729, 73.1882307) → (31.404983, 73.1460277) = 7732.4 m
2026-03-16 14:04:30.519 | DEBUG    | utils.geo_utils:haversine_distance:20 - Haversine: (31.4644729, 73.1882307) → (31.4212389, 73.0816409) = 11196.5 m
2026-03-16 14:04:30.519 | DEBUG    | utils.geo_utils:haversine_distance:20 - Haversine: (31.4644729, 73.1882307) → (31.4658821, 73.1813423) = 671.9 m
2026-03-16 14:04:30.519 | DEBUG    | utils.geo_utils:haversine_distance:20 - Haversine: (31.4319273, 73.0907774) → (31.4592945, 73.0629536) = 4028.3 m
2026-03-16 14:04:30.519 | DEBUG    | utils.geo_utils:haversine_distance:20 - Haversine: (31.4319273, 73.0907774) → (31.3058685, 73.1694728) = 15884.0 m
2026-03-16 14:04:30.519 | DEBUG    | utils.geo_utils:haversine_distance:20 - Haversine: (31.4319273, 73.0907774) → (31.3140734, 73.0226304) = 14614.8 m
2026-03-16 14:04:30.519 | DEBUG    | utils.geo_utils:haversine_distance:20 - Haversine: (31.4319273, 73.0907774) → (31.5306679, 73.1126844) = 11174.3 m
2026-03-16 14:04:30.519 | DEBUG    | utils.geo_utils:haversine_distance:20 - Haversine: (31.4319273, 73.0907774) → (31.3760251, 73.034401) = 8201.6 m
2026-03-16 14:04:30.519 | DEBUG    | utils.geo_utils:haversine_distance:20 - Haversine: (31.4319273, 73.0907774) → (31.404983, 73.1460277) = 6038.5 m
2026-03-16 14:04:30.519 | DEBUG    | utils.geo_utils:haversine_distance:20 - Haversine: (31.4319273, 73.0907774) → (31.4212389, 73.0816409) = 1471.1 m
2026-03-16 14:04:30.519 | DEBUG    | utils.geo_utils:haversine_distance:20 - Haversine: (31.4319273, 73.0907774) → (31.4658821, 73.1813423) = 9384.1 m
2026-03-16 14:04:30.519 | DEBUG    | utils.geo_utils:haversine_distance:20 - Haversine: (31.4319273, 73.0907774) → (31.4509199, 73.0172282) = 7290.1 m
2026-03-16 14:04:30.519 | DEBUG    | utils.geo_utils:haversine_distance:20 - Haversine: (31.4319273, 73.0907774) → (31.4351755, 73.0374493) = 5072.5 m
2026-03-16 14:04:30.519 | DEBUG    | utils.geo_utils:haversine_distance:20 - Haversine: (31.4319273, 73.0907774) → (31.3333726, 73.0422104) = 11889.1 m
2026-03-16 14:04:30.519 | DEBUG    | utils.geo_utils:haversine_distance:20 - Haversine: (31.4319273, 73.0907774) → (31.5075199, 73.1005803) = 8456.8 m
2026-03-16 14:04:30.519 | DEBUG    | utils.geo_utils:haversine_distance:20 - Haversine: (31.4319273, 73.0907774) → (31.5015436, 73.1935631) = 12448.1 m
2026-03-16 14:04:30.519 | DEBUG    | utils.geo_utils:haversine_distance:20 - Haversine: (31.4319273, 73.0907774) → (31.4148239, 73.1645583) = 7254.6 m
2026-03-16 14:04:30.519 | DEBUG    | utils.geo_utils:haversine_distance:20 - Haversine: (31.4186759, 73.0443624) → (31.4592945, 73.0629536) = 4848.8 m
2026-03-16 14:04:30.519 | DEBUG    | utils.geo_utils:haversine_distance:20 - Haversine: (31.4186759, 73.0443624) → (31.3058685, 73.1694728) = 17275.8 m
2026-03-16 14:04:30.519 | DEBUG    | utils.geo_utils:haversine_distance:20 - Haversine: (31.4186759, 73.0443624) → (31.3140734, 73.0226304) = 11812.9 m
2026-03-16 14:04:30.519 | DEBUG    | utils.geo_utils:haversine_distance:20 - Haversine: (31.4186759, 73.0443624) → (31.5306679, 73.1126844) = 14037.7 m
2026-03-16 14:04:30.520 | DEBUG    | utils.geo_utils:haversine_distance:20 - Haversine: (31.4186759, 73.0443624) → (31.3760251, 73.034401) = 4835.9 m
2026-03-16 14:04:30.520 | DEBUG    | utils.geo_utils:haversine_distance:20 - Haversine: (31.4186759, 73.0443624) → (31.404983, 73.1460277) = 9767.3 m
2026-03-16 14:04:30.520 | DEBUG    | utils.geo_utils:haversine_distance:20 - Haversine: (31.4186759, 73.0443624) → (31.4212389, 73.0816409) = 3548.8 m
2026-03-16 14:04:30.520 | DEBUG    | utils.geo_utils:haversine_distance:20 - Haversine: (31.4186759, 73.0443624) → (31.4658821, 73.1813423) = 14015.1 m
2026-03-16 14:04:30.520 | DEBUG    | utils.geo_utils:haversine_distance:20 - Haversine: (31.4186759, 73.0443624) → (31.4509199, 73.0172282) = 4413.9 m
2026-03-16 14:04:30.520 | DEBUG    | utils.geo_utils:haversine_distance:20 - Haversine: (31.4186759, 73.0443624) → (31.4351755, 73.0374493) = 1948.4 m
2026-03-16 14:04:30.520 | DEBUG    | utils.geo_utils:haversine_distance:20 - Haversine: (31.4186759, 73.0443624) → (31.3333726, 73.0422104) = 9487.5 m
2026-03-16 14:04:30.521 | DEBUG    | utils.geo_utils:haversine_distance:20 - Haversine: (31.4186759, 73.0443624) → (31.5075199, 73.1005803) = 11226.1 m
2026-03-16 14:04:30.521 | DEBUG    | utils.geo_utils:haversine_distance:20 - Haversine: (31.4186759, 73.0443624) → (31.5015436, 73.1935631) = 16887.1 m
2026-03-16 14:04:30.521 | DEBUG    | utils.geo_utils:haversine_distance:20 - Haversine: (31.4186759, 73.0443624) → (31.4148239, 73.1645583) = 11413.9 m
2026-03-16 14:04:30.521 | DEBUG    | utils.geo_utils:haversine_distance:20 - Haversine: (31.4186759, 73.0443624) → (31.4319273, 73.0907774) = 4644.0 m
2026-03-16 14:04:30.521 | DEBUG    | utils.geo_utils:haversine_distance:20 - Haversine: (31.3776138, 73.0904372) → (31.4592945, 73.0629536) = 9449.5 m
2026-03-16 14:04:30.521 | DEBUG    | utils.geo_utils:haversine_distance:20 - Haversine: (31.3776138, 73.0904372) → (31.3058685, 73.1694728) = 10953.7 m
2026-03-16 14:04:30.521 | DEBUG    | utils.geo_utils:haversine_distance:20 - Haversine: (31.3776138, 73.0904372) → (31.3140734, 73.0226304) = 9559.5 m
2026-03-16 14:04:30.521 | DEBUG    | utils.geo_utils:haversine_distance:20 - Haversine: (31.3776138, 73.0904372) → (31.5306679, 73.1126844) = 17149.2 m
2026-03-16 14:04:30.521 | DEBUG    | utils.geo_utils:haversine_distance:20 - Haversine: (31.3776138, 73.0904372) → (31.3760251, 73.034401) = 5322.7 m
2026-03-16 14:04:30.521 | DEBUG    | utils.geo_utils:haversine_distance:20 - Haversine: (31.3776138, 73.0904372) → (31.404983, 73.1460277) = 6091.3 m
2026-03-16 14:04:30.521 | DEBUG    | utils.geo_utils:haversine_distance:20 - Haversine: (31.3776138, 73.0904372) → (31.4212389, 73.0816409) = 4922.2 m
2026-03-16 14:04:30.521 | DEBUG    | utils.geo_utils:haversine_distance:20 - Haversine: (31.3776138, 73.0904372) → (31.4658821, 73.1813423) = 13066.7 m
2026-03-16 14:04:30.521 | DEBUG    | utils.geo_utils:haversine_distance:20 - Haversine: (31.3776138, 73.0904372) → (31.4509199, 73.0172282) = 10710.2 m
2026-03-16 14:04:30.521 | DEBUG    | utils.geo_utils:haversine_distance:20 - Haversine: (31.3776138, 73.0904372) → (31.4351755, 73.0374493) = 8139.8 m
2026-03-16 14:04:30.521 | DEBUG    | utils.geo_utils:haversine_distance:20 - Haversine: (31.3776138, 73.0904372) → (31.3333726, 73.0422104) = 6721.0 m
2026-03-16 14:04:30.521 | DEBUG    | utils.geo_utils:haversine_distance:20 - Haversine: (31.3776138, 73.0904372) → (31.5075199, 73.1005803) = 14476.9 m
2026-03-16 14:04:30.521 | DEBUG    | utils.geo_utils:haversine_distance:20 - Haversine: (31.3776138, 73.0904372) → (31.5015436, 73.1935631) = 16900.2 m
2026-03-16 14:04:30.521 | DEBUG    | utils.geo_utils:haversine_distance:20 - Haversine: (31.3776138, 73.0904372) → (31.4148239, 73.1645583) = 8161.7 m
2026-03-16 14:04:30.521 | DEBUG    | utils.geo_utils:haversine_distance:20 - Haversine: (31.3776138, 73.0904372) → (31.4319273, 73.0907774) = 6039.5 m
2026-03-16 14:04:30.521 | DEBUG    | utils.geo_utils:haversine_distance:20 - Haversine: (31.3776138, 73.0904372) → (31.4186759, 73.0443624) = 6322.3 m
2026-03-16 14:04:30.522 | DEBUG    | utils.geo_utils:haversine_distance:20 - Haversine: (31.311923, 73.1917425) → (31.4592945, 73.0629536) = 20444.8 m
2026-03-16 14:04:30.522 | DEBUG    | utils.geo_utils:haversine_distance:20 - Haversine: (31.311923, 73.1917425) → (31.3058685, 73.1694728) = 2220.2 m
2026-03-16 14:04:30.522 | DEBUG    | utils.geo_utils:haversine_distance:20 - Haversine: (31.311923, 73.1917425) → (31.3140734, 73.0226304) = 16067.2 m
2026-03-16 14:04:30.522 | DEBUG    | utils.geo_utils:haversine_distance:20 - Haversine: (31.311923, 73.1917425) → (31.5306679, 73.1126844) = 25453.9 m
2026-03-16 14:04:30.522 | DEBUG    | utils.geo_utils:haversine_distance:20 - Haversine: (31.311923, 73.1917425) → (31.3760251, 73.034401) = 16555.3 m
2026-03-16 14:04:30.522 | DEBUG    | utils.geo_utils:haversine_distance:20 - Haversine: (31.311923, 73.1917425) → (31.404983, 73.1460277) = 11221.4 m
2026-03-16 14:04:30.522 | DEBUG    | utils.geo_utils:haversine_distance:20 - Haversine: (31.311923, 73.1917425) → (31.4212389, 73.0816409) = 16032.1 m
2026-03-16 14:04:30.522 | DEBUG    | utils.geo_utils:haversine_distance:20 - Haversine: (31.311923, 73.1917425) → (31.4658821, 73.1813423) = 17147.9 m
2026-03-16 14:04:30.522 | DEBUG    | utils.geo_utils:haversine_distance:20 - Haversine: (31.311923, 73.1917425) → (31.4509199, 73.0172282) = 22656.8 m
2026-03-16 14:04:30.522 | DEBUG    | utils.geo_utils:haversine_distance:20 - Haversine: (31.311923, 73.1917425) → (31.4351755, 73.0374493) = 20059.8 m
2026-03-16 14:04:30.522 | DEBUG    | utils.geo_utils:haversine_distance:20 - Haversine: (31.311923, 73.1917425) → (31.3333726, 73.0422104) = 14402.7 m
2026-03-16 14:04:30.522 | DEBUG    | utils.geo_utils:haversine_distance:20 - Haversine: (31.311923, 73.1917425) → (31.5075199, 73.1005803) = 23406.9 m
2026-03-16 14:04:30.522 | DEBUG    | utils.geo_utils:haversine_distance:20 - Haversine: (31.311923, 73.1917425) → (31.5015436, 73.1935631) = 21085.6 m
2026-03-16 14:04:30.522 | DEBUG    | utils.geo_utils:haversine_distance:20 - Haversine: (31.311923, 73.1917425) → (31.4148239, 73.1645583) = 11729.6 m
2026-03-16 14:04:30.522 | DEBUG    | utils.geo_utils:haversine_distance:20 - Haversine: (31.311923, 73.1917425) → (31.4319273, 73.0907774) = 16429.9 m
2026-03-16 14:04:30.522 | DEBUG    | utils.geo_utils:haversine_distance:20 - Haversine: (31.311923, 73.1917425) → (31.4186759, 73.0443624) = 18349.7 m
2026-03-16 14:04:30.522 | DEBUG    | utils.geo_utils:haversine_distance:20 - Haversine: (31.311923, 73.1917425) → (31.3776138, 73.0904372) = 12079.4 m
2026-03-16 14:04:30.522 | DEBUG    | utils.geo_utils:haversine_distance:20 - Haversine: (31.3581158, 73.1846103) → (31.4592945, 73.0629536) = 16120.5 m
2026-03-16 14:04:30.522 | DEBUG    | utils.geo_utils:haversine_distance:20 - Haversine: (31.3581158, 73.1846103) → (31.3058685, 73.1694728) = 5984.9 m
2026-03-16 14:04:30.522 | DEBUG    | utils.geo_utils:haversine_distance:20 - Haversine: (31.3581158, 73.1846103) → (31.3140734, 73.0226304) = 16144.7 m
2026-03-16 14:04:30.522 | DEBUG    | utils.geo_utils:haversine_distance:20 - Haversine: (31.3581158, 73.1846103) → (31.5306679, 73.1126844) = 20364.1 m
2026-03-16 14:04:30.522 | DEBUG    | utils.geo_utils:haversine_distance:20 - Haversine: (31.3581158, 73.1846103) → (31.3760251, 73.034401) = 14399.8 m
2026-03-16 14:04:30.522 | DEBUG    | utils.geo_utils:haversine_distance:20 - Haversine: (31.3581158, 73.1846103) → (31.404983, 73.1460277) = 6369.7 m
2026-03-16 14:04:30.523 | DEBUG    | utils.geo_utils:haversine_distance:20 - Haversine: (31.3581158, 73.1846103) → (31.4212389, 73.0816409) = 12033.1 m
2026-03-16 14:04:30.523 | DEBUG    | utils.geo_utils:haversine_distance:20 - Haversine: (31.3581158, 73.1846103) → (31.4658821, 73.1813423) = 11987.1 m
2026-03-16 14:04:30.523 | DEBUG    | utils.geo_utils:haversine_distance:20 - Haversine: (31.3581158, 73.1846103) → (31.4509199, 73.0172282) = 18943.1 m
2026-03-16 14:04:30.523 | DEBUG    | utils.geo_utils:haversine_distance:20 - Haversine: (31.3581158, 73.1846103) → (31.4351755, 73.0374493) = 16386.5 m
2026-03-16 14:04:30.523 | DEBUG    | utils.geo_utils:haversine_distance:20 - Haversine: (31.3581158, 73.1846103) → (31.3333726, 73.0422104) = 13800.1 m
2026-03-16 14:04:30.523 | DEBUG    | utils.geo_utils:haversine_distance:20 - Haversine: (31.3581158, 73.1846103) → (31.5075199, 73.1005803) = 18426.9 m
2026-03-16 14:04:30.523 | DEBUG    | utils.geo_utils:haversine_distance:20 - Haversine: (31.3581158, 73.1846103) → (31.5015436, 73.1935631) = 15971.0 m
2026-03-16 14:04:30.523 | DEBUG    | utils.geo_utils:haversine_distance:20 - Haversine: (31.3581158, 73.1846103) → (31.4148239, 73.1645583) = 6586.7 m
2026-03-16 14:04:30.523 | DEBUG    | utils.geo_utils:haversine_distance:20 - Haversine: (31.3581158, 73.1846103) → (31.4319273, 73.0907774) = 12111.3 m
2026-03-16 14:04:30.526 | DEBUG    | utils.geo_utils:haversine_distance:20 - Haversine: (31.3581158, 73.1846103) → (31.4186759, 73.0443624) = 14918.9 m
2026-03-16 14:04:30.526 | DEBUG    | utils.geo_utils:haversine_distance:20 - Haversine: (31.3581158, 73.1846103) → (31.3776138, 73.0904372) = 9200.2 m
2026-03-16 14:04:30.526 | DEBUG    | utils.geo_utils:haversine_distance:20 - Haversine: (31.3581158, 73.1846103) → (31.311923, 73.1917425) = 5180.9 m
2026-03-16 14:04:30.527 | DEBUG    | utils.geo_utils:haversine_distance:20 - Haversine: (31.307639, 73.0439916) → (31.4592945, 73.0629536) = 16959.1 m
2026-03-16 14:04:30.527 | DEBUG    | utils.geo_utils:haversine_distance:20 - Haversine: (31.307639, 73.0439916) → (31.3058685, 73.1694728) = 11922.9 m
2026-03-16 14:04:30.527 | DEBUG    | utils.geo_utils:haversine_distance:20 - Haversine: (31.307639, 73.0439916) → (31.3140734, 73.0226304) = 2151.8 m
2026-03-16 14:04:30.527 | DEBUG    | utils.geo_utils:haversine_distance:20 - Haversine: (31.307639, 73.0439916) → (31.5306679, 73.1126844) = 25642.0 m
2026-03-16 14:04:30.527 | DEBUG    | utils.geo_utils:haversine_distance:20 - Haversine: (31.307639, 73.0439916) → (31.3760251, 73.034401) = 7658.5 m
2026-03-16 14:04:30.527 | DEBUG    | utils.geo_utils:haversine_distance:20 - Haversine: (31.307639, 73.0439916) → (31.404983, 73.1460277) = 14527.1 m
2026-03-16 14:04:30.527 | DEBUG    | utils.geo_utils:haversine_distance:20 - Haversine: (31.307639, 73.0439916) → (31.4212389, 73.0816409) = 13127.8 m
2026-03-16 14:04:30.527 | DEBUG    | utils.geo_utils:haversine_distance:20 - Haversine: (31.307639, 73.0439916) → (31.4658821, 73.1813423) = 21899.7 m
2026-03-16 14:04:30.527 | DEBUG    | utils.geo_utils:haversine_distance:20 - Haversine: (31.307639, 73.0439916) → (31.4509199, 73.0172282) = 16133.4 m
2026-03-16 14:04:30.527 | DEBUG    | utils.geo_utils:haversine_distance:20 - Haversine: (31.307639, 73.0439916) → (31.4351755, 73.0374493) = 14195.0 m
2026-03-16 14:04:30.527 | DEBUG    | utils.geo_utils:haversine_distance:20 - Haversine: (31.307639, 73.0439916) → (31.3333726, 73.0422104) = 2866.4 m
2026-03-16 14:04:30.527 | DEBUG    | utils.geo_utils:haversine_distance:20 - Haversine: (31.307639, 73.0439916) → (31.5075199, 73.1005803) = 22865.4 m
2026-03-16 14:04:30.528 | DEBUG    | utils.geo_utils:haversine_distance:20 - Haversine: (31.307639, 73.0439916) → (31.5015436, 73.1935631) = 25814.5 m
2026-03-16 14:04:30.528 | DEBUG    | utils.geo_utils:haversine_distance:20 - Haversine: (31.307639, 73.0439916) → (31.4148239, 73.1645583) = 16525.7 m
2026-03-16 14:04:30.528 | DEBUG    | utils.geo_utils:haversine_distance:20 - Haversine: (31.307639, 73.0439916) → (31.4319273, 73.0907774) = 14516.5 m
2026-03-16 14:04:30.528 | DEBUG    | utils.geo_utils:haversine_distance:20 - Haversine: (31.307639, 73.0439916) → (31.4186759, 73.0443624) = 12346.8 m
2026-03-16 14:04:30.528 | DEBUG    | utils.geo_utils:haversine_distance:20 - Haversine: (31.307639, 73.0439916) → (31.3776138, 73.0904372) = 8944.1 m
2026-03-16 14:04:30.528 | DEBUG    | utils.geo_utils:haversine_distance:20 - Haversine: (31.307639, 73.0439916) → (31.311923, 73.1917425) = 14044.7 m
2026-03-16 14:04:30.528 | DEBUG    | utils.geo_utils:haversine_distance:20 - Haversine: (31.307639, 73.0439916) → (31.3581158, 73.1846103) = 14487.2 m
2026-03-16 14:04:30.528 | DEBUG    | utils.geo_utils:haversine_distance:20 - Haversine: (31.5119632, 73.1053388) → (31.4592945, 73.0629536) = 7102.9 m
2026-03-16 14:04:30.528 | DEBUG    | utils.geo_utils:haversine_distance:20 - Haversine: (31.5119632, 73.1053388) → (31.3058685, 73.1694728) = 23711.2 m
2026-03-16 14:04:30.528 | DEBUG    | utils.geo_utils:haversine_distance:20 - Haversine: (31.5119632, 73.1053388) → (31.3140734, 73.0226304) = 23362.2 m
2026-03-16 14:04:30.528 | DEBUG    | utils.geo_utils:haversine_distance:20 - Haversine: (31.5119632, 73.1053388) → (31.5306679, 73.1126844) = 2193.3 m
2026-03-16 14:04:30.528 | DEBUG    | utils.geo_utils:haversine_distance:20 - Haversine: (31.5119632, 73.1053388) → (31.3760251, 73.034401) = 16546.0 m
2026-03-16 14:04:30.528 | DEBUG    | utils.geo_utils:haversine_distance:20 - Haversine: (31.5119632, 73.1053388) → (31.404983, 73.1460277) = 12506.1 m
2026-03-16 14:04:30.529 | DEBUG    | utils.geo_utils:haversine_distance:20 - Haversine: (31.5119632, 73.1053388) → (31.4212389, 73.0816409) = 10335.4 m
2026-03-16 14:04:30.529 | DEBUG    | utils.geo_utils:haversine_distance:20 - Haversine: (31.5119632, 73.1053388) → (31.4658821, 73.1813423) = 8842.6 m
2026-03-16 14:04:30.529 | DEBUG    | utils.geo_utils:haversine_distance:20 - Haversine: (31.5119632, 73.1053388) → (31.4509199, 73.0172282) = 10765.0 m
2026-03-16 14:04:30.529 | DEBUG    | utils.geo_utils:haversine_distance:20 - Haversine: (31.5119632, 73.1053388) → (31.4351755, 73.0374493) = 10693.8 m
2026-03-16 14:04:30.529 | DEBUG    | utils.geo_utils:haversine_distance:20 - Haversine: (31.5119632, 73.1053388) → (31.3333726, 73.0422104) = 20742.1 m
2026-03-16 14:04:30.529 | DEBUG    | utils.geo_utils:haversine_distance:20 - Haversine: (31.5119632, 73.1053388) → (31.5075199, 73.1005803) = 669.0 m
2026-03-16 14:04:30.529 | DEBUG    | utils.geo_utils:haversine_distance:20 - Haversine: (31.3634161, 73.1141106) → (31.4592945, 73.0629536) = 11714.5 m
2026-03-16 14:04:30.529 | DEBUG    | utils.geo_utils:haversine_distance:20 - Haversine: (31.3634161, 73.1141106) → (31.3058685, 73.1694728) = 8282.2 m
2026-03-16 14:04:30.529 | DEBUG    | utils.geo_utils:haversine_distance:20 - Haversine: (31.3634161, 73.1141106) → (31.3140734, 73.0226304) = 10275.5 m
2026-03-16 14:04:30.529 | DEBUG    | utils.geo_utils:haversine_distance:20 - Haversine: (31.3634161, 73.1141106) → (31.5306679, 73.1126844) = 18598.0 m
2026-03-16 14:04:30.529 | DEBUG    | utils.geo_utils:haversine_distance:20 - Haversine: (31.3634161, 73.1141106) → (31.3760251, 73.034401) = 7696.5 m
2026-03-16 14:04:30.529 | DEBUG    | utils.geo_utils:haversine_distance:20 - Haversine: (31.3634161, 73.1141106) → (31.404983, 73.1460277) = 5526.5 m
2026-03-16 14:04:30.530 | DEBUG    | utils.geo_utils:haversine_distance:20 - Haversine: (31.3634161, 73.1141106) → (31.4212389, 73.0816409) = 7130.1 m
2026-03-16 14:04:30.530 | DEBUG    | utils.geo_utils:haversine_distance:20 - Haversine: (31.3634161, 73.1141106) → (31.4658821, 73.1813423) = 13058.4 m
2026-03-16 14:04:30.530 | DEBUG    | utils.geo_utils:haversine_distance:20 - Haversine: (31.3634161, 73.1141106) → (31.4509199, 73.0172282) = 13387.0 m
2026-03-16 14:04:30.530 | DEBUG    | utils.geo_utils:haversine_distance:20 - Haversine: (31.3634161, 73.1141106) → (31.4351755, 73.0374493) = 10798.6 m
2026-03-16 14:04:30.530 | DEBUG    | utils.geo_utils:haversine_distance:20 - Haversine: (31.3634161, 73.1141106) → (31.3333726, 73.0422104) = 7601.3 m
2026-03-16 14:04:30.530 | DEBUG    | utils.geo_utils:haversine_distance:20 - Haversine: (31.3634161, 73.1141106) → (31.5075199, 73.1005803) = 16074.9 m
2026-03-16 14:04:30.530 | DEBUG    | utils.geo_utils:haversine_distance:20 - Haversine: (31.3634161, 73.1141106) → (31.5015436, 73.1935631) = 17109.3 m
2026-03-16 14:04:30.530 | DEBUG    | utils.geo_utils:haversine_distance:20 - Haversine: (31.3634161, 73.1141106) → (31.4148239, 73.1645583) = 7457.0 m
2026-03-16 14:04:30.530 | DEBUG    | utils.geo_utils:haversine_distance:20 - Haversine: (31.3634161, 73.1141106) → (31.4319273, 73.0907774) = 7933.5 m
2026-03-16 14:04:30.531 | DEBUG    | utils.geo_utils:haversine_distance:20 - Haversine: (31.3634161, 73.1141106) → (31.4186759, 73.0443624) = 9032.5 m
2026-03-16 14:04:30.531 | DEBUG    | utils.geo_utils:haversine_distance:20 - Haversine: (31.3634161, 73.1141106) → (31.3776138, 73.0904372) = 2746.6 m
2026-03-16 14:04:30.531 | DEBUG    | utils.geo_utils:haversine_distance:20 - Haversine: (31.3634161, 73.1141106) → (31.311923, 73.1917425) = 9335.2 m
2026-03-16 14:04:30.531 | DEBUG    | utils.geo_utils:haversine_distance:20 - Haversine: (31.3634161, 73.1141106) → (31.3581158, 73.1846103) = 6719.9 m
2026-03-16 14:04:30.531 | DEBUG    | utils.geo_utils:haversine_distance:20 - Haversine: (31.3634161, 73.1141106) → (31.307639, 73.0439916) = 9100.4 m
2026-03-16 14:04:30.531 | DEBUG    | utils.geo_utils:haversine_distance:20 - Haversine: (31.484527, 73.1521663) → (31.4592945, 73.0629536) = 8913.8 m
2026-03-16 14:04:30.531 | DEBUG    | utils.geo_utils:haversine_distance:20 - Haversine: (31.484527, 73.1521663) → (31.3058685, 73.1694728) = 19933.7 m
2026-03-16 14:04:30.531 | DEBUG    | utils.geo_utils:haversine_distance:20 - Haversine: (31.484527, 73.1521663) → (31.3140734, 73.0226304) = 22591.8 m
2026-03-16 14:04:30.531 | DEBUG    | utils.geo_utils:haversine_distance:20 - Haversine: (31.484527, 73.1521663) → (31.5306679, 73.1126844) = 6350.8 m
2026-03-16 14:04:30.531 | DEBUG    | utils.geo_utils:haversine_distance:20 - Haversine: (31.484527, 73.1521663) → (31.3760251, 73.034401) = 16444.1 m
2026-03-16 14:04:30.531 | DEBUG    | utils.geo_utils:haversine_distance:20 - Haversine: (31.484527, 73.1521663) → (31.404983, 73.1460277) = 8864.0 m
2026-03-16 14:04:30.531 | DEBUG    | utils.geo_utils:haversine_distance:20 - Haversine: (31.484527, 73.1521663) → (31.4212389, 73.0816409) = 9709.7 m
2026-03-16 14:04:30.532 | DEBUG    | utils.geo_utils:haversine_distance:20 - Haversine: (31.484527, 73.1521663) → (31.4658821, 73.1813423) = 3457.4 m
2026-03-16 14:04:30.532 | DEBUG    | utils.geo_utils:haversine_distance:20 - Haversine: (31.484527, 73.1521663) → (31.4509199, 73.0172282) = 13332.2 m
2026-03-16 14:04:30.532 | DEBUG    | utils.geo_utils:haversine_distance:20 - Haversine: (31.484527, 73.1521663) → (31.4351755, 73.0374493) = 12186.4 m
2026-03-16 14:04:30.532 | DEBUG    | utils.geo_utils:haversine_distance:20 - Haversine: (31.484527, 73.1521663) → (31.3333726, 73.0422104) = 19783.4 m
2026-03-16 14:04:30.532 | DEBUG    | utils.geo_utils:haversine_distance:20 - Haversine: (31.484527, 73.1521663) → (31.5075199, 73.1005803) = 5519.0 m
2026-03-16 14:04:30.532 | DEBUG    | utils.geo_utils:haversine_distance:20 - Haversine: (31.484527, 73.1521663) → (31.5015436, 73.1935631) = 4357.4 m
2026-03-16 14:04:30.532 | DEBUG    | utils.geo_utils:haversine_distance:20 - Haversine: (31.484527, 73.1521663) → (31.4148239, 73.1645583) = 7839.3 m
2026-03-16 14:04:30.532 | DEBUG    | utils.geo_utils:haversine_distance:20 - Haversine: (31.484527, 73.1521663) → (31.4319273, 73.0907774) = 8253.1 m
2026-03-16 14:04:30.532 | DEBUG    | utils.geo_utils:haversine_distance:20 - Haversine: (31.484527, 73.1521663) → (31.4186759, 73.0443624) = 12577.3 m
2026-03-16 14:04:30.532 | DEBUG    | utils.geo_utils:haversine_distance:20 - Haversine: (31.484527, 73.1521663) → (31.3776138, 73.0904372) = 13252.6 m
2026-03-16 14:04:30.532 | DEBUG    | utils.geo_utils:haversine_distance:20 - Haversine: (31.484527, 73.1521663) → (31.311923, 73.1917425) = 19556.8 m
2026-03-16 14:04:30.532 | DEBUG    | utils.geo_utils:haversine_distance:20 - Haversine: (31.484527, 73.1521663) → (31.3581158, 73.1846103) = 14389.5 m
2026-03-16 14:04:30.532 | DEBUG    | utils.geo_utils:haversine_distance:20 - Haversine: (31.484527, 73.1521663) → (31.307639, 73.0439916) = 22187.6 m
2026-03-16 14:04:30.533 | DEBUG    | utils.geo_utils:haversine_distance:20 - Haversine: (31.484527, 73.1521663) → (31.3634161, 73.1141106) = 13942.6 m
2026-03-16 14:04:30.533 | DEBUG    | utils.geo_utils:haversine_distance:20 - Haversine: (31.4933345, 73.0175829) → (31.4592945, 73.0629536) = 5730.6 m
2026-03-16 14:04:30.533 | DEBUG    | utils.geo_utils:haversine_distance:20 - Haversine: (31.4933345, 73.0175829) → (31.3058685, 73.1694728) = 25344.5 m
2026-03-16 14:04:30.533 | DEBUG    | utils.geo_utils:haversine_distance:20 - Haversine: (31.4933345, 73.0175829) → (31.3140734, 73.0226304) = 19938.7 m
2026-03-16 14:04:30.533 | DEBUG    | utils.geo_utils:haversine_distance:20 - Haversine: (31.4933345, 73.0175829) → (31.5306679, 73.1126844) = 9925.2 m
2026-03-16 14:04:30.533 | DEBUG    | utils.geo_utils:haversine_distance:20 - Haversine: (31.4933345, 73.0175829) → (31.3760251, 73.034401) = 13141.4 m
2026-03-16 14:04:30.533 | DEBUG    | utils.geo_utils:haversine_distance:20 - Haversine: (31.4933345, 73.0175829) → (31.404983, 73.1460277) = 15651.7 m
2026-03-16 14:04:30.534 | DEBUG    | utils.geo_utils:haversine_distance:20 - Haversine: (31.4933345, 73.0175829) → (31.4212389, 73.0816409) = 10059.1 m
2026-03-16 14:04:30.534 | DEBUG    | utils.geo_utils:haversine_distance:20 - Haversine: (31.4933345, 73.0175829) → (31.4658821, 73.1813423) = 15826.5 m
2026-03-16 14:04:30.534 | DEBUG    | utils.geo_utils:haversine_distance:20 - Haversine: (31.4933345, 73.0175829) → (31.4509199, 73.0172282) = 4716.4 m
2026-03-16 14:04:30.534 | DEBUG    | utils.geo_utils:haversine_distance:20 - Haversine: (31.4933345, 73.0175829) → (31.4351755, 73.0374493) = 6735.9 m
2026-03-16 14:04:30.534 | DEBUG    | utils.geo_utils:haversine_distance:20 - Haversine: (31.4933345, 73.0175829) → (31.3333726, 73.0422104) = 17939.8 m
2026-03-16 14:04:30.534 | DEBUG    | utils.geo_utils:haversine_distance:20 - Haversine: (31.4933345, 73.0175829) → (31.5075199, 73.1005803) = 8025.4 m
2026-03-16 14:04:30.534 | DEBUG    | utils.geo_utils:haversine_distance:20 - Haversine: (31.4933345, 73.0175829) → (31.5015436, 73.1935631) = 16710.0 m
2026-03-16 14:04:30.534 | DEBUG    | utils.geo_utils:haversine_distance:20 - Haversine: (31.4933345, 73.0175829) → (31.4148239, 73.1645583) = 16449.2 m
2026-03-16 14:04:30.534 | DEBUG    | utils.geo_utils:haversine_distance:20 - Haversine: (31.4933345, 73.0175829) → (31.4319273, 73.0907774) = 9737.5 m
2026-03-16 14:04:30.534 | DEBUG    | utils.geo_utils:haversine_distance:20 - Haversine: (31.4933345, 73.0175829) → (31.4186759, 73.0443624) = 8681.6 m
2026-03-16 14:04:30.534 | DEBUG    | utils.geo_utils:haversine_distance:20 - Haversine: (31.4933345, 73.0175829) → (31.3776138, 73.0904372) = 14606.5 m
2026-03-16 14:04:30.534 | DEBUG    | utils.geo_utils:haversine_distance:20 - Haversine: (31.4933345, 73.0175829) → (31.311923, 73.1917425) = 26079.2 m
2026-03-16 14:04:30.534 | DEBUG    | utils.geo_utils:haversine_distance:20 - Haversine: (31.4933345, 73.0175829) → (31.3581158, 73.1846103) = 21845.8 m
2026-03-16 14:04:30.534 | DEBUG    | utils.geo_utils:haversine_distance:20 - Haversine: (31.4933345, 73.0175829) → (31.307639, 73.0439916) = 20800.0 m
2026-03-16 14:04:30.535 | DEBUG    | utils.geo_utils:haversine_distance:20 - Haversine: (31.4933345, 73.0175829) → (31.3634161, 73.1141106) = 17104.9 m
2026-03-16 14:04:30.535 | DEBUG    | utils.geo_utils:haversine_distance:20 - Haversine: (31.4933345, 73.0175829) → (31.484527, 73.1521663) = 12798.8 m
2026-03-16 14:04:30.535 | DEBUG    | utils.geo_utils:haversine_distance:20 - Haversine: (31.5457488, 73.0148993) → (31.4592945, 73.0629536) = 10638.2 m
2026-03-16 14:04:30.535 | DEBUG    | utils.geo_utils:haversine_distance:20 - Haversine: (31.5457488, 73.0148993) → (31.3058685, 73.1694728) = 30439.8 m
2026-03-16 14:04:30.535 | DEBUG    | utils.geo_utils:haversine_distance:20 - Haversine: (31.5457488, 73.0148993) → (31.3140734, 73.0226304) = 25771.6 m
2026-03-16 14:04:30.535 | DEBUG    | utils.geo_utils:haversine_distance:20 - Haversine: (31.5457488, 73.0148993) → (31.5306679, 73.1126844) = 9417.6 m
2026-03-16 14:04:30.535 | DEBUG    | utils.geo_utils:haversine_distance:20 - Haversine: (31.5457488, 73.0148993) → (31.3760251, 73.034401) = 18962.8 m
2026-03-16 14:04:30.535 | DEBUG    | utils.geo_utils:haversine_distance:20 - Haversine: (31.5457488, 73.0148993) → (31.404983, 73.1460277) = 19991.0 m
2026-03-16 14:04:30.535 | DEBUG    | utils.geo_utils:haversine_distance:20 - Haversine: (31.5457488, 73.0148993) → (31.4212389, 73.0816409) = 15222.8 m
2026-03-16 14:04:30.535 | DEBUG    | utils.geo_utils:haversine_distance:20 - Haversine: (31.5457488, 73.0148993) → (31.4658821, 73.1813423) = 18106.8 m
2026-03-16 14:04:30.535 | DEBUG    | utils.geo_utils:haversine_distance:20 - Haversine: (31.5457488, 73.0148993) → (31.4509199, 73.0172282) = 10546.8 m
2026-03-16 14:04:30.535 | DEBUG    | utils.geo_utils:haversine_distance:20 - Haversine: (31.5457488, 73.0148993) → (31.4351755, 73.0374493) = 12479.7 m
2026-03-16 14:04:30.535 | DEBUG    | utils.geo_utils:haversine_distance:20 - Haversine: (31.5457488, 73.0148993) → (31.3333726, 73.0422104) = 23756.9 m
2026-03-16 14:04:30.536 | DEBUG    | utils.geo_utils:haversine_distance:20 - Haversine: (31.5457488, 73.0148993) → (31.5075199, 73.1005803) = 9166.3 m
2026-03-16 14:04:30.536 | DEBUG    | utils.geo_utils:haversine_distance:20 - Haversine: (31.5457488, 73.0148993) → (31.5015436, 73.1935631) = 17633.6 m
2026-03-16 14:04:30.536 | DEBUG    | utils.geo_utils:haversine_distance:20 - Haversine: (31.5457488, 73.0148993) → (31.4148239, 73.1645583) = 20331.1 m
2026-03-16 14:04:30.536 | DEBUG    | utils.geo_utils:haversine_distance:20 - Haversine: (31.5457488, 73.0148993) → (31.4319273, 73.0907774) = 14558.5 m
2026-03-16 14:04:30.536 | DEBUG    | utils.geo_utils:haversine_distance:20 - Haversine: (31.5457488, 73.0148993) → (31.4186759, 73.0443624) = 14403.4 m
2026-03-16 14:04:30.536 | DEBUG    | utils.geo_utils:haversine_distance:20 - Haversine: (31.5457488, 73.0148993) → (31.3776138, 73.0904372) = 20021.6 m
2026-03-16 14:04:30.536 | DEBUG    | utils.geo_utils:haversine_distance:20 - Haversine: (31.5457488, 73.0148993) → (31.311923, 73.1917425) = 30944.3 m
2026-03-16 14:04:30.536 | DEBUG    | utils.geo_utils:haversine_distance:20 - Haversine: (31.5457488, 73.0148993) → (31.3581158, 73.1846103) = 26352.6 m
2026-03-16 14:04:30.536 | DEBUG    | utils.geo_utils:haversine_distance:20 - Haversine: (31.5457488, 73.0148993) → (31.307639, 73.0439916) = 26620.1 m
2026-03-16 14:04:30.536 | DEBUG    | utils.geo_utils:haversine_distance:20 - Haversine: (31.5457488, 73.0148993) → (31.3634161, 73.1141106) = 22352.1 m
2026-03-16 14:04:30.536 | DEBUG    | utils.geo_utils:haversine_distance:20 - Haversine: (31.5457488, 73.0148993) → (31.484527, 73.1521663) = 14685.3 m
2026-03-16 14:04:30.536 | DEBUG    | utils.geo_utils:haversine_distance:20 - Haversine: (31.5457488, 73.0148993) → (31.4933345, 73.0175829) = 5833.8 m
2026-03-16 14:04:30.536 | DEBUG    | utils.geo_utils:haversine_distance:20 - Haversine: (31.3351052, 73.048939) → (31.4592945, 73.0629536) = 13873.1 m
2026-03-16 14:04:30.536 | DEBUG    | utils.geo_utils:haversine_distance:20 - Haversine: (31.3351052, 73.048939) → (31.3058685, 73.1694728) = 11902.2 m
2026-03-16 14:04:30.536 | DEBUG    | utils.geo_utils:haversine_distance:20 - Haversine: (31.3351052, 73.048939) → (31.3140734, 73.0226304) = 3422.6 m
2026-03-16 14:04:30.536 | DEBUG    | utils.geo_utils:haversine_distance:20 - Haversine: (31.3351052, 73.048939) → (31.5306679, 73.1126844) = 22571.0 m
2026-03-16 14:04:30.536 | DEBUG    | utils.geo_utils:haversine_distance:20 - Haversine: (31.3351052, 73.048939) → (31.3760251, 73.034401) = 4754.9 m
2026-03-16 14:04:30.536 | DEBUG    | utils.geo_utils:haversine_distance:20 - Haversine: (31.3351052, 73.048939) → (31.404983, 73.1460277) = 12055.7 m
2026-03-16 14:04:30.536 | DEBUG    | utils.geo_utils:haversine_distance:20 - Haversine: (31.3351052, 73.048939) → (31.4212389, 73.0816409) = 10068.2 m
2026-03-16 14:04:30.536 | DEBUG    | utils.geo_utils:haversine_distance:20 - Haversine: (31.3351052, 73.048939) → (31.4658821, 73.1813423) = 19219.2 m
2026-03-16 14:04:30.536 | DEBUG    | utils.geo_utils:haversine_distance:20 - Haversine: (31.3351052, 73.048939) → (31.4509199, 73.0172282) = 13225.1 m
2026-03-16 14:04:30.536 | DEBUG    | utils.geo_utils:haversine_distance:20 - Haversine: (31.3351052, 73.048939) → (31.4351755, 73.0374493) = 11180.6 m
2026-03-16 14:04:30.536 | DEBUG    | utils.geo_utils:haversine_distance:20 - Haversine: (31.3351052, 73.048939) → (31.3333726, 73.0422104) = 667.5 m
2026-03-16 14:04:30.536 | DEBUG    | utils.geo_utils:haversine_distance:20 - Haversine: (31.4525861, 73.1780263) → (31.4592945, 73.0629536) = 10940.6 m
2026-03-16 14:04:30.537 | DEBUG    | utils.geo_utils:haversine_distance:20 - Haversine: (31.4525861, 73.1780263) → (31.3058685, 73.1694728) = 16334.4 m
2026-03-16 14:04:30.537 | DEBUG    | utils.geo_utils:haversine_distance:20 - Haversine: (31.4525861, 73.1780263) → (31.3140734, 73.0226304) = 21326.5 m
2026-03-16 14:04:30.537 | DEBUG    | utils.geo_utils:haversine_distance:20 - Haversine: (31.4525861, 73.1780263) → (31.5306679, 73.1126844) = 10666.2 m
2026-03-16 14:04:30.537 | DEBUG    | utils.geo_utils:haversine_distance:20 - Haversine: (31.4525861, 73.1780263) → (31.3760251, 73.034401) = 16069.8 m
2026-03-16 14:04:30.537 | DEBUG    | utils.geo_utils:haversine_distance:20 - Haversine: (31.4525861, 73.1780263) → (31.404983, 73.1460277) = 6102.1 m
2026-03-16 14:04:30.537 | DEBUG    | utils.geo_utils:haversine_distance:20 - Haversine: (31.4525861, 73.1780263) → (31.4212389, 73.0816409) = 9786.2 m
2026-03-16 14:04:30.537 | DEBUG    | utils.geo_utils:haversine_distance:20 - Haversine: (31.4525861, 73.1780263) → (31.4658821, 73.1813423) = 1511.5 m
2026-03-16 14:04:30.537 | DEBUG    | utils.geo_utils:haversine_distance:20 - Haversine: (31.4525861, 73.1780263) → (31.4509199, 73.0172282) = 15254.1 m
2026-03-16 14:04:30.537 | DEBUG    | utils.geo_utils:haversine_distance:20 - Haversine: (31.4525861, 73.1780263) → (31.4351755, 73.0374493) = 13475.8 m
2026-03-16 14:04:30.537 | DEBUG    | utils.geo_utils:haversine_distance:20 - Haversine: (31.4525861, 73.1780263) → (31.3333726, 73.0422104) = 18490.7 m
2026-03-16 14:04:30.537 | DEBUG    | utils.geo_utils:haversine_distance:20 - Haversine: (31.4525861, 73.1780263) → (31.5075199, 73.1005803) = 9552.4 m
2026-03-16 14:04:30.537 | DEBUG    | utils.geo_utils:haversine_distance:20 - Haversine: (31.4525861, 73.1780263) → (31.5015436, 73.1935631) = 5639.7 m
2026-03-16 14:04:30.537 | DEBUG    | utils.geo_utils:haversine_distance:20 - Haversine: (31.4525861, 73.1780263) → (31.4148239, 73.1645583) = 4389.1 m
2026-03-16 14:04:30.537 | DEBUG    | utils.geo_utils:haversine_distance:20 - Haversine: (31.4525861, 73.1780263) → (31.4319273, 73.0907774) = 8590.0 m
2026-03-16 14:04:30.537 | DEBUG    | utils.geo_utils:haversine_distance:20 - Haversine: (31.4525861, 73.1780263) → (31.4186759, 73.0443624) = 13230.0 m
2026-03-16 14:04:30.537 | DEBUG    | utils.geo_utils:haversine_distance:20 - Haversine: (31.4525861, 73.1780263) → (31.3776138, 73.0904372) = 11772.2 m
2026-03-16 14:04:30.537 | DEBUG    | utils.geo_utils:haversine_distance:20 - Haversine: (31.4525861, 73.1780263) → (31.311923, 73.1917425) = 15695.1 m
2026-03-16 14:04:30.537 | DEBUG    | utils.geo_utils:haversine_distance:20 - Haversine: (31.4525861, 73.1780263) → (31.3581158, 73.1846103) = 10523.2 m
2026-03-16 14:04:30.537 | DEBUG    | utils.geo_utils:haversine_distance:20 - Haversine: (31.4525861, 73.1780263) → (31.307639, 73.0439916) = 20534.6 m
2026-03-16 14:04:30.538 | DEBUG    | utils.geo_utils:haversine_distance:20 - Haversine: (31.4525861, 73.1780263) → (31.3634161, 73.1141106) = 11623.5 m
2026-03-16 14:04:30.538 | DEBUG    | utils.geo_utils:haversine_distance:20 - Haversine: (31.4525861, 73.1780263) → (31.484527, 73.1521663) = 4316.2 m
2026-03-16 14:04:30.538 | DEBUG    | utils.geo_utils:haversine_distance:20 - Haversine: (31.4525861, 73.1780263) → (31.4933345, 73.0175829) = 15876.2 m
2026-03-16 14:04:30.538 | DEBUG    | utils.geo_utils:haversine_distance:20 - Haversine: (31.4525861, 73.1780263) → (31.5457488, 73.0148993) = 18614.9 m
2026-03-16 14:04:30.538 | DEBUG    | utils.geo_utils:haversine_distance:20 - Haversine: (31.3832892, 73.1836007) → (31.4592945, 73.0629536) = 14229.7 m
2026-03-16 14:04:30.538 | DEBUG    | utils.geo_utils:haversine_distance:20 - Haversine: (31.3832892, 73.1836007) → (31.3058685, 73.1694728) = 8712.7 m
2026-03-16 14:04:30.538 | DEBUG    | utils.geo_utils:haversine_distance:20 - Haversine: (31.3832892, 73.1836007) → (31.3140734, 73.0226304) = 17114.3 m
2026-03-16 14:04:30.538 | DEBUG    | utils.geo_utils:haversine_distance:20 - Haversine: (31.3832892, 73.1836007) → (31.5306679, 73.1126844) = 17714.6 m
2026-03-16 14:04:30.538 | DEBUG    | utils.geo_utils:haversine_distance:20 - Haversine: (31.3832892, 73.1836007) → (31.3760251, 73.034401) = 14186.7 m
2026-03-16 14:04:30.538 | DEBUG    | utils.geo_utils:haversine_distance:20 - Haversine: (31.3832892, 73.1836007) → (31.404983, 73.1460277) = 4305.5 m
2026-03-16 14:04:30.538 | DEBUG    | utils.geo_utils:haversine_distance:20 - Haversine: (31.3832892, 73.1836007) → (31.4212389, 73.0816409) = 10556.9 m
2026-03-16 14:04:30.538 | DEBUG    | utils.geo_utils:haversine_distance:20 - Haversine: (31.3832892, 73.1836007) → (31.4658821, 73.1813423) = 9186.4 m
2026-03-16 14:04:30.538 | DEBUG    | utils.geo_utils:haversine_distance:20 - Haversine: (31.3832892, 73.1836007) → (31.4509199, 73.0172282) = 17487.2 m
2026-03-16 14:04:30.539 | DEBUG    | utils.geo_utils:haversine_distance:20 - Haversine: (31.3832892, 73.1836007) → (31.4351755, 73.0374493) = 15022.1 m
2026-03-16 14:04:30.539 | DEBUG    | utils.geo_utils:haversine_distance:20 - Haversine: (31.3832892, 73.1836007) → (31.3333726, 73.0422104) = 14527.5 m
2026-03-16 14:04:30.539 | DEBUG    | utils.geo_utils:haversine_distance:20 - Haversine: (31.3832892, 73.1836007) → (31.5075199, 73.1005803) = 15901.2 m
2026-03-16 14:04:30.539 | DEBUG    | utils.geo_utils:haversine_distance:20 - Haversine: (31.3832892, 73.1836007) → (31.5015436, 73.1935631) = 13183.2 m
2026-03-16 14:04:30.539 | DEBUG    | utils.geo_utils:haversine_distance:20 - Haversine: (31.3832892, 73.1836007) → (31.4148239, 73.1645583) = 3944.9 m
2026-03-16 14:04:30.539 | DEBUG    | utils.geo_utils:haversine_distance:20 - Haversine: (31.3832892, 73.1836007) → (31.4319273, 73.0907774) = 10336.9 m
2026-03-16 14:04:30.539 | DEBUG    | utils.geo_utils:haversine_distance:20 - Haversine: (31.3832892, 73.1836007) → (31.4186759, 73.0443624) = 13788.4 m
2026-03-16 14:04:30.539 | DEBUG    | utils.geo_utils:haversine_distance:20 - Haversine: (31.3832892, 73.1836007) → (31.3776138, 73.0904372) = 8866.5 m
2026-03-16 14:04:30.539 | DEBUG    | utils.geo_utils:haversine_distance:20 - Haversine: (31.3832892, 73.1836007) → (31.311923, 73.1917425) = 7973.1 m
2026-03-16 14:04:30.539 | DEBUG    | utils.geo_utils:haversine_distance:20 - Haversine: (31.3832892, 73.1836007) → (31.3581158, 73.1846103) = 2800.8 m
2026-03-16 14:04:30.539 | DEBUG    | utils.geo_utils:haversine_distance:20 - Haversine: (31.3832892, 73.1836007) → (31.307639, 73.0439916) = 15701.5 m
2026-03-16 14:04:30.539 | DEBUG    | utils.geo_utils:haversine_distance:20 - Haversine: (31.3832892, 73.1836007) → (31.3634161, 73.1141106) = 6957.5 m
2026-03-16 14:04:30.540 | DEBUG    | utils.geo_utils:haversine_distance:20 - Haversine: (31.3832892, 73.1836007) → (31.484527, 73.1521663) = 11645.5 m
2026-03-16 14:04:30.541 | DEBUG    | utils.geo_utils:haversine_distance:20 - Haversine: (31.3832892, 73.1836007) → (31.4933345, 73.0175829) = 19945.1 m
2026-03-16 14:04:30.541 | DEBUG    | utils.geo_utils:haversine_distance:20 - Haversine: (31.3832892, 73.1836007) → (31.5457488, 73.0148993) = 24131.9 m
2026-03-16 14:04:30.541 | DEBUG    | utils.geo_utils:haversine_distance:20 - Haversine: (31.3832892, 73.1836007) → (31.4525861, 73.1780263) = 7723.6 m
2026-03-16 14:04:30.541 | INFO     | data_pipeline.stop_builder:merge_nearby_stops:91 - Merged stops:
2026-03-16 14:04:30.542 | INFO     | data_pipeline.stop_builder:merge_nearby_stops:92 -   Before merge: 30 stops
2026-03-16 14:04:30.543 | INFO     | data_pipeline.stop_builder:merge_nearby_stops:93 -   After merge : 26 stops (merged 4 pairs/groups)
2026-03-16 14:04:30.543 | DEBUG    | data_pipeline.stop_builder:merge_nearby_stops:95 - First few merged stops: [{'student_id': 'test_001', 'name': 'Test Student 1', 'roll_no': 'TEST-6157', 'lat': 31.4592945, 'lng': 73.0629536, 'student_count': 1, 'contact': '03478060777', 'semester': 'Spring 2026', 'fee_status': 'unpaid', 'registration_status': 'pending', 'original_lat': 31.458413838955877, 'original_lng': 73.0637191090853, 'snap_distance_m': 121.91, 'merged_student_ids': ['test_001']}, {'student_id': 'test_002', 'name': 'Test Student 2', 'roll_no': 'TEST-8484', 'lat': 31.3058685, 'lng': 73.1694728, 'student_count': 1, 'contact': '03564577859', 'semester': 'Spring 2026', 'fee_status': 'unpaid', 'registration_status': 'pending', 'original_lat': 31.30724050719012, 'original_lng': 73.16254256760098, 'snap_distance_m': 675.85, 'merged_student_ids': ['test_002']}, {'student_id': 'test_003', 'name': 'Test Student 3', 'roll_no': 'TEST-6237', 'lat': 31.3140734, 'lng': 73.0226304, 'student_count': 1, 'contact': '03941421906', 'semester': 'Spring 2026', 'fee_status': 'unpaid', 'registration_status': 'pending', 'original_lat': 31.311760819408153, 'original_lng': 73.02091199809621, 'snap_distance_m': 304.59, 'merged_student_ids': ['test_003']}]
2026-03-16 14:04:32.886 | INFO     | clustering.stop_clustering:cluster_stops:45 - Clustered into 3 buses (capacity 10):
2026-03-16 14:04:32.887 | INFO     | clustering.stop_clustering:cluster_stops:48 -   Bus 0: 8 stops, 9 students
2026-03-16 14:04:32.887 | INFO     | clustering.stop_clustering:cluster_stops:48 -   Bus 1: 8 stops, 10 students
2026-03-16 14:04:32.887 | INFO     | clustering.stop_clustering:cluster_stops:48 -   Bus 2: 10 stops, 11 students
2026-03-16 14:04:33.824 | INFO     | optimization.tsp_solver:get_road_distance_matrix:38 - ORS matrix computed: 9x9
2026-03-16 14:04:48.871 | INFO     | optimization.tsp_solver:solve_tsp:123 - TSP solved: 8 stops, distance 66090 m, objective 66090
2026-03-16 14:04:48.871 | DEBUG    | optimization.tsp_solver:solve_tsp:124 - Order: ['unknown', 'unknown', 'unknown', 'unknown', 'unknown', 'unknown', 'unknown', 'unknown']
2026-03-16 14:04:48.872 | DEBUG    | optimization.route_generator:generate_route_path:57 - Requesting ORS route with 9 waypoints
2026-03-16 14:04:50.159 | INFO     | optimization.route_generator:generate_route_path:74 - ORS route generated successfully (bug-free)
2026-03-16 14:04:50.160 | INFO     | optimization.route_generator:generate_route_path:75 -   Waypoints: 8 stops → University
2026-03-16 14:04:50.161 | INFO     | optimization.route_generator:generate_route_path:76 -   Distance: 108.89 km
2026-03-16 14:04:50.161 | INFO     | optimization.route_generator:generate_route_path:77 -   Duration: 2.14 h (128 min)
2026-03-16 14:04:50.162 | DEBUG    | optimization.route_generator:generate_route_path:78 - Geometry sample (first 3 & last 3): [[73.169473, 31.305869], [73.169389, 31.309473], [73.169168, 31.318912]] ... [[73.03447, 31.602425], [73.034742, 31.602694], [73.034832, 31.602523]]
2026-03-16 14:04:50.163 | INFO     | optimization.store_routes:compute_fee_per_student:32 - Fee calc: 58074 PKR/student | dist=108.9km | students=9
2026-03-16 14:04:50.539 | WARNING  | optimization.store_routes:reverse_geocode_stop_name:153 - No usable address for (31.3058685, 73.1694728), using coordinates.
2026-03-16 14:04:51.133 | DEBUG    | optimization.store_routes:store_optimized_routes:230 - Assigned seat S1 to student test_002
2026-03-16 14:04:53.423 | DEBUG    | optimization.store_routes:store_optimized_routes:256 - Stored stop R1_stop1 | name='Stop (31.3059, 73.1695)' | route=R1
2026-03-16 14:04:54.809 | WARNING  | optimization.store_routes:reverse_geocode_stop_name:153 - No usable address for (31.307639, 73.0439916), using coordinates.
2026-03-16 14:04:55.370 | DEBUG    | optimization.store_routes:store_optimized_routes:230 - Assigned seat S2 to student test_022
2026-03-16 14:04:57.725 | DEBUG    | optimization.store_routes:store_optimized_routes:256 - Stored stop R1_stop2 | name='Stop (31.3076, 73.0440)' | route=R1
2026-03-16 14:04:59.060 | WARNING  | optimization.store_routes:reverse_geocode_stop_name:153 - No usable address for (31.3140734, 73.0226304), using coordinates.
2026-03-16 14:04:59.625 | DEBUG    | optimization.store_routes:store_optimized_routes:230 - Assigned seat S3 to student test_003
2026-03-16 14:05:01.945 | DEBUG    | optimization.store_routes:store_optimized_routes:256 - Stored stop R1_stop3 | name='Stop (31.3141, 73.0226)' | route=R1
2026-03-16 14:05:03.366 | WARNING  | optimization.store_routes:reverse_geocode_stop_name:153 - No usable address for (31.3333726, 73.0422104), using coordinates.
2026-03-16 14:05:03.911 | DEBUG    | optimization.store_routes:store_optimized_routes:230 - Assigned seat S4 to student test_012
2026-03-16 14:05:06.243 | DEBUG    | optimization.store_routes:store_optimized_routes:230 - Assigned seat S5 to student test_028
2026-03-16 14:05:06.800 | DEBUG    | optimization.store_routes:store_optimized_routes:256 - Stored stop R1_stop4 | name='Stop (31.3334, 73.0422)' | route=R1
2026-03-16 14:05:08.230 | DEBUG    | optimization.store_routes:reverse_geocode_stop_name:149 - Stop name resolved: (31.3760, 73.0344) → 'Risalewala Road'
2026-03-16 14:05:09.131 | DEBUG    | optimization.store_routes:store_optimized_routes:230 - Assigned seat S6 to student test_005
2026-03-16 14:05:11.133 | DEBUG    | optimization.store_routes:store_optimized_routes:256 - Stored stop R1_stop5 | name='Risalewala Road' | route=R1
2026-03-16 14:05:12.534 | DEBUG    | optimization.store_routes:reverse_geocode_stop_name:149 - Stop name resolved: (31.3776, 73.0904) → 'Bilal Road, Karim Town'
2026-03-16 14:05:13.113 | DEBUG    | optimization.store_routes:store_optimized_routes:230 - Assigned seat S7 to student test_019
2026-03-16 14:05:15.348 | DEBUG    | optimization.store_routes:store_optimized_routes:256 - Stored stop R1_stop6 | name='Bilal Road, Karim Town' | route=R1
2026-03-16 14:05:16.784 | DEBUG    | optimization.store_routes:reverse_geocode_stop_name:149 - Stop name resolved: (31.3634, 73.1141) → 'Niamuana Malkhanwala Road, Faisalabad City Tehsil'
2026-03-16 14:05:17.337 | DEBUG    | optimization.store_routes:store_optimized_routes:230 - Assigned seat S8 to student test_024
2026-03-16 14:05:19.622 | DEBUG    | optimization.store_routes:store_optimized_routes:256 - Stored stop R1_stop7 | name='Niamuana Malkhanwala Road, Faisalabad City Tehsil' | route=R1
2026-03-16 14:05:21.056 | WARNING  | optimization.store_routes:reverse_geocode_stop_name:153 - No usable address for (31.311923, 73.1917425), using coordinates.
2026-03-16 14:05:21.611 | DEBUG    | optimization.store_routes:store_optimized_routes:230 - Assigned seat S9 to student test_020
2026-03-16 14:05:22.158 | DEBUG    | optimization.store_routes:store_optimized_routes:256 - Stored stop R1_stop8 | name='Stop (31.3119, 73.1917)' | route=R1
2026-03-16 14:05:23.460 | INFO     | optimization.store_routes:store_optimized_routes:280 - Stored route route_0 (R1): 8 stops, 108.89 km
2026-03-16 14:05:24.456 | INFO     | optimization.tsp_solver:get_road_distance_matrix:38 - ORS matrix computed: 9x9
2026-03-16 14:05:39.459 | INFO     | optimization.tsp_solver:solve_tsp:123 - TSP solved: 8 stops, distance 57363 m, objective 57363
2026-03-16 14:05:39.460 | DEBUG    | optimization.tsp_solver:solve_tsp:124 - Order: ['unknown', 'unknown', 'unknown', 'unknown', 'unknown', 'unknown', 'unknown', 'unknown']
2026-03-16 14:05:39.460 | DEBUG    | optimization.route_generator:generate_route_path:57 - Requesting ORS route with 9 waypoints
2026-03-16 14:05:40.871 | INFO     | optimization.route_generator:generate_route_path:74 - ORS route generated successfully (bug-free)
2026-03-16 14:05:40.902 | INFO     | optimization.route_generator:generate_route_path:75 -   Waypoints: 8 stops → University
2026-03-16 14:05:40.917 | INFO     | optimization.route_generator:generate_route_path:76 -   Distance: 86.36 km
2026-03-16 14:05:40.917 | INFO     | optimization.route_generator:generate_route_path:77 -   Duration: 1.84 h (110 min)
2026-03-16 14:05:40.918 | DEBUG    | optimization.route_generator:generate_route_path:78 - Geometry sample (first 3 & last 3): [[73.146028, 31.404983], [73.14526, 31.404581], [73.144931, 31.404404]] ... [[73.03447, 31.602425], [73.034742, 31.602694], [73.034832, 31.602523]]
2026-03-16 14:05:40.920 | INFO     | optimization.store_routes:compute_fee_per_student:32 - Fee calc: 41454 PKR/student | dist=86.4km | students=10
2026-03-16 14:05:41.615 | DEBUG    | optimization.store_routes:reverse_geocode_stop_name:149 - Stop name resolved: (31.4050, 73.1460) → 'Faisalabad City Tehsil'
2026-03-16 14:05:42.144 | DEBUG    | optimization.store_routes:store_optimized_routes:230 - Assigned seat S1 to student test_006
2026-03-16 14:05:42.676 | DEBUG    | optimization.store_routes:store_optimized_routes:256 - Stored stop R2_stop1 | name='Faisalabad City Tehsil' | route=R2
2026-03-16 14:05:44.568 | WARNING  | optimization.store_routes:reverse_geocode_stop_name:153 - No usable address for (31.5015436, 73.1935631), using coordinates.
2026-03-16 14:05:45.130 | DEBUG    | optimization.store_routes:store_optimized_routes:230 - Assigned seat S2 to student test_014
2026-03-16 14:05:45.762 | DEBUG    | optimization.store_routes:store_optimized_routes:256 - Stored stop R2_stop2 | name='Stop (31.5015, 73.1936)' | route=R2
2026-03-16 14:05:47.278 | DEBUG    | optimization.store_routes:reverse_geocode_stop_name:149 - Stop name resolved: (31.4845, 73.1522) → 'Faisalabad City Tehsil'
2026-03-16 14:05:47.828 | DEBUG    | optimization.store_routes:store_optimized_routes:230 - Assigned seat S3 to student test_025
2026-03-16 14:05:48.360 | DEBUG    | optimization.store_routes:store_optimized_routes:256 - Stored stop R2_stop3 | name='Faisalabad City Tehsil' | route=R2
2026-03-16 14:05:49.859 | DEBUG    | optimization.store_routes:reverse_geocode_stop_name:149 - Stop name resolved: (31.4659, 73.1813) → 'Faisalabad - Sheikhupura - Lahore Road, Faisalabad City Tehsil'
2026-03-16 14:05:50.404 | DEBUG    | optimization.store_routes:store_optimized_routes:230 - Assigned seat S4 to student test_008
2026-03-16 14:05:50.947 | DEBUG    | optimization.store_routes:store_optimized_routes:230 - Assigned seat S5 to student test_009
2026-03-16 14:05:51.482 | DEBUG    | optimization.store_routes:store_optimized_routes:230 - Assigned seat S6 to student test_016
2026-03-16 14:05:52.023 | DEBUG    | optimization.store_routes:store_optimized_routes:256 - Stored stop R2_stop4 | name='Faisalabad - Sheikhupura - Lahore Road, Faisalabad City Tehsil' | route=R2
2026-03-16 14:05:53.613 | DEBUG    | optimization.store_routes:reverse_geocode_stop_name:149 - Stop name resolved: (31.4526, 73.1780) → 'Chak 208 Road, Faisalabad City Tehsil'
2026-03-16 14:05:54.160 | DEBUG    | optimization.store_routes:store_optimized_routes:230 - Assigned seat S7 to student test_029
2026-03-16 14:05:54.698 | DEBUG    | optimization.store_routes:store_optimized_routes:256 - Stored stop R2_stop5 | name='Chak 208 Road, Faisalabad City Tehsil' | route=R2
2026-03-16 14:05:56.359 | DEBUG    | optimization.store_routes:reverse_geocode_stop_name:149 - Stop name resolved: (31.4148, 73.1646) → 'Faisalabad City Tehsil'
2026-03-16 14:05:56.895 | DEBUG    | optimization.store_routes:store_optimized_routes:230 - Assigned seat S8 to student test_015
2026-03-16 14:05:57.432 | DEBUG    | optimization.store_routes:store_optimized_routes:256 - Stored stop R2_stop6 | name='Faisalabad City Tehsil' | route=R2
2026-03-16 14:05:58.906 | WARNING  | optimization.store_routes:reverse_geocode_stop_name:153 - No usable address for (31.3832892, 73.1836007), using coordinates.
2026-03-16 14:05:59.461 | DEBUG    | optimization.store_routes:store_optimized_routes:230 - Assigned seat S9 to student test_030
2026-03-16 14:06:00.013 | DEBUG    | optimization.store_routes:store_optimized_routes:256 - Stored stop R2_stop7 | name='Stop (31.3833, 73.1836)' | route=R2
2026-03-16 14:06:01.483 | DEBUG    | optimization.store_routes:reverse_geocode_stop_name:149 - Stop name resolved: (31.3581, 73.1846) → 'Faisalabad ByPass, Makkuana'
2026-03-16 14:06:02.025 | DEBUG    | optimization.store_routes:store_optimized_routes:230 - Assigned seat S10 to student test_021
2026-03-16 14:06:02.567 | DEBUG    | optimization.store_routes:store_optimized_routes:256 - Stored stop R2_stop8 | name='Faisalabad ByPass, Makkuana' | route=R2
2026-03-16 14:06:03.770 | INFO     | optimization.store_routes:store_optimized_routes:280 - Stored route route_1 (R2): 8 stops, 86.36 km
2026-03-16 14:06:04.830 | INFO     | optimization.tsp_solver:get_road_distance_matrix:38 - ORS matrix computed: 11x11
2026-03-16 14:06:19.835 | INFO     | optimization.tsp_solver:solve_tsp:123 - TSP solved: 10 stops, distance 69272 m, objective 69272
2026-03-16 14:06:19.836 | DEBUG    | optimization.tsp_solver:solve_tsp:124 - Order: ['unknown', 'unknown', 'unknown', 'unknown', 'unknown', 'unknown', 'unknown', 'unknown', 'unknown', 'unknown']
2026-03-16 14:06:19.836 | DEBUG    | optimization.route_generator:generate_route_path:57 - Requesting ORS route with 11 waypoints
2026-03-16 14:06:20.985 | INFO     | optimization.route_generator:generate_route_path:74 - ORS route generated successfully (bug-free)
2026-03-16 14:06:20.985 | INFO     | optimization.route_generator:generate_route_path:75 -   Waypoints: 10 stops → University
2026-03-16 14:06:20.986 | INFO     | optimization.route_generator:generate_route_path:76 -   Distance: 73.87 km
2026-03-16 14:06:20.986 | INFO     | optimization.route_generator:generate_route_path:77 -   Duration: 1.45 h (87 min)
2026-03-16 14:06:20.986 | DEBUG    | optimization.route_generator:generate_route_path:78 - Geometry sample (first 3 & last 3): [[73.062954, 31.459295], [73.063958, 31.459524], [73.065264, 31.459823]] ... [[73.03447, 31.602425], [73.034742, 31.602694], [73.034832, 31.602523]]
2026-03-16 14:06:20.988 | INFO     | optimization.store_routes:compute_fee_per_student:32 - Fee calc: 32235 PKR/student | dist=73.9km | students=11
2026-03-16 14:06:21.438 | DEBUG    | optimization.store_routes:reverse_geocode_stop_name:149 - Stop name resolved: (31.4593, 73.0630) → 'Faisalabad City Tehsil'
2026-03-16 14:06:21.985 | DEBUG    | optimization.store_routes:store_optimized_routes:230 - Assigned seat S1 to student test_001
2026-03-16 14:06:22.534 | DEBUG    | optimization.store_routes:store_optimized_routes:256 - Stored stop R3_stop1 | name='Faisalabad City Tehsil' | route=R3
2026-03-16 14:06:24.016 | DEBUG    | optimization.store_routes:reverse_geocode_stop_name:149 - Stop name resolved: (31.4319, 73.0908) → 'Mustafa Road, Faisalabad City Tehsil'
2026-03-16 14:06:24.562 | DEBUG    | optimization.store_routes:store_optimized_routes:230 - Assigned seat S2 to student test_017
2026-03-16 14:06:25.105 | DEBUG    | optimization.store_routes:store_optimized_routes:256 - Stored stop R3_stop2 | name='Mustafa Road, Faisalabad City Tehsil' | route=R3
2026-03-16 14:06:26.689 | DEBUG    | optimization.store_routes:reverse_geocode_stop_name:149 - Stop name resolved: (31.4212, 73.0816) → 'Circular Road, Faisalabad City Tehsil'
2026-03-16 14:06:27.256 | DEBUG    | optimization.store_routes:store_optimized_routes:230 - Assigned seat S3 to student test_007
2026-03-16 14:06:27.805 | DEBUG    | optimization.store_routes:store_optimized_routes:256 - Stored stop R3_stop3 | name='Circular Road, Faisalabad City Tehsil' | route=R3
2026-03-16 14:06:29.297 | DEBUG    | optimization.store_routes:reverse_geocode_stop_name:149 - Stop name resolved: (31.4187, 73.0444) → 'Bakar Mandi Road, Faisalabad City Tehsil'
2026-03-16 14:06:29.840 | DEBUG    | optimization.store_routes:store_optimized_routes:230 - Assigned seat S4 to student test_018
2026-03-16 14:06:30.382 | DEBUG    | optimization.store_routes:store_optimized_routes:256 - Stored stop R3_stop4 | name='Bakar Mandi Road, Faisalabad City Tehsil' | route=R3
2026-03-16 14:06:31.920 | DEBUG    | optimization.store_routes:reverse_geocode_stop_name:149 - Stop name resolved: (31.4352, 73.0374) → 'Ghulam Muhammadabad Road, Faisalabad City Tehsil'
2026-03-16 14:06:32.460 | DEBUG    | optimization.store_routes:store_optimized_routes:230 - Assigned seat S5 to student test_011
2026-03-16 14:06:33.001 | DEBUG    | optimization.store_routes:store_optimized_routes:256 - Stored stop R3_stop5 | name='Ghulam Muhammadabad Road, Faisalabad City Tehsil' | route=R3
2026-03-16 14:06:34.490 | DEBUG    | optimization.store_routes:reverse_geocode_stop_name:149 - Stop name resolved: (31.4509, 73.0172) → 'Faisalabad City Tehsil'
2026-03-16 14:06:35.028 | DEBUG    | optimization.store_routes:store_optimized_routes:230 - Assigned seat S6 to student test_010
2026-03-16 14:06:35.567 | DEBUG    | optimization.store_routes:store_optimized_routes:256 - Stored stop R3_stop6 | name='Faisalabad City Tehsil' | route=R3
2026-03-16 14:06:37.086 | WARNING  | optimization.store_routes:reverse_geocode_stop_name:153 - No usable address for (31.4933345, 73.0175829), using coordinates.
2026-03-16 14:06:37.635 | DEBUG    | optimization.store_routes:store_optimized_routes:230 - Assigned seat S7 to student test_026
2026-03-16 14:06:38.178 | DEBUG    | optimization.store_routes:store_optimized_routes:256 - Stored stop R3_stop7 | name='Stop (31.4933, 73.0176)' | route=R3
2026-03-16 14:06:39.758 | WARNING  | optimization.store_routes:reverse_geocode_stop_name:153 - No usable address for (31.5457488, 73.0148993), using coordinates.
2026-03-16 14:06:40.288 | DEBUG    | optimization.store_routes:store_optimized_routes:230 - Assigned seat S8 to student test_027
2026-03-16 14:06:40.831 | DEBUG    | optimization.store_routes:store_optimized_routes:256 - Stored stop R3_stop8 | name='Stop (31.5457, 73.0149)' | route=R3
2026-03-16 14:06:42.242 | WARNING  | optimization.store_routes:reverse_geocode_stop_name:153 - No usable address for (31.5306679, 73.1126844), using coordinates.
2026-03-16 14:06:42.788 | DEBUG    | optimization.store_routes:store_optimized_routes:230 - Assigned seat S9 to student test_004
2026-03-16 14:06:43.335 | DEBUG    | optimization.store_routes:store_optimized_routes:256 - Stored stop R3_stop9 | name='Stop (31.5307, 73.1127)' | route=R3
2026-03-16 14:06:44.881 | DEBUG    | optimization.store_routes:reverse_geocode_stop_name:149 - Stop name resolved: (31.5075, 73.1006) → 'Faisalabad City Tehsil'
2026-03-16 14:06:45.424 | DEBUG    | optimization.store_routes:store_optimized_routes:230 - Assigned seat S10 to student test_013
2026-03-16 14:06:45.957 | DEBUG    | optimization.store_routes:store_optimized_routes:230 - Assigned seat S11 to student test_023
2026-03-16 14:06:46.488 | DEBUG    | optimization.store_routes:store_optimized_routes:256 - Stored stop R3_stop10 | name='Faisalabad City Tehsil' | route=R3
2026-03-16 14:06:47.572 | INFO     | optimization.store_routes:store_optimized_routes:280 - Stored route route_2 (R3): 10 stops, 73.87 km
2026-03-16 14:06:47.573 | INFO     | optimization.store_routes:store_optimized_routes:286 - Back-filling route_id on 26 stops + students...
2026-03-16 14:07:02.128 | DEBUG    | optimization.store_routes:store_optimized_routes:317 - Final batch: 56 writes
2026-03-16 14:07:02.128 | INFO     | optimization.store_routes:store_optimized_routes:319 - Done: 3 routes | 26 stops stored
2026-03-16 14:07:02.129 | INFO     | api.main:run_optimization:64 - Pipeline completed successfully | 3 buses processed
2026-03-16 14:09:26.911 | INFO     | database.firebase:<module>:12 - Firebase Admin SDK initialized successfully
2026-03-16 14:09:39.554 | INFO     | api.main:run_optimization:29 - Starting full route optimization pipeline
2026-03-16 14:09:44.003 | WARNING  | data_pipeline.student_loader:load_student_stops:37 - Student h3zzvjYXAnM5idW1JUkq9zREyWL2 missing valid lat/lng → skipped
2026-03-16 14:09:44.007 | INFO     | data_pipeline.student_loader:load_student_stops:42 - Loaded 30 student stops from Firestore
2026-03-16 14:09:44.007 | DEBUG    | data_pipeline.student_loader:load_student_stops:43 - First 3 stops (sample): [{'student_id': 'test_001', 'name': 'Test Student 1', 'roll_no': 'TEST-6157', 'lat': 31.458413838955877, 'lng': 73.0637191090853, 'student_count': 1, 'contact': '03478060777', 'semester': 'Spring 2026', 'fee_status': 'unpaid', 'registration_status': 'pending'}, {'student_id': 'test_002', 'name': 'Test Student 2', 'roll_no': 'TEST-8484', 'lat': 31.30724050719012, 'lng': 73.16254256760098, 'student_count': 1, 'contact': '03564577859', 'semester': 'Spring 2026', 'fee_status': 'unpaid', 'registration_status': 'pending'}, {'student_id': 'test_003', 'name': 'Test Student 3', 'roll_no': 'TEST-6237', 'lat': 31.311760819408153, 'lng': 73.02091199809621, 'student_count': 1, 'contact': '03941421906', 'semester': 'Spring 2026', 'fee_status': 'unpaid', 'registration_status': 'pending'}]
2026-03-16 14:09:44.007 | INFO     | osm.fetch_roads:fetch_or_load_road_graph:19 - Loading cached Faisalabad road graph...
2026-03-16 14:09:52.532 | INFO     | osm.fetch_roads:fetch_or_load_road_graph:21 - Loaded graph with 50872 nodes and 144715 edges
2026-03-16 14:09:52.723 | INFO     | osm.road_filter:filter_main_roads:38 - Filtered graph:
2026-03-16 14:09:52.766 | INFO     | osm.road_filter:filter_main_roads:39 -   Original: 50872 nodes, 144715 edges
2026-03-16 14:09:52.907 | INFO     | osm.road_filter:filter_main_roads:40 -   After filter (main roads only): 7460 nodes, 12863 edges
2026-03-16 14:09:53.190 | DEBUG    | utils.distance_utils:build_node_balltree:29 - Built BallTree with 7460 nodes
2026-03-16 14:09:53.191 | DEBUG    | utils.geo_utils:haversine_distance:20 - Haversine: (31.458413838955877, 73.0637191090853) → (31.4592945, 73.0629536) = 121.9 m
2026-03-16 14:09:53.192 | DEBUG    | utils.distance_utils:find_nearest_road_point:56 - Nearest road node to (31.458413838955877, 73.0637191090853): (31.459294, 73.062954) — 121.9m
2026-03-16 14:09:53.192 | DEBUG    | utils.geo_utils:haversine_distance:20 - Haversine: (31.458413838955877, 73.0637191090853) → (31.4592945, 73.0629536) = 121.9 m
2026-03-16 14:09:53.193 | DEBUG    | data_pipeline.stop_builder:snap_stops_to_roads:38 - Snapped Test Student 1 (TEST-6157): 121.9m
2026-03-16 14:09:53.223 | DEBUG    | utils.distance_utils:build_node_balltree:29 - Built BallTree with 7460 nodes
2026-03-16 14:09:53.227 | DEBUG    | utils.geo_utils:haversine_distance:20 - Haversine: (31.30724050719012, 73.16254256760098) → (31.3058685, 73.1694728) = 675.8 m
2026-03-16 14:09:53.227 | DEBUG    | utils.distance_utils:find_nearest_road_point:56 - Nearest road node to (31.30724050719012, 73.16254256760098): (31.305868, 73.169473) — 675.8m
2026-03-16 14:09:53.227 | DEBUG    | utils.geo_utils:haversine_distance:20 - Haversine: (31.30724050719012, 73.16254256760098) → (31.3058685, 73.1694728) = 675.8 m
2026-03-16 14:09:53.227 | DEBUG    | data_pipeline.stop_builder:snap_stops_to_roads:38 - Snapped Test Student 2 (TEST-8484): 675.8m
2026-03-16 14:09:53.254 | DEBUG    | utils.distance_utils:build_node_balltree:29 - Built BallTree with 7460 nodes
2026-03-16 14:09:53.255 | DEBUG    | utils.geo_utils:haversine_distance:20 - Haversine: (31.311760819408153, 73.02091199809621) → (31.3140734, 73.0226304) = 304.6 m
2026-03-16 14:09:53.256 | DEBUG    | utils.distance_utils:find_nearest_road_point:56 - Nearest road node to (31.311760819408153, 73.02091199809621): (31.314073, 73.022630) — 304.6m
2026-03-16 14:09:53.256 | DEBUG    | utils.geo_utils:haversine_distance:20 - Haversine: (31.311760819408153, 73.02091199809621) → (31.3140734, 73.0226304) = 304.6 m
2026-03-16 14:09:53.256 | DEBUG    | data_pipeline.stop_builder:snap_stops_to_roads:38 - Snapped Test Student 3 (TEST-6237): 304.6m
2026-03-16 14:09:53.286 | DEBUG    | utils.distance_utils:build_node_balltree:29 - Built BallTree with 7460 nodes
2026-03-16 14:09:53.289 | DEBUG    | utils.geo_utils:haversine_distance:20 - Haversine: (31.533562499900963, 73.11715504190414) → (31.5306679, 73.1126844) = 532.1 m
2026-03-16 14:09:53.290 | DEBUG    | utils.distance_utils:find_nearest_road_point:56 - Nearest road node to (31.533562499900963, 73.11715504190414): (31.530668, 73.112684) — 532.1m
2026-03-16 14:09:53.290 | DEBUG    | utils.geo_utils:haversine_distance:20 - Haversine: (31.533562499900963, 73.11715504190414) → (31.5306679, 73.1126844) = 532.1 m
2026-03-16 14:09:53.290 | DEBUG    | data_pipeline.stop_builder:snap_stops_to_roads:38 - Snapped Test Student 4 (TEST-8418): 532.1m
2026-03-16 14:09:53.314 | DEBUG    | utils.distance_utils:build_node_balltree:29 - Built BallTree with 7460 nodes
2026-03-16 14:09:53.316 | DEBUG    | utils.geo_utils:haversine_distance:20 - Haversine: (31.37420969279616, 73.03062856138061) → (31.3760251, 73.034401) = 411.1 m
2026-03-16 14:09:53.316 | DEBUG    | utils.distance_utils:find_nearest_road_point:56 - Nearest road node to (31.37420969279616, 73.03062856138061): (31.376025, 73.034401) — 411.1m
2026-03-16 14:09:53.316 | DEBUG    | utils.geo_utils:haversine_distance:20 - Haversine: (31.37420969279616, 73.03062856138061) → (31.3760251, 73.034401) = 411.1 m
2026-03-16 14:09:53.317 | DEBUG    | data_pipeline.stop_builder:snap_stops_to_roads:38 - Snapped Test Student 5 (TEST-6520): 411.1m
2026-03-16 14:09:53.338 | DEBUG    | utils.distance_utils:build_node_balltree:29 - Built BallTree with 7460 nodes
2026-03-16 14:09:53.340 | DEBUG    | utils.geo_utils:haversine_distance:20 - Haversine: (31.40454658844303, 73.14636523904765) → (31.404983, 73.1460277) = 58.1 m
2026-03-16 14:09:53.340 | DEBUG    | utils.distance_utils:find_nearest_road_point:56 - Nearest road node to (31.40454658844303, 73.14636523904765): (31.404983, 73.146028) — 58.1m
2026-03-16 14:09:53.340 | DEBUG    | utils.geo_utils:haversine_distance:20 - Haversine: (31.40454658844303, 73.14636523904765) → (31.404983, 73.1460277) = 58.1 m
2026-03-16 14:09:53.340 | DEBUG    | data_pipeline.stop_builder:snap_stops_to_roads:38 - Snapped Test Student 6 (TEST-7381): 58.1m
2026-03-16 14:09:53.366 | DEBUG    | utils.distance_utils:build_node_balltree:29 - Built BallTree with 7460 nodes
2026-03-16 14:09:53.368 | DEBUG    | utils.geo_utils:haversine_distance:20 - Haversine: (31.421274233165047, 73.08161667127081) → (31.4212389, 73.0816409) = 4.6 m
2026-03-16 14:09:53.368 | DEBUG    | utils.distance_utils:find_nearest_road_point:56 - Nearest road node to (31.421274233165047, 73.08161667127081): (31.421239, 73.081641) — 4.6m
2026-03-16 14:09:53.368 | DEBUG    | utils.geo_utils:haversine_distance:20 - Haversine: (31.421274233165047, 73.08161667127081) → (31.4212389, 73.0816409) = 4.6 m
2026-03-16 14:09:53.368 | DEBUG    | data_pipeline.stop_builder:snap_stops_to_roads:38 - Snapped Test Student 7 (TEST-2361): 4.6m
2026-03-16 14:09:53.393 | DEBUG    | utils.distance_utils:build_node_balltree:29 - Built BallTree with 7460 nodes
2026-03-16 14:09:53.394 | DEBUG    | utils.geo_utils:haversine_distance:20 - Haversine: (31.471541374996544, 73.18015119041905) → (31.4658821, 73.1813423) = 639.3 m
2026-03-16 14:09:53.394 | DEBUG    | utils.distance_utils:find_nearest_road_point:56 - Nearest road node to (31.471541374996544, 73.18015119041905): (31.465882, 73.181342) — 639.3m
2026-03-16 14:09:53.395 | DEBUG    | utils.geo_utils:haversine_distance:20 - Haversine: (31.471541374996544, 73.18015119041905) → (31.4658821, 73.1813423) = 639.3 m
2026-03-16 14:09:53.395 | DEBUG    | data_pipeline.stop_builder:snap_stops_to_roads:38 - Snapped Test Student 8 (TEST-3539): 639.3m
2026-03-16 14:09:53.416 | DEBUG    | utils.distance_utils:build_node_balltree:29 - Built BallTree with 7460 nodes
2026-03-16 14:09:53.418 | DEBUG    | utils.geo_utils:haversine_distance:20 - Haversine: (31.462991225546673, 73.18368262771163) → (31.4633642, 73.185041) = 135.3 m
2026-03-16 14:09:53.418 | DEBUG    | utils.distance_utils:find_nearest_road_point:56 - Nearest road node to (31.462991225546673, 73.18368262771163): (31.463364, 73.185041) — 135.3m
2026-03-16 14:09:53.418 | DEBUG    | utils.geo_utils:haversine_distance:20 - Haversine: (31.462991225546673, 73.18368262771163) → (31.4633642, 73.185041) = 135.3 m
2026-03-16 14:09:53.418 | DEBUG    | data_pipeline.stop_builder:snap_stops_to_roads:38 - Snapped Test Student 9 (TEST-5402): 135.3m
2026-03-16 14:09:53.444 | DEBUG    | utils.distance_utils:build_node_balltree:29 - Built BallTree with 7460 nodes
2026-03-16 14:09:53.446 | DEBUG    | utils.geo_utils:haversine_distance:20 - Haversine: (31.454509244866568, 73.0171669199355) → (31.4509199, 73.0172282) = 399.2 m
2026-03-16 14:09:53.446 | DEBUG    | utils.distance_utils:find_nearest_road_point:56 - Nearest road node to (31.454509244866568, 73.0171669199355): (31.450920, 73.017228) — 399.2m
2026-03-16 14:09:53.446 | DEBUG    | utils.geo_utils:haversine_distance:20 - Haversine: (31.454509244866568, 73.0171669199355) → (31.4509199, 73.0172282) = 399.2 m
2026-03-16 14:09:53.446 | DEBUG    | data_pipeline.stop_builder:snap_stops_to_roads:38 - Snapped Test Student 10 (TEST-5949): 399.2m
2026-03-16 14:09:53.467 | DEBUG    | utils.distance_utils:build_node_balltree:29 - Built BallTree with 7460 nodes
2026-03-16 14:09:53.468 | DEBUG    | utils.geo_utils:haversine_distance:20 - Haversine: (31.435283147809344, 73.0372506419147) → (31.4351755, 73.0374493) = 22.3 m
2026-03-16 14:09:53.468 | DEBUG    | utils.distance_utils:find_nearest_road_point:56 - Nearest road node to (31.435283147809344, 73.0372506419147): (31.435175, 73.037449) — 22.3m
2026-03-16 14:09:53.468 | DEBUG    | utils.geo_utils:haversine_distance:20 - Haversine: (31.435283147809344, 73.0372506419147) → (31.4351755, 73.0374493) = 22.3 m
2026-03-16 14:09:53.468 | DEBUG    | data_pipeline.stop_builder:snap_stops_to_roads:38 - Snapped Test Student 11 (TEST-6934): 22.3m
2026-03-16 14:09:53.492 | DEBUG    | utils.distance_utils:build_node_balltree:29 - Built BallTree with 7460 nodes
2026-03-16 14:09:53.494 | DEBUG    | utils.geo_utils:haversine_distance:20 - Haversine: (31.338969478374853, 73.04196590548838) → (31.3333726, 73.0422104) = 622.8 m
2026-03-16 14:09:53.494 | DEBUG    | utils.distance_utils:find_nearest_road_point:56 - Nearest road node to (31.338969478374853, 73.04196590548838): (31.333373, 73.042210) — 622.8m
2026-03-16 14:09:53.494 | DEBUG    | utils.geo_utils:haversine_distance:20 - Haversine: (31.338969478374853, 73.04196590548838) → (31.3333726, 73.0422104) = 622.8 m
2026-03-16 14:09:53.494 | DEBUG    | data_pipeline.stop_builder:snap_stops_to_roads:38 - Snapped Test Student 12 (TEST-1265): 622.8m
2026-03-16 14:09:53.520 | DEBUG    | utils.distance_utils:build_node_balltree:29 - Built BallTree with 7460 nodes
2026-03-16 14:09:53.524 | DEBUG    | utils.geo_utils:haversine_distance:20 - Haversine: (31.505407374514913, 73.10140619881646) → (31.5075199, 73.1005803) = 247.6 m
2026-03-16 14:09:53.524 | DEBUG    | utils.distance_utils:find_nearest_road_point:56 - Nearest road node to (31.505407374514913, 73.10140619881646): (31.507520, 73.100580) — 247.6m
2026-03-16 14:09:53.525 | DEBUG    | utils.geo_utils:haversine_distance:20 - Haversine: (31.505407374514913, 73.10140619881646) → (31.5075199, 73.1005803) = 247.6 m
2026-03-16 14:09:53.525 | DEBUG    | data_pipeline.stop_builder:snap_stops_to_roads:38 - Snapped Test Student 13 (TEST-3811): 247.6m
2026-03-16 14:09:53.551 | DEBUG    | utils.distance_utils:build_node_balltree:29 - Built BallTree with 7460 nodes
2026-03-16 14:09:53.554 | DEBUG    | utils.geo_utils:haversine_distance:20 - Haversine: (31.49770557766422, 73.19724787872693) → (31.5015436, 73.1935631) = 551.5 m
2026-03-16 14:09:53.554 | DEBUG    | utils.distance_utils:find_nearest_road_point:56 - Nearest road node to (31.49770557766422, 73.19724787872693): (31.501544, 73.193563) — 551.5m
2026-03-16 14:09:53.555 | DEBUG    | utils.geo_utils:haversine_distance:20 - Haversine: (31.49770557766422, 73.19724787872693) → (31.5015436, 73.1935631) = 551.5 m
2026-03-16 14:09:53.555 | DEBUG    | data_pipeline.stop_builder:snap_stops_to_roads:38 - Snapped Test Student 14 (TEST-3741): 551.5m
2026-03-16 14:09:53.583 | DEBUG    | utils.distance_utils:build_node_balltree:29 - Built BallTree with 7460 nodes
2026-03-16 14:09:53.585 | DEBUG    | utils.geo_utils:haversine_distance:20 - Haversine: (31.410508808523392, 73.1658002081659) → (31.4148239, 73.1645583) = 494.1 m
2026-03-16 14:09:53.585 | DEBUG    | utils.distance_utils:find_nearest_road_point:56 - Nearest road node to (31.410508808523392, 73.1658002081659): (31.414824, 73.164558) — 494.1m
2026-03-16 14:09:53.585 | DEBUG    | utils.geo_utils:haversine_distance:20 - Haversine: (31.410508808523392, 73.1658002081659) → (31.4148239, 73.1645583) = 494.1 m
2026-03-16 14:09:53.586 | DEBUG    | data_pipeline.stop_builder:snap_stops_to_roads:38 - Snapped Test Student 15 (TEST-3289): 494.1m
2026-03-16 14:09:53.614 | DEBUG    | utils.distance_utils:build_node_balltree:29 - Built BallTree with 7460 nodes
2026-03-16 14:09:53.615 | DEBUG    | utils.geo_utils:haversine_distance:20 - Haversine: (31.453846258864505, 73.19186046525185) → (31.4644729, 73.1882307) = 1230.8 m
2026-03-16 14:09:53.615 | DEBUG    | utils.distance_utils:find_nearest_road_point:56 - Nearest road node to (31.453846258864505, 73.19186046525185): (31.464473, 73.188231) — 1230.8m
2026-03-16 14:09:53.615 | DEBUG    | utils.geo_utils:haversine_distance:20 - Haversine: (31.453846258864505, 73.19186046525185) → (31.4644729, 73.1882307) = 1230.8 m
2026-03-16 14:09:53.615 | DEBUG    | data_pipeline.stop_builder:snap_stops_to_roads:38 - Snapped Test Student 16 (TEST-7780): 1230.8m
2026-03-16 14:09:53.642 | DEBUG    | utils.distance_utils:build_node_balltree:29 - Built BallTree with 7460 nodes
2026-03-16 14:09:53.643 | DEBUG    | utils.geo_utils:haversine_distance:20 - Haversine: (31.43255994006893, 73.09146942366137) → (31.4319273, 73.0907774) = 96.2 m
2026-03-16 14:09:53.644 | DEBUG    | utils.distance_utils:find_nearest_road_point:56 - Nearest road node to (31.43255994006893, 73.09146942366137): (31.431927, 73.090777) — 96.2m
2026-03-16 14:09:53.644 | DEBUG    | utils.geo_utils:haversine_distance:20 - Haversine: (31.43255994006893, 73.09146942366137) → (31.4319273, 73.0907774) = 96.2 m
2026-03-16 14:09:53.644 | DEBUG    | data_pipeline.stop_builder:snap_stops_to_roads:38 - Snapped Test Student 17 (TEST-9541): 96.2m
2026-03-16 14:09:53.669 | DEBUG    | utils.distance_utils:build_node_balltree:29 - Built BallTree with 7460 nodes
2026-03-16 14:09:53.671 | DEBUG    | utils.geo_utils:haversine_distance:20 - Haversine: (31.420894050774614, 73.04499703820537) → (31.4186759, 73.0443624) = 253.9 m
2026-03-16 14:09:53.671 | DEBUG    | utils.distance_utils:find_nearest_road_point:56 - Nearest road node to (31.420894050774614, 73.04499703820537): (31.418676, 73.044362) — 253.9m
2026-03-16 14:09:53.672 | DEBUG    | utils.geo_utils:haversine_distance:20 - Haversine: (31.420894050774614, 73.04499703820537) → (31.4186759, 73.0443624) = 253.9 m
2026-03-16 14:09:53.672 | DEBUG    | data_pipeline.stop_builder:snap_stops_to_roads:38 - Snapped Test Student 18 (TEST-6035): 253.9m
2026-03-16 14:09:53.702 | DEBUG    | utils.distance_utils:build_node_balltree:29 - Built BallTree with 7460 nodes
2026-03-16 14:09:53.704 | DEBUG    | utils.geo_utils:haversine_distance:20 - Haversine: (31.375966108321286, 73.0928831225039) → (31.3776138, 73.0904372) = 295.8 m
2026-03-16 14:09:53.704 | DEBUG    | utils.distance_utils:find_nearest_road_point:56 - Nearest road node to (31.375966108321286, 73.0928831225039): (31.377614, 73.090437) — 295.8m
2026-03-16 14:09:53.704 | DEBUG    | utils.geo_utils:haversine_distance:20 - Haversine: (31.375966108321286, 73.0928831225039) → (31.3776138, 73.0904372) = 295.8 m
2026-03-16 14:09:53.704 | DEBUG    | data_pipeline.stop_builder:snap_stops_to_roads:38 - Snapped Test Student 19 (TEST-4787): 295.8m
2026-03-16 14:09:53.725 | DEBUG    | utils.distance_utils:build_node_balltree:29 - Built BallTree with 7460 nodes
2026-03-16 14:09:53.726 | DEBUG    | utils.geo_utils:haversine_distance:20 - Haversine: (31.317031325416544, 73.19463764719963) → (31.311923, 73.1917425) = 631.1 m
2026-03-16 14:09:53.727 | DEBUG    | utils.distance_utils:find_nearest_road_point:56 - Nearest road node to (31.317031325416544, 73.19463764719963): (31.311923, 73.191743) — 631.1m
2026-03-16 14:09:53.727 | DEBUG    | utils.geo_utils:haversine_distance:20 - Haversine: (31.317031325416544, 73.19463764719963) → (31.311923, 73.1917425) = 631.1 m
2026-03-16 14:09:53.727 | DEBUG    | data_pipeline.stop_builder:snap_stops_to_roads:38 - Snapped Test Student 20 (TEST-2854): 631.1m
2026-03-16 14:09:53.755 | DEBUG    | utils.distance_utils:build_node_balltree:29 - Built BallTree with 7460 nodes
2026-03-16 14:09:53.757 | DEBUG    | utils.geo_utils:haversine_distance:20 - Haversine: (31.358964005746834, 73.18223009691991) → (31.3581158, 73.1846103) = 244.9 m
2026-03-16 14:09:53.757 | DEBUG    | utils.distance_utils:find_nearest_road_point:56 - Nearest road node to (31.358964005746834, 73.18223009691991): (31.358116, 73.184610) — 244.9m
2026-03-16 14:09:53.757 | DEBUG    | utils.geo_utils:haversine_distance:20 - Haversine: (31.358964005746834, 73.18223009691991) → (31.3581158, 73.1846103) = 244.9 m
2026-03-16 14:09:53.758 | DEBUG    | data_pipeline.stop_builder:snap_stops_to_roads:38 - Snapped Test Student 21 (TEST-9412): 244.9m
2026-03-16 14:09:53.781 | DEBUG    | utils.distance_utils:build_node_balltree:29 - Built BallTree with 7460 nodes
2026-03-16 14:09:53.783 | DEBUG    | utils.geo_utils:haversine_distance:20 - Haversine: (31.30626302932068, 73.04385574113304) → (31.307639, 73.0439916) = 153.5 m
2026-03-16 14:09:53.783 | DEBUG    | utils.distance_utils:find_nearest_road_point:56 - Nearest road node to (31.30626302932068, 73.04385574113304): (31.307639, 73.043992) — 153.5m
2026-03-16 14:09:53.783 | DEBUG    | utils.geo_utils:haversine_distance:20 - Haversine: (31.30626302932068, 73.04385574113304) → (31.307639, 73.0439916) = 153.5 m
2026-03-16 14:09:53.783 | DEBUG    | data_pipeline.stop_builder:snap_stops_to_roads:38 - Snapped Test Student 22 (TEST-1978): 153.5m
2026-03-16 14:09:53.806 | DEBUG    | utils.distance_utils:build_node_balltree:29 - Built BallTree with 7460 nodes
2026-03-16 14:09:53.807 | DEBUG    | utils.geo_utils:haversine_distance:20 - Haversine: (31.51642390521156, 73.10410284025417) → (31.5119632, 73.1053388) = 509.7 m
2026-03-16 14:09:53.807 | DEBUG    | utils.distance_utils:find_nearest_road_point:56 - Nearest road node to (31.51642390521156, 73.10410284025417): (31.511963, 73.105339) — 509.7m
2026-03-16 14:09:53.808 | DEBUG    | utils.geo_utils:haversine_distance:20 - Haversine: (31.51642390521156, 73.10410284025417) → (31.5119632, 73.1053388) = 509.7 m
2026-03-16 14:09:53.808 | DEBUG    | data_pipeline.stop_builder:snap_stops_to_roads:38 - Snapped Test Student 23 (TEST-7806): 509.7m
2026-03-16 14:09:53.829 | DEBUG    | utils.distance_utils:build_node_balltree:29 - Built BallTree with 7460 nodes
2026-03-16 14:09:53.830 | DEBUG    | utils.geo_utils:haversine_distance:20 - Haversine: (31.362837221310617, 73.11591751859528) → (31.3634161, 73.1141106) = 183.2 m
2026-03-16 14:09:53.830 | DEBUG    | utils.distance_utils:find_nearest_road_point:56 - Nearest road node to (31.362837221310617, 73.11591751859528): (31.363416, 73.114111) — 183.2m
2026-03-16 14:09:53.830 | DEBUG    | utils.geo_utils:haversine_distance:20 - Haversine: (31.362837221310617, 73.11591751859528) → (31.3634161, 73.1141106) = 183.2 m
2026-03-16 14:09:53.831 | DEBUG    | data_pipeline.stop_builder:snap_stops_to_roads:38 - Snapped Test Student 24 (TEST-4522): 183.2m
2026-03-16 14:09:53.853 | DEBUG    | utils.distance_utils:build_node_balltree:29 - Built BallTree with 7460 nodes
2026-03-16 14:09:53.854 | DEBUG    | utils.geo_utils:haversine_distance:20 - Haversine: (31.483879217724777, 73.14836129155259) → (31.484527, 73.1521663) = 367.9 m
2026-03-16 14:09:53.854 | DEBUG    | utils.distance_utils:find_nearest_road_point:56 - Nearest road node to (31.483879217724777, 73.14836129155259): (31.484527, 73.152166) — 367.9m
2026-03-16 14:09:53.855 | DEBUG    | utils.geo_utils:haversine_distance:20 - Haversine: (31.483879217724777, 73.14836129155259) → (31.484527, 73.1521663) = 367.9 m
2026-03-16 14:09:53.855 | DEBUG    | data_pipeline.stop_builder:snap_stops_to_roads:38 - Snapped Test Student 25 (TEST-1878): 367.9m
2026-03-16 14:09:53.877 | DEBUG    | utils.distance_utils:build_node_balltree:29 - Built BallTree with 7460 nodes
2026-03-16 14:09:53.878 | DEBUG    | utils.geo_utils:haversine_distance:20 - Haversine: (31.49899214065563, 73.01267256501768) → (31.4933345, 73.0175829) = 782.6 m
2026-03-16 14:09:53.879 | DEBUG    | utils.distance_utils:find_nearest_road_point:56 - Nearest road node to (31.49899214065563, 73.01267256501768): (31.493334, 73.017583) — 782.6m
2026-03-16 14:09:53.879 | DEBUG    | utils.geo_utils:haversine_distance:20 - Haversine: (31.49899214065563, 73.01267256501768) → (31.4933345, 73.0175829) = 782.6 m
2026-03-16 14:09:53.879 | DEBUG    | data_pipeline.stop_builder:snap_stops_to_roads:38 - Snapped Test Student 26 (TEST-4804): 782.6m
2026-03-16 14:09:53.900 | DEBUG    | utils.distance_utils:build_node_balltree:29 - Built BallTree with 7460 nodes
2026-03-16 14:09:53.902 | DEBUG    | utils.geo_utils:haversine_distance:20 - Haversine: (31.548342691203697, 73.01431024578238) → (31.5457488, 73.0148993) = 293.8 m
2026-03-16 14:09:53.903 | DEBUG    | utils.distance_utils:find_nearest_road_point:56 - Nearest road node to (31.548342691203697, 73.01431024578238): (31.545749, 73.014899) — 293.8m
2026-03-16 14:09:53.903 | DEBUG    | utils.geo_utils:haversine_distance:20 - Haversine: (31.548342691203697, 73.01431024578238) → (31.5457488, 73.0148993) = 293.8 m
2026-03-16 14:09:53.903 | DEBUG    | data_pipeline.stop_builder:snap_stops_to_roads:38 - Snapped Test Student 27 (TEST-2031): 293.8m
2026-03-16 14:09:53.921 | DEBUG    | utils.distance_utils:build_node_balltree:29 - Built BallTree with 7460 nodes
2026-03-16 14:09:53.923 | DEBUG    | utils.geo_utils:haversine_distance:20 - Haversine: (31.34234753351373, 73.04543903514217) → (31.3351052, 73.048939) = 871.2 m
2026-03-16 14:09:53.923 | DEBUG    | utils.distance_utils:find_nearest_road_point:56 - Nearest road node to (31.34234753351373, 73.04543903514217): (31.335105, 73.048939) — 871.2m
2026-03-16 14:09:53.923 | DEBUG    | utils.geo_utils:haversine_distance:20 - Haversine: (31.34234753351373, 73.04543903514217) → (31.3351052, 73.048939) = 871.2 m
2026-03-16 14:09:53.923 | DEBUG    | data_pipeline.stop_builder:snap_stops_to_roads:38 - Snapped Test Student 28 (TEST-3124): 871.2m
2026-03-16 14:09:53.947 | DEBUG    | utils.distance_utils:build_node_balltree:29 - Built BallTree with 7460 nodes
2026-03-16 14:09:53.950 | DEBUG    | utils.geo_utils:haversine_distance:20 - Haversine: (31.452158240231682, 73.1820548380496) → (31.4525861, 73.1780263) = 385.1 m
2026-03-16 14:09:53.950 | DEBUG    | utils.distance_utils:find_nearest_road_point:56 - Nearest road node to (31.452158240231682, 73.1820548380496): (31.452586, 73.178026) — 385.1m
2026-03-16 14:09:53.950 | DEBUG    | utils.geo_utils:haversine_distance:20 - Haversine: (31.452158240231682, 73.1820548380496) → (31.4525861, 73.1780263) = 385.1 m
2026-03-16 14:09:53.950 | DEBUG    | data_pipeline.stop_builder:snap_stops_to_roads:38 - Snapped Test Student 29 (TEST-9847): 385.1m
2026-03-16 14:09:53.971 | DEBUG    | utils.distance_utils:build_node_balltree:29 - Built BallTree with 7460 nodes
2026-03-16 14:09:53.973 | DEBUG    | utils.geo_utils:haversine_distance:20 - Haversine: (31.38131459029244, 73.18222219607327) → (31.3832892, 73.1836007) = 255.6 m
2026-03-16 14:09:53.973 | DEBUG    | utils.distance_utils:find_nearest_road_point:56 - Nearest road node to (31.38131459029244, 73.18222219607327): (31.383289, 73.183601) — 255.6m
2026-03-16 14:09:53.974 | DEBUG    | utils.geo_utils:haversine_distance:20 - Haversine: (31.38131459029244, 73.18222219607327) → (31.3832892, 73.1836007) = 255.6 m
2026-03-16 14:09:53.974 | DEBUG    | data_pipeline.stop_builder:snap_stops_to_roads:38 - Snapped Test Student 30 (TEST-6102): 255.6m
2026-03-16 14:09:53.975 | INFO     | data_pipeline.stop_builder:snap_stops_to_roads:47 - Snapping complete:
2026-03-16 14:09:53.975 | INFO     | data_pipeline.stop_builder:snap_stops_to_roads:48 -   Input stops: 30
2026-03-16 14:09:53.976 | INFO     | data_pipeline.stop_builder:snap_stops_to_roads:49 -   Snapped successfully: 30
2026-03-16 14:09:53.976 | INFO     | data_pipeline.stop_builder:snap_stops_to_roads:50 -   Skipped (too far): 0
2026-03-16 14:09:53.976 | DEBUG    | data_pipeline.stop_builder:snap_stops_to_roads:53 - First snapped stop example: {'student_id': 'test_001', 'name': 'Test Student 1', 'roll_no': 'TEST-6157', 'lat': 31.4592945, 'lng': 73.0629536, 'student_count': 1, 'contact': '03478060777', 'semester': 'Spring 2026', 'fee_status': 'unpaid', 'registration_status': 'pending', 'original_lat': 31.458413838955877, 'original_lng': 73.0637191090853, 'snap_distance_m': 121.91}
2026-03-16 14:09:53.976 | DEBUG    | utils.geo_utils:haversine_distance:20 - Haversine: (31.3058685, 73.1694728) → (31.4592945, 73.0629536) = 19831.7 m
2026-03-16 14:09:53.976 | DEBUG    | utils.geo_utils:haversine_distance:20 - Haversine: (31.3140734, 73.0226304) → (31.4592945, 73.0629536) = 16595.3 m
2026-03-16 14:09:53.976 | DEBUG    | utils.geo_utils:haversine_distance:20 - Haversine: (31.3140734, 73.0226304) → (31.3058685, 73.1694728) = 13980.0 m
2026-03-16 14:09:53.977 | DEBUG    | utils.geo_utils:haversine_distance:20 - Haversine: (31.5306679, 73.1126844) → (31.4592945, 73.0629536) = 9231.4 m
2026-03-16 14:09:53.977 | DEBUG    | utils.geo_utils:haversine_distance:20 - Haversine: (31.5306679, 73.1126844) → (31.3058685, 73.1694728) = 25570.8 m
2026-03-16 14:09:53.977 | DEBUG    | utils.geo_utils:haversine_distance:20 - Haversine: (31.5306679, 73.1126844) → (31.3140734, 73.0226304) = 25555.2 m
2026-03-16 14:09:53.977 | DEBUG    | utils.geo_utils:haversine_distance:20 - Haversine: (31.3760251, 73.034401) → (31.4592945, 73.0629536) = 9647.4 m
2026-03-16 14:09:53.977 | DEBUG    | utils.geo_utils:haversine_distance:20 - Haversine: (31.3760251, 73.034401) → (31.3058685, 73.1694728) = 15013.6 m
2026-03-16 14:09:53.977 | DEBUG    | utils.geo_utils:haversine_distance:20 - Haversine: (31.3760251, 73.034401) → (31.3140734, 73.0226304) = 6978.8 m
2026-03-16 14:09:53.977 | DEBUG    | utils.geo_utils:haversine_distance:20 - Haversine: (31.3760251, 73.034401) → (31.5306679, 73.1126844) = 18730.3 m
2026-03-16 14:09:53.977 | DEBUG    | utils.geo_utils:haversine_distance:20 - Haversine: (31.404983, 73.1460277) → (31.4592945, 73.0629536) = 9929.5 m
2026-03-16 14:09:53.977 | DEBUG    | utils.geo_utils:haversine_distance:20 - Haversine: (31.404983, 73.1460277) → (31.3058685, 73.1694728) = 11243.6 m
2026-03-16 14:09:53.977 | DEBUG    | utils.geo_utils:haversine_distance:20 - Haversine: (31.404983, 73.1460277) → (31.3140734, 73.0226304) = 15474.7 m
2026-03-16 14:09:53.977 | DEBUG    | utils.geo_utils:haversine_distance:20 - Haversine: (31.404983, 73.1460277) → (31.5306679, 73.1126844) = 14328.8 m
2026-03-16 14:09:53.977 | DEBUG    | utils.geo_utils:haversine_distance:20 - Haversine: (31.404983, 73.1460277) → (31.3760251, 73.034401) = 11074.1 m
2026-03-16 14:09:53.977 | DEBUG    | utils.geo_utils:haversine_distance:20 - Haversine: (31.4212389, 73.0816409) → (31.4592945, 73.0629536) = 4588.0 m
2026-03-16 14:09:53.978 | DEBUG    | utils.geo_utils:haversine_distance:20 - Haversine: (31.4212389, 73.0816409) → (31.3058685, 73.1694728) = 15300.9 m
2026-03-16 14:09:53.978 | DEBUG    | utils.geo_utils:haversine_distance:20 - Haversine: (31.4212389, 73.0816409) → (31.3140734, 73.0226304) = 13167.6 m
2026-03-16 14:09:53.978 | DEBUG    | utils.geo_utils:haversine_distance:20 - Haversine: (31.4212389, 73.0816409) → (31.5306679, 73.1126844) = 12519.0 m
2026-03-16 14:09:53.978 | DEBUG    | utils.geo_utils:haversine_distance:20 - Haversine: (31.4212389, 73.0816409) → (31.3760251, 73.034401) = 6736.4 m
2026-03-16 14:09:53.978 | DEBUG    | utils.geo_utils:haversine_distance:20 - Haversine: (31.4212389, 73.0816409) → (31.404983, 73.1460277) = 6371.9 m
2026-03-16 14:09:53.978 | DEBUG    | utils.geo_utils:haversine_distance:20 - Haversine: (31.4658821, 73.1813423) → (31.4592945, 73.0629536) = 11252.7 m
2026-03-16 14:09:53.978 | DEBUG    | utils.geo_utils:haversine_distance:20 - Haversine: (31.4658821, 73.1813423) → (31.3058685, 73.1694728) = 17828.3 m
2026-03-16 14:09:53.978 | DEBUG    | utils.geo_utils:haversine_distance:20 - Haversine: (31.4658821, 73.1813423) → (31.3140734, 73.0226304) = 22625.2 m
2026-03-16 14:09:53.978 | DEBUG    | utils.geo_utils:haversine_distance:20 - Haversine: (31.4658821, 73.1813423) → (31.5306679, 73.1126844) = 9709.2 m
2026-03-16 14:09:53.978 | DEBUG    | utils.geo_utils:haversine_distance:20 - Haversine: (31.4658821, 73.1813423) → (31.3760251, 73.034401) = 17153.6 m
2026-03-16 14:09:53.978 | DEBUG    | utils.geo_utils:haversine_distance:20 - Haversine: (31.4658821, 73.1813423) → (31.404983, 73.1460277) = 7555.2 m
2026-03-16 14:09:53.978 | DEBUG    | utils.geo_utils:haversine_distance:20 - Haversine: (31.4658821, 73.1813423) → (31.4212389, 73.0816409) = 10681.9 m
2026-03-16 14:09:53.978 | DEBUG    | utils.geo_utils:haversine_distance:20 - Haversine: (31.4633642, 73.185041) → (31.4592945, 73.0629536) = 11588.6 m
2026-03-16 14:09:53.978 | DEBUG    | utils.geo_utils:haversine_distance:20 - Haversine: (31.4633642, 73.185041) → (31.3058685, 73.1694728) = 17575.0 m
2026-03-16 14:09:53.978 | DEBUG    | utils.geo_utils:haversine_distance:20 - Haversine: (31.4633642, 73.185041) → (31.3140734, 73.0226304) = 22654.7 m
2026-03-16 14:09:53.978 | DEBUG    | utils.geo_utils:haversine_distance:20 - Haversine: (31.4633642, 73.185041) → (31.5306679, 73.1126844) = 10152.4 m
2026-03-16 14:09:53.978 | DEBUG    | utils.geo_utils:haversine_distance:20 - Haversine: (31.4633642, 73.185041) → (31.3760251, 73.034401) = 17281.3 m
2026-03-16 14:09:53.978 | DEBUG    | utils.geo_utils:haversine_distance:20 - Haversine: (31.4633642, 73.185041) → (31.404983, 73.1460277) = 7472.8 m
2026-03-16 14:09:53.978 | DEBUG    | utils.geo_utils:haversine_distance:20 - Haversine: (31.4633642, 73.185041) → (31.4212389, 73.0816409) = 10870.3 m
2026-03-16 14:09:53.978 | DEBUG    | utils.geo_utils:haversine_distance:20 - Haversine: (31.4633642, 73.185041) → (31.4658821, 73.1813423) = 448.8 m
2026-03-16 14:09:53.978 | DEBUG    | utils.geo_utils:haversine_distance:20 - Haversine: (31.4509199, 73.0172282) → (31.4592945, 73.0629536) = 4436.1 m
2026-03-16 14:09:53.978 | DEBUG    | utils.geo_utils:haversine_distance:20 - Haversine: (31.4509199, 73.0172282) → (31.3058685, 73.1694728) = 21657.1 m
2026-03-16 14:09:53.978 | DEBUG    | utils.geo_utils:haversine_distance:20 - Haversine: (31.4509199, 73.0172282) → (31.3140734, 73.0226304) = 15225.3 m
2026-03-16 14:09:53.978 | DEBUG    | utils.geo_utils:haversine_distance:20 - Haversine: (31.4509199, 73.0172282) → (31.5306679, 73.1126844) = 12671.0 m
2026-03-16 14:09:53.979 | DEBUG    | utils.geo_utils:haversine_distance:20 - Haversine: (31.4509199, 73.0172282) → (31.3760251, 73.034401) = 8485.9 m
2026-03-16 14:09:53.979 | DEBUG    | utils.geo_utils:haversine_distance:20 - Haversine: (31.4509199, 73.0172282) → (31.404983, 73.1460277) = 13245.3 m
2026-03-16 14:09:53.979 | DEBUG    | utils.geo_utils:haversine_distance:20 - Haversine: (31.4509199, 73.0172282) → (31.4212389, 73.0816409) = 6945.4 m
2026-03-16 14:09:53.979 | DEBUG    | utils.geo_utils:haversine_distance:20 - Haversine: (31.4509199, 73.0172282) → (31.4658821, 73.1813423) = 15655.1 m
2026-03-16 14:09:53.979 | DEBUG    | utils.geo_utils:haversine_distance:20 - Haversine: (31.4351755, 73.0374493) → (31.4592945, 73.0629536) = 3611.9 m
2026-03-16 14:09:53.979 | DEBUG    | utils.geo_utils:haversine_distance:20 - Haversine: (31.4351755, 73.0374493) → (31.3058685, 73.1694728) = 19074.7 m
2026-03-16 14:09:53.979 | DEBUG    | utils.geo_utils:haversine_distance:20 - Haversine: (31.4351755, 73.0374493) → (31.3140734, 73.0226304) = 13539.2 m
2026-03-16 14:09:53.979 | DEBUG    | utils.geo_utils:haversine_distance:20 - Haversine: (31.4351755, 73.0374493) → (31.5306679, 73.1126844) = 12792.4 m
2026-03-16 14:09:53.979 | DEBUG    | utils.geo_utils:haversine_distance:20 - Haversine: (31.4351755, 73.0374493) → (31.3760251, 73.034401) = 6583.6 m
2026-03-16 14:09:53.979 | DEBUG    | utils.geo_utils:haversine_distance:20 - Haversine: (31.4351755, 73.0374493) → (31.404983, 73.1460277) = 10836.2 m
2026-03-16 14:09:53.979 | DEBUG    | utils.geo_utils:haversine_distance:20 - Haversine: (31.4351755, 73.0374493) → (31.4212389, 73.0816409) = 4470.2 m
2026-03-16 14:09:53.979 | DEBUG    | utils.geo_utils:haversine_distance:20 - Haversine: (31.4351755, 73.0374493) → (31.4658821, 73.1813423) = 14070.2 m
2026-03-16 14:09:53.979 | DEBUG    | utils.geo_utils:haversine_distance:20 - Haversine: (31.4351755, 73.0374493) → (31.4509199, 73.0172282) = 2597.1 m
2026-03-16 14:09:53.979 | DEBUG    | utils.geo_utils:haversine_distance:20 - Haversine: (31.3333726, 73.0422104) → (31.4592945, 73.0629536) = 14139.6 m
2026-03-16 14:09:53.979 | DEBUG    | utils.geo_utils:haversine_distance:20 - Haversine: (31.3333726, 73.0422104) → (31.3058685, 73.1694728) = 12469.7 m
2026-03-16 14:09:53.979 | DEBUG    | utils.geo_utils:haversine_distance:20 - Haversine: (31.3333726, 73.0422104) → (31.3140734, 73.0226304) = 2839.8 m
2026-03-16 14:09:53.979 | DEBUG    | utils.geo_utils:haversine_distance:20 - Haversine: (31.3333726, 73.0422104) → (31.5306679, 73.1126844) = 22934.6 m
2026-03-16 14:09:53.979 | DEBUG    | utils.geo_utils:haversine_distance:20 - Haversine: (31.3333726, 73.0422104) → (31.3760251, 73.034401) = 4800.4 m
2026-03-16 14:09:53.979 | DEBUG    | utils.geo_utils:haversine_distance:20 - Haversine: (31.3333726, 73.0422104) → (31.404983, 73.1460277) = 12671.1 m
2026-03-16 14:09:53.980 | DEBUG    | utils.geo_utils:haversine_distance:20 - Haversine: (31.3333726, 73.0422104) → (31.4212389, 73.0816409) = 10462.8 m
2026-03-16 14:09:53.980 | DEBUG    | utils.geo_utils:haversine_distance:20 - Haversine: (31.3333726, 73.0422104) → (31.4658821, 73.1813423) = 19785.8 m
2026-03-16 14:09:53.980 | DEBUG    | utils.geo_utils:haversine_distance:20 - Haversine: (31.3333726, 73.0422104) → (31.4509199, 73.0172282) = 13284.0 m
2026-03-16 14:09:53.980 | DEBUG    | utils.geo_utils:haversine_distance:20 - Haversine: (31.3333726, 73.0422104) → (31.4351755, 73.0374493) = 11329.0 m
2026-03-16 14:09:53.980 | DEBUG    | utils.geo_utils:haversine_distance:20 - Haversine: (31.5075199, 73.1005803) → (31.4592945, 73.0629536) = 6441.0 m
2026-03-16 14:09:53.980 | DEBUG    | utils.geo_utils:haversine_distance:20 - Haversine: (31.5075199, 73.1005803) → (31.3058685, 73.1694728) = 23356.4 m
2026-03-16 14:09:53.980 | DEBUG    | utils.geo_utils:haversine_distance:20 - Haversine: (31.5075199, 73.1005803) → (31.3140734, 73.0226304) = 22746.7 m
2026-03-16 14:09:53.980 | DEBUG    | utils.geo_utils:haversine_distance:20 - Haversine: (31.5075199, 73.1005803) → (31.5306679, 73.1126844) = 2818.1 m
2026-03-16 14:09:53.980 | DEBUG    | utils.geo_utils:haversine_distance:20 - Haversine: (31.5075199, 73.1005803) → (31.3760251, 73.034401) = 15912.5 m
2026-03-16 14:09:53.980 | DEBUG    | utils.geo_utils:haversine_distance:20 - Haversine: (31.5075199, 73.1005803) → (31.404983, 73.1460277) = 12189.3 m
2026-03-16 14:09:53.980 | DEBUG    | utils.geo_utils:haversine_distance:20 - Haversine: (31.5075199, 73.1005803) → (31.4212389, 73.0816409) = 9760.7 m
2026-03-16 14:09:53.980 | DEBUG    | utils.geo_utils:haversine_distance:20 - Haversine: (31.5075199, 73.1005803) → (31.4658821, 73.1813423) = 8948.9 m
2026-03-16 14:09:53.980 | DEBUG    | utils.geo_utils:haversine_distance:20 - Haversine: (31.5075199, 73.1005803) → (31.4509199, 73.0172282) = 10103.9 m
2026-03-16 14:09:53.980 | DEBUG    | utils.geo_utils:haversine_distance:20 - Haversine: (31.5075199, 73.1005803) → (31.4351755, 73.0374493) = 10027.9 m
2026-03-16 14:09:53.980 | DEBUG    | utils.geo_utils:haversine_distance:20 - Haversine: (31.5075199, 73.1005803) → (31.3333726, 73.0422104) = 20140.8 m
2026-03-16 14:09:53.980 | DEBUG    | utils.geo_utils:haversine_distance:20 - Haversine: (31.5015436, 73.1935631) → (31.4592945, 73.0629536) = 13246.6 m
2026-03-16 14:09:53.980 | DEBUG    | utils.geo_utils:haversine_distance:20 - Haversine: (31.5015436, 73.1935631) → (31.3058685, 73.1694728) = 21877.9 m
2026-03-16 14:09:53.980 | DEBUG    | utils.geo_utils:haversine_distance:20 - Haversine: (31.5015436, 73.1935631) → (31.3140734, 73.0226304) = 26413.9 m
2026-03-16 14:09:53.980 | DEBUG    | utils.geo_utils:haversine_distance:20 - Haversine: (31.5015436, 73.1935631) → (31.5306679, 73.1126844) = 8322.6 m
2026-03-16 14:09:53.980 | DEBUG    | utils.geo_utils:haversine_distance:20 - Haversine: (31.5015436, 73.1935631) → (31.3760251, 73.034401) = 20562.2 m
2026-03-16 14:09:53.980 | DEBUG    | utils.geo_utils:haversine_distance:20 - Haversine: (31.5015436, 73.1935631) → (31.404983, 73.1460277) = 11645.4 m
2026-03-16 14:09:53.980 | DEBUG    | utils.geo_utils:haversine_distance:20 - Haversine: (31.5015436, 73.1935631) → (31.4212389, 73.0816409) = 13871.8 m
2026-03-16 14:09:53.981 | DEBUG    | utils.geo_utils:haversine_distance:20 - Haversine: (31.5015436, 73.1935631) → (31.4658821, 73.1813423) = 4131.2 m
2026-03-16 14:09:53.981 | DEBUG    | utils.geo_utils:haversine_distance:20 - Haversine: (31.5015436, 73.1935631) → (31.4509199, 73.0172282) = 17644.4 m
2026-03-16 14:09:53.981 | DEBUG    | utils.geo_utils:haversine_distance:20 - Haversine: (31.5015436, 73.1935631) → (31.4351755, 73.0374493) = 16543.3 m
2026-03-16 14:09:53.981 | DEBUG    | utils.geo_utils:haversine_distance:20 - Haversine: (31.5015436, 73.1935631) → (31.3333726, 73.0422104) = 23578.7 m
2026-03-16 14:09:53.981 | DEBUG    | utils.geo_utils:haversine_distance:20 - Haversine: (31.5015436, 73.1935631) → (31.5075199, 73.1005803) = 8840.2 m
2026-03-16 14:09:53.981 | DEBUG    | utils.geo_utils:haversine_distance:20 - Haversine: (31.4148239, 73.1645583) → (31.4592945, 73.0629536) = 10833.9 m
2026-03-16 14:09:53.981 | DEBUG    | utils.geo_utils:haversine_distance:20 - Haversine: (31.4148239, 73.1645583) → (31.3058685, 73.1694728) = 12124.3 m
2026-03-16 14:09:53.981 | DEBUG    | utils.geo_utils:haversine_distance:20 - Haversine: (31.4148239, 73.1645583) → (31.3140734, 73.0226304) = 17524.2 m
2026-03-16 14:09:53.981 | DEBUG    | utils.geo_utils:haversine_distance:20 - Haversine: (31.4148239, 73.1645583) → (31.5306679, 73.1126844) = 13788.7 m
2026-03-16 14:09:53.981 | DEBUG    | utils.geo_utils:haversine_distance:20 - Haversine: (31.4148239, 73.1645583) → (31.3760251, 73.034401) = 13085.5 m
2026-03-16 14:09:53.981 | DEBUG    | utils.geo_utils:haversine_distance:20 - Haversine: (31.4148239, 73.1645583) → (31.404983, 73.1460277) = 2071.2 m
2026-03-16 14:09:53.981 | DEBUG    | utils.geo_utils:haversine_distance:20 - Haversine: (31.4148239, 73.1645583) → (31.4212389, 73.0816409) = 7900.5 m
2026-03-16 14:09:53.982 | DEBUG    | utils.geo_utils:haversine_distance:20 - Haversine: (31.4148239, 73.1645583) → (31.4658821, 73.1813423) = 5896.5 m
2026-03-16 14:09:53.982 | DEBUG    | utils.geo_utils:haversine_distance:20 - Haversine: (31.4148239, 73.1645583) → (31.4509199, 73.0172282) = 14543.1 m
2026-03-16 14:09:53.982 | DEBUG    | utils.geo_utils:haversine_distance:20 - Haversine: (31.4148239, 73.1645583) → (31.4351755, 73.0374493) = 12271.2 m
2026-03-16 14:09:53.982 | DEBUG    | utils.geo_utils:haversine_distance:20 - Haversine: (31.4148239, 73.1645583) → (31.3333726, 73.0422104) = 14729.0 m
2026-03-16 14:09:53.982 | DEBUG    | utils.geo_utils:haversine_distance:20 - Haversine: (31.4148239, 73.1645583) → (31.5075199, 73.1005803) = 11960.9 m
2026-03-16 14:09:53.982 | DEBUG    | utils.geo_utils:haversine_distance:20 - Haversine: (31.4148239, 73.1645583) → (31.5015436, 73.1935631) = 10027.6 m
2026-03-16 14:09:53.982 | DEBUG    | utils.geo_utils:haversine_distance:20 - Haversine: (31.4644729, 73.1882307) → (31.4592945, 73.0629536) = 11896.2 m
2026-03-16 14:09:53.982 | DEBUG    | utils.geo_utils:haversine_distance:20 - Haversine: (31.4644729, 73.1882307) → (31.3058685, 73.1694728) = 17725.7 m
2026-03-16 14:09:53.982 | DEBUG    | utils.geo_utils:haversine_distance:20 - Haversine: (31.4644729, 73.1882307) → (31.3140734, 73.0226304) = 22951.4 m
2026-03-16 14:09:53.982 | DEBUG    | utils.geo_utils:haversine_distance:20 - Haversine: (31.4644729, 73.1882307) → (31.5306679, 73.1126844) = 10270.4 m
2026-03-16 14:09:53.982 | DEBUG    | utils.geo_utils:haversine_distance:20 - Haversine: (31.4644729, 73.1882307) → (31.3760251, 73.034401) = 17601.0 m
2026-03-16 14:09:53.982 | DEBUG    | utils.geo_utils:haversine_distance:20 - Haversine: (31.4644729, 73.1882307) → (31.404983, 73.1460277) = 7732.4 m
2026-03-16 14:09:53.983 | DEBUG    | utils.geo_utils:haversine_distance:20 - Haversine: (31.4644729, 73.1882307) → (31.4212389, 73.0816409) = 11196.5 m
2026-03-16 14:09:53.983 | DEBUG    | utils.geo_utils:haversine_distance:20 - Haversine: (31.4644729, 73.1882307) → (31.4658821, 73.1813423) = 671.9 m
2026-03-16 14:09:53.983 | DEBUG    | utils.geo_utils:haversine_distance:20 - Haversine: (31.4319273, 73.0907774) → (31.4592945, 73.0629536) = 4028.3 m
2026-03-16 14:09:53.983 | DEBUG    | utils.geo_utils:haversine_distance:20 - Haversine: (31.4319273, 73.0907774) → (31.3058685, 73.1694728) = 15884.0 m
2026-03-16 14:09:53.983 | DEBUG    | utils.geo_utils:haversine_distance:20 - Haversine: (31.4319273, 73.0907774) → (31.3140734, 73.0226304) = 14614.8 m
2026-03-16 14:09:53.983 | DEBUG    | utils.geo_utils:haversine_distance:20 - Haversine: (31.4319273, 73.0907774) → (31.5306679, 73.1126844) = 11174.3 m
2026-03-16 14:09:53.983 | DEBUG    | utils.geo_utils:haversine_distance:20 - Haversine: (31.4319273, 73.0907774) → (31.3760251, 73.034401) = 8201.6 m
2026-03-16 14:09:53.983 | DEBUG    | utils.geo_utils:haversine_distance:20 - Haversine: (31.4319273, 73.0907774) → (31.404983, 73.1460277) = 6038.5 m
2026-03-16 14:09:53.983 | DEBUG    | utils.geo_utils:haversine_distance:20 - Haversine: (31.4319273, 73.0907774) → (31.4212389, 73.0816409) = 1471.1 m
2026-03-16 14:09:53.983 | DEBUG    | utils.geo_utils:haversine_distance:20 - Haversine: (31.4319273, 73.0907774) → (31.4658821, 73.1813423) = 9384.1 m
2026-03-16 14:09:53.983 | DEBUG    | utils.geo_utils:haversine_distance:20 - Haversine: (31.4319273, 73.0907774) → (31.4509199, 73.0172282) = 7290.1 m
2026-03-16 14:09:53.984 | DEBUG    | utils.geo_utils:haversine_distance:20 - Haversine: (31.4319273, 73.0907774) → (31.4351755, 73.0374493) = 5072.5 m
2026-03-16 14:09:53.984 | DEBUG    | utils.geo_utils:haversine_distance:20 - Haversine: (31.4319273, 73.0907774) → (31.3333726, 73.0422104) = 11889.1 m
2026-03-16 14:09:53.984 | DEBUG    | utils.geo_utils:haversine_distance:20 - Haversine: (31.4319273, 73.0907774) → (31.5075199, 73.1005803) = 8456.8 m
2026-03-16 14:09:53.984 | DEBUG    | utils.geo_utils:haversine_distance:20 - Haversine: (31.4319273, 73.0907774) → (31.5015436, 73.1935631) = 12448.1 m
2026-03-16 14:09:53.985 | DEBUG    | utils.geo_utils:haversine_distance:20 - Haversine: (31.4319273, 73.0907774) → (31.4148239, 73.1645583) = 7254.6 m
2026-03-16 14:09:53.985 | DEBUG    | utils.geo_utils:haversine_distance:20 - Haversine: (31.4186759, 73.0443624) → (31.4592945, 73.0629536) = 4848.8 m
2026-03-16 14:09:53.985 | DEBUG    | utils.geo_utils:haversine_distance:20 - Haversine: (31.4186759, 73.0443624) → (31.3058685, 73.1694728) = 17275.8 m
2026-03-16 14:09:53.985 | DEBUG    | utils.geo_utils:haversine_distance:20 - Haversine: (31.4186759, 73.0443624) → (31.3140734, 73.0226304) = 11812.9 m
2026-03-16 14:09:53.985 | DEBUG    | utils.geo_utils:haversine_distance:20 - Haversine: (31.4186759, 73.0443624) → (31.5306679, 73.1126844) = 14037.7 m
2026-03-16 14:09:53.985 | DEBUG    | utils.geo_utils:haversine_distance:20 - Haversine: (31.4186759, 73.0443624) → (31.3760251, 73.034401) = 4835.9 m
2026-03-16 14:09:53.985 | DEBUG    | utils.geo_utils:haversine_distance:20 - Haversine: (31.4186759, 73.0443624) → (31.404983, 73.1460277) = 9767.3 m
2026-03-16 14:09:53.985 | DEBUG    | utils.geo_utils:haversine_distance:20 - Haversine: (31.4186759, 73.0443624) → (31.4212389, 73.0816409) = 3548.8 m
2026-03-16 14:09:53.985 | DEBUG    | utils.geo_utils:haversine_distance:20 - Haversine: (31.4186759, 73.0443624) → (31.4658821, 73.1813423) = 14015.1 m
2026-03-16 14:09:53.985 | DEBUG    | utils.geo_utils:haversine_distance:20 - Haversine: (31.4186759, 73.0443624) → (31.4509199, 73.0172282) = 4413.9 m
2026-03-16 14:09:53.986 | DEBUG    | utils.geo_utils:haversine_distance:20 - Haversine: (31.4186759, 73.0443624) → (31.4351755, 73.0374493) = 1948.4 m
2026-03-16 14:09:53.986 | DEBUG    | utils.geo_utils:haversine_distance:20 - Haversine: (31.4186759, 73.0443624) → (31.3333726, 73.0422104) = 9487.5 m
2026-03-16 14:09:53.986 | DEBUG    | utils.geo_utils:haversine_distance:20 - Haversine: (31.4186759, 73.0443624) → (31.5075199, 73.1005803) = 11226.1 m
2026-03-16 14:09:53.986 | DEBUG    | utils.geo_utils:haversine_distance:20 - Haversine: (31.4186759, 73.0443624) → (31.5015436, 73.1935631) = 16887.1 m
2026-03-16 14:09:53.986 | DEBUG    | utils.geo_utils:haversine_distance:20 - Haversine: (31.4186759, 73.0443624) → (31.4148239, 73.1645583) = 11413.9 m
2026-03-16 14:09:53.986 | DEBUG    | utils.geo_utils:haversine_distance:20 - Haversine: (31.4186759, 73.0443624) → (31.4319273, 73.0907774) = 4644.0 m
2026-03-16 14:09:53.986 | DEBUG    | utils.geo_utils:haversine_distance:20 - Haversine: (31.3776138, 73.0904372) → (31.4592945, 73.0629536) = 9449.5 m
2026-03-16 14:09:53.986 | DEBUG    | utils.geo_utils:haversine_distance:20 - Haversine: (31.3776138, 73.0904372) → (31.3058685, 73.1694728) = 10953.7 m
2026-03-16 14:09:53.987 | DEBUG    | utils.geo_utils:haversine_distance:20 - Haversine: (31.3776138, 73.0904372) → (31.3140734, 73.0226304) = 9559.5 m
2026-03-16 14:09:53.996 | DEBUG    | utils.geo_utils:haversine_distance:20 - Haversine: (31.3776138, 73.0904372) → (31.5306679, 73.1126844) = 17149.2 m
2026-03-16 14:09:53.997 | DEBUG    | utils.geo_utils:haversine_distance:20 - Haversine: (31.3776138, 73.0904372) → (31.3760251, 73.034401) = 5322.7 m
2026-03-16 14:09:53.997 | DEBUG    | utils.geo_utils:haversine_distance:20 - Haversine: (31.3776138, 73.0904372) → (31.404983, 73.1460277) = 6091.3 m
2026-03-16 14:09:53.997 | DEBUG    | utils.geo_utils:haversine_distance:20 - Haversine: (31.3776138, 73.0904372) → (31.4212389, 73.0816409) = 4922.2 m
2026-03-16 14:09:53.997 | DEBUG    | utils.geo_utils:haversine_distance:20 - Haversine: (31.3776138, 73.0904372) → (31.4658821, 73.1813423) = 13066.7 m
2026-03-16 14:09:53.997 | DEBUG    | utils.geo_utils:haversine_distance:20 - Haversine: (31.3776138, 73.0904372) → (31.4509199, 73.0172282) = 10710.2 m
2026-03-16 14:09:53.997 | DEBUG    | utils.geo_utils:haversine_distance:20 - Haversine: (31.3776138, 73.0904372) → (31.4351755, 73.0374493) = 8139.8 m
2026-03-16 14:09:53.998 | DEBUG    | utils.geo_utils:haversine_distance:20 - Haversine: (31.3776138, 73.0904372) → (31.3333726, 73.0422104) = 6721.0 m
2026-03-16 14:09:53.998 | DEBUG    | utils.geo_utils:haversine_distance:20 - Haversine: (31.3776138, 73.0904372) → (31.5075199, 73.1005803) = 14476.9 m
2026-03-16 14:09:53.998 | DEBUG    | utils.geo_utils:haversine_distance:20 - Haversine: (31.3776138, 73.0904372) → (31.5015436, 73.1935631) = 16900.2 m
2026-03-16 14:09:53.998 | DEBUG    | utils.geo_utils:haversine_distance:20 - Haversine: (31.3776138, 73.0904372) → (31.4148239, 73.1645583) = 8161.7 m
2026-03-16 14:09:53.998 | DEBUG    | utils.geo_utils:haversine_distance:20 - Haversine: (31.3776138, 73.0904372) → (31.4319273, 73.0907774) = 6039.5 m
2026-03-16 14:09:53.999 | DEBUG    | utils.geo_utils:haversine_distance:20 - Haversine: (31.3776138, 73.0904372) → (31.4186759, 73.0443624) = 6322.3 m
2026-03-16 14:09:53.999 | DEBUG    | utils.geo_utils:haversine_distance:20 - Haversine: (31.311923, 73.1917425) → (31.4592945, 73.0629536) = 20444.8 m
2026-03-16 14:09:53.999 | DEBUG    | utils.geo_utils:haversine_distance:20 - Haversine: (31.311923, 73.1917425) → (31.3058685, 73.1694728) = 2220.2 m
2026-03-16 14:09:53.999 | DEBUG    | utils.geo_utils:haversine_distance:20 - Haversine: (31.311923, 73.1917425) → (31.3140734, 73.0226304) = 16067.2 m
2026-03-16 14:09:53.999 | DEBUG    | utils.geo_utils:haversine_distance:20 - Haversine: (31.311923, 73.1917425) → (31.5306679, 73.1126844) = 25453.9 m
2026-03-16 14:09:53.999 | DEBUG    | utils.geo_utils:haversine_distance:20 - Haversine: (31.311923, 73.1917425) → (31.3760251, 73.034401) = 16555.3 m
2026-03-16 14:09:53.999 | DEBUG    | utils.geo_utils:haversine_distance:20 - Haversine: (31.311923, 73.1917425) → (31.404983, 73.1460277) = 11221.4 m
2026-03-16 14:09:53.999 | DEBUG    | utils.geo_utils:haversine_distance:20 - Haversine: (31.311923, 73.1917425) → (31.4212389, 73.0816409) = 16032.1 m
2026-03-16 14:09:53.999 | DEBUG    | utils.geo_utils:haversine_distance:20 - Haversine: (31.311923, 73.1917425) → (31.4658821, 73.1813423) = 17147.9 m
2026-03-16 14:09:54.000 | DEBUG    | utils.geo_utils:haversine_distance:20 - Haversine: (31.311923, 73.1917425) → (31.4509199, 73.0172282) = 22656.8 m
2026-03-16 14:09:54.000 | DEBUG    | utils.geo_utils:haversine_distance:20 - Haversine: (31.311923, 73.1917425) → (31.4351755, 73.0374493) = 20059.8 m
2026-03-16 14:09:54.000 | DEBUG    | utils.geo_utils:haversine_distance:20 - Haversine: (31.311923, 73.1917425) → (31.3333726, 73.0422104) = 14402.7 m
2026-03-16 14:09:54.000 | DEBUG    | utils.geo_utils:haversine_distance:20 - Haversine: (31.311923, 73.1917425) → (31.5075199, 73.1005803) = 23406.9 m
2026-03-16 14:09:54.001 | DEBUG    | utils.geo_utils:haversine_distance:20 - Haversine: (31.311923, 73.1917425) → (31.5015436, 73.1935631) = 21085.6 m
2026-03-16 14:09:54.001 | DEBUG    | utils.geo_utils:haversine_distance:20 - Haversine: (31.311923, 73.1917425) → (31.4148239, 73.1645583) = 11729.6 m
2026-03-16 14:09:54.001 | DEBUG    | utils.geo_utils:haversine_distance:20 - Haversine: (31.311923, 73.1917425) → (31.4319273, 73.0907774) = 16429.9 m
2026-03-16 14:09:54.001 | DEBUG    | utils.geo_utils:haversine_distance:20 - Haversine: (31.311923, 73.1917425) → (31.4186759, 73.0443624) = 18349.7 m
2026-03-16 14:09:54.001 | DEBUG    | utils.geo_utils:haversine_distance:20 - Haversine: (31.311923, 73.1917425) → (31.3776138, 73.0904372) = 12079.4 m
2026-03-16 14:09:54.001 | DEBUG    | utils.geo_utils:haversine_distance:20 - Haversine: (31.3581158, 73.1846103) → (31.4592945, 73.0629536) = 16120.5 m
2026-03-16 14:09:54.001 | DEBUG    | utils.geo_utils:haversine_distance:20 - Haversine: (31.3581158, 73.1846103) → (31.3058685, 73.1694728) = 5984.9 m
2026-03-16 14:09:54.002 | DEBUG    | utils.geo_utils:haversine_distance:20 - Haversine: (31.3581158, 73.1846103) → (31.3140734, 73.0226304) = 16144.7 m
2026-03-16 14:09:54.002 | DEBUG    | utils.geo_utils:haversine_distance:20 - Haversine: (31.3581158, 73.1846103) → (31.5306679, 73.1126844) = 20364.1 m
2026-03-16 14:09:54.002 | DEBUG    | utils.geo_utils:haversine_distance:20 - Haversine: (31.3581158, 73.1846103) → (31.3760251, 73.034401) = 14399.8 m
2026-03-16 14:09:54.002 | DEBUG    | utils.geo_utils:haversine_distance:20 - Haversine: (31.3581158, 73.1846103) → (31.404983, 73.1460277) = 6369.7 m
2026-03-16 14:09:54.002 | DEBUG    | utils.geo_utils:haversine_distance:20 - Haversine: (31.3581158, 73.1846103) → (31.4212389, 73.0816409) = 12033.1 m
2026-03-16 14:09:54.002 | DEBUG    | utils.geo_utils:haversine_distance:20 - Haversine: (31.3581158, 73.1846103) → (31.4658821, 73.1813423) = 11987.1 m
2026-03-16 14:09:54.002 | DEBUG    | utils.geo_utils:haversine_distance:20 - Haversine: (31.3581158, 73.1846103) → (31.4509199, 73.0172282) = 18943.1 m
2026-03-16 14:09:54.002 | DEBUG    | utils.geo_utils:haversine_distance:20 - Haversine: (31.3581158, 73.1846103) → (31.4351755, 73.0374493) = 16386.5 m
2026-03-16 14:09:54.002 | DEBUG    | utils.geo_utils:haversine_distance:20 - Haversine: (31.3581158, 73.1846103) → (31.3333726, 73.0422104) = 13800.1 m
2026-03-16 14:09:54.002 | DEBUG    | utils.geo_utils:haversine_distance:20 - Haversine: (31.3581158, 73.1846103) → (31.5075199, 73.1005803) = 18426.9 m
2026-03-16 14:09:54.003 | DEBUG    | utils.geo_utils:haversine_distance:20 - Haversine: (31.3581158, 73.1846103) → (31.5015436, 73.1935631) = 15971.0 m
2026-03-16 14:09:54.003 | DEBUG    | utils.geo_utils:haversine_distance:20 - Haversine: (31.3581158, 73.1846103) → (31.4148239, 73.1645583) = 6586.7 m
2026-03-16 14:09:54.003 | DEBUG    | utils.geo_utils:haversine_distance:20 - Haversine: (31.3581158, 73.1846103) → (31.4319273, 73.0907774) = 12111.3 m
2026-03-16 14:09:54.003 | DEBUG    | utils.geo_utils:haversine_distance:20 - Haversine: (31.3581158, 73.1846103) → (31.4186759, 73.0443624) = 14918.9 m
2026-03-16 14:09:54.003 | DEBUG    | utils.geo_utils:haversine_distance:20 - Haversine: (31.3581158, 73.1846103) → (31.3776138, 73.0904372) = 9200.2 m
2026-03-16 14:09:54.003 | DEBUG    | utils.geo_utils:haversine_distance:20 - Haversine: (31.3581158, 73.1846103) → (31.311923, 73.1917425) = 5180.9 m
2026-03-16 14:09:54.003 | DEBUG    | utils.geo_utils:haversine_distance:20 - Haversine: (31.307639, 73.0439916) → (31.4592945, 73.0629536) = 16959.1 m
2026-03-16 14:09:54.003 | DEBUG    | utils.geo_utils:haversine_distance:20 - Haversine: (31.307639, 73.0439916) → (31.3058685, 73.1694728) = 11922.9 m
2026-03-16 14:09:54.003 | DEBUG    | utils.geo_utils:haversine_distance:20 - Haversine: (31.307639, 73.0439916) → (31.3140734, 73.0226304) = 2151.8 m
2026-03-16 14:09:54.003 | DEBUG    | utils.geo_utils:haversine_distance:20 - Haversine: (31.307639, 73.0439916) → (31.5306679, 73.1126844) = 25642.0 m
2026-03-16 14:09:54.003 | DEBUG    | utils.geo_utils:haversine_distance:20 - Haversine: (31.307639, 73.0439916) → (31.3760251, 73.034401) = 7658.5 m
2026-03-16 14:09:54.003 | DEBUG    | utils.geo_utils:haversine_distance:20 - Haversine: (31.307639, 73.0439916) → (31.404983, 73.1460277) = 14527.1 m
2026-03-16 14:09:54.003 | DEBUG    | utils.geo_utils:haversine_distance:20 - Haversine: (31.307639, 73.0439916) → (31.4212389, 73.0816409) = 13127.8 m
2026-03-16 14:09:54.004 | DEBUG    | utils.geo_utils:haversine_distance:20 - Haversine: (31.307639, 73.0439916) → (31.4658821, 73.1813423) = 21899.7 m
2026-03-16 14:09:54.004 | DEBUG    | utils.geo_utils:haversine_distance:20 - Haversine: (31.307639, 73.0439916) → (31.4509199, 73.0172282) = 16133.4 m
2026-03-16 14:09:54.004 | DEBUG    | utils.geo_utils:haversine_distance:20 - Haversine: (31.307639, 73.0439916) → (31.4351755, 73.0374493) = 14195.0 m
2026-03-16 14:09:54.004 | DEBUG    | utils.geo_utils:haversine_distance:20 - Haversine: (31.307639, 73.0439916) → (31.3333726, 73.0422104) = 2866.4 m
2026-03-16 14:09:54.004 | DEBUG    | utils.geo_utils:haversine_distance:20 - Haversine: (31.307639, 73.0439916) → (31.5075199, 73.1005803) = 22865.4 m
2026-03-16 14:09:54.004 | DEBUG    | utils.geo_utils:haversine_distance:20 - Haversine: (31.307639, 73.0439916) → (31.5015436, 73.1935631) = 25814.5 m
2026-03-16 14:09:54.005 | DEBUG    | utils.geo_utils:haversine_distance:20 - Haversine: (31.307639, 73.0439916) → (31.4148239, 73.1645583) = 16525.7 m
2026-03-16 14:09:54.005 | DEBUG    | utils.geo_utils:haversine_distance:20 - Haversine: (31.307639, 73.0439916) → (31.4319273, 73.0907774) = 14516.5 m
2026-03-16 14:09:54.005 | DEBUG    | utils.geo_utils:haversine_distance:20 - Haversine: (31.307639, 73.0439916) → (31.4186759, 73.0443624) = 12346.8 m
2026-03-16 14:09:54.005 | DEBUG    | utils.geo_utils:haversine_distance:20 - Haversine: (31.307639, 73.0439916) → (31.3776138, 73.0904372) = 8944.1 m
2026-03-16 14:09:54.005 | DEBUG    | utils.geo_utils:haversine_distance:20 - Haversine: (31.307639, 73.0439916) → (31.311923, 73.1917425) = 14044.7 m
2026-03-16 14:09:54.005 | DEBUG    | utils.geo_utils:haversine_distance:20 - Haversine: (31.307639, 73.0439916) → (31.3581158, 73.1846103) = 14487.2 m
2026-03-16 14:09:54.005 | DEBUG    | utils.geo_utils:haversine_distance:20 - Haversine: (31.5119632, 73.1053388) → (31.4592945, 73.0629536) = 7102.9 m
2026-03-16 14:09:54.006 | DEBUG    | utils.geo_utils:haversine_distance:20 - Haversine: (31.5119632, 73.1053388) → (31.3058685, 73.1694728) = 23711.2 m
2026-03-16 14:09:54.007 | DEBUG    | utils.geo_utils:haversine_distance:20 - Haversine: (31.5119632, 73.1053388) → (31.3140734, 73.0226304) = 23362.2 m
2026-03-16 14:09:54.007 | DEBUG    | utils.geo_utils:haversine_distance:20 - Haversine: (31.5119632, 73.1053388) → (31.5306679, 73.1126844) = 2193.3 m
2026-03-16 14:09:54.008 | DEBUG    | utils.geo_utils:haversine_distance:20 - Haversine: (31.5119632, 73.1053388) → (31.3760251, 73.034401) = 16546.0 m
2026-03-16 14:09:54.008 | DEBUG    | utils.geo_utils:haversine_distance:20 - Haversine: (31.5119632, 73.1053388) → (31.404983, 73.1460277) = 12506.1 m
2026-03-16 14:09:54.008 | DEBUG    | utils.geo_utils:haversine_distance:20 - Haversine: (31.5119632, 73.1053388) → (31.4212389, 73.0816409) = 10335.4 m
2026-03-16 14:09:54.008 | DEBUG    | utils.geo_utils:haversine_distance:20 - Haversine: (31.5119632, 73.1053388) → (31.4658821, 73.1813423) = 8842.6 m
2026-03-16 14:09:54.008 | DEBUG    | utils.geo_utils:haversine_distance:20 - Haversine: (31.5119632, 73.1053388) → (31.4509199, 73.0172282) = 10765.0 m
2026-03-16 14:09:54.008 | DEBUG    | utils.geo_utils:haversine_distance:20 - Haversine: (31.5119632, 73.1053388) → (31.4351755, 73.0374493) = 10693.8 m
2026-03-16 14:09:54.008 | DEBUG    | utils.geo_utils:haversine_distance:20 - Haversine: (31.5119632, 73.1053388) → (31.3333726, 73.0422104) = 20742.1 m
2026-03-16 14:09:54.009 | DEBUG    | utils.geo_utils:haversine_distance:20 - Haversine: (31.5119632, 73.1053388) → (31.5075199, 73.1005803) = 669.0 m
2026-03-16 14:09:54.009 | DEBUG    | utils.geo_utils:haversine_distance:20 - Haversine: (31.3634161, 73.1141106) → (31.4592945, 73.0629536) = 11714.5 m
2026-03-16 14:09:54.009 | DEBUG    | utils.geo_utils:haversine_distance:20 - Haversine: (31.3634161, 73.1141106) → (31.3058685, 73.1694728) = 8282.2 m
2026-03-16 14:09:54.009 | DEBUG    | utils.geo_utils:haversine_distance:20 - Haversine: (31.3634161, 73.1141106) → (31.3140734, 73.0226304) = 10275.5 m
2026-03-16 14:09:54.010 | DEBUG    | utils.geo_utils:haversine_distance:20 - Haversine: (31.3634161, 73.1141106) → (31.5306679, 73.1126844) = 18598.0 m
2026-03-16 14:09:54.010 | DEBUG    | utils.geo_utils:haversine_distance:20 - Haversine: (31.3634161, 73.1141106) → (31.3760251, 73.034401) = 7696.5 m
2026-03-16 14:09:54.010 | DEBUG    | utils.geo_utils:haversine_distance:20 - Haversine: (31.3634161, 73.1141106) → (31.404983, 73.1460277) = 5526.5 m
2026-03-16 14:09:54.010 | DEBUG    | utils.geo_utils:haversine_distance:20 - Haversine: (31.3634161, 73.1141106) → (31.4212389, 73.0816409) = 7130.1 m
2026-03-16 14:09:54.010 | DEBUG    | utils.geo_utils:haversine_distance:20 - Haversine: (31.3634161, 73.1141106) → (31.4658821, 73.1813423) = 13058.4 m
2026-03-16 14:09:54.010 | DEBUG    | utils.geo_utils:haversine_distance:20 - Haversine: (31.3634161, 73.1141106) → (31.4509199, 73.0172282) = 13387.0 m
2026-03-16 14:09:54.010 | DEBUG    | utils.geo_utils:haversine_distance:20 - Haversine: (31.3634161, 73.1141106) → (31.4351755, 73.0374493) = 10798.6 m
2026-03-16 14:09:54.010 | DEBUG    | utils.geo_utils:haversine_distance:20 - Haversine: (31.3634161, 73.1141106) → (31.3333726, 73.0422104) = 7601.3 m
2026-03-16 14:09:54.010 | DEBUG    | utils.geo_utils:haversine_distance:20 - Haversine: (31.3634161, 73.1141106) → (31.5075199, 73.1005803) = 16074.9 m
2026-03-16 14:09:54.010 | DEBUG    | utils.geo_utils:haversine_distance:20 - Haversine: (31.3634161, 73.1141106) → (31.5015436, 73.1935631) = 17109.3 m
2026-03-16 14:09:54.010 | DEBUG    | utils.geo_utils:haversine_distance:20 - Haversine: (31.3634161, 73.1141106) → (31.4148239, 73.1645583) = 7457.0 m
2026-03-16 14:09:54.011 | DEBUG    | utils.geo_utils:haversine_distance:20 - Haversine: (31.3634161, 73.1141106) → (31.4319273, 73.0907774) = 7933.5 m
2026-03-16 14:09:54.011 | DEBUG    | utils.geo_utils:haversine_distance:20 - Haversine: (31.3634161, 73.1141106) → (31.4186759, 73.0443624) = 9032.5 m
2026-03-16 14:09:54.011 | DEBUG    | utils.geo_utils:haversine_distance:20 - Haversine: (31.3634161, 73.1141106) → (31.3776138, 73.0904372) = 2746.6 m
2026-03-16 14:09:54.011 | DEBUG    | utils.geo_utils:haversine_distance:20 - Haversine: (31.3634161, 73.1141106) → (31.311923, 73.1917425) = 9335.2 m
2026-03-16 14:09:54.011 | DEBUG    | utils.geo_utils:haversine_distance:20 - Haversine: (31.3634161, 73.1141106) → (31.3581158, 73.1846103) = 6719.9 m
2026-03-16 14:09:54.011 | DEBUG    | utils.geo_utils:haversine_distance:20 - Haversine: (31.3634161, 73.1141106) → (31.307639, 73.0439916) = 9100.4 m
2026-03-16 14:09:54.011 | DEBUG    | utils.geo_utils:haversine_distance:20 - Haversine: (31.484527, 73.1521663) → (31.4592945, 73.0629536) = 8913.8 m
2026-03-16 14:09:54.011 | DEBUG    | utils.geo_utils:haversine_distance:20 - Haversine: (31.484527, 73.1521663) → (31.3058685, 73.1694728) = 19933.7 m
2026-03-16 14:09:54.011 | DEBUG    | utils.geo_utils:haversine_distance:20 - Haversine: (31.484527, 73.1521663) → (31.3140734, 73.0226304) = 22591.8 m
2026-03-16 14:09:54.011 | DEBUG    | utils.geo_utils:haversine_distance:20 - Haversine: (31.484527, 73.1521663) → (31.5306679, 73.1126844) = 6350.8 m
2026-03-16 14:09:54.011 | DEBUG    | utils.geo_utils:haversine_distance:20 - Haversine: (31.484527, 73.1521663) → (31.3760251, 73.034401) = 16444.1 m
2026-03-16 14:09:54.011 | DEBUG    | utils.geo_utils:haversine_distance:20 - Haversine: (31.484527, 73.1521663) → (31.404983, 73.1460277) = 8864.0 m
2026-03-16 14:09:54.011 | DEBUG    | utils.geo_utils:haversine_distance:20 - Haversine: (31.484527, 73.1521663) → (31.4212389, 73.0816409) = 9709.7 m
2026-03-16 14:09:54.011 | DEBUG    | utils.geo_utils:haversine_distance:20 - Haversine: (31.484527, 73.1521663) → (31.4658821, 73.1813423) = 3457.4 m
2026-03-16 14:09:54.011 | DEBUG    | utils.geo_utils:haversine_distance:20 - Haversine: (31.484527, 73.1521663) → (31.4509199, 73.0172282) = 13332.2 m
2026-03-16 14:09:54.011 | DEBUG    | utils.geo_utils:haversine_distance:20 - Haversine: (31.484527, 73.1521663) → (31.4351755, 73.0374493) = 12186.4 m
2026-03-16 14:09:54.012 | DEBUG    | utils.geo_utils:haversine_distance:20 - Haversine: (31.484527, 73.1521663) → (31.3333726, 73.0422104) = 19783.4 m
2026-03-16 14:09:54.012 | DEBUG    | utils.geo_utils:haversine_distance:20 - Haversine: (31.484527, 73.1521663) → (31.5075199, 73.1005803) = 5519.0 m
2026-03-16 14:09:54.012 | DEBUG    | utils.geo_utils:haversine_distance:20 - Haversine: (31.484527, 73.1521663) → (31.5015436, 73.1935631) = 4357.4 m
2026-03-16 14:09:54.012 | DEBUG    | utils.geo_utils:haversine_distance:20 - Haversine: (31.484527, 73.1521663) → (31.4148239, 73.1645583) = 7839.3 m
2026-03-16 14:09:54.012 | DEBUG    | utils.geo_utils:haversine_distance:20 - Haversine: (31.484527, 73.1521663) → (31.4319273, 73.0907774) = 8253.1 m
2026-03-16 14:09:54.012 | DEBUG    | utils.geo_utils:haversine_distance:20 - Haversine: (31.484527, 73.1521663) → (31.4186759, 73.0443624) = 12577.3 m
2026-03-16 14:09:54.012 | DEBUG    | utils.geo_utils:haversine_distance:20 - Haversine: (31.484527, 73.1521663) → (31.3776138, 73.0904372) = 13252.6 m
2026-03-16 14:09:54.012 | DEBUG    | utils.geo_utils:haversine_distance:20 - Haversine: (31.484527, 73.1521663) → (31.311923, 73.1917425) = 19556.8 m
2026-03-16 14:09:54.012 | DEBUG    | utils.geo_utils:haversine_distance:20 - Haversine: (31.484527, 73.1521663) → (31.3581158, 73.1846103) = 14389.5 m
2026-03-16 14:09:54.012 | DEBUG    | utils.geo_utils:haversine_distance:20 - Haversine: (31.484527, 73.1521663) → (31.307639, 73.0439916) = 22187.6 m
2026-03-16 14:09:54.012 | DEBUG    | utils.geo_utils:haversine_distance:20 - Haversine: (31.484527, 73.1521663) → (31.3634161, 73.1141106) = 13942.6 m
2026-03-16 14:09:54.012 | DEBUG    | utils.geo_utils:haversine_distance:20 - Haversine: (31.4933345, 73.0175829) → (31.4592945, 73.0629536) = 5730.6 m
2026-03-16 14:09:54.012 | DEBUG    | utils.geo_utils:haversine_distance:20 - Haversine: (31.4933345, 73.0175829) → (31.3058685, 73.1694728) = 25344.5 m
2026-03-16 14:09:54.012 | DEBUG    | utils.geo_utils:haversine_distance:20 - Haversine: (31.4933345, 73.0175829) → (31.3140734, 73.0226304) = 19938.7 m
2026-03-16 14:09:54.012 | DEBUG    | utils.geo_utils:haversine_distance:20 - Haversine: (31.4933345, 73.0175829) → (31.5306679, 73.1126844) = 9925.2 m
2026-03-16 14:09:54.012 | DEBUG    | utils.geo_utils:haversine_distance:20 - Haversine: (31.4933345, 73.0175829) → (31.3760251, 73.034401) = 13141.4 m
2026-03-16 14:09:54.013 | DEBUG    | utils.geo_utils:haversine_distance:20 - Haversine: (31.4933345, 73.0175829) → (31.404983, 73.1460277) = 15651.7 m
2026-03-16 14:09:54.013 | DEBUG    | utils.geo_utils:haversine_distance:20 - Haversine: (31.4933345, 73.0175829) → (31.4212389, 73.0816409) = 10059.1 m
2026-03-16 14:09:54.013 | DEBUG    | utils.geo_utils:haversine_distance:20 - Haversine: (31.4933345, 73.0175829) → (31.4658821, 73.1813423) = 15826.5 m
2026-03-16 14:09:54.013 | DEBUG    | utils.geo_utils:haversine_distance:20 - Haversine: (31.4933345, 73.0175829) → (31.4509199, 73.0172282) = 4716.4 m
2026-03-16 14:09:54.013 | DEBUG    | utils.geo_utils:haversine_distance:20 - Haversine: (31.4933345, 73.0175829) → (31.4351755, 73.0374493) = 6735.9 m
2026-03-16 14:09:54.013 | DEBUG    | utils.geo_utils:haversine_distance:20 - Haversine: (31.4933345, 73.0175829) → (31.3333726, 73.0422104) = 17939.8 m
2026-03-16 14:09:54.013 | DEBUG    | utils.geo_utils:haversine_distance:20 - Haversine: (31.4933345, 73.0175829) → (31.5075199, 73.1005803) = 8025.4 m
2026-03-16 14:09:54.013 | DEBUG    | utils.geo_utils:haversine_distance:20 - Haversine: (31.4933345, 73.0175829) → (31.5015436, 73.1935631) = 16710.0 m
2026-03-16 14:09:54.013 | DEBUG    | utils.geo_utils:haversine_distance:20 - Haversine: (31.4933345, 73.0175829) → (31.4148239, 73.1645583) = 16449.2 m
2026-03-16 14:09:54.013 | DEBUG    | utils.geo_utils:haversine_distance:20 - Haversine: (31.4933345, 73.0175829) → (31.4319273, 73.0907774) = 9737.5 m
2026-03-16 14:09:54.013 | DEBUG    | utils.geo_utils:haversine_distance:20 - Haversine: (31.4933345, 73.0175829) → (31.4186759, 73.0443624) = 8681.6 m
2026-03-16 14:09:54.013 | DEBUG    | utils.geo_utils:haversine_distance:20 - Haversine: (31.4933345, 73.0175829) → (31.3776138, 73.0904372) = 14606.5 m
2026-03-16 14:09:54.013 | DEBUG    | utils.geo_utils:haversine_distance:20 - Haversine: (31.4933345, 73.0175829) → (31.311923, 73.1917425) = 26079.2 m
2026-03-16 14:09:54.014 | DEBUG    | utils.geo_utils:haversine_distance:20 - Haversine: (31.4933345, 73.0175829) → (31.3581158, 73.1846103) = 21845.8 m
2026-03-16 14:09:54.014 | DEBUG    | utils.geo_utils:haversine_distance:20 - Haversine: (31.4933345, 73.0175829) → (31.307639, 73.0439916) = 20800.0 m
2026-03-16 14:09:54.014 | DEBUG    | utils.geo_utils:haversine_distance:20 - Haversine: (31.4933345, 73.0175829) → (31.3634161, 73.1141106) = 17104.9 m
2026-03-16 14:09:54.014 | DEBUG    | utils.geo_utils:haversine_distance:20 - Haversine: (31.4933345, 73.0175829) → (31.484527, 73.1521663) = 12798.8 m
2026-03-16 14:09:54.014 | DEBUG    | utils.geo_utils:haversine_distance:20 - Haversine: (31.5457488, 73.0148993) → (31.4592945, 73.0629536) = 10638.2 m
2026-03-16 14:09:54.014 | DEBUG    | utils.geo_utils:haversine_distance:20 - Haversine: (31.5457488, 73.0148993) → (31.3058685, 73.1694728) = 30439.8 m
2026-03-16 14:09:54.014 | DEBUG    | utils.geo_utils:haversine_distance:20 - Haversine: (31.5457488, 73.0148993) → (31.3140734, 73.0226304) = 25771.6 m
2026-03-16 14:09:54.014 | DEBUG    | utils.geo_utils:haversine_distance:20 - Haversine: (31.5457488, 73.0148993) → (31.5306679, 73.1126844) = 9417.6 m
2026-03-16 14:09:54.014 | DEBUG    | utils.geo_utils:haversine_distance:20 - Haversine: (31.5457488, 73.0148993) → (31.3760251, 73.034401) = 18962.8 m
2026-03-16 14:09:54.014 | DEBUG    | utils.geo_utils:haversine_distance:20 - Haversine: (31.5457488, 73.0148993) → (31.404983, 73.1460277) = 19991.0 m
2026-03-16 14:09:54.014 | DEBUG    | utils.geo_utils:haversine_distance:20 - Haversine: (31.5457488, 73.0148993) → (31.4212389, 73.0816409) = 15222.8 m
2026-03-16 14:09:54.014 | DEBUG    | utils.geo_utils:haversine_distance:20 - Haversine: (31.5457488, 73.0148993) → (31.4658821, 73.1813423) = 18106.8 m
2026-03-16 14:09:54.014 | DEBUG    | utils.geo_utils:haversine_distance:20 - Haversine: (31.5457488, 73.0148993) → (31.4509199, 73.0172282) = 10546.8 m
2026-03-16 14:09:54.014 | DEBUG    | utils.geo_utils:haversine_distance:20 - Haversine: (31.5457488, 73.0148993) → (31.4351755, 73.0374493) = 12479.7 m
2026-03-16 14:09:54.014 | DEBUG    | utils.geo_utils:haversine_distance:20 - Haversine: (31.5457488, 73.0148993) → (31.3333726, 73.0422104) = 23756.9 m
2026-03-16 14:09:54.015 | DEBUG    | utils.geo_utils:haversine_distance:20 - Haversine: (31.5457488, 73.0148993) → (31.5075199, 73.1005803) = 9166.3 m
2026-03-16 14:09:54.015 | DEBUG    | utils.geo_utils:haversine_distance:20 - Haversine: (31.5457488, 73.0148993) → (31.5015436, 73.1935631) = 17633.6 m
2026-03-16 14:09:54.015 | DEBUG    | utils.geo_utils:haversine_distance:20 - Haversine: (31.5457488, 73.0148993) → (31.4148239, 73.1645583) = 20331.1 m
2026-03-16 14:09:54.015 | DEBUG    | utils.geo_utils:haversine_distance:20 - Haversine: (31.5457488, 73.0148993) → (31.4319273, 73.0907774) = 14558.5 m
2026-03-16 14:09:54.015 | DEBUG    | utils.geo_utils:haversine_distance:20 - Haversine: (31.5457488, 73.0148993) → (31.4186759, 73.0443624) = 14403.4 m
2026-03-16 14:09:54.015 | DEBUG    | utils.geo_utils:haversine_distance:20 - Haversine: (31.5457488, 73.0148993) → (31.3776138, 73.0904372) = 20021.6 m
2026-03-16 14:09:54.015 | DEBUG    | utils.geo_utils:haversine_distance:20 - Haversine: (31.5457488, 73.0148993) → (31.311923, 73.1917425) = 30944.3 m
2026-03-16 14:09:54.015 | DEBUG    | utils.geo_utils:haversine_distance:20 - Haversine: (31.5457488, 73.0148993) → (31.3581158, 73.1846103) = 26352.6 m
2026-03-16 14:09:54.015 | DEBUG    | utils.geo_utils:haversine_distance:20 - Haversine: (31.5457488, 73.0148993) → (31.307639, 73.0439916) = 26620.1 m
2026-03-16 14:09:54.015 | DEBUG    | utils.geo_utils:haversine_distance:20 - Haversine: (31.5457488, 73.0148993) → (31.3634161, 73.1141106) = 22352.1 m
2026-03-16 14:09:54.015 | DEBUG    | utils.geo_utils:haversine_distance:20 - Haversine: (31.5457488, 73.0148993) → (31.484527, 73.1521663) = 14685.3 m
2026-03-16 14:09:54.015 | DEBUG    | utils.geo_utils:haversine_distance:20 - Haversine: (31.5457488, 73.0148993) → (31.4933345, 73.0175829) = 5833.8 m
2026-03-16 14:09:54.015 | DEBUG    | utils.geo_utils:haversine_distance:20 - Haversine: (31.3351052, 73.048939) → (31.4592945, 73.0629536) = 13873.1 m
2026-03-16 14:09:54.015 | DEBUG    | utils.geo_utils:haversine_distance:20 - Haversine: (31.3351052, 73.048939) → (31.3058685, 73.1694728) = 11902.2 m
2026-03-16 14:09:54.015 | DEBUG    | utils.geo_utils:haversine_distance:20 - Haversine: (31.3351052, 73.048939) → (31.3140734, 73.0226304) = 3422.6 m
2026-03-16 14:09:54.015 | DEBUG    | utils.geo_utils:haversine_distance:20 - Haversine: (31.3351052, 73.048939) → (31.5306679, 73.1126844) = 22571.0 m
2026-03-16 14:09:54.015 | DEBUG    | utils.geo_utils:haversine_distance:20 - Haversine: (31.3351052, 73.048939) → (31.3760251, 73.034401) = 4754.9 m
2026-03-16 14:09:54.015 | DEBUG    | utils.geo_utils:haversine_distance:20 - Haversine: (31.3351052, 73.048939) → (31.404983, 73.1460277) = 12055.7 m
2026-03-16 14:09:54.015 | DEBUG    | utils.geo_utils:haversine_distance:20 - Haversine: (31.3351052, 73.048939) → (31.4212389, 73.0816409) = 10068.2 m
2026-03-16 14:09:54.015 | DEBUG    | utils.geo_utils:haversine_distance:20 - Haversine: (31.3351052, 73.048939) → (31.4658821, 73.1813423) = 19219.2 m
2026-03-16 14:09:54.015 | DEBUG    | utils.geo_utils:haversine_distance:20 - Haversine: (31.3351052, 73.048939) → (31.4509199, 73.0172282) = 13225.1 m
2026-03-16 14:09:54.015 | DEBUG    | utils.geo_utils:haversine_distance:20 - Haversine: (31.3351052, 73.048939) → (31.4351755, 73.0374493) = 11180.6 m
2026-03-16 14:09:54.016 | DEBUG    | utils.geo_utils:haversine_distance:20 - Haversine: (31.3351052, 73.048939) → (31.3333726, 73.0422104) = 667.5 m
2026-03-16 14:09:54.016 | DEBUG    | utils.geo_utils:haversine_distance:20 - Haversine: (31.4525861, 73.1780263) → (31.4592945, 73.0629536) = 10940.6 m
2026-03-16 14:09:54.016 | DEBUG    | utils.geo_utils:haversine_distance:20 - Haversine: (31.4525861, 73.1780263) → (31.3058685, 73.1694728) = 16334.4 m
2026-03-16 14:09:54.016 | DEBUG    | utils.geo_utils:haversine_distance:20 - Haversine: (31.4525861, 73.1780263) → (31.3140734, 73.0226304) = 21326.5 m
2026-03-16 14:09:54.016 | DEBUG    | utils.geo_utils:haversine_distance:20 - Haversine: (31.4525861, 73.1780263) → (31.5306679, 73.1126844) = 10666.2 m
2026-03-16 14:09:54.016 | DEBUG    | utils.geo_utils:haversine_distance:20 - Haversine: (31.4525861, 73.1780263) → (31.3760251, 73.034401) = 16069.8 m
2026-03-16 14:09:54.016 | DEBUG    | utils.geo_utils:haversine_distance:20 - Haversine: (31.4525861, 73.1780263) → (31.404983, 73.1460277) = 6102.1 m
2026-03-16 14:09:54.016 | DEBUG    | utils.geo_utils:haversine_distance:20 - Haversine: (31.4525861, 73.1780263) → (31.4212389, 73.0816409) = 9786.2 m
2026-03-16 14:09:54.016 | DEBUG    | utils.geo_utils:haversine_distance:20 - Haversine: (31.4525861, 73.1780263) → (31.4658821, 73.1813423) = 1511.5 m
2026-03-16 14:09:54.016 | DEBUG    | utils.geo_utils:haversine_distance:20 - Haversine: (31.4525861, 73.1780263) → (31.4509199, 73.0172282) = 15254.1 m
2026-03-16 14:09:54.016 | DEBUG    | utils.geo_utils:haversine_distance:20 - Haversine: (31.4525861, 73.1780263) → (31.4351755, 73.0374493) = 13475.8 m
2026-03-16 14:09:54.016 | DEBUG    | utils.geo_utils:haversine_distance:20 - Haversine: (31.4525861, 73.1780263) → (31.3333726, 73.0422104) = 18490.7 m
2026-03-16 14:09:54.016 | DEBUG    | utils.geo_utils:haversine_distance:20 - Haversine: (31.4525861, 73.1780263) → (31.5075199, 73.1005803) = 9552.4 m
2026-03-16 14:09:54.016 | DEBUG    | utils.geo_utils:haversine_distance:20 - Haversine: (31.4525861, 73.1780263) → (31.5015436, 73.1935631) = 5639.7 m
2026-03-16 14:09:54.017 | DEBUG    | utils.geo_utils:haversine_distance:20 - Haversine: (31.4525861, 73.1780263) → (31.4148239, 73.1645583) = 4389.1 m
2026-03-16 14:09:54.017 | DEBUG    | utils.geo_utils:haversine_distance:20 - Haversine: (31.4525861, 73.1780263) → (31.4319273, 73.0907774) = 8590.0 m
2026-03-16 14:09:54.017 | DEBUG    | utils.geo_utils:haversine_distance:20 - Haversine: (31.4525861, 73.1780263) → (31.4186759, 73.0443624) = 13230.0 m
2026-03-16 14:09:54.017 | DEBUG    | utils.geo_utils:haversine_distance:20 - Haversine: (31.4525861, 73.1780263) → (31.3776138, 73.0904372) = 11772.2 m
2026-03-16 14:09:54.017 | DEBUG    | utils.geo_utils:haversine_distance:20 - Haversine: (31.4525861, 73.1780263) → (31.311923, 73.1917425) = 15695.1 m
2026-03-16 14:09:54.017 | DEBUG    | utils.geo_utils:haversine_distance:20 - Haversine: (31.4525861, 73.1780263) → (31.3581158, 73.1846103) = 10523.2 m
2026-03-16 14:09:54.017 | DEBUG    | utils.geo_utils:haversine_distance:20 - Haversine: (31.4525861, 73.1780263) → (31.307639, 73.0439916) = 20534.6 m
2026-03-16 14:09:54.017 | DEBUG    | utils.geo_utils:haversine_distance:20 - Haversine: (31.4525861, 73.1780263) → (31.3634161, 73.1141106) = 11623.5 m
2026-03-16 14:09:54.017 | DEBUG    | utils.geo_utils:haversine_distance:20 - Haversine: (31.4525861, 73.1780263) → (31.484527, 73.1521663) = 4316.2 m
2026-03-16 14:09:54.017 | DEBUG    | utils.geo_utils:haversine_distance:20 - Haversine: (31.4525861, 73.1780263) → (31.4933345, 73.0175829) = 15876.2 m
2026-03-16 14:09:54.017 | DEBUG    | utils.geo_utils:haversine_distance:20 - Haversine: (31.4525861, 73.1780263) → (31.5457488, 73.0148993) = 18614.9 m
2026-03-16 14:09:54.018 | DEBUG    | utils.geo_utils:haversine_distance:20 - Haversine: (31.3832892, 73.1836007) → (31.4592945, 73.0629536) = 14229.7 m
2026-03-16 14:09:54.018 | DEBUG    | utils.geo_utils:haversine_distance:20 - Haversine: (31.3832892, 73.1836007) → (31.3058685, 73.1694728) = 8712.7 m
2026-03-16 14:09:54.018 | DEBUG    | utils.geo_utils:haversine_distance:20 - Haversine: (31.3832892, 73.1836007) → (31.3140734, 73.0226304) = 17114.3 m
2026-03-16 14:09:54.018 | DEBUG    | utils.geo_utils:haversine_distance:20 - Haversine: (31.3832892, 73.1836007) → (31.5306679, 73.1126844) = 17714.6 m
2026-03-16 14:09:54.018 | DEBUG    | utils.geo_utils:haversine_distance:20 - Haversine: (31.3832892, 73.1836007) → (31.3760251, 73.034401) = 14186.7 m
2026-03-16 14:09:54.018 | DEBUG    | utils.geo_utils:haversine_distance:20 - Haversine: (31.3832892, 73.1836007) → (31.404983, 73.1460277) = 4305.5 m
2026-03-16 14:09:54.018 | DEBUG    | utils.geo_utils:haversine_distance:20 - Haversine: (31.3832892, 73.1836007) → (31.4212389, 73.0816409) = 10556.9 m
2026-03-16 14:09:54.018 | DEBUG    | utils.geo_utils:haversine_distance:20 - Haversine: (31.3832892, 73.1836007) → (31.4658821, 73.1813423) = 9186.4 m
2026-03-16 14:09:54.018 | DEBUG    | utils.geo_utils:haversine_distance:20 - Haversine: (31.3832892, 73.1836007) → (31.4509199, 73.0172282) = 17487.2 m
2026-03-16 14:09:54.018 | DEBUG    | utils.geo_utils:haversine_distance:20 - Haversine: (31.3832892, 73.1836007) → (31.4351755, 73.0374493) = 15022.1 m
2026-03-16 14:09:54.018 | DEBUG    | utils.geo_utils:haversine_distance:20 - Haversine: (31.3832892, 73.1836007) → (31.3333726, 73.0422104) = 14527.5 m
2026-03-16 14:09:54.018 | DEBUG    | utils.geo_utils:haversine_distance:20 - Haversine: (31.3832892, 73.1836007) → (31.5075199, 73.1005803) = 15901.2 m
2026-03-16 14:09:54.018 | DEBUG    | utils.geo_utils:haversine_distance:20 - Haversine: (31.3832892, 73.1836007) → (31.5015436, 73.1935631) = 13183.2 m
2026-03-16 14:09:54.018 | DEBUG    | utils.geo_utils:haversine_distance:20 - Haversine: (31.3832892, 73.1836007) → (31.4148239, 73.1645583) = 3944.9 m
2026-03-16 14:09:54.018 | DEBUG    | utils.geo_utils:haversine_distance:20 - Haversine: (31.3832892, 73.1836007) → (31.4319273, 73.0907774) = 10336.9 m
2026-03-16 14:09:54.018 | DEBUG    | utils.geo_utils:haversine_distance:20 - Haversine: (31.3832892, 73.1836007) → (31.4186759, 73.0443624) = 13788.4 m
2026-03-16 14:09:54.019 | DEBUG    | utils.geo_utils:haversine_distance:20 - Haversine: (31.3832892, 73.1836007) → (31.3776138, 73.0904372) = 8866.5 m
2026-03-16 14:09:54.019 | DEBUG    | utils.geo_utils:haversine_distance:20 - Haversine: (31.3832892, 73.1836007) → (31.311923, 73.1917425) = 7973.1 m
2026-03-16 14:09:54.019 | DEBUG    | utils.geo_utils:haversine_distance:20 - Haversine: (31.3832892, 73.1836007) → (31.3581158, 73.1846103) = 2800.8 m
2026-03-16 14:09:54.019 | DEBUG    | utils.geo_utils:haversine_distance:20 - Haversine: (31.3832892, 73.1836007) → (31.307639, 73.0439916) = 15701.5 m
2026-03-16 14:09:54.019 | DEBUG    | utils.geo_utils:haversine_distance:20 - Haversine: (31.3832892, 73.1836007) → (31.3634161, 73.1141106) = 6957.5 m
2026-03-16 14:09:54.019 | DEBUG    | utils.geo_utils:haversine_distance:20 - Haversine: (31.3832892, 73.1836007) → (31.484527, 73.1521663) = 11645.5 m
2026-03-16 14:09:54.019 | DEBUG    | utils.geo_utils:haversine_distance:20 - Haversine: (31.3832892, 73.1836007) → (31.4933345, 73.0175829) = 19945.1 m
2026-03-16 14:09:54.019 | DEBUG    | utils.geo_utils:haversine_distance:20 - Haversine: (31.3832892, 73.1836007) → (31.5457488, 73.0148993) = 24131.9 m
2026-03-16 14:09:54.019 | DEBUG    | utils.geo_utils:haversine_distance:20 - Haversine: (31.3832892, 73.1836007) → (31.4525861, 73.1780263) = 7723.6 m
2026-03-16 14:09:54.019 | INFO     | data_pipeline.stop_builder:merge_nearby_stops:91 - Merged stops:
2026-03-16 14:09:54.019 | INFO     | data_pipeline.stop_builder:merge_nearby_stops:92 -   Before merge: 30 stops
2026-03-16 14:09:54.020 | INFO     | data_pipeline.stop_builder:merge_nearby_stops:93 -   After merge : 26 stops (merged 4 pairs/groups)
2026-03-16 14:09:54.021 | DEBUG    | data_pipeline.stop_builder:merge_nearby_stops:95 - First few merged stops: [{'student_id': 'test_001', 'name': 'Test Student 1', 'roll_no': 'TEST-6157', 'lat': 31.4592945, 'lng': 73.0629536, 'student_count': 1, 'contact': '03478060777', 'semester': 'Spring 2026', 'fee_status': 'unpaid', 'registration_status': 'pending', 'original_lat': 31.458413838955877, 'original_lng': 73.0637191090853, 'snap_distance_m': 121.91, 'merged_student_ids': ['test_001']}, {'student_id': 'test_002', 'name': 'Test Student 2', 'roll_no': 'TEST-8484', 'lat': 31.3058685, 'lng': 73.1694728, 'student_count': 1, 'contact': '03564577859', 'semester': 'Spring 2026', 'fee_status': 'unpaid', 'registration_status': 'pending', 'original_lat': 31.30724050719012, 'original_lng': 73.16254256760098, 'snap_distance_m': 675.85, 'merged_student_ids': ['test_002']}, {'student_id': 'test_003', 'name': 'Test Student 3', 'roll_no': 'TEST-6237', 'lat': 31.3140734, 'lng': 73.0226304, 'student_count': 1, 'contact': '03941421906', 'semester': 'Spring 2026', 'fee_status': 'unpaid', 'registration_status': 'pending', 'original_lat': 31.311760819408153, 'original_lng': 73.02091199809621, 'snap_distance_m': 304.59, 'merged_student_ids': ['test_003']}]
2026-03-16 14:09:55.918 | INFO     | clustering.stop_clustering:cluster_stops:45 - Clustered into 3 buses (capacity 10):
2026-03-16 14:09:55.918 | INFO     | clustering.stop_clustering:cluster_stops:48 -   Bus 0: 8 stops, 9 students
2026-03-16 14:09:55.919 | INFO     | clustering.stop_clustering:cluster_stops:48 -   Bus 1: 8 stops, 10 students
2026-03-16 14:09:55.919 | INFO     | clustering.stop_clustering:cluster_stops:48 -   Bus 2: 10 stops, 11 students
2026-03-16 14:09:57.013 | INFO     | optimization.tsp_solver:get_road_distance_matrix:38 - ORS matrix computed: 9x9
2026-03-16 14:10:12.028 | INFO     | optimization.tsp_solver:solve_tsp:123 - TSP solved: 8 stops, distance 66090 m, objective 66090
2026-03-16 14:10:12.028 | DEBUG    | optimization.tsp_solver:solve_tsp:124 - Order: ['unknown', 'unknown', 'unknown', 'unknown', 'unknown', 'unknown', 'unknown', 'unknown']
2026-03-16 14:10:12.029 | DEBUG    | optimization.route_generator:generate_route_path:57 - Requesting ORS route with 9 waypoints
2026-03-16 14:10:13.610 | INFO     | optimization.route_generator:generate_route_path:74 - ORS route generated successfully (bug-free)
2026-03-16 14:10:13.612 | INFO     | optimization.route_generator:generate_route_path:75 -   Waypoints: 8 stops → University
2026-03-16 14:10:13.612 | INFO     | optimization.route_generator:generate_route_path:76 -   Distance: 108.89 km
2026-03-16 14:10:13.613 | INFO     | optimization.route_generator:generate_route_path:77 -   Duration: 2.14 h (128 min)
2026-03-16 14:10:13.613 | DEBUG    | optimization.route_generator:generate_route_path:78 - Geometry sample (first 3 & last 3): [[73.169473, 31.305869], [73.169389, 31.309473], [73.169168, 31.318912]] ... [[73.03447, 31.602425], [73.034742, 31.602694], [73.034832, 31.602523]]
2026-03-16 14:10:13.614 | INFO     | optimization.store_routes:compute_fee_per_student:32 - Fee calc: 58074 PKR/student | dist=108.9km | students=9
2026-03-16 14:10:14.205 | DEBUG    | optimization.store_routes:reverse_geocode_stop_name:176 - Stop name resolved: (31.3059, 73.1695) → 'Chak 75 GB'
2026-03-16 14:10:14.781 | DEBUG    | optimization.store_routes:store_optimized_routes:267 - Assigned seat S1 to student test_002
2026-03-16 14:10:17.109 | DEBUG    | optimization.store_routes:store_optimized_routes:293 - Stored stop R1_stop1 | name='Chak 75 GB' | route=R1
2026-03-16 14:10:18.668 | DEBUG    | optimization.store_routes:reverse_geocode_stop_name:176 - Stop name resolved: (31.3076, 73.0440) → 'Chak 249 RB-1'
2026-03-16 14:10:19.227 | DEBUG    | optimization.store_routes:store_optimized_routes:267 - Assigned seat S2 to student test_022
2026-03-16 14:10:21.499 | DEBUG    | optimization.store_routes:store_optimized_routes:293 - Stored stop R1_stop2 | name='Chak 249 RB-1' | route=R1
2026-03-16 14:10:23.091 | DEBUG    | optimization.store_routes:reverse_geocode_stop_name:176 - Stop name resolved: (31.3141, 73.0226) → 'Dasuha'
2026-03-16 14:10:23.632 | DEBUG    | optimization.store_routes:store_optimized_routes:267 - Assigned seat S3 to student test_003
2026-03-16 14:10:25.939 | DEBUG    | optimization.store_routes:store_optimized_routes:293 - Stored stop R1_stop3 | name='Dasuha' | route=R1
2026-03-16 14:10:27.432 | DEBUG    | optimization.store_routes:reverse_geocode_stop_name:176 - Stop name resolved: (31.3334, 73.0422) → 'Faisalabad District'
2026-03-16 14:10:27.988 | DEBUG    | optimization.store_routes:store_optimized_routes:267 - Assigned seat S4 to student test_012
2026-03-16 14:10:30.316 | DEBUG    | optimization.store_routes:store_optimized_routes:267 - Assigned seat S5 to student test_028
2026-03-16 14:10:30.865 | DEBUG    | optimization.store_routes:store_optimized_routes:293 - Stored stop R1_stop4 | name='Faisalabad District' | route=R1
2026-03-16 14:10:32.359 | DEBUG    | optimization.store_routes:reverse_geocode_stop_name:176 - Stop name resolved: (31.3760, 73.0344) → 'Risalewala Road'
2026-03-16 14:10:33.165 | DEBUG    | optimization.store_routes:store_optimized_routes:267 - Assigned seat S6 to student test_005
2026-03-16 14:10:35.242 | DEBUG    | optimization.store_routes:store_optimized_routes:293 - Stored stop R1_stop5 | name='Risalewala Road' | route=R1
2026-03-16 14:10:36.746 | DEBUG    | optimization.store_routes:reverse_geocode_stop_name:176 - Stop name resolved: (31.3776, 73.0904) → 'Bilal Road, Karim Town'
2026-03-16 14:10:37.293 | DEBUG    | optimization.store_routes:store_optimized_routes:267 - Assigned seat S7 to student test_019
2026-03-16 14:10:39.552 | DEBUG    | optimization.store_routes:store_optimized_routes:293 - Stored stop R1_stop6 | name='Bilal Road, Karim Town' | route=R1
2026-03-16 14:10:41.068 | DEBUG    | optimization.store_routes:reverse_geocode_stop_name:176 - Stop name resolved: (31.3634, 73.1141) → 'Niamuana Malkhanwala Road, Faisalabad City Tehsil'
2026-03-16 14:10:41.614 | DEBUG    | optimization.store_routes:store_optimized_routes:267 - Assigned seat S8 to student test_024
2026-03-16 14:10:43.964 | DEBUG    | optimization.store_routes:store_optimized_routes:293 - Stored stop R1_stop7 | name='Niamuana Malkhanwala Road, Faisalabad City Tehsil' | route=R1
2026-03-16 14:10:45.460 | DEBUG    | optimization.store_routes:reverse_geocode_stop_name:176 - Stop name resolved: (31.3119, 73.1917) → 'Faisalabad District'
2026-03-16 14:10:46.004 | DEBUG    | optimization.store_routes:store_optimized_routes:267 - Assigned seat S9 to student test_020
2026-03-16 14:10:46.558 | DEBUG    | optimization.store_routes:store_optimized_routes:293 - Stored stop R1_stop8 | name='Faisalabad District' | route=R1
2026-03-16 14:10:47.899 | INFO     | optimization.store_routes:store_optimized_routes:317 - Stored route route_0 (R1): 8 stops, 108.89 km
2026-03-16 14:10:48.972 | INFO     | optimization.tsp_solver:get_road_distance_matrix:38 - ORS matrix computed: 9x9
2026-03-16 14:11:03.975 | INFO     | optimization.tsp_solver:solve_tsp:123 - TSP solved: 8 stops, distance 57363 m, objective 57363
2026-03-16 14:11:03.978 | DEBUG    | optimization.tsp_solver:solve_tsp:124 - Order: ['unknown', 'unknown', 'unknown', 'unknown', 'unknown', 'unknown', 'unknown', 'unknown']
2026-03-16 14:11:03.978 | DEBUG    | optimization.route_generator:generate_route_path:57 - Requesting ORS route with 9 waypoints
2026-03-16 14:11:05.404 | INFO     | optimization.route_generator:generate_route_path:74 - ORS route generated successfully (bug-free)
2026-03-16 14:11:05.407 | INFO     | optimization.route_generator:generate_route_path:75 -   Waypoints: 8 stops → University
2026-03-16 14:11:05.408 | INFO     | optimization.route_generator:generate_route_path:76 -   Distance: 86.36 km
2026-03-16 14:11:05.408 | INFO     | optimization.route_generator:generate_route_path:77 -   Duration: 1.84 h (110 min)
2026-03-16 14:11:05.408 | DEBUG    | optimization.route_generator:generate_route_path:78 - Geometry sample (first 3 & last 3): [[73.146028, 31.404983], [73.14526, 31.404581], [73.144931, 31.404404]] ... [[73.03447, 31.602425], [73.034742, 31.602694], [73.034832, 31.602523]]
2026-03-16 14:11:05.410 | INFO     | optimization.store_routes:compute_fee_per_student:32 - Fee calc: 41454 PKR/student | dist=86.4km | students=10
2026-03-16 14:11:05.946 | DEBUG    | optimization.store_routes:reverse_geocode_stop_name:176 - Stop name resolved: (31.4050, 73.1460) → 'Faisalabad District, Faisalabad City Tehsil'
2026-03-16 14:11:06.495 | DEBUG    | optimization.store_routes:store_optimized_routes:267 - Assigned seat S1 to student test_006
2026-03-16 14:11:07.041 | DEBUG    | optimization.store_routes:store_optimized_routes:293 - Stored stop R2_stop1 | name='Faisalabad District, Faisalabad City Tehsil' | route=R2
2026-03-16 14:11:08.638 | DEBUG    | optimization.store_routes:reverse_geocode_stop_name:176 - Stop name resolved: (31.5015, 73.1936) → 'Faisalabad District'
2026-03-16 14:11:09.175 | DEBUG    | optimization.store_routes:store_optimized_routes:267 - Assigned seat S2 to student test_014
2026-03-16 14:11:09.738 | DEBUG    | optimization.store_routes:store_optimized_routes:293 - Stored stop R2_stop2 | name='Faisalabad District' | route=R2
2026-03-16 14:11:11.253 | DEBUG    | optimization.store_routes:reverse_geocode_stop_name:176 - Stop name resolved: (31.4845, 73.1522) → 'Faisalabad District, Faisalabad City Tehsil'
2026-03-16 14:11:11.809 | DEBUG    | optimization.store_routes:store_optimized_routes:267 - Assigned seat S3 to student test_025
2026-03-16 14:11:12.356 | DEBUG    | optimization.store_routes:store_optimized_routes:293 - Stored stop R2_stop3 | name='Faisalabad District, Faisalabad City Tehsil' | route=R2
2026-03-16 14:11:13.874 | DEBUG    | optimization.store_routes:reverse_geocode_stop_name:176 - Stop name resolved: (31.4659, 73.1813) → 'Faisalabad - Sheikhupura - Lahore Road, Faisalabad City Tehsil'
2026-03-16 14:11:14.425 | DEBUG    | optimization.store_routes:store_optimized_routes:267 - Assigned seat S4 to student test_008
2026-03-16 14:11:14.979 | DEBUG    | optimization.store_routes:store_optimized_routes:267 - Assigned seat S5 to student test_009
2026-03-16 14:11:15.507 | DEBUG    | optimization.store_routes:store_optimized_routes:267 - Assigned seat S6 to student test_016
2026-03-16 14:11:16.057 | DEBUG    | optimization.store_routes:store_optimized_routes:293 - Stored stop R2_stop4 | name='Faisalabad - Sheikhupura - Lahore Road, Faisalabad City Tehsil' | route=R2
2026-03-16 14:11:17.734 | DEBUG    | optimization.store_routes:reverse_geocode_stop_name:176 - Stop name resolved: (31.4526, 73.1780) → 'Chak 208 Road, Faisalabad City Tehsil'
2026-03-16 14:11:18.277 | DEBUG    | optimization.store_routes:store_optimized_routes:267 - Assigned seat S7 to student test_029
2026-03-16 14:11:18.874 | DEBUG    | optimization.store_routes:store_optimized_routes:293 - Stored stop R2_stop5 | name='Chak 208 Road, Faisalabad City Tehsil' | route=R2
2026-03-16 14:11:20.377 | DEBUG    | optimization.store_routes:reverse_geocode_stop_name:176 - Stop name resolved: (31.4148, 73.1646) → 'Dogran Wala, Faisalabad City Tehsil'
2026-03-16 14:11:20.914 | DEBUG    | optimization.store_routes:store_optimized_routes:267 - Assigned seat S8 to student test_015
2026-03-16 14:11:21.456 | DEBUG    | optimization.store_routes:store_optimized_routes:293 - Stored stop R2_stop6 | name='Dogran Wala, Faisalabad City Tehsil' | route=R2
2026-03-16 14:11:23.001 | DEBUG    | optimization.store_routes:reverse_geocode_stop_name:176 - Stop name resolved: (31.3833, 73.1836) → 'Karar Wala'
2026-03-16 14:11:23.562 | DEBUG    | optimization.store_routes:store_optimized_routes:267 - Assigned seat S9 to student test_030
2026-03-16 14:11:24.142 | DEBUG    | optimization.store_routes:store_optimized_routes:293 - Stored stop R2_stop7 | name='Karar Wala' | route=R2
2026-03-16 14:11:25.654 | DEBUG    | optimization.store_routes:reverse_geocode_stop_name:176 - Stop name resolved: (31.3581, 73.1846) → 'Faisalabad ByPass, Makkuana'
2026-03-16 14:11:26.190 | DEBUG    | optimization.store_routes:store_optimized_routes:267 - Assigned seat S10 to student test_021
2026-03-16 14:11:26.738 | DEBUG    | optimization.store_routes:store_optimized_routes:293 - Stored stop R2_stop8 | name='Faisalabad ByPass, Makkuana' | route=R2
2026-03-16 14:11:27.892 | INFO     | optimization.store_routes:store_optimized_routes:317 - Stored route route_1 (R2): 8 stops, 86.36 km
2026-03-16 14:11:28.931 | INFO     | optimization.tsp_solver:get_road_distance_matrix:38 - ORS matrix computed: 11x11
2026-03-16 14:11:44.036 | INFO     | optimization.tsp_solver:solve_tsp:123 - TSP solved: 10 stops, distance 69272 m, objective 69272
2026-03-16 14:11:44.053 | DEBUG    | optimization.tsp_solver:solve_tsp:124 - Order: ['unknown', 'unknown', 'unknown', 'unknown', 'unknown', 'unknown', 'unknown', 'unknown', 'unknown', 'unknown']
2026-03-16 14:11:44.054 | DEBUG    | optimization.route_generator:generate_route_path:57 - Requesting ORS route with 11 waypoints
2026-03-16 14:11:46.903 | INFO     | optimization.route_generator:generate_route_path:74 - ORS route generated successfully (bug-free)
2026-03-16 14:11:46.904 | INFO     | optimization.route_generator:generate_route_path:75 -   Waypoints: 10 stops → University
2026-03-16 14:11:46.904 | INFO     | optimization.route_generator:generate_route_path:76 -   Distance: 73.87 km
2026-03-16 14:11:46.905 | INFO     | optimization.route_generator:generate_route_path:77 -   Duration: 1.45 h (87 min)
2026-03-16 14:11:46.905 | DEBUG    | optimization.route_generator:generate_route_path:78 - Geometry sample (first 3 & last 3): [[73.062954, 31.459295], [73.063958, 31.459524], [73.065264, 31.459823]] ... [[73.03447, 31.602425], [73.034742, 31.602694], [73.034832, 31.602523]]
2026-03-16 14:11:46.907 | INFO     | optimization.store_routes:compute_fee_per_student:32 - Fee calc: 32235 PKR/student | dist=73.9km | students=11
2026-03-16 14:11:47.916 | DEBUG    | optimization.store_routes:reverse_geocode_stop_name:176 - Stop name resolved: (31.4593, 73.0630) → 'Faisalabad District, Faisalabad City Tehsil'
2026-03-16 14:11:48.487 | DEBUG    | optimization.store_routes:store_optimized_routes:267 - Assigned seat S1 to student test_001
2026-03-16 14:11:49.024 | DEBUG    | optimization.store_routes:store_optimized_routes:293 - Stored stop R3_stop1 | name='Faisalabad District, Faisalabad City Tehsil' | route=R3
2026-03-16 14:11:51.603 | DEBUG    | optimization.store_routes:reverse_geocode_stop_name:176 - Stop name resolved: (31.4319, 73.0908) → 'Mustafa Road, Faisalabad City Tehsil'
2026-03-16 14:11:52.154 | DEBUG    | optimization.store_routes:store_optimized_routes:267 - Assigned seat S2 to student test_017
2026-03-16 14:11:52.702 | DEBUG    | optimization.store_routes:store_optimized_routes:293 - Stored stop R3_stop2 | name='Mustafa Road, Faisalabad City Tehsil' | route=R3
2026-03-16 14:11:54.516 | DEBUG    | optimization.store_routes:reverse_geocode_stop_name:176 - Stop name resolved: (31.4212, 73.0816) → 'Circular Road, Faisalabad City Tehsil'
2026-03-16 14:11:55.073 | DEBUG    | optimization.store_routes:store_optimized_routes:267 - Assigned seat S3 to student test_007
2026-03-16 14:11:55.648 | DEBUG    | optimization.store_routes:store_optimized_routes:293 - Stored stop R3_stop3 | name='Circular Road, Faisalabad City Tehsil' | route=R3
2026-03-16 14:11:57.134 | DEBUG    | optimization.store_routes:reverse_geocode_stop_name:176 - Stop name resolved: (31.4187, 73.0444) → 'Bakar Mandi Road, Faisalabad City Tehsil'
2026-03-16 14:11:57.690 | DEBUG    | optimization.store_routes:store_optimized_routes:267 - Assigned seat S4 to student test_018
2026-03-16 14:11:58.251 | DEBUG    | optimization.store_routes:store_optimized_routes:293 - Stored stop R3_stop4 | name='Bakar Mandi Road, Faisalabad City Tehsil' | route=R3
2026-03-16 14:11:59.773 | DEBUG    | optimization.store_routes:reverse_geocode_stop_name:176 - Stop name resolved: (31.4352, 73.0374) → 'Ghulam Muhammadabad Road, Faisalabad City Tehsil'
2026-03-16 14:12:00.317 | DEBUG    | optimization.store_routes:store_optimized_routes:267 - Assigned seat S5 to student test_011
2026-03-16 14:12:00.859 | DEBUG    | optimization.store_routes:store_optimized_routes:293 - Stored stop R3_stop5 | name='Ghulam Muhammadabad Road, Faisalabad City Tehsil' | route=R3
2026-03-16 14:12:02.463 | DEBUG    | optimization.store_routes:reverse_geocode_stop_name:176 - Stop name resolved: (31.4509, 73.0172) → 'Faisalabad District, Faisalabad City Tehsil'
2026-03-16 14:12:03.017 | DEBUG    | optimization.store_routes:store_optimized_routes:267 - Assigned seat S6 to student test_010
2026-03-16 14:12:03.572 | DEBUG    | optimization.store_routes:store_optimized_routes:293 - Stored stop R3_stop6 | name='Faisalabad District, Faisalabad City Tehsil' | route=R3
2026-03-16 14:12:05.098 | DEBUG    | optimization.store_routes:reverse_geocode_stop_name:176 - Stop name resolved: (31.4933, 73.0176) → 'Faisalabad District'
2026-03-16 14:12:05.629 | DEBUG    | optimization.store_routes:store_optimized_routes:267 - Assigned seat S7 to student test_026
2026-03-16 14:12:06.168 | DEBUG    | optimization.store_routes:store_optimized_routes:293 - Stored stop R3_stop7 | name='Faisalabad District' | route=R3
2026-03-16 14:12:07.689 | DEBUG    | optimization.store_routes:reverse_geocode_stop_name:176 - Stop name resolved: (31.5457, 73.0149) → 'Chak 47 JB Mansuran'
2026-03-16 14:12:08.223 | DEBUG    | optimization.store_routes:store_optimized_routes:267 - Assigned seat S8 to student test_027
2026-03-16 14:12:08.774 | DEBUG    | optimization.store_routes:store_optimized_routes:293 - Stored stop R3_stop8 | name='Chak 47 JB Mansuran' | route=R3
2026-03-16 14:12:10.299 | DEBUG    | optimization.store_routes:reverse_geocode_stop_name:176 - Stop name resolved: (31.5307, 73.1127) → 'Dialgarh'
2026-03-16 14:12:10.836 | DEBUG    | optimization.store_routes:store_optimized_routes:267 - Assigned seat S9 to student test_004
2026-03-16 14:12:11.374 | DEBUG    | optimization.store_routes:store_optimized_routes:293 - Stored stop R3_stop9 | name='Dialgarh' | route=R3
2026-03-16 14:12:12.870 | DEBUG    | optimization.store_routes:reverse_geocode_stop_name:176 - Stop name resolved: (31.5075, 73.1006) → 'Faisalabad District, Faisalabad City Tehsil'
2026-03-16 14:12:13.407 | DEBUG    | optimization.store_routes:store_optimized_routes:267 - Assigned seat S10 to student test_013
2026-03-16 14:12:13.938 | DEBUG    | optimization.store_routes:store_optimized_routes:267 - Assigned seat S11 to student test_023
2026-03-16 14:12:14.490 | DEBUG    | optimization.store_routes:store_optimized_routes:293 - Stored stop R3_stop10 | name='Faisalabad District, Faisalabad City Tehsil' | route=R3
2026-03-16 14:12:15.628 | INFO     | optimization.store_routes:store_optimized_routes:317 - Stored route route_2 (R3): 10 stops, 73.87 km
2026-03-16 14:12:15.628 | INFO     | optimization.store_routes:store_optimized_routes:323 - Back-filling route_id on 26 stops + students...
2026-03-16 14:12:30.055 | DEBUG    | optimization.store_routes:store_optimized_routes:354 - Final batch: 56 writes
2026-03-16 14:12:30.055 | INFO     | optimization.store_routes:store_optimized_routes:356 - Done: 3 routes | 26 stops stored
2026-03-16 14:12:30.056 | INFO     | api.main:run_optimization:64 - Pipeline completed successfully | 3 buses processed
2026-03-16 14:14:34.978 | INFO     | database.firebase:<module>:12 - Firebase Admin SDK initialized successfully
2026-03-16 14:17:28.112 | INFO     | database.firebase:<module>:12 - Firebase Admin SDK initialized successfully
